2025-07-25 17:44:14 - INFO - El puerto 2575 en 127.0.0.1 está abierto y accesible.
2025-07-25 17:44:14 - INFO - Mensaje HL7 generado::
MSH|^~\&|REGADT|MCM|IFENG||20250725174414||ADT^A01|000001|P|2.5.1|1||
EVN|A01|199601061000|199601101400|1
PID|||24445670^^^HOPITAL^MRN~FR123456^^^DLNUM^DL|253763|MUNRO^Alice||19310710|M|||77 Rue de Varenne^^PARIS^75^75007^||(01)554437765|(06)098866543|FRENCH|S|C|10199925|1641202898334566
NK1|1|DUPONT^MARIE^|EPOUSE||||ERSONNE A PREVENIR||
PV1|1|H|CARDIO^CHAMBRE201^LIT1||||004777^MARTIN^SOPHIE^DR|||CARDIO|||||ADM|A0|
PV2|||^Chirurgie Programmée||||||||||||||||||||||||||||||||||||||20240712
OBX|1|NM|21612-7^POIDS CORPOREL||52|kg|||||F
OBX|2|NM|8302-2^TAILLE||163|cm|||||F
OBX|3|NM|8480-6^PRESSION ARTERIELLE SYSTOLIQUE||154|mm[Hg]|||||F
OBX|4|NM|8462-4^PRESSION ARTERIELLE DIASTOLIQUE||87|mm[Hg]|||||F
OBX|5|NM|2339-0^GLUCOSE SANGUIN||6.2|mmol/L|3.5-5.7|H|||F
AL1|1||^AMOXICILLINE||URTICAIRE|
AL1|2||^ASPIRINE||OEDEME DE QUINCKE|
AL1|3||^ARACHIDES||CHOC ANAPHYLACTIQUE|
DG1|1|CIM10|I21.0^Infarctus transmural aigu du myocarde, de la paroi antérieure|Infarctus du myocarde||A
DG1|2|CIM10|I10^Hypertension essentielle (primitive)|Hypertension artérielle||C
DG1|3|CIM10|E11.9^Diabète sucré de type 2 sans complication|Diabète de type 2||C
PR1|1|CCAM|DDQH001^Coronarographie|Coronarographie||20240710103015
GT1|1|8291|DUPONT^JEAN^MARC^JR^M||123 RUE PRINCIPALE^^PARIS^^75001^FRA|(01)23456789||19610615|M|P/F|SLF|1234567890123||||
IN1|1|SECURITE SOCIALE|1|CPAM|||||||||||||||||||||||||||||||||||||||||||
2025-07-25 17:44:14 - INFO - respuesta recibida::
MSH|^~\&|IRISHL7|ISC|REGADT|MCM|202507251744||ACK^A01|000001|P|2.5.1|1
MSA|CA|000001


2025-07-25 17:44:21 - INFO - Le port 2575 sur 127.0.0.1 est ouvert et accessible.
2025-07-25 17:44:21 - INFO - Message HL7 généré::
MSH|^~\&|REGADT|MCM|IFENG||20250725174421||ADT^A01|000001|P|2.5.1|1||
EVN|A01|199601061000|199601101400|1
PID|||24445670^^^HOPITAL^MRN~FR123456^^^DLNUM^DL|253763|MUNRO^Alice||19310710|M|||77 Rue de Varenne^^PARIS^75^75007^||(01)554437765|(06)098866543|FRENCH|S|C|10199925|1641202898334566
NK1|1|DUPONT^MARIE^|EPOUSE||||ERSONNE A PREVENIR||
PV1|1|H|CARDIO^CHAMBRE201^LIT1||||004777^MARTIN^SOPHIE^DR|||CARDIO|||||ADM|A0|
PV2|||^Chirurgie Programmée||||||||||||||||||||||||||||||||||||||20240712
OBX|1|NM|21612-7^POIDS CORPOREL||52|kg|||||F
OBX|2|NM|8302-2^TAILLE||163|cm|||||F
OBX|3|NM|8480-6^PRESSION ARTERIELLE SYSTOLIQUE||154|mm[Hg]|||||F
OBX|4|NM|8462-4^PRESSION ARTERIELLE DIASTOLIQUE||87|mm[Hg]|||||F
OBX|5|NM|2339-0^GLUCOSE SANGUIN||6.2|mmol/L|3.5-5.7|H|||F
AL1|1||^AMOXICILLINE||URTICAIRE|
AL1|2||^ASPIRINE||OEDEME DE QUINCKE|
AL1|3||^ARACHIDES||CHOC ANAPHYLACTIQUE|
DG1|1|CIM10|I21.0^Infarctus transmural aigu du myocarde, de la paroi antérieure|Infarctus du myocarde||A
DG1|2|CIM10|I10^Hypertension essentielle (primitive)|Hypertension artérielle||C
DG1|3|CIM10|E11.9^Diabète sucré de type 2 sans complication|Diabète de type 2||C
PR1|1|CCAM|DDQH001^Coronarographie|Coronarographie||20240710103015
GT1|1|8291|DUPONT^JEAN^MARC^JR^M||123 RUE PRINCIPALE^^PARIS^^75001^FRA|(01)23456789||19610615|M|P/F|SLF|1234567890123||||
IN1|1|SECURITE SOCIALE|1|CPAM|||||||||||||||||||||||||||||||||||||||||||
2025-07-25 17:44:21 - INFO - réponse reçue::
MSH|^~\&|IRISHL7|ISC|REGADT|MCM|202507251744||ACK^A01|000001|P|2.5.1|1
MSA|CA|000001


2025-07-25 17:46:30 - INFO - Le port 2575 sur 127.0.0.1 est ouvert et accessible.
2025-07-25 17:46:30 - INFO - Message HL7 généré::
MSH|^~\&|REGADT|MCM|IFENG||20250725174630||ADT^A01|000001|P|2.5.1|1||
EVN|A01|199601061000|199601101400|1
PID|||24445670^^^HOPITAL^MRN~FR123456^^^DLNUM^DL|253763|MUNRO^Alice||19310710|M|||77 Rue de Varenne^^PARIS^75^75007^||(01)554437765|(06)098866543|FRENCH|S|C|10199925|1641202898334566
NK1|1|DUPONT^MARIE^|EPOUSE||||ERSONNE A PREVENIR||
PV1|1|H|CARDIO^CHAMBRE201^LIT1||||004777^MARTIN^SOPHIE^DR|||CARDIO|||||ADM|A0|
PV2|||^Chirurgie Programmée||||||||||||||||||||||||||||||||||||||20240712
OBX|1|NM|21612-7^POIDS CORPOREL||52|kg|||||F
OBX|2|NM|8302-2^TAILLE||163|cm|||||F
OBX|3|NM|8480-6^PRESSION ARTERIELLE SYSTOLIQUE||154|mm[Hg]|||||F
OBX|4|NM|8462-4^PRESSION ARTERIELLE DIASTOLIQUE||87|mm[Hg]|||||F
OBX|5|NM|2339-0^GLUCOSE SANGUIN||6.2|mmol/L|3.5-5.7|H|||F
AL1|1||^AMOXICILLINE||URTICAIRE|
AL1|2||^ASPIRINE||OEDEME DE QUINCKE|
AL1|3||^ARACHIDES||CHOC ANAPHYLACTIQUE|
DG1|1|CIM10|I21.0^Infarctus transmural aigu du myocarde, de la paroi antérieure|Infarctus du myocarde||A
DG1|2|CIM10|I10^Hypertension essentielle (primitive)|Hypertension artérielle||C
DG1|3|CIM10|E11.9^Diabète sucré de type 2 sans complication|Diabète de type 2||C
PR1|1|CCAM|DDQH001^Coronarographie|Coronarographie||20240710103015
GT1|1|8291|DUPONT^JEAN^MARC^JR^M||123 RUE PRINCIPALE^^PARIS^^75001^FRA|(01)23456789||19610615|M|P/F|SLF|1234567890123||||
IN1|1|SECURITE SOCIALE|1|CPAM|||||||||||||||||||||||||||||||||||||||||||
2025-07-25 17:46:30 - ERROR - Erreur lors de l'envoi HL7 : [Errno 54] Connection reset by peer
2025-07-25 17:46:31 - INFO - Le port 2575 sur 127.0.0.1 est ouvert et accessible.
2025-07-25 17:46:31 - INFO - Message HL7 généré::
MSH|^~\&|REGADT|MCM|IFENG||20250725174631||ADT^A01|000001|P|2.5.1|1||
EVN|A01|199601061000|199601101400|1
PID|||24445670^^^HOPITAL^MRN~FR123456^^^DLNUM^DL|253763|MUNRO^Alice||19310710|M|||77 Rue de Varenne^^PARIS^75^75007^||(01)554437765|(06)098866543|FRENCH|S|C|10199925|1641202898334566
NK1|1|DUPONT^MARIE^|EPOUSE||||ERSONNE A PREVENIR||
PV1|1|H|CARDIO^CHAMBRE201^LIT1||||004777^MARTIN^SOPHIE^DR|||CARDIO|||||ADM|A0|
PV2|||^Chirurgie Programmée||||||||||||||||||||||||||||||||||||||20240712
OBX|1|NM|21612-7^POIDS CORPOREL||52|kg|||||F
OBX|2|NM|8302-2^TAILLE||163|cm|||||F
OBX|3|NM|8480-6^PRESSION ARTERIELLE SYSTOLIQUE||154|mm[Hg]|||||F
OBX|4|NM|8462-4^PRESSION ARTERIELLE DIASTOLIQUE||87|mm[Hg]|||||F
OBX|5|NM|2339-0^GLUCOSE SANGUIN||6.2|mmol/L|3.5-5.7|H|||F
AL1|1||^AMOXICILLINE||URTICAIRE|
AL1|2||^ASPIRINE||OEDEME DE QUINCKE|
AL1|3||^ARACHIDES||CHOC ANAPHYLACTIQUE|
DG1|1|CIM10|I21.0^Infarctus transmural aigu du myocarde, de la paroi antérieure|Infarctus du myocarde||A
DG1|2|CIM10|I10^Hypertension essentielle (primitive)|Hypertension artérielle||C
DG1|3|CIM10|E11.9^Diabète sucré de type 2 sans complication|Diabète de type 2||C
PR1|1|CCAM|DDQH001^Coronarographie|Coronarographie||20240710103015
GT1|1|8291|DUPONT^JEAN^MARC^JR^M||123 RUE PRINCIPALE^^PARIS^^75001^FRA|(01)23456789||19610615|M|P/F|SLF|1234567890123||||
IN1|1|SECURITE SOCIALE|1|CPAM|||||||||||||||||||||||||||||||||||||||||||
2025-07-25 17:46:31 - ERROR - Erreur lors de l'envoi HL7 : name 're' is not defined
2025-07-25 17:46:33 - INFO - Le port 2575 sur 127.0.0.1 est ouvert et accessible.
2025-07-25 17:46:33 - INFO - Message HL7 généré::
MSH|^~\&|REGADT|MCM|IFENG||20250725174633||ADT^A01|000001|P|2.5.1|1||
EVN|A01|199601061000|199601101400|1
PID|||24445670^^^HOPITAL^MRN~FR123456^^^DLNUM^DL|253763|MUNRO^Alice||19310710|M|||77 Rue de Varenne^^PARIS^75^75007^||(01)554437765|(06)098866543|FRENCH|S|C|10199925|1641202898334566
NK1|1|DUPONT^MARIE^|EPOUSE||||ERSONNE A PREVENIR||
PV1|1|H|CARDIO^CHAMBRE201^LIT1||||004777^MARTIN^SOPHIE^DR|||CARDIO|||||ADM|A0|
PV2|||^Chirurgie Programmée||||||||||||||||||||||||||||||||||||||20240712
OBX|1|NM|21612-7^POIDS CORPOREL||52|kg|||||F
OBX|2|NM|8302-2^TAILLE||163|cm|||||F
OBX|3|NM|8480-6^PRESSION ARTERIELLE SYSTOLIQUE||154|mm[Hg]|||||F
OBX|4|NM|8462-4^PRESSION ARTERIELLE DIASTOLIQUE||87|mm[Hg]|||||F
OBX|5|NM|2339-0^GLUCOSE SANGUIN||6.2|mmol/L|3.5-5.7|H|||F
AL1|1||^AMOXICILLINE||URTICAIRE|
AL1|2||^ASPIRINE||OEDEME DE QUINCKE|
AL1|3||^ARACHIDES||CHOC ANAPHYLACTIQUE|
DG1|1|CIM10|I21.0^Infarctus transmural aigu du myocarde, de la paroi antérieure|Infarctus du myocarde||A
DG1|2|CIM10|I10^Hypertension essentielle (primitive)|Hypertension artérielle||C
DG1|3|CIM10|E11.9^Diabète sucré de type 2 sans complication|Diabète de type 2||C
PR1|1|CCAM|DDQH001^Coronarographie|Coronarographie||20240710103015
GT1|1|8291|DUPONT^JEAN^MARC^JR^M||123 RUE PRINCIPALE^^PARIS^^75001^FRA|(01)23456789||19610615|M|P/F|SLF|1234567890123||||
IN1|1|SECURITE SOCIALE|1|CPAM|||||||||||||||||||||||||||||||||||||||||||
2025-07-25 17:46:33 - ERROR - Erreur lors de l'envoi HL7 : name 're' is not defined
2025-07-25 17:46:33 - INFO - Le port 2575 sur 127.0.0.1 est ouvert et accessible.
2025-07-25 17:46:33 - INFO - Message HL7 généré::
MSH|^~\&|REGADT|MCM|IFENG||20250725174633||ADT^A01|000001|P|2.5.1|1||
EVN|A01|199601061000|199601101400|1
PID|||24445670^^^HOPITAL^MRN~FR123456^^^DLNUM^DL|253763|MUNRO^Alice||19310710|M|||77 Rue de Varenne^^PARIS^75^75007^||(01)554437765|(06)098866543|FRENCH|S|C|10199925|1641202898334566
NK1|1|DUPONT^MARIE^|EPOUSE||||ERSONNE A PREVENIR||
PV1|1|H|CARDIO^CHAMBRE201^LIT1||||004777^MARTIN^SOPHIE^DR|||CARDIO|||||ADM|A0|
PV2|||^Chirurgie Programmée||||||||||||||||||||||||||||||||||||||20240712
OBX|1|NM|21612-7^POIDS CORPOREL||52|kg|||||F
OBX|2|NM|8302-2^TAILLE||163|cm|||||F
OBX|3|NM|8480-6^PRESSION ARTERIELLE SYSTOLIQUE||154|mm[Hg]|||||F
OBX|4|NM|8462-4^PRESSION ARTERIELLE DIASTOLIQUE||87|mm[Hg]|||||F
OBX|5|NM|2339-0^GLUCOSE SANGUIN||6.2|mmol/L|3.5-5.7|H|||F
AL1|1||^AMOXICILLINE||URTICAIRE|
AL1|2||^ASPIRINE||OEDEME DE QUINCKE|
AL1|3||^ARACHIDES||CHOC ANAPHYLACTIQUE|
DG1|1|CIM10|I21.0^Infarctus transmural aigu du myocarde, de la paroi antérieure|Infarctus du myocarde||A
DG1|2|CIM10|I10^Hypertension essentielle (primitive)|Hypertension artérielle||C
DG1|3|CIM10|E11.9^Diabète sucré de type 2 sans complication|Diabète de type 2||C
PR1|1|CCAM|DDQH001^Coronarographie|Coronarographie||20240710103015
GT1|1|8291|DUPONT^JEAN^MARC^JR^M||123 RUE PRINCIPALE^^PARIS^^75001^FRA|(01)23456789||19610615|M|P/F|SLF|1234567890123||||
IN1|1|SECURITE SOCIALE|1|CPAM|||||||||||||||||||||||||||||||||||||||||||
2025-07-25 17:46:33 - ERROR - Erreur lors de l'envoi HL7 : name 're' is not defined
2025-07-25 17:46:34 - INFO - Le port 2575 sur 127.0.0.1 est ouvert et accessible.
2025-07-25 17:46:34 - INFO - Message HL7 généré::
MSH|^~\&|REGADT|MCM|IFENG||20250725174634||ADT^A01|000001|P|2.5.1|1||
EVN|A01|199601061000|199601101400|1
PID|||24445670^^^HOPITAL^MRN~FR123456^^^DLNUM^DL|253763|MUNRO^Alice||19310710|M|||77 Rue de Varenne^^PARIS^75^75007^||(01)554437765|(06)098866543|FRENCH|S|C|10199925|1641202898334566
NK1|1|DUPONT^MARIE^|EPOUSE||||ERSONNE A PREVENIR||
PV1|1|H|CARDIO^CHAMBRE201^LIT1||||004777^MARTIN^SOPHIE^DR|||CARDIO|||||ADM|A0|
PV2|||^Chirurgie Programmée||||||||||||||||||||||||||||||||||||||20240712
OBX|1|NM|21612-7^POIDS CORPOREL||52|kg|||||F
OBX|2|NM|8302-2^TAILLE||163|cm|||||F
OBX|3|NM|8480-6^PRESSION ARTERIELLE SYSTOLIQUE||154|mm[Hg]|||||F
OBX|4|NM|8462-4^PRESSION ARTERIELLE DIASTOLIQUE||87|mm[Hg]|||||F
OBX|5|NM|2339-0^GLUCOSE SANGUIN||6.2|mmol/L|3.5-5.7|H|||F
AL1|1||^AMOXICILLINE||URTICAIRE|
AL1|2||^ASPIRINE||OEDEME DE QUINCKE|
AL1|3||^ARACHIDES||CHOC ANAPHYLACTIQUE|
DG1|1|CIM10|I21.0^Infarctus transmural aigu du myocarde, de la paroi antérieure|Infarctus du myocarde||A
DG1|2|CIM10|I10^Hypertension essentielle (primitive)|Hypertension artérielle||C
DG1|3|CIM10|E11.9^Diabète sucré de type 2 sans complication|Diabète de type 2||C
PR1|1|CCAM|DDQH001^Coronarographie|Coronarographie||20240710103015
GT1|1|8291|DUPONT^JEAN^MARC^JR^M||123 RUE PRINCIPALE^^PARIS^^75001^FRA|(01)23456789||19610615|M|P/F|SLF|1234567890123||||
IN1|1|SECURITE SOCIALE|1|CPAM|||||||||||||||||||||||||||||||||||||||||||
2025-07-25 17:46:34 - ERROR - Erreur lors de l'envoi HL7 : name 're' is not defined
2025-07-25 17:46:35 - INFO - Le port 2575 sur 127.0.0.1 est ouvert et accessible.
2025-07-25 17:46:35 - INFO - Message HL7 généré::
MSH|^~\&|REGADT|MCM|IFENG||20250725174635||ADT^A01|000001|P|2.5.1|1||
EVN|A01|199601061000|199601101400|1
PID|||24445670^^^HOPITAL^MRN~FR123456^^^DLNUM^DL|253763|MUNRO^Alice||19310710|M|||77 Rue de Varenne^^PARIS^75^75007^||(01)554437765|(06)098866543|FRENCH|S|C|10199925|1641202898334566
NK1|1|DUPONT^MARIE^|EPOUSE||||ERSONNE A PREVENIR||
PV1|1|H|CARDIO^CHAMBRE201^LIT1||||004777^MARTIN^SOPHIE^DR|||CARDIO|||||ADM|A0|
PV2|||^Chirurgie Programmée||||||||||||||||||||||||||||||||||||||20240712
OBX|1|NM|21612-7^POIDS CORPOREL||52|kg|||||F
OBX|2|NM|8302-2^TAILLE||163|cm|||||F
OBX|3|NM|8480-6^PRESSION ARTERIELLE SYSTOLIQUE||154|mm[Hg]|||||F
OBX|4|NM|8462-4^PRESSION ARTERIELLE DIASTOLIQUE||87|mm[Hg]|||||F
OBX|5|NM|2339-0^GLUCOSE SANGUIN||6.2|mmol/L|3.5-5.7|H|||F
AL1|1||^AMOXICILLINE||URTICAIRE|
AL1|2||^ASPIRINE||OEDEME DE QUINCKE|
AL1|3||^ARACHIDES||CHOC ANAPHYLACTIQUE|
DG1|1|CIM10|I21.0^Infarctus transmural aigu du myocarde, de la paroi antérieure|Infarctus du myocarde||A
DG1|2|CIM10|I10^Hypertension essentielle (primitive)|Hypertension artérielle||C
DG1|3|CIM10|E11.9^Diabète sucré de type 2 sans complication|Diabète de type 2||C
PR1|1|CCAM|DDQH001^Coronarographie|Coronarographie||20240710103015
GT1|1|8291|DUPONT^JEAN^MARC^JR^M||123 RUE PRINCIPALE^^PARIS^^75001^FRA|(01)23456789||19610615|M|P/F|SLF|1234567890123||||
IN1|1|SECURITE SOCIALE|1|CPAM|||||||||||||||||||||||||||||||||||||||||||
2025-07-25 17:46:35 - ERROR - Erreur lors de l'envoi HL7 : name 're' is not defined
2025-07-25 17:47:09 - INFO - Le port 2575 sur 127.0.0.1 est ouvert et accessible.
2025-07-25 17:47:09 - INFO - Message HL7 généré::
MSH|^~\&|REGADT|MCM|IFENG||20250725174709||ADT^A01|000001|P|2.5.1|1||
EVN|A01|199601061000|199601101400|1
PID|||24445670^^^HOPITAL^MRN~FR123456^^^DLNUM^DL|253763|MUNRO^Alice||19310710|M|||77 Rue de Varenne^^PARIS^75^75007^||(01)554437765|(06)098866543|FRENCH|S|C|10199925|1641202898334566
NK1|1|DUPONT^MARIE^|EPOUSE||||ERSONNE A PREVENIR||
PV1|1|H|CARDIO^CHAMBRE201^LIT1||||004777^MARTIN^SOPHIE^DR|||CARDIO|||||ADM|A0|
PV2|||^Chirurgie Programmée||||||||||||||||||||||||||||||||||||||20240712
OBX|1|NM|21612-7^POIDS CORPOREL||52|kg|||||F
OBX|2|NM|8302-2^TAILLE||163|cm|||||F
OBX|3|NM|8480-6^PRESSION ARTERIELLE SYSTOLIQUE||154|mm[Hg]|||||F
OBX|4|NM|8462-4^PRESSION ARTERIELLE DIASTOLIQUE||87|mm[Hg]|||||F
OBX|5|NM|2339-0^GLUCOSE SANGUIN||6.2|mmol/L|3.5-5.7|H|||F
AL1|1||^AMOXICILLINE||URTICAIRE|
AL1|2||^ASPIRINE||OEDEME DE QUINCKE|
AL1|3||^ARACHIDES||CHOC ANAPHYLACTIQUE|
DG1|1|CIM10|I21.0^Infarctus transmural aigu du myocarde, de la paroi antérieure|Infarctus du myocarde||A
DG1|2|CIM10|I10^Hypertension essentielle (primitive)|Hypertension artérielle||C
DG1|3|CIM10|E11.9^Diabète sucré de type 2 sans complication|Diabète de type 2||C
PR1|1|CCAM|DDQH001^Coronarographie|Coronarographie||20240710103015
GT1|1|8291|DUPONT^JEAN^MARC^JR^M||123 RUE PRINCIPALE^^PARIS^^75001^FRA|(01)23456789||19610615|M|P/F|SLF|1234567890123||||
IN1|1|SECURITE SOCIALE|1|CPAM|||||||||||||||||||||||||||||||||||||||||||
2025-07-25 17:47:09 - ERROR - Erreur lors de l'envoi HL7 : [Errno 54] Connection reset by peer
2025-07-25 17:47:09 - INFO - Le port 2575 sur 127.0.0.1 est ouvert et accessible.
2025-07-25 17:47:09 - INFO - Message HL7 généré::
MSH|^~\&|REGADT|MCM|IFENG||20250725174709||ADT^A01|000001|P|2.5.1|1||
EVN|A01|199601061000|199601101400|1
PID|||24445670^^^HOPITAL^MRN~FR123456^^^DLNUM^DL|253763|MUNRO^Alice||19310710|M|||77 Rue de Varenne^^PARIS^75^75007^||(01)554437765|(06)098866543|FRENCH|S|C|10199925|1641202898334566
NK1|1|DUPONT^MARIE^|EPOUSE||||ERSONNE A PREVENIR||
PV1|1|H|CARDIO^CHAMBRE201^LIT1||||004777^MARTIN^SOPHIE^DR|||CARDIO|||||ADM|A0|
PV2|||^Chirurgie Programmée||||||||||||||||||||||||||||||||||||||20240712
OBX|1|NM|21612-7^POIDS CORPOREL||52|kg|||||F
OBX|2|NM|8302-2^TAILLE||163|cm|||||F
OBX|3|NM|8480-6^PRESSION ARTERIELLE SYSTOLIQUE||154|mm[Hg]|||||F
OBX|4|NM|8462-4^PRESSION ARTERIELLE DIASTOLIQUE||87|mm[Hg]|||||F
OBX|5|NM|2339-0^GLUCOSE SANGUIN||6.2|mmol/L|3.5-5.7|H|||F
AL1|1||^AMOXICILLINE||URTICAIRE|
AL1|2||^ASPIRINE||OEDEME DE QUINCKE|
AL1|3||^ARACHIDES||CHOC ANAPHYLACTIQUE|
DG1|1|CIM10|I21.0^Infarctus transmural aigu du myocarde, de la paroi antérieure|Infarctus du myocarde||A
DG1|2|CIM10|I10^Hypertension essentielle (primitive)|Hypertension artérielle||C
DG1|3|CIM10|E11.9^Diabète sucré de type 2 sans complication|Diabète de type 2||C
PR1|1|CCAM|DDQH001^Coronarographie|Coronarographie||20240710103015
GT1|1|8291|DUPONT^JEAN^MARC^JR^M||123 RUE PRINCIPALE^^PARIS^^75001^FRA|(01)23456789||19610615|M|P/F|SLF|1234567890123||||
IN1|1|SECURITE SOCIALE|1|CPAM|||||||||||||||||||||||||||||||||||||||||||
2025-07-25 17:47:10 - INFO - réponse reçue::
MSH|^~\&|IRISHL7|ISC|REGADT|MCM|202507251747||ACK^A01|000001|P|2.5.1|1
MSA|CA|000001


2025-07-25 17:47:11 - INFO - Le port 2575 sur 127.0.0.1 est ouvert et accessible.
2025-07-25 17:47:11 - INFO - Message HL7 généré::
MSH|^~\&|REGADT|MCM|IFENG||20250725174711||ADT^A01|000001|P|2.5.1|1||
EVN|A01|199601061000|199601101400|1
PID|||24445670^^^HOPITAL^MRN~FR123456^^^DLNUM^DL|253763|MUNRO^Alice||19310710|M|||77 Rue de Varenne^^PARIS^75^75007^||(01)554437765|(06)098866543|FRENCH|S|C|10199925|1641202898334566
NK1|1|DUPONT^MARIE^|EPOUSE||||ERSONNE A PREVENIR||
PV1|1|H|CARDIO^CHAMBRE201^LIT1||||004777^MARTIN^SOPHIE^DR|||CARDIO|||||ADM|A0|
PV2|||^Chirurgie Programmée||||||||||||||||||||||||||||||||||||||20240712
OBX|1|NM|21612-7^POIDS CORPOREL||52|kg|||||F
OBX|2|NM|8302-2^TAILLE||163|cm|||||F
OBX|3|NM|8480-6^PRESSION ARTERIELLE SYSTOLIQUE||154|mm[Hg]|||||F
OBX|4|NM|8462-4^PRESSION ARTERIELLE DIASTOLIQUE||87|mm[Hg]|||||F
OBX|5|NM|2339-0^GLUCOSE SANGUIN||6.2|mmol/L|3.5-5.7|H|||F
AL1|1||^AMOXICILLINE||URTICAIRE|
AL1|2||^ASPIRINE||OEDEME DE QUINCKE|
AL1|3||^ARACHIDES||CHOC ANAPHYLACTIQUE|
DG1|1|CIM10|I21.0^Infarctus transmural aigu du myocarde, de la paroi antérieure|Infarctus du myocarde||A
DG1|2|CIM10|I10^Hypertension essentielle (primitive)|Hypertension artérielle||C
DG1|3|CIM10|E11.9^Diabète sucré de type 2 sans complication|Diabète de type 2||C
PR1|1|CCAM|DDQH001^Coronarographie|Coronarographie||20240710103015
GT1|1|8291|DUPONT^JEAN^MARC^JR^M||123 RUE PRINCIPALE^^PARIS^^75001^FRA|(01)23456789||19610615|M|P/F|SLF|1234567890123||||
IN1|1|SECURITE SOCIALE|1|CPAM|||||||||||||||||||||||||||||||||||||||||||
2025-07-25 17:47:11 - INFO - réponse reçue::
MSH|^~\&|IRISHL7|ISC|REGADT|MCM|202507251747||ACK^A01|000001|P|2.5.1|1
MSA|CA|000001


2025-07-25 17:47:12 - INFO - Le port 2575 sur 127.0.0.1 est ouvert et accessible.
2025-07-25 17:47:12 - INFO - Message HL7 généré::
MSH|^~\&|REGADT|MCM|IFENG||20250725174712||ADT^A01|000001|P|2.5.1|1||
EVN|A01|199601061000|199601101400|1
PID|||24445670^^^HOPITAL^MRN~FR123456^^^DLNUM^DL|253763|MUNRO^Alice||19310710|M|||77 Rue de Varenne^^PARIS^75^75007^||(01)554437765|(06)098866543|FRENCH|S|C|10199925|1641202898334566
NK1|1|DUPONT^MARIE^|EPOUSE||||ERSONNE A PREVENIR||
PV1|1|H|CARDIO^CHAMBRE201^LIT1||||004777^MARTIN^SOPHIE^DR|||CARDIO|||||ADM|A0|
PV2|||^Chirurgie Programmée||||||||||||||||||||||||||||||||||||||20240712
OBX|1|NM|21612-7^POIDS CORPOREL||52|kg|||||F
OBX|2|NM|8302-2^TAILLE||163|cm|||||F
OBX|3|NM|8480-6^PRESSION ARTERIELLE SYSTOLIQUE||154|mm[Hg]|||||F
OBX|4|NM|8462-4^PRESSION ARTERIELLE DIASTOLIQUE||87|mm[Hg]|||||F
OBX|5|NM|2339-0^GLUCOSE SANGUIN||6.2|mmol/L|3.5-5.7|H|||F
AL1|1||^AMOXICILLINE||URTICAIRE|
AL1|2||^ASPIRINE||OEDEME DE QUINCKE|
AL1|3||^ARACHIDES||CHOC ANAPHYLACTIQUE|
DG1|1|CIM10|I21.0^Infarctus transmural aigu du myocarde, de la paroi antérieure|Infarctus du myocarde||A
DG1|2|CIM10|I10^Hypertension essentielle (primitive)|Hypertension artérielle||C
DG1|3|CIM10|E11.9^Diabète sucré de type 2 sans complication|Diabète de type 2||C
PR1|1|CCAM|DDQH001^Coronarographie|Coronarographie||20240710103015
GT1|1|8291|DUPONT^JEAN^MARC^JR^M||123 RUE PRINCIPALE^^PARIS^^75001^FRA|(01)23456789||19610615|M|P/F|SLF|1234567890123||||
IN1|1|SECURITE SOCIALE|1|CPAM|||||||||||||||||||||||||||||||||||||||||||
2025-07-25 17:47:12 - INFO - réponse reçue::
MSH|^~\&|IRISHL7|ISC|REGADT|MCM|202507251747||ACK^A01|000001|P|2.5.1|1
MSA|CA|000001


2025-07-25 17:47:12 - INFO - Le port 2575 sur 127.0.0.1 est ouvert et accessible.
2025-07-25 17:47:12 - INFO - Message HL7 généré::
MSH|^~\&|REGADT|MCM|IFENG||20250725174712||ADT^A01|000001|P|2.5.1|1||
EVN|A01|199601061000|199601101400|1
PID|||24445670^^^HOPITAL^MRN~FR123456^^^DLNUM^DL|253763|MUNRO^Alice||19310710|M|||77 Rue de Varenne^^PARIS^75^75007^||(01)554437765|(06)098866543|FRENCH|S|C|10199925|1641202898334566
NK1|1|DUPONT^MARIE^|EPOUSE||||ERSONNE A PREVENIR||
PV1|1|H|CARDIO^CHAMBRE201^LIT1||||004777^MARTIN^SOPHIE^DR|||CARDIO|||||ADM|A0|
PV2|||^Chirurgie Programmée||||||||||||||||||||||||||||||||||||||20240712
OBX|1|NM|21612-7^POIDS CORPOREL||52|kg|||||F
OBX|2|NM|8302-2^TAILLE||163|cm|||||F
OBX|3|NM|8480-6^PRESSION ARTERIELLE SYSTOLIQUE||154|mm[Hg]|||||F
OBX|4|NM|8462-4^PRESSION ARTERIELLE DIASTOLIQUE||87|mm[Hg]|||||F
OBX|5|NM|2339-0^GLUCOSE SANGUIN||6.2|mmol/L|3.5-5.7|H|||F
AL1|1||^AMOXICILLINE||URTICAIRE|
AL1|2||^ASPIRINE||OEDEME DE QUINCKE|
AL1|3||^ARACHIDES||CHOC ANAPHYLACTIQUE|
DG1|1|CIM10|I21.0^Infarctus transmural aigu du myocarde, de la paroi antérieure|Infarctus du myocarde||A
DG1|2|CIM10|I10^Hypertension essentielle (primitive)|Hypertension artérielle||C
DG1|3|CIM10|E11.9^Diabète sucré de type 2 sans complication|Diabète de type 2||C
PR1|1|CCAM|DDQH001^Coronarographie|Coronarographie||20240710103015
GT1|1|8291|DUPONT^JEAN^MARC^JR^M||123 RUE PRINCIPALE^^PARIS^^75001^FRA|(01)23456789||19610615|M|P/F|SLF|1234567890123||||
IN1|1|SECURITE SOCIALE|1|CPAM|||||||||||||||||||||||||||||||||||||||||||
2025-07-25 17:47:12 - INFO - réponse reçue::
MSH|^~\&|IRISHL7|ISC|REGADT|MCM|202507251747||ACK^A01|000001|P|2.5.1|1
MSA|CA|000001


2025-07-25 17:47:13 - INFO - Le port 2575 sur 127.0.0.1 est ouvert et accessible.
2025-07-25 17:47:13 - INFO - Message HL7 généré::
MSH|^~\&|REGADT|MCM|IFENG||20250725174713||ADT^A01|000001|P|2.5.1|1||
EVN|A01|199601061000|199601101400|1
PID|||24445670^^^HOPITAL^MRN~FR123456^^^DLNUM^DL|253763|MUNRO^Alice||19310710|M|||77 Rue de Varenne^^PARIS^75^75007^||(01)554437765|(06)098866543|FRENCH|S|C|10199925|1641202898334566
NK1|1|DUPONT^MARIE^|EPOUSE||||ERSONNE A PREVENIR||
PV1|1|H|CARDIO^CHAMBRE201^LIT1||||004777^MARTIN^SOPHIE^DR|||CARDIO|||||ADM|A0|
PV2|||^Chirurgie Programmée||||||||||||||||||||||||||||||||||||||20240712
OBX|1|NM|21612-7^POIDS CORPOREL||52|kg|||||F
OBX|2|NM|8302-2^TAILLE||163|cm|||||F
OBX|3|NM|8480-6^PRESSION ARTERIELLE SYSTOLIQUE||154|mm[Hg]|||||F
OBX|4|NM|8462-4^PRESSION ARTERIELLE DIASTOLIQUE||87|mm[Hg]|||||F
OBX|5|NM|2339-0^GLUCOSE SANGUIN||6.2|mmol/L|3.5-5.7|H|||F
AL1|1||^AMOXICILLINE||URTICAIRE|
AL1|2||^ASPIRINE||OEDEME DE QUINCKE|
AL1|3||^ARACHIDES||CHOC ANAPHYLACTIQUE|
DG1|1|CIM10|I21.0^Infarctus transmural aigu du myocarde, de la paroi antérieure|Infarctus du myocarde||A
DG1|2|CIM10|I10^Hypertension essentielle (primitive)|Hypertension artérielle||C
DG1|3|CIM10|E11.9^Diabète sucré de type 2 sans complication|Diabète de type 2||C
PR1|1|CCAM|DDQH001^Coronarographie|Coronarographie||20240710103015
GT1|1|8291|DUPONT^JEAN^MARC^JR^M||123 RUE PRINCIPALE^^PARIS^^75001^FRA|(01)23456789||19610615|M|P/F|SLF|1234567890123||||
IN1|1|SECURITE SOCIALE|1|CPAM|||||||||||||||||||||||||||||||||||||||||||
2025-07-25 17:47:13 - INFO - réponse reçue::
MSH|^~\&|IRISHL7|ISC|REGADT|MCM|202507251747||ACK^A01|000001|P|2.5.1|1
MSA|CA|000001


2025-07-25 17:47:14 - INFO - Le port 2575 sur 127.0.0.1 est ouvert et accessible.
2025-07-25 17:47:14 - INFO - Message HL7 généré::
MSH|^~\&|REGADT|MCM|IFENG||20250725174714||ADT^A01|000001|P|2.5.1|1||
EVN|A01|199601061000|199601101400|1
PID|||24445670^^^HOPITAL^MRN~FR123456^^^DLNUM^DL|253763|MUNRO^Alice||19310710|M|||77 Rue de Varenne^^PARIS^75^75007^||(01)554437765|(06)098866543|FRENCH|S|C|10199925|1641202898334566
NK1|1|DUPONT^MARIE^|EPOUSE||||ERSONNE A PREVENIR||
PV1|1|H|CARDIO^CHAMBRE201^LIT1||||004777^MARTIN^SOPHIE^DR|||CARDIO|||||ADM|A0|
PV2|||^Chirurgie Programmée||||||||||||||||||||||||||||||||||||||20240712
OBX|1|NM|21612-7^POIDS CORPOREL||52|kg|||||F
OBX|2|NM|8302-2^TAILLE||163|cm|||||F
OBX|3|NM|8480-6^PRESSION ARTERIELLE SYSTOLIQUE||154|mm[Hg]|||||F
OBX|4|NM|8462-4^PRESSION ARTERIELLE DIASTOLIQUE||87|mm[Hg]|||||F
OBX|5|NM|2339-0^GLUCOSE SANGUIN||6.2|mmol/L|3.5-5.7|H|||F
AL1|1||^AMOXICILLINE||URTICAIRE|
AL1|2||^ASPIRINE||OEDEME DE QUINCKE|
AL1|3||^ARACHIDES||CHOC ANAPHYLACTIQUE|
DG1|1|CIM10|I21.0^Infarctus transmural aigu du myocarde, de la paroi antérieure|Infarctus du myocarde||A
DG1|2|CIM10|I10^Hypertension essentielle (primitive)|Hypertension artérielle||C
DG1|3|CIM10|E11.9^Diabète sucré de type 2 sans complication|Diabète de type 2||C
PR1|1|CCAM|DDQH001^Coronarographie|Coronarographie||20240710103015
GT1|1|8291|DUPONT^JEAN^MARC^JR^M||123 RUE PRINCIPALE^^PARIS^^75001^FRA|(01)23456789||19610615|M|P/F|SLF|1234567890123||||
IN1|1|SECURITE SOCIALE|1|CPAM|||||||||||||||||||||||||||||||||||||||||||
2025-07-25 17:47:14 - INFO - réponse reçue::
MSH|^~\&|IRISHL7|ISC|REGADT|MCM|202507251747||ACK^A01|000001|P|2.5.1|1
MSA|CA|000001


2025-07-25 17:47:14 - INFO - Le port 2575 sur 127.0.0.1 est ouvert et accessible.
2025-07-25 17:47:14 - INFO - Message HL7 généré::
MSH|^~\&|REGADT|MCM|IFENG||20250725174714||ADT^A01|000001|P|2.5.1|1||
EVN|A01|199601061000|199601101400|1
PID|||24445670^^^HOPITAL^MRN~FR123456^^^DLNUM^DL|253763|MUNRO^Alice||19310710|M|||77 Rue de Varenne^^PARIS^75^75007^||(01)554437765|(06)098866543|FRENCH|S|C|10199925|1641202898334566
NK1|1|DUPONT^MARIE^|EPOUSE||||ERSONNE A PREVENIR||
PV1|1|H|CARDIO^CHAMBRE201^LIT1||||004777^MARTIN^SOPHIE^DR|||CARDIO|||||ADM|A0|
PV2|||^Chirurgie Programmée||||||||||||||||||||||||||||||||||||||20240712
OBX|1|NM|21612-7^POIDS CORPOREL||52|kg|||||F
OBX|2|NM|8302-2^TAILLE||163|cm|||||F
OBX|3|NM|8480-6^PRESSION ARTERIELLE SYSTOLIQUE||154|mm[Hg]|||||F
OBX|4|NM|8462-4^PRESSION ARTERIELLE DIASTOLIQUE||87|mm[Hg]|||||F
OBX|5|NM|2339-0^GLUCOSE SANGUIN||6.2|mmol/L|3.5-5.7|H|||F
AL1|1||^AMOXICILLINE||URTICAIRE|
AL1|2||^ASPIRINE||OEDEME DE QUINCKE|
AL1|3||^ARACHIDES||CHOC ANAPHYLACTIQUE|
DG1|1|CIM10|I21.0^Infarctus transmural aigu du myocarde, de la paroi antérieure|Infarctus du myocarde||A
DG1|2|CIM10|I10^Hypertension essentielle (primitive)|Hypertension artérielle||C
DG1|3|CIM10|E11.9^Diabète sucré de type 2 sans complication|Diabète de type 2||C
PR1|1|CCAM|DDQH001^Coronarographie|Coronarographie||20240710103015
GT1|1|8291|DUPONT^JEAN^MARC^JR^M||123 RUE PRINCIPALE^^PARIS^^75001^FRA|(01)23456789||19610615|M|P/F|SLF|1234567890123||||
IN1|1|SECURITE SOCIALE|1|CPAM|||||||||||||||||||||||||||||||||||||||||||
2025-07-25 17:47:14 - INFO - réponse reçue::
MSH|^~\&|IRISHL7|ISC|REGADT|MCM|202507251747||ACK^A01|000001|P|2.5.1|1
MSA|CA|000001


2025-07-25 17:47:15 - INFO - Le port 2575 sur 127.0.0.1 est ouvert et accessible.
2025-07-25 17:47:15 - INFO - Message HL7 généré::
MSH|^~\&|REGADT|MCM|IFENG||20250725174715||ADT^A01|000001|P|2.5.1|1||
EVN|A01|199601061000|199601101400|1
PID|||24445670^^^HOPITAL^MRN~FR123456^^^DLNUM^DL|253763|MUNRO^Alice||19310710|M|||77 Rue de Varenne^^PARIS^75^75007^||(01)554437765|(06)098866543|FRENCH|S|C|10199925|1641202898334566
NK1|1|DUPONT^MARIE^|EPOUSE||||ERSONNE A PREVENIR||
PV1|1|H|CARDIO^CHAMBRE201^LIT1||||004777^MARTIN^SOPHIE^DR|||CARDIO|||||ADM|A0|
PV2|||^Chirurgie Programmée||||||||||||||||||||||||||||||||||||||20240712
OBX|1|NM|21612-7^POIDS CORPOREL||52|kg|||||F
OBX|2|NM|8302-2^TAILLE||163|cm|||||F
OBX|3|NM|8480-6^PRESSION ARTERIELLE SYSTOLIQUE||154|mm[Hg]|||||F
OBX|4|NM|8462-4^PRESSION ARTERIELLE DIASTOLIQUE||87|mm[Hg]|||||F
OBX|5|NM|2339-0^GLUCOSE SANGUIN||6.2|mmol/L|3.5-5.7|H|||F
AL1|1||^AMOXICILLINE||URTICAIRE|
AL1|2||^ASPIRINE||OEDEME DE QUINCKE|
AL1|3||^ARACHIDES||CHOC ANAPHYLACTIQUE|
DG1|1|CIM10|I21.0^Infarctus transmural aigu du myocarde, de la paroi antérieure|Infarctus du myocarde||A
DG1|2|CIM10|I10^Hypertension essentielle (primitive)|Hypertension artérielle||C
DG1|3|CIM10|E11.9^Diabète sucré de type 2 sans complication|Diabète de type 2||C
PR1|1|CCAM|DDQH001^Coronarographie|Coronarographie||20240710103015
GT1|1|8291|DUPONT^JEAN^MARC^JR^M||123 RUE PRINCIPALE^^PARIS^^75001^FRA|(01)23456789||19610615|M|P/F|SLF|1234567890123||||
IN1|1|SECURITE SOCIALE|1|CPAM|||||||||||||||||||||||||||||||||||||||||||
2025-07-25 17:47:15 - INFO - réponse reçue::
MSH|^~\&|IRISHL7|ISC|REGADT|MCM|202507251747||ACK^A01|000001|P|2.5.1|1
MSA|CA|000001


2025-07-25 17:47:15 - INFO - Le port 2575 sur 127.0.0.1 est ouvert et accessible.
2025-07-25 17:47:15 - INFO - Message HL7 généré::
MSH|^~\&|REGADT|MCM|IFENG||20250725174715||ADT^A01|000001|P|2.5.1|1||
EVN|A01|199601061000|199601101400|1
PID|||24445670^^^HOPITAL^MRN~FR123456^^^DLNUM^DL|253763|MUNRO^Alice||19310710|M|||77 Rue de Varenne^^PARIS^75^75007^||(01)554437765|(06)098866543|FRENCH|S|C|10199925|1641202898334566
NK1|1|DUPONT^MARIE^|EPOUSE||||ERSONNE A PREVENIR||
PV1|1|H|CARDIO^CHAMBRE201^LIT1||||004777^MARTIN^SOPHIE^DR|||CARDIO|||||ADM|A0|
PV2|||^Chirurgie Programmée||||||||||||||||||||||||||||||||||||||20240712
OBX|1|NM|21612-7^POIDS CORPOREL||52|kg|||||F
OBX|2|NM|8302-2^TAILLE||163|cm|||||F
OBX|3|NM|8480-6^PRESSION ARTERIELLE SYSTOLIQUE||154|mm[Hg]|||||F
OBX|4|NM|8462-4^PRESSION ARTERIELLE DIASTOLIQUE||87|mm[Hg]|||||F
OBX|5|NM|2339-0^GLUCOSE SANGUIN||6.2|mmol/L|3.5-5.7|H|||F
AL1|1||^AMOXICILLINE||URTICAIRE|
AL1|2||^ASPIRINE||OEDEME DE QUINCKE|
AL1|3||^ARACHIDES||CHOC ANAPHYLACTIQUE|
DG1|1|CIM10|I21.0^Infarctus transmural aigu du myocarde, de la paroi antérieure|Infarctus du myocarde||A
DG1|2|CIM10|I10^Hypertension essentielle (primitive)|Hypertension artérielle||C
DG1|3|CIM10|E11.9^Diabète sucré de type 2 sans complication|Diabète de type 2||C
PR1|1|CCAM|DDQH001^Coronarographie|Coronarographie||20240710103015
GT1|1|8291|DUPONT^JEAN^MARC^JR^M||123 RUE PRINCIPALE^^PARIS^^75001^FRA|(01)23456789||19610615|M|P/F|SLF|1234567890123||||
IN1|1|SECURITE SOCIALE|1|CPAM|||||||||||||||||||||||||||||||||||||||||||
2025-07-25 17:47:16 - INFO - réponse reçue::
MSH|^~\&|IRISHL7|ISC|REGADT|MCM|202507251747||ACK^A01|000001|P|2.5.1|1
MSA|CA|000001


2025-07-25 17:47:16 - INFO - Le port 2575 sur 127.0.0.1 est ouvert et accessible.
2025-07-25 17:47:16 - INFO - Message HL7 généré::
MSH|^~\&|REGADT|MCM|IFENG||20250725174716||ADT^A01|000001|P|2.5.1|1||
EVN|A01|199601061000|199601101400|1
PID|||24445670^^^HOPITAL^MRN~FR123456^^^DLNUM^DL|253763|MUNRO^Alice||19310710|M|||77 Rue de Varenne^^PARIS^75^75007^||(01)554437765|(06)098866543|FRENCH|S|C|10199925|1641202898334566
NK1|1|DUPONT^MARIE^|EPOUSE||||ERSONNE A PREVENIR||
PV1|1|H|CARDIO^CHAMBRE201^LIT1||||004777^MARTIN^SOPHIE^DR|||CARDIO|||||ADM|A0|
PV2|||^Chirurgie Programmée||||||||||||||||||||||||||||||||||||||20240712
OBX|1|NM|21612-7^POIDS CORPOREL||52|kg|||||F
OBX|2|NM|8302-2^TAILLE||163|cm|||||F
OBX|3|NM|8480-6^PRESSION ARTERIELLE SYSTOLIQUE||154|mm[Hg]|||||F
OBX|4|NM|8462-4^PRESSION ARTERIELLE DIASTOLIQUE||87|mm[Hg]|||||F
OBX|5|NM|2339-0^GLUCOSE SANGUIN||6.2|mmol/L|3.5-5.7|H|||F
AL1|1||^AMOXICILLINE||URTICAIRE|
AL1|2||^ASPIRINE||OEDEME DE QUINCKE|
AL1|3||^ARACHIDES||CHOC ANAPHYLACTIQUE|
DG1|1|CIM10|I21.0^Infarctus transmural aigu du myocarde, de la paroi antérieure|Infarctus du myocarde||A
DG1|2|CIM10|I10^Hypertension essentielle (primitive)|Hypertension artérielle||C
DG1|3|CIM10|E11.9^Diabète sucré de type 2 sans complication|Diabète de type 2||C
PR1|1|CCAM|DDQH001^Coronarographie|Coronarographie||20240710103015
GT1|1|8291|DUPONT^JEAN^MARC^JR^M||123 RUE PRINCIPALE^^PARIS^^75001^FRA|(01)23456789||19610615|M|P/F|SLF|1234567890123||||
IN1|1|SECURITE SOCIALE|1|CPAM|||||||||||||||||||||||||||||||||||||||||||
2025-07-25 17:47:16 - INFO - réponse reçue::
MSH|^~\&|IRISHL7|ISC|REGADT|MCM|202507251747||ACK^A01|000001|P|2.5.1|1
MSA|CA|000001


2025-07-25 17:47:17 - INFO - Le port 2575 sur 127.0.0.1 est ouvert et accessible.
2025-07-25 17:47:17 - INFO - Message HL7 généré::
MSH|^~\&|REGADT|MCM|IFENG||20250725174717||ADT^A01|000001|P|2.5.1|1||
EVN|A01|199601061000|199601101400|1
PID|||24445670^^^HOPITAL^MRN~FR123456^^^DLNUM^DL|253763|MUNRO^Alice||19310710|M|||77 Rue de Varenne^^PARIS^75^75007^||(01)554437765|(06)098866543|FRENCH|S|C|10199925|1641202898334566
NK1|1|DUPONT^MARIE^|EPOUSE||||ERSONNE A PREVENIR||
PV1|1|H|CARDIO^CHAMBRE201^LIT1||||004777^MARTIN^SOPHIE^DR|||CARDIO|||||ADM|A0|
PV2|||^Chirurgie Programmée||||||||||||||||||||||||||||||||||||||20240712
OBX|1|NM|21612-7^POIDS CORPOREL||52|kg|||||F
OBX|2|NM|8302-2^TAILLE||163|cm|||||F
OBX|3|NM|8480-6^PRESSION ARTERIELLE SYSTOLIQUE||154|mm[Hg]|||||F
OBX|4|NM|8462-4^PRESSION ARTERIELLE DIASTOLIQUE||87|mm[Hg]|||||F
OBX|5|NM|2339-0^GLUCOSE SANGUIN||6.2|mmol/L|3.5-5.7|H|||F
AL1|1||^AMOXICILLINE||URTICAIRE|
AL1|2||^ASPIRINE||OEDEME DE QUINCKE|
AL1|3||^ARACHIDES||CHOC ANAPHYLACTIQUE|
DG1|1|CIM10|I21.0^Infarctus transmural aigu du myocarde, de la paroi antérieure|Infarctus du myocarde||A
DG1|2|CIM10|I10^Hypertension essentielle (primitive)|Hypertension artérielle||C
DG1|3|CIM10|E11.9^Diabète sucré de type 2 sans complication|Diabète de type 2||C
PR1|1|CCAM|DDQH001^Coronarographie|Coronarographie||20240710103015
GT1|1|8291|DUPONT^JEAN^MARC^JR^M||123 RUE PRINCIPALE^^PARIS^^75001^FRA|(01)23456789||19610615|M|P/F|SLF|1234567890123||||
IN1|1|SECURITE SOCIALE|1|CPAM|||||||||||||||||||||||||||||||||||||||||||
2025-07-25 17:47:17 - INFO - réponse reçue::
MSH|^~\&|IRISHL7|ISC|REGADT|MCM|202507251747||ACK^A01|000001|P|2.5.1|1
MSA|CA|000001


2025-07-25 17:47:17 - INFO - Le port 2575 sur 127.0.0.1 est ouvert et accessible.
2025-07-25 17:47:17 - INFO - Message HL7 généré::
MSH|^~\&|REGADT|MCM|IFENG||20250725174717||ADT^A01|000001|P|2.5.1|1||
EVN|A01|199601061000|199601101400|1
PID|||24445670^^^HOPITAL^MRN~FR123456^^^DLNUM^DL|253763|MUNRO^Alice||19310710|M|||77 Rue de Varenne^^PARIS^75^75007^||(01)554437765|(06)098866543|FRENCH|S|C|10199925|1641202898334566
NK1|1|DUPONT^MARIE^|EPOUSE||||ERSONNE A PREVENIR||
PV1|1|H|CARDIO^CHAMBRE201^LIT1||||004777^MARTIN^SOPHIE^DR|||CARDIO|||||ADM|A0|
PV2|||^Chirurgie Programmée||||||||||||||||||||||||||||||||||||||20240712
OBX|1|NM|21612-7^POIDS CORPOREL||52|kg|||||F
OBX|2|NM|8302-2^TAILLE||163|cm|||||F
OBX|3|NM|8480-6^PRESSION ARTERIELLE SYSTOLIQUE||154|mm[Hg]|||||F
OBX|4|NM|8462-4^PRESSION ARTERIELLE DIASTOLIQUE||87|mm[Hg]|||||F
OBX|5|NM|2339-0^GLUCOSE SANGUIN||6.2|mmol/L|3.5-5.7|H|||F
AL1|1||^AMOXICILLINE||URTICAIRE|
AL1|2||^ASPIRINE||OEDEME DE QUINCKE|
AL1|3||^ARACHIDES||CHOC ANAPHYLACTIQUE|
DG1|1|CIM10|I21.0^Infarctus transmural aigu du myocarde, de la paroi antérieure|Infarctus du myocarde||A
DG1|2|CIM10|I10^Hypertension essentielle (primitive)|Hypertension artérielle||C
DG1|3|CIM10|E11.9^Diabète sucré de type 2 sans complication|Diabète de type 2||C
PR1|1|CCAM|DDQH001^Coronarographie|Coronarographie||20240710103015
GT1|1|8291|DUPONT^JEAN^MARC^JR^M||123 RUE PRINCIPALE^^PARIS^^75001^FRA|(01)23456789||19610615|M|P/F|SLF|1234567890123||||
IN1|1|SECURITE SOCIALE|1|CPAM|||||||||||||||||||||||||||||||||||||||||||
2025-07-25 17:47:17 - INFO - réponse reçue::
MSH|^~\&|IRISHL7|ISC|REGADT|MCM|202507251747||ACK^A01|000001|P|2.5.1|1
MSA|CA|000001


2025-07-25 17:47:18 - INFO - Le port 2575 sur 127.0.0.1 est ouvert et accessible.
2025-07-25 17:47:18 - INFO - Message HL7 généré::
MSH|^~\&|REGADT|MCM|IFENG||20250725174718||ADT^A01|000001|P|2.5.1|1||
EVN|A01|199601061000|199601101400|1
PID|||24445670^^^HOPITAL^MRN~FR123456^^^DLNUM^DL|253763|MUNRO^Alice||19310710|M|||77 Rue de Varenne^^PARIS^75^75007^||(01)554437765|(06)098866543|FRENCH|S|C|10199925|1641202898334566
NK1|1|DUPONT^MARIE^|EPOUSE||||ERSONNE A PREVENIR||
PV1|1|H|CARDIO^CHAMBRE201^LIT1||||004777^MARTIN^SOPHIE^DR|||CARDIO|||||ADM|A0|
PV2|||^Chirurgie Programmée||||||||||||||||||||||||||||||||||||||20240712
OBX|1|NM|21612-7^POIDS CORPOREL||52|kg|||||F
OBX|2|NM|8302-2^TAILLE||163|cm|||||F
OBX|3|NM|8480-6^PRESSION ARTERIELLE SYSTOLIQUE||154|mm[Hg]|||||F
OBX|4|NM|8462-4^PRESSION ARTERIELLE DIASTOLIQUE||87|mm[Hg]|||||F
OBX|5|NM|2339-0^GLUCOSE SANGUIN||6.2|mmol/L|3.5-5.7|H|||F
AL1|1||^AMOXICILLINE||URTICAIRE|
AL1|2||^ASPIRINE||OEDEME DE QUINCKE|
AL1|3||^ARACHIDES||CHOC ANAPHYLACTIQUE|
DG1|1|CIM10|I21.0^Infarctus transmural aigu du myocarde, de la paroi antérieure|Infarctus du myocarde||A
DG1|2|CIM10|I10^Hypertension essentielle (primitive)|Hypertension artérielle||C
DG1|3|CIM10|E11.9^Diabète sucré de type 2 sans complication|Diabète de type 2||C
PR1|1|CCAM|DDQH001^Coronarographie|Coronarographie||20240710103015
GT1|1|8291|DUPONT^JEAN^MARC^JR^M||123 RUE PRINCIPALE^^PARIS^^75001^FRA|(01)23456789||19610615|M|P/F|SLF|1234567890123||||
IN1|1|SECURITE SOCIALE|1|CPAM|||||||||||||||||||||||||||||||||||||||||||
2025-07-25 17:47:18 - INFO - réponse reçue::
MSH|^~\&|IRISHL7|ISC|REGADT|MCM|202507251747||ACK^A01|000001|P|2.5.1|1
MSA|CA|000001


2025-07-25 17:47:18 - INFO - Le port 2575 sur 127.0.0.1 est ouvert et accessible.
2025-07-25 17:47:18 - INFO - Message HL7 généré::
MSH|^~\&|REGADT|MCM|IFENG||20250725174718||ADT^A01|000001|P|2.5.1|1||
EVN|A01|199601061000|199601101400|1
PID|||24445670^^^HOPITAL^MRN~FR123456^^^DLNUM^DL|253763|MUNRO^Alice||19310710|M|||77 Rue de Varenne^^PARIS^75^75007^||(01)554437765|(06)098866543|FRENCH|S|C|10199925|1641202898334566
NK1|1|DUPONT^MARIE^|EPOUSE||||ERSONNE A PREVENIR||
PV1|1|H|CARDIO^CHAMBRE201^LIT1||||004777^MARTIN^SOPHIE^DR|||CARDIO|||||ADM|A0|
PV2|||^Chirurgie Programmée||||||||||||||||||||||||||||||||||||||20240712
OBX|1|NM|21612-7^POIDS CORPOREL||52|kg|||||F
OBX|2|NM|8302-2^TAILLE||163|cm|||||F
OBX|3|NM|8480-6^PRESSION ARTERIELLE SYSTOLIQUE||154|mm[Hg]|||||F
OBX|4|NM|8462-4^PRESSION ARTERIELLE DIASTOLIQUE||87|mm[Hg]|||||F
OBX|5|NM|2339-0^GLUCOSE SANGUIN||6.2|mmol/L|3.5-5.7|H|||F
AL1|1||^AMOXICILLINE||URTICAIRE|
AL1|2||^ASPIRINE||OEDEME DE QUINCKE|
AL1|3||^ARACHIDES||CHOC ANAPHYLACTIQUE|
DG1|1|CIM10|I21.0^Infarctus transmural aigu du myocarde, de la paroi antérieure|Infarctus du myocarde||A
DG1|2|CIM10|I10^Hypertension essentielle (primitive)|Hypertension artérielle||C
DG1|3|CIM10|E11.9^Diabète sucré de type 2 sans complication|Diabète de type 2||C
PR1|1|CCAM|DDQH001^Coronarographie|Coronarographie||20240710103015
GT1|1|8291|DUPONT^JEAN^MARC^JR^M||123 RUE PRINCIPALE^^PARIS^^75001^FRA|(01)23456789||19610615|M|P/F|SLF|1234567890123||||
IN1|1|SECURITE SOCIALE|1|CPAM|||||||||||||||||||||||||||||||||||||||||||
2025-07-25 17:47:18 - INFO - réponse reçue::
MSH|^~\&|IRISHL7|ISC|REGADT|MCM|202507251747||ACK^A01|000001|P|2.5.1|1
MSA|CA|000001


2025-07-25 17:48:38 - INFO - Le port 2575 sur 127.0.0.1 est ouvert et accessible.
2025-07-25 17:48:38 - INFO - Message HL7 généré::
MSH|^~\&|REGADT|MCM|IFENG||20250725174838||ADT^A01|000001|P|2.5.1|1||
EVN|A01|199601061000|199601101400|1
PID|||24445670^^^HOPITAL^MRN~FR123456^^^DLNUM^DL|253763|MUNRO^Alice||19310710|M|||77 Rue de Varenne^^PARIS^75^75007^||(01)554437765|(06)098866543|FRENCH|S|C|10199925|1641202898334566
NK1|1|DUPONT^MARIE^|EPOUSE||||ERSONNE A PREVENIR||
PV1|1|H|CARDIO^CHAMBRE201^LIT1||||004777^MARTIN^SOPHIE^DR|||CARDIO|||||ADM|A0|
PV2|||^Chirurgie Programmée||||||||||||||||||||||||||||||||||||||20240712
OBX|1|NM|21612-7^POIDS CORPOREL||52|kg|||||F
OBX|2|NM|8302-2^TAILLE||163|cm|||||F
OBX|3|NM|8480-6^PRESSION ARTERIELLE SYSTOLIQUE||154|mm[Hg]|||||F
OBX|4|NM|8462-4^PRESSION ARTERIELLE DIASTOLIQUE||87|mm[Hg]|||||F
OBX|5|NM|2339-0^GLUCOSE SANGUIN||6.2|mmol/L|3.5-5.7|H|||F
AL1|1||^AMOXICILLINE||URTICAIRE|
AL1|2||^ASPIRINE||OEDEME DE QUINCKE|
AL1|3||^ARACHIDES||CHOC ANAPHYLACTIQUE|
DG1|1|CIM10|I21.0^Infarctus transmural aigu du myocarde, de la paroi antérieure|Infarctus du myocarde||A
DG1|2|CIM10|I10^Hypertension essentielle (primitive)|Hypertension artérielle||C
DG1|3|CIM10|E11.9^Diabète sucré de type 2 sans complication|Diabète de type 2||C
PR1|1|CCAM|DDQH001^Coronarographie|Coronarographie||20240710103015
GT1|1|8291|DUPONT^JEAN^MARC^JR^M||123 RUE PRINCIPALE^^PARIS^^75001^FRA|(01)23456789||19610615|M|P/F|SLF|1234567890123||||
IN1|1|SECURITE SOCIALE|1|CPAM|||||||||||||||||||||||||||||||||||||||||||
2025-07-25 17:48:38 - ERROR - Erreur lors de l'envoi HL7 : [Errno 54] Connection reset by peer
2025-07-25 17:48:39 - INFO - Le port 2575 sur 127.0.0.1 est ouvert et accessible.
2025-07-25 17:48:39 - INFO - Message HL7 généré::
MSH|^~\&|REGADT|MCM|IFENG||20250725174839||ADT^A01|000001|P|2.5.1|1||
EVN|A01|199601061000|199601101400|1
PID|||24445670^^^HOPITAL^MRN~FR123456^^^DLNUM^DL|253763|MUNRO^Alice||19310710|M|||77 Rue de Varenne^^PARIS^75^75007^||(01)554437765|(06)098866543|FRENCH|S|C|10199925|1641202898334566
NK1|1|DUPONT^MARIE^|EPOUSE||||ERSONNE A PREVENIR||
PV1|1|H|CARDIO^CHAMBRE201^LIT1||||004777^MARTIN^SOPHIE^DR|||CARDIO|||||ADM|A0|
PV2|||^Chirurgie Programmée||||||||||||||||||||||||||||||||||||||20240712
OBX|1|NM|21612-7^POIDS CORPOREL||52|kg|||||F
OBX|2|NM|8302-2^TAILLE||163|cm|||||F
OBX|3|NM|8480-6^PRESSION ARTERIELLE SYSTOLIQUE||154|mm[Hg]|||||F
OBX|4|NM|8462-4^PRESSION ARTERIELLE DIASTOLIQUE||87|mm[Hg]|||||F
OBX|5|NM|2339-0^GLUCOSE SANGUIN||6.2|mmol/L|3.5-5.7|H|||F
AL1|1||^AMOXICILLINE||URTICAIRE|
AL1|2||^ASPIRINE||OEDEME DE QUINCKE|
AL1|3||^ARACHIDES||CHOC ANAPHYLACTIQUE|
DG1|1|CIM10|I21.0^Infarctus transmural aigu du myocarde, de la paroi antérieure|Infarctus du myocarde||A
DG1|2|CIM10|I10^Hypertension essentielle (primitive)|Hypertension artérielle||C
DG1|3|CIM10|E11.9^Diabète sucré de type 2 sans complication|Diabète de type 2||C
PR1|1|CCAM|DDQH001^Coronarographie|Coronarographie||20240710103015
GT1|1|8291|DUPONT^JEAN^MARC^JR^M||123 RUE PRINCIPALE^^PARIS^^75001^FRA|(01)23456789||19610615|M|P/F|SLF|1234567890123||||
IN1|1|SECURITE SOCIALE|1|CPAM|||||||||||||||||||||||||||||||||||||||||||
2025-07-25 17:48:39 - INFO - réponse reçue::

MSH|^~\&|IRISHL7|ISC|REGADT|MCM|202507251748||ACK^A01|000001|P|2.5.1|1
MSA|CA|000001



2025-07-25 17:48:40 - INFO - Le port 2575 sur 127.0.0.1 est ouvert et accessible.
2025-07-25 17:48:40 - INFO - Message HL7 généré::
MSH|^~\&|REGADT|MCM|IFENG||20250725174840||ADT^A01|000001|P|2.5.1|1||
EVN|A01|199601061000|199601101400|1
PID|||24445670^^^HOPITAL^MRN~FR123456^^^DLNUM^DL|253763|MUNRO^Alice||19310710|M|||77 Rue de Varenne^^PARIS^75^75007^||(01)554437765|(06)098866543|FRENCH|S|C|10199925|1641202898334566
NK1|1|DUPONT^MARIE^|EPOUSE||||ERSONNE A PREVENIR||
PV1|1|H|CARDIO^CHAMBRE201^LIT1||||004777^MARTIN^SOPHIE^DR|||CARDIO|||||ADM|A0|
PV2|||^Chirurgie Programmée||||||||||||||||||||||||||||||||||||||20240712
OBX|1|NM|21612-7^POIDS CORPOREL||52|kg|||||F
OBX|2|NM|8302-2^TAILLE||163|cm|||||F
OBX|3|NM|8480-6^PRESSION ARTERIELLE SYSTOLIQUE||154|mm[Hg]|||||F
OBX|4|NM|8462-4^PRESSION ARTERIELLE DIASTOLIQUE||87|mm[Hg]|||||F
OBX|5|NM|2339-0^GLUCOSE SANGUIN||6.2|mmol/L|3.5-5.7|H|||F
AL1|1||^AMOXICILLINE||URTICAIRE|
AL1|2||^ASPIRINE||OEDEME DE QUINCKE|
AL1|3||^ARACHIDES||CHOC ANAPHYLACTIQUE|
DG1|1|CIM10|I21.0^Infarctus transmural aigu du myocarde, de la paroi antérieure|Infarctus du myocarde||A
DG1|2|CIM10|I10^Hypertension essentielle (primitive)|Hypertension artérielle||C
DG1|3|CIM10|E11.9^Diabète sucré de type 2 sans complication|Diabète de type 2||C
PR1|1|CCAM|DDQH001^Coronarographie|Coronarographie||20240710103015
GT1|1|8291|DUPONT^JEAN^MARC^JR^M||123 RUE PRINCIPALE^^PARIS^^75001^FRA|(01)23456789||19610615|M|P/F|SLF|1234567890123||||
IN1|1|SECURITE SOCIALE|1|CPAM|||||||||||||||||||||||||||||||||||||||||||
2025-07-25 17:48:40 - INFO - réponse reçue::

MSH|^~\&|IRISHL7|ISC|REGADT|MCM|202507251748||ACK^A01|000001|P|2.5.1|1
MSA|CA|000001



2025-07-25 17:48:40 - INFO - Le port 2575 sur 127.0.0.1 est ouvert et accessible.
2025-07-25 17:48:40 - INFO - Message HL7 généré::
MSH|^~\&|REGADT|MCM|IFENG||20250725174840||ADT^A01|000001|P|2.5.1|1||
EVN|A01|199601061000|199601101400|1
PID|||24445670^^^HOPITAL^MRN~FR123456^^^DLNUM^DL|253763|MUNRO^Alice||19310710|M|||77 Rue de Varenne^^PARIS^75^75007^||(01)554437765|(06)098866543|FRENCH|S|C|10199925|1641202898334566
NK1|1|DUPONT^MARIE^|EPOUSE||||ERSONNE A PREVENIR||
PV1|1|H|CARDIO^CHAMBRE201^LIT1||||004777^MARTIN^SOPHIE^DR|||CARDIO|||||ADM|A0|
PV2|||^Chirurgie Programmée||||||||||||||||||||||||||||||||||||||20240712
OBX|1|NM|21612-7^POIDS CORPOREL||52|kg|||||F
OBX|2|NM|8302-2^TAILLE||163|cm|||||F
OBX|3|NM|8480-6^PRESSION ARTERIELLE SYSTOLIQUE||154|mm[Hg]|||||F
OBX|4|NM|8462-4^PRESSION ARTERIELLE DIASTOLIQUE||87|mm[Hg]|||||F
OBX|5|NM|2339-0^GLUCOSE SANGUIN||6.2|mmol/L|3.5-5.7|H|||F
AL1|1||^AMOXICILLINE||URTICAIRE|
AL1|2||^ASPIRINE||OEDEME DE QUINCKE|
AL1|3||^ARACHIDES||CHOC ANAPHYLACTIQUE|
DG1|1|CIM10|I21.0^Infarctus transmural aigu du myocarde, de la paroi antérieure|Infarctus du myocarde||A
DG1|2|CIM10|I10^Hypertension essentielle (primitive)|Hypertension artérielle||C
DG1|3|CIM10|E11.9^Diabète sucré de type 2 sans complication|Diabète de type 2||C
PR1|1|CCAM|DDQH001^Coronarographie|Coronarographie||20240710103015
GT1|1|8291|DUPONT^JEAN^MARC^JR^M||123 RUE PRINCIPALE^^PARIS^^75001^FRA|(01)23456789||19610615|M|P/F|SLF|1234567890123||||
IN1|1|SECURITE SOCIALE|1|CPAM|||||||||||||||||||||||||||||||||||||||||||
2025-07-25 17:48:40 - INFO - réponse reçue::

MSH|^~\&|IRISHL7|ISC|REGADT|MCM|202507251748||ACK^A01|000001|P|2.5.1|1
MSA|CA|000001



2025-07-25 17:48:41 - INFO - Le port 2575 sur 127.0.0.1 est ouvert et accessible.
2025-07-25 17:48:41 - INFO - Message HL7 généré::
MSH|^~\&|REGADT|MCM|IFENG||20250725174841||ADT^A01|000001|P|2.5.1|1||
EVN|A01|199601061000|199601101400|1
PID|||24445670^^^HOPITAL^MRN~FR123456^^^DLNUM^DL|253763|MUNRO^Alice||19310710|M|||77 Rue de Varenne^^PARIS^75^75007^||(01)554437765|(06)098866543|FRENCH|S|C|10199925|1641202898334566
NK1|1|DUPONT^MARIE^|EPOUSE||||ERSONNE A PREVENIR||
PV1|1|H|CARDIO^CHAMBRE201^LIT1||||004777^MARTIN^SOPHIE^DR|||CARDIO|||||ADM|A0|
PV2|||^Chirurgie Programmée||||||||||||||||||||||||||||||||||||||20240712
OBX|1|NM|21612-7^POIDS CORPOREL||52|kg|||||F
OBX|2|NM|8302-2^TAILLE||163|cm|||||F
OBX|3|NM|8480-6^PRESSION ARTERIELLE SYSTOLIQUE||154|mm[Hg]|||||F
OBX|4|NM|8462-4^PRESSION ARTERIELLE DIASTOLIQUE||87|mm[Hg]|||||F
OBX|5|NM|2339-0^GLUCOSE SANGUIN||6.2|mmol/L|3.5-5.7|H|||F
AL1|1||^AMOXICILLINE||URTICAIRE|
AL1|2||^ASPIRINE||OEDEME DE QUINCKE|
AL1|3||^ARACHIDES||CHOC ANAPHYLACTIQUE|
DG1|1|CIM10|I21.0^Infarctus transmural aigu du myocarde, de la paroi antérieure|Infarctus du myocarde||A
DG1|2|CIM10|I10^Hypertension essentielle (primitive)|Hypertension artérielle||C
DG1|3|CIM10|E11.9^Diabète sucré de type 2 sans complication|Diabète de type 2||C
PR1|1|CCAM|DDQH001^Coronarographie|Coronarographie||20240710103015
GT1|1|8291|DUPONT^JEAN^MARC^JR^M||123 RUE PRINCIPALE^^PARIS^^75001^FRA|(01)23456789||19610615|M|P/F|SLF|1234567890123||||
IN1|1|SECURITE SOCIALE|1|CPAM|||||||||||||||||||||||||||||||||||||||||||
2025-07-25 17:48:41 - INFO - réponse reçue::

MSH|^~\&|IRISHL7|ISC|REGADT|MCM|202507251748||ACK^A01|000001|P|2.5.1|1
MSA|CA|000001



2025-07-25 17:48:41 - INFO - Le port 2575 sur 127.0.0.1 est ouvert et accessible.
2025-07-25 17:48:41 - INFO - Message HL7 généré::
MSH|^~\&|REGADT|MCM|IFENG||20250725174841||ADT^A01|000001|P|2.5.1|1||
EVN|A01|199601061000|199601101400|1
PID|||24445670^^^HOPITAL^MRN~FR123456^^^DLNUM^DL|253763|MUNRO^Alice||19310710|M|||77 Rue de Varenne^^PARIS^75^75007^||(01)554437765|(06)098866543|FRENCH|S|C|10199925|1641202898334566
NK1|1|DUPONT^MARIE^|EPOUSE||||ERSONNE A PREVENIR||
PV1|1|H|CARDIO^CHAMBRE201^LIT1||||004777^MARTIN^SOPHIE^DR|||CARDIO|||||ADM|A0|
PV2|||^Chirurgie Programmée||||||||||||||||||||||||||||||||||||||20240712
OBX|1|NM|21612-7^POIDS CORPOREL||52|kg|||||F
OBX|2|NM|8302-2^TAILLE||163|cm|||||F
OBX|3|NM|8480-6^PRESSION ARTERIELLE SYSTOLIQUE||154|mm[Hg]|||||F
OBX|4|NM|8462-4^PRESSION ARTERIELLE DIASTOLIQUE||87|mm[Hg]|||||F
OBX|5|NM|2339-0^GLUCOSE SANGUIN||6.2|mmol/L|3.5-5.7|H|||F
AL1|1||^AMOXICILLINE||URTICAIRE|
AL1|2||^ASPIRINE||OEDEME DE QUINCKE|
AL1|3||^ARACHIDES||CHOC ANAPHYLACTIQUE|
DG1|1|CIM10|I21.0^Infarctus transmural aigu du myocarde, de la paroi antérieure|Infarctus du myocarde||A
DG1|2|CIM10|I10^Hypertension essentielle (primitive)|Hypertension artérielle||C
DG1|3|CIM10|E11.9^Diabète sucré de type 2 sans complication|Diabète de type 2||C
PR1|1|CCAM|DDQH001^Coronarographie|Coronarographie||20240710103015
GT1|1|8291|DUPONT^JEAN^MARC^JR^M||123 RUE PRINCIPALE^^PARIS^^75001^FRA|(01)23456789||19610615|M|P/F|SLF|1234567890123||||
IN1|1|SECURITE SOCIALE|1|CPAM|||||||||||||||||||||||||||||||||||||||||||
2025-07-25 17:48:41 - INFO - réponse reçue::

MSH|^~\&|IRISHL7|ISC|REGADT|MCM|202507251748||ACK^A01|000001|P|2.5.1|1
MSA|CA|000001



2025-07-25 17:48:42 - INFO - Le port 2575 sur 127.0.0.1 est ouvert et accessible.
2025-07-25 17:48:42 - INFO - Message HL7 généré::
MSH|^~\&|REGADT|MCM|IFENG||20250725174842||ADT^A01|000001|P|2.5.1|1||
EVN|A01|199601061000|199601101400|1
PID|||24445670^^^HOPITAL^MRN~FR123456^^^DLNUM^DL|253763|MUNRO^Alice||19310710|M|||77 Rue de Varenne^^PARIS^75^75007^||(01)554437765|(06)098866543|FRENCH|S|C|10199925|1641202898334566
NK1|1|DUPONT^MARIE^|EPOUSE||||ERSONNE A PREVENIR||
PV1|1|H|CARDIO^CHAMBRE201^LIT1||||004777^MARTIN^SOPHIE^DR|||CARDIO|||||ADM|A0|
PV2|||^Chirurgie Programmée||||||||||||||||||||||||||||||||||||||20240712
OBX|1|NM|21612-7^POIDS CORPOREL||52|kg|||||F
OBX|2|NM|8302-2^TAILLE||163|cm|||||F
OBX|3|NM|8480-6^PRESSION ARTERIELLE SYSTOLIQUE||154|mm[Hg]|||||F
OBX|4|NM|8462-4^PRESSION ARTERIELLE DIASTOLIQUE||87|mm[Hg]|||||F
OBX|5|NM|2339-0^GLUCOSE SANGUIN||6.2|mmol/L|3.5-5.7|H|||F
AL1|1||^AMOXICILLINE||URTICAIRE|
AL1|2||^ASPIRINE||OEDEME DE QUINCKE|
AL1|3||^ARACHIDES||CHOC ANAPHYLACTIQUE|
DG1|1|CIM10|I21.0^Infarctus transmural aigu du myocarde, de la paroi antérieure|Infarctus du myocarde||A
DG1|2|CIM10|I10^Hypertension essentielle (primitive)|Hypertension artérielle||C
DG1|3|CIM10|E11.9^Diabète sucré de type 2 sans complication|Diabète de type 2||C
PR1|1|CCAM|DDQH001^Coronarographie|Coronarographie||20240710103015
GT1|1|8291|DUPONT^JEAN^MARC^JR^M||123 RUE PRINCIPALE^^PARIS^^75001^FRA|(01)23456789||19610615|M|P/F|SLF|1234567890123||||
IN1|1|SECURITE SOCIALE|1|CPAM|||||||||||||||||||||||||||||||||||||||||||
2025-07-25 17:48:42 - INFO - réponse reçue::

MSH|^~\&|IRISHL7|ISC|REGADT|MCM|202507251748||ACK^A01|000001|P|2.5.1|1
MSA|CA|000001



2025-07-25 17:48:42 - INFO - Le port 2575 sur 127.0.0.1 est ouvert et accessible.
2025-07-25 17:48:42 - INFO - Message HL7 généré::
MSH|^~\&|REGADT|MCM|IFENG||20250725174842||ADT^A01|000001|P|2.5.1|1||
EVN|A01|199601061000|199601101400|1
PID|||24445670^^^HOPITAL^MRN~FR123456^^^DLNUM^DL|253763|MUNRO^Alice||19310710|M|||77 Rue de Varenne^^PARIS^75^75007^||(01)554437765|(06)098866543|FRENCH|S|C|10199925|1641202898334566
NK1|1|DUPONT^MARIE^|EPOUSE||||ERSONNE A PREVENIR||
PV1|1|H|CARDIO^CHAMBRE201^LIT1||||004777^MARTIN^SOPHIE^DR|||CARDIO|||||ADM|A0|
PV2|||^Chirurgie Programmée||||||||||||||||||||||||||||||||||||||20240712
OBX|1|NM|21612-7^POIDS CORPOREL||52|kg|||||F
OBX|2|NM|8302-2^TAILLE||163|cm|||||F
OBX|3|NM|8480-6^PRESSION ARTERIELLE SYSTOLIQUE||154|mm[Hg]|||||F
OBX|4|NM|8462-4^PRESSION ARTERIELLE DIASTOLIQUE||87|mm[Hg]|||||F
OBX|5|NM|2339-0^GLUCOSE SANGUIN||6.2|mmol/L|3.5-5.7|H|||F
AL1|1||^AMOXICILLINE||URTICAIRE|
AL1|2||^ASPIRINE||OEDEME DE QUINCKE|
AL1|3||^ARACHIDES||CHOC ANAPHYLACTIQUE|
DG1|1|CIM10|I21.0^Infarctus transmural aigu du myocarde, de la paroi antérieure|Infarctus du myocarde||A
DG1|2|CIM10|I10^Hypertension essentielle (primitive)|Hypertension artérielle||C
DG1|3|CIM10|E11.9^Diabète sucré de type 2 sans complication|Diabète de type 2||C
PR1|1|CCAM|DDQH001^Coronarographie|Coronarographie||20240710103015
GT1|1|8291|DUPONT^JEAN^MARC^JR^M||123 RUE PRINCIPALE^^PARIS^^75001^FRA|(01)23456789||19610615|M|P/F|SLF|1234567890123||||
IN1|1|SECURITE SOCIALE|1|CPAM|||||||||||||||||||||||||||||||||||||||||||
2025-07-25 17:48:43 - INFO - réponse reçue::

MSH|^~\&|IRISHL7|ISC|REGADT|MCM|202507251748||ACK^A01|000001|P|2.5.1|1
MSA|CA|000001



2025-07-25 17:48:43 - INFO - Le port 2575 sur 127.0.0.1 est ouvert et accessible.
2025-07-25 17:48:43 - INFO - Message HL7 généré::
MSH|^~\&|REGADT|MCM|IFENG||20250725174843||ADT^A01|000001|P|2.5.1|1||
EVN|A01|199601061000|199601101400|1
PID|||24445670^^^HOPITAL^MRN~FR123456^^^DLNUM^DL|253763|MUNRO^Alice||19310710|M|||77 Rue de Varenne^^PARIS^75^75007^||(01)554437765|(06)098866543|FRENCH|S|C|10199925|1641202898334566
NK1|1|DUPONT^MARIE^|EPOUSE||||ERSONNE A PREVENIR||
PV1|1|H|CARDIO^CHAMBRE201^LIT1||||004777^MARTIN^SOPHIE^DR|||CARDIO|||||ADM|A0|
PV2|||^Chirurgie Programmée||||||||||||||||||||||||||||||||||||||20240712
OBX|1|NM|21612-7^POIDS CORPOREL||52|kg|||||F
OBX|2|NM|8302-2^TAILLE||163|cm|||||F
OBX|3|NM|8480-6^PRESSION ARTERIELLE SYSTOLIQUE||154|mm[Hg]|||||F
OBX|4|NM|8462-4^PRESSION ARTERIELLE DIASTOLIQUE||87|mm[Hg]|||||F
OBX|5|NM|2339-0^GLUCOSE SANGUIN||6.2|mmol/L|3.5-5.7|H|||F
AL1|1||^AMOXICILLINE||URTICAIRE|
AL1|2||^ASPIRINE||OEDEME DE QUINCKE|
AL1|3||^ARACHIDES||CHOC ANAPHYLACTIQUE|
DG1|1|CIM10|I21.0^Infarctus transmural aigu du myocarde, de la paroi antérieure|Infarctus du myocarde||A
DG1|2|CIM10|I10^Hypertension essentielle (primitive)|Hypertension artérielle||C
DG1|3|CIM10|E11.9^Diabète sucré de type 2 sans complication|Diabète de type 2||C
PR1|1|CCAM|DDQH001^Coronarographie|Coronarographie||20240710103015
GT1|1|8291|DUPONT^JEAN^MARC^JR^M||123 RUE PRINCIPALE^^PARIS^^75001^FRA|(01)23456789||19610615|M|P/F|SLF|1234567890123||||
IN1|1|SECURITE SOCIALE|1|CPAM|||||||||||||||||||||||||||||||||||||||||||
2025-07-25 17:48:43 - INFO - réponse reçue::

MSH|^~\&|IRISHL7|ISC|REGADT|MCM|202507251748||ACK^A01|000001|P|2.5.1|1
MSA|CA|000001



2025-07-25 17:48:43 - INFO - Le port 2575 sur 127.0.0.1 est ouvert et accessible.
2025-07-25 17:48:43 - INFO - Message HL7 généré::
MSH|^~\&|REGADT|MCM|IFENG||20250725174843||ADT^A01|000001|P|2.5.1|1||
EVN|A01|199601061000|199601101400|1
PID|||24445670^^^HOPITAL^MRN~FR123456^^^DLNUM^DL|253763|MUNRO^Alice||19310710|M|||77 Rue de Varenne^^PARIS^75^75007^||(01)554437765|(06)098866543|FRENCH|S|C|10199925|1641202898334566
NK1|1|DUPONT^MARIE^|EPOUSE||||ERSONNE A PREVENIR||
PV1|1|H|CARDIO^CHAMBRE201^LIT1||||004777^MARTIN^SOPHIE^DR|||CARDIO|||||ADM|A0|
PV2|||^Chirurgie Programmée||||||||||||||||||||||||||||||||||||||20240712
OBX|1|NM|21612-7^POIDS CORPOREL||52|kg|||||F
OBX|2|NM|8302-2^TAILLE||163|cm|||||F
OBX|3|NM|8480-6^PRESSION ARTERIELLE SYSTOLIQUE||154|mm[Hg]|||||F
OBX|4|NM|8462-4^PRESSION ARTERIELLE DIASTOLIQUE||87|mm[Hg]|||||F
OBX|5|NM|2339-0^GLUCOSE SANGUIN||6.2|mmol/L|3.5-5.7|H|||F
AL1|1||^AMOXICILLINE||URTICAIRE|
AL1|2||^ASPIRINE||OEDEME DE QUINCKE|
AL1|3||^ARACHIDES||CHOC ANAPHYLACTIQUE|
DG1|1|CIM10|I21.0^Infarctus transmural aigu du myocarde, de la paroi antérieure|Infarctus du myocarde||A
DG1|2|CIM10|I10^Hypertension essentielle (primitive)|Hypertension artérielle||C
DG1|3|CIM10|E11.9^Diabète sucré de type 2 sans complication|Diabète de type 2||C
PR1|1|CCAM|DDQH001^Coronarographie|Coronarographie||20240710103015
GT1|1|8291|DUPONT^JEAN^MARC^JR^M||123 RUE PRINCIPALE^^PARIS^^75001^FRA|(01)23456789||19610615|M|P/F|SLF|1234567890123||||
IN1|1|SECURITE SOCIALE|1|CPAM|||||||||||||||||||||||||||||||||||||||||||
2025-07-25 17:48:43 - INFO - réponse reçue::

MSH|^~\&|IRISHL7|ISC|REGADT|MCM|202507251748||ACK^A01|000001|P|2.5.1|1
MSA|CA|000001



2025-07-25 17:48:44 - INFO - Le port 2575 sur 127.0.0.1 est ouvert et accessible.
2025-07-25 17:48:44 - INFO - Message HL7 généré::
MSH|^~\&|REGADT|MCM|IFENG||20250725174844||ADT^A01|000001|P|2.5.1|1||
EVN|A01|199601061000|199601101400|1
PID|||24445670^^^HOPITAL^MRN~FR123456^^^DLNUM^DL|253763|MUNRO^Alice||19310710|M|||77 Rue de Varenne^^PARIS^75^75007^||(01)554437765|(06)098866543|FRENCH|S|C|10199925|1641202898334566
NK1|1|DUPONT^MARIE^|EPOUSE||||ERSONNE A PREVENIR||
PV1|1|H|CARDIO^CHAMBRE201^LIT1||||004777^MARTIN^SOPHIE^DR|||CARDIO|||||ADM|A0|
PV2|||^Chirurgie Programmée||||||||||||||||||||||||||||||||||||||20240712
OBX|1|NM|21612-7^POIDS CORPOREL||52|kg|||||F
OBX|2|NM|8302-2^TAILLE||163|cm|||||F
OBX|3|NM|8480-6^PRESSION ARTERIELLE SYSTOLIQUE||154|mm[Hg]|||||F
OBX|4|NM|8462-4^PRESSION ARTERIELLE DIASTOLIQUE||87|mm[Hg]|||||F
OBX|5|NM|2339-0^GLUCOSE SANGUIN||6.2|mmol/L|3.5-5.7|H|||F
AL1|1||^AMOXICILLINE||URTICAIRE|
AL1|2||^ASPIRINE||OEDEME DE QUINCKE|
AL1|3||^ARACHIDES||CHOC ANAPHYLACTIQUE|
DG1|1|CIM10|I21.0^Infarctus transmural aigu du myocarde, de la paroi antérieure|Infarctus du myocarde||A
DG1|2|CIM10|I10^Hypertension essentielle (primitive)|Hypertension artérielle||C
DG1|3|CIM10|E11.9^Diabète sucré de type 2 sans complication|Diabète de type 2||C
PR1|1|CCAM|DDQH001^Coronarographie|Coronarographie||20240710103015
GT1|1|8291|DUPONT^JEAN^MARC^JR^M||123 RUE PRINCIPALE^^PARIS^^75001^FRA|(01)23456789||19610615|M|P/F|SLF|1234567890123||||
IN1|1|SECURITE SOCIALE|1|CPAM|||||||||||||||||||||||||||||||||||||||||||
2025-07-25 17:48:44 - INFO - réponse reçue::

MSH|^~\&|IRISHL7|ISC|REGADT|MCM|202507251748||ACK^A01|000001|P|2.5.1|1
MSA|CA|000001



2025-07-25 17:48:44 - INFO - Le port 2575 sur 127.0.0.1 est ouvert et accessible.
2025-07-25 17:48:44 - INFO - Message HL7 généré::
MSH|^~\&|REGADT|MCM|IFENG||20250725174844||ADT^A01|000001|P|2.5.1|1||
EVN|A01|199601061000|199601101400|1
PID|||24445670^^^HOPITAL^MRN~FR123456^^^DLNUM^DL|253763|MUNRO^Alice||19310710|M|||77 Rue de Varenne^^PARIS^75^75007^||(01)554437765|(06)098866543|FRENCH|S|C|10199925|1641202898334566
NK1|1|DUPONT^MARIE^|EPOUSE||||ERSONNE A PREVENIR||
PV1|1|H|CARDIO^CHAMBRE201^LIT1||||004777^MARTIN^SOPHIE^DR|||CARDIO|||||ADM|A0|
PV2|||^Chirurgie Programmée||||||||||||||||||||||||||||||||||||||20240712
OBX|1|NM|21612-7^POIDS CORPOREL||52|kg|||||F
OBX|2|NM|8302-2^TAILLE||163|cm|||||F
OBX|3|NM|8480-6^PRESSION ARTERIELLE SYSTOLIQUE||154|mm[Hg]|||||F
OBX|4|NM|8462-4^PRESSION ARTERIELLE DIASTOLIQUE||87|mm[Hg]|||||F
OBX|5|NM|2339-0^GLUCOSE SANGUIN||6.2|mmol/L|3.5-5.7|H|||F
AL1|1||^AMOXICILLINE||URTICAIRE|
AL1|2||^ASPIRINE||OEDEME DE QUINCKE|
AL1|3||^ARACHIDES||CHOC ANAPHYLACTIQUE|
DG1|1|CIM10|I21.0^Infarctus transmural aigu du myocarde, de la paroi antérieure|Infarctus du myocarde||A
DG1|2|CIM10|I10^Hypertension essentielle (primitive)|Hypertension artérielle||C
DG1|3|CIM10|E11.9^Diabète sucré de type 2 sans complication|Diabète de type 2||C
PR1|1|CCAM|DDQH001^Coronarographie|Coronarographie||20240710103015
GT1|1|8291|DUPONT^JEAN^MARC^JR^M||123 RUE PRINCIPALE^^PARIS^^75001^FRA|(01)23456789||19610615|M|P/F|SLF|1234567890123||||
IN1|1|SECURITE SOCIALE|1|CPAM|||||||||||||||||||||||||||||||||||||||||||
2025-07-25 17:48:44 - INFO - réponse reçue::

MSH|^~\&|IRISHL7|ISC|REGADT|MCM|202507251748||ACK^A01|000001|P|2.5.1|1
MSA|CA|000001



2025-07-25 17:48:44 - INFO - Le port 2575 sur 127.0.0.1 est ouvert et accessible.
2025-07-25 17:48:44 - INFO - Message HL7 généré::
MSH|^~\&|REGADT|MCM|IFENG||20250725174844||ADT^A01|000001|P|2.5.1|1||
EVN|A01|199601061000|199601101400|1
PID|||24445670^^^HOPITAL^MRN~FR123456^^^DLNUM^DL|253763|MUNRO^Alice||19310710|M|||77 Rue de Varenne^^PARIS^75^75007^||(01)554437765|(06)098866543|FRENCH|S|C|10199925|1641202898334566
NK1|1|DUPONT^MARIE^|EPOUSE||||ERSONNE A PREVENIR||
PV1|1|H|CARDIO^CHAMBRE201^LIT1||||004777^MARTIN^SOPHIE^DR|||CARDIO|||||ADM|A0|
PV2|||^Chirurgie Programmée||||||||||||||||||||||||||||||||||||||20240712
OBX|1|NM|21612-7^POIDS CORPOREL||52|kg|||||F
OBX|2|NM|8302-2^TAILLE||163|cm|||||F
OBX|3|NM|8480-6^PRESSION ARTERIELLE SYSTOLIQUE||154|mm[Hg]|||||F
OBX|4|NM|8462-4^PRESSION ARTERIELLE DIASTOLIQUE||87|mm[Hg]|||||F
OBX|5|NM|2339-0^GLUCOSE SANGUIN||6.2|mmol/L|3.5-5.7|H|||F
AL1|1||^AMOXICILLINE||URTICAIRE|
AL1|2||^ASPIRINE||OEDEME DE QUINCKE|
AL1|3||^ARACHIDES||CHOC ANAPHYLACTIQUE|
DG1|1|CIM10|I21.0^Infarctus transmural aigu du myocarde, de la paroi antérieure|Infarctus du myocarde||A
DG1|2|CIM10|I10^Hypertension essentielle (primitive)|Hypertension artérielle||C
DG1|3|CIM10|E11.9^Diabète sucré de type 2 sans complication|Diabète de type 2||C
PR1|1|CCAM|DDQH001^Coronarographie|Coronarographie||20240710103015
GT1|1|8291|DUPONT^JEAN^MARC^JR^M||123 RUE PRINCIPALE^^PARIS^^75001^FRA|(01)23456789||19610615|M|P/F|SLF|1234567890123||||
IN1|1|SECURITE SOCIALE|1|CPAM|||||||||||||||||||||||||||||||||||||||||||
2025-07-25 17:48:44 - INFO - réponse reçue::

MSH|^~\&|IRISHL7|ISC|REGADT|MCM|202507251748||ACK^A01|000001|P|2.5.1|1
MSA|CA|000001



2025-07-25 17:48:45 - INFO - Le port 2575 sur 127.0.0.1 est ouvert et accessible.
2025-07-25 17:48:45 - INFO - Message HL7 généré::
MSH|^~\&|REGADT|MCM|IFENG||20250725174845||ADT^A01|000001|P|2.5.1|1||
EVN|A01|199601061000|199601101400|1
PID|||24445670^^^HOPITAL^MRN~FR123456^^^DLNUM^DL|253763|MUNRO^Alice||19310710|M|||77 Rue de Varenne^^PARIS^75^75007^||(01)554437765|(06)098866543|FRENCH|S|C|10199925|1641202898334566
NK1|1|DUPONT^MARIE^|EPOUSE||||ERSONNE A PREVENIR||
PV1|1|H|CARDIO^CHAMBRE201^LIT1||||004777^MARTIN^SOPHIE^DR|||CARDIO|||||ADM|A0|
PV2|||^Chirurgie Programmée||||||||||||||||||||||||||||||||||||||20240712
OBX|1|NM|21612-7^POIDS CORPOREL||52|kg|||||F
OBX|2|NM|8302-2^TAILLE||163|cm|||||F
OBX|3|NM|8480-6^PRESSION ARTERIELLE SYSTOLIQUE||154|mm[Hg]|||||F
OBX|4|NM|8462-4^PRESSION ARTERIELLE DIASTOLIQUE||87|mm[Hg]|||||F
OBX|5|NM|2339-0^GLUCOSE SANGUIN||6.2|mmol/L|3.5-5.7|H|||F
AL1|1||^AMOXICILLINE||URTICAIRE|
AL1|2||^ASPIRINE||OEDEME DE QUINCKE|
AL1|3||^ARACHIDES||CHOC ANAPHYLACTIQUE|
DG1|1|CIM10|I21.0^Infarctus transmural aigu du myocarde, de la paroi antérieure|Infarctus du myocarde||A
DG1|2|CIM10|I10^Hypertension essentielle (primitive)|Hypertension artérielle||C
DG1|3|CIM10|E11.9^Diabète sucré de type 2 sans complication|Diabète de type 2||C
PR1|1|CCAM|DDQH001^Coronarographie|Coronarographie||20240710103015
GT1|1|8291|DUPONT^JEAN^MARC^JR^M||123 RUE PRINCIPALE^^PARIS^^75001^FRA|(01)23456789||19610615|M|P/F|SLF|1234567890123||||
IN1|1|SECURITE SOCIALE|1|CPAM|||||||||||||||||||||||||||||||||||||||||||
2025-07-25 17:48:45 - INFO - réponse reçue::

MSH|^~\&|IRISHL7|ISC|REGADT|MCM|202507251748||ACK^A01|000001|P|2.5.1|1
MSA|CA|000001



2025-07-25 17:48:45 - INFO - Le port 2575 sur 127.0.0.1 est ouvert et accessible.
2025-07-25 17:48:45 - INFO - Message HL7 généré::
MSH|^~\&|REGADT|MCM|IFENG||20250725174845||ADT^A01|000001|P|2.5.1|1||
EVN|A01|199601061000|199601101400|1
PID|||24445670^^^HOPITAL^MRN~FR123456^^^DLNUM^DL|253763|MUNRO^Alice||19310710|M|||77 Rue de Varenne^^PARIS^75^75007^||(01)554437765|(06)098866543|FRENCH|S|C|10199925|1641202898334566
NK1|1|DUPONT^MARIE^|EPOUSE||||ERSONNE A PREVENIR||
PV1|1|H|CARDIO^CHAMBRE201^LIT1||||004777^MARTIN^SOPHIE^DR|||CARDIO|||||ADM|A0|
PV2|||^Chirurgie Programmée||||||||||||||||||||||||||||||||||||||20240712
OBX|1|NM|21612-7^POIDS CORPOREL||52|kg|||||F
OBX|2|NM|8302-2^TAILLE||163|cm|||||F
OBX|3|NM|8480-6^PRESSION ARTERIELLE SYSTOLIQUE||154|mm[Hg]|||||F
OBX|4|NM|8462-4^PRESSION ARTERIELLE DIASTOLIQUE||87|mm[Hg]|||||F
OBX|5|NM|2339-0^GLUCOSE SANGUIN||6.2|mmol/L|3.5-5.7|H|||F
AL1|1||^AMOXICILLINE||URTICAIRE|
AL1|2||^ASPIRINE||OEDEME DE QUINCKE|
AL1|3||^ARACHIDES||CHOC ANAPHYLACTIQUE|
DG1|1|CIM10|I21.0^Infarctus transmural aigu du myocarde, de la paroi antérieure|Infarctus du myocarde||A
DG1|2|CIM10|I10^Hypertension essentielle (primitive)|Hypertension artérielle||C
DG1|3|CIM10|E11.9^Diabète sucré de type 2 sans complication|Diabète de type 2||C
PR1|1|CCAM|DDQH001^Coronarographie|Coronarographie||20240710103015
GT1|1|8291|DUPONT^JEAN^MARC^JR^M||123 RUE PRINCIPALE^^PARIS^^75001^FRA|(01)23456789||19610615|M|P/F|SLF|1234567890123||||
IN1|1|SECURITE SOCIALE|1|CPAM|||||||||||||||||||||||||||||||||||||||||||
2025-07-25 17:48:45 - INFO - réponse reçue::

MSH|^~\&|IRISHL7|ISC|REGADT|MCM|202507251748||ACK^A01|000001|P|2.5.1|1
MSA|CA|000001



2025-07-25 17:48:47 - INFO - Port 2575 on 127.0.0.1 is open and accessible.
2025-07-25 17:48:47 - INFO - HL7 message generated::
MSH|^~\&|REGADT|MCM|IFENG||20250725174847||ADT^A01|000001|P|2.5.1|1||
EVN|A01|199601061000|199601101400|1
PID|||24445670^^^HOPITAL^MRN~FR123456^^^DLNUM^DL|253763|MUNRO^Alice||19310710|M|||77 Rue de Varenne^^PARIS^75^75007^||(01)554437765|(06)098866543|FRENCH|S|C|10199925|1641202898334566
NK1|1|DUPONT^MARIE^|EPOUSE||||ERSONNE A PREVENIR||
PV1|1|H|CARDIO^CHAMBRE201^LIT1||||004777^MARTIN^SOPHIE^DR|||CARDIO|||||ADM|A0|
PV2|||^Chirurgie Programmée||||||||||||||||||||||||||||||||||||||20240712
OBX|1|NM|21612-7^POIDS CORPOREL||52|kg|||||F
OBX|2|NM|8302-2^TAILLE||163|cm|||||F
OBX|3|NM|8480-6^PRESSION ARTERIELLE SYSTOLIQUE||154|mm[Hg]|||||F
OBX|4|NM|8462-4^PRESSION ARTERIELLE DIASTOLIQUE||87|mm[Hg]|||||F
OBX|5|NM|2339-0^GLUCOSE SANGUIN||6.2|mmol/L|3.5-5.7|H|||F
AL1|1||^AMOXICILLINE||URTICAIRE|
AL1|2||^ASPIRINE||OEDEME DE QUINCKE|
AL1|3||^ARACHIDES||CHOC ANAPHYLACTIQUE|
DG1|1|CIM10|I21.0^Infarctus transmural aigu du myocarde, de la paroi antérieure|Infarctus du myocarde||A
DG1|2|CIM10|I10^Hypertension essentielle (primitive)|Hypertension artérielle||C
DG1|3|CIM10|E11.9^Diabète sucré de type 2 sans complication|Diabète de type 2||C
PR1|1|CCAM|DDQH001^Coronarographie|Coronarographie||20240710103015
GT1|1|8291|DUPONT^JEAN^MARC^JR^M||123 RUE PRINCIPALE^^PARIS^^75001^FRA|(01)23456789||19610615|M|P/F|SLF|1234567890123||||
IN1|1|SECURITE SOCIALE|1|CPAM|||||||||||||||||||||||||||||||||||||||||||
2025-07-25 17:48:47 - INFO - response received::

MSH|^~\&|IRISHL7|ISC|REGADT|MCM|202507251748||ACK^A01|000001|P|2.5.1|1
MSA|CA|000001



2025-07-25 17:48:48 - INFO - Port 2575 on 127.0.0.1 is open and accessible.
2025-07-25 17:48:48 - INFO - HL7 message generated::
MSH|^~\&|REGADT|MCM|IFENG||20250725174848||ADT^A01|000001|P|2.5.1|1||
EVN|A01|199601061000|199601101400|1
PID|||24445670^^^HOPITAL^MRN~FR123456^^^DLNUM^DL|253763|MUNRO^Alice||19310710|M|||77 Rue de Varenne^^PARIS^75^75007^||(01)554437765|(06)098866543|FRENCH|S|C|10199925|1641202898334566
NK1|1|DUPONT^MARIE^|EPOUSE||||ERSONNE A PREVENIR||
PV1|1|H|CARDIO^CHAMBRE201^LIT1||||004777^MARTIN^SOPHIE^DR|||CARDIO|||||ADM|A0|
PV2|||^Chirurgie Programmée||||||||||||||||||||||||||||||||||||||20240712
OBX|1|NM|21612-7^POIDS CORPOREL||52|kg|||||F
OBX|2|NM|8302-2^TAILLE||163|cm|||||F
OBX|3|NM|8480-6^PRESSION ARTERIELLE SYSTOLIQUE||154|mm[Hg]|||||F
OBX|4|NM|8462-4^PRESSION ARTERIELLE DIASTOLIQUE||87|mm[Hg]|||||F
OBX|5|NM|2339-0^GLUCOSE SANGUIN||6.2|mmol/L|3.5-5.7|H|||F
AL1|1||^AMOXICILLINE||URTICAIRE|
AL1|2||^ASPIRINE||OEDEME DE QUINCKE|
AL1|3||^ARACHIDES||CHOC ANAPHYLACTIQUE|
DG1|1|CIM10|I21.0^Infarctus transmural aigu du myocarde, de la paroi antérieure|Infarctus du myocarde||A
DG1|2|CIM10|I10^Hypertension essentielle (primitive)|Hypertension artérielle||C
DG1|3|CIM10|E11.9^Diabète sucré de type 2 sans complication|Diabète de type 2||C
PR1|1|CCAM|DDQH001^Coronarographie|Coronarographie||20240710103015
GT1|1|8291|DUPONT^JEAN^MARC^JR^M||123 RUE PRINCIPALE^^PARIS^^75001^FRA|(01)23456789||19610615|M|P/F|SLF|1234567890123||||
IN1|1|SECURITE SOCIALE|1|CPAM|||||||||||||||||||||||||||||||||||||||||||
2025-07-25 17:48:48 - INFO - response received::

MSH|^~\&|IRISHL7|ISC|REGADT|MCM|202507251748||ACK^A01|000001|P|2.5.1|1
MSA|CA|000001



2025-07-25 17:48:48 - INFO - Port 2575 on 127.0.0.1 is open and accessible.
2025-07-25 17:48:48 - INFO - HL7 message generated::
MSH|^~\&|REGADT|MCM|IFENG||20250725174848||ADT^A01|000001|P|2.5.1|1||
EVN|A01|199601061000|199601101400|1
PID|||24445670^^^HOPITAL^MRN~FR123456^^^DLNUM^DL|253763|MUNRO^Alice||19310710|M|||77 Rue de Varenne^^PARIS^75^75007^||(01)554437765|(06)098866543|FRENCH|S|C|10199925|1641202898334566
NK1|1|DUPONT^MARIE^|EPOUSE||||ERSONNE A PREVENIR||
PV1|1|H|CARDIO^CHAMBRE201^LIT1||||004777^MARTIN^SOPHIE^DR|||CARDIO|||||ADM|A0|
PV2|||^Chirurgie Programmée||||||||||||||||||||||||||||||||||||||20240712
OBX|1|NM|21612-7^POIDS CORPOREL||52|kg|||||F
OBX|2|NM|8302-2^TAILLE||163|cm|||||F
OBX|3|NM|8480-6^PRESSION ARTERIELLE SYSTOLIQUE||154|mm[Hg]|||||F
OBX|4|NM|8462-4^PRESSION ARTERIELLE DIASTOLIQUE||87|mm[Hg]|||||F
OBX|5|NM|2339-0^GLUCOSE SANGUIN||6.2|mmol/L|3.5-5.7|H|||F
AL1|1||^AMOXICILLINE||URTICAIRE|
AL1|2||^ASPIRINE||OEDEME DE QUINCKE|
AL1|3||^ARACHIDES||CHOC ANAPHYLACTIQUE|
DG1|1|CIM10|I21.0^Infarctus transmural aigu du myocarde, de la paroi antérieure|Infarctus du myocarde||A
DG1|2|CIM10|I10^Hypertension essentielle (primitive)|Hypertension artérielle||C
DG1|3|CIM10|E11.9^Diabète sucré de type 2 sans complication|Diabète de type 2||C
PR1|1|CCAM|DDQH001^Coronarographie|Coronarographie||20240710103015
GT1|1|8291|DUPONT^JEAN^MARC^JR^M||123 RUE PRINCIPALE^^PARIS^^75001^FRA|(01)23456789||19610615|M|P/F|SLF|1234567890123||||
IN1|1|SECURITE SOCIALE|1|CPAM|||||||||||||||||||||||||||||||||||||||||||
2025-07-25 17:48:48 - INFO - response received::

MSH|^~\&|IRISHL7|ISC|REGADT|MCM|202507251748||ACK^A01|000001|P|2.5.1|1
MSA|CA|000001



2025-07-25 17:48:49 - INFO - Port 2575 on 127.0.0.1 is open and accessible.
2025-07-25 17:48:49 - INFO - HL7 message generated::
MSH|^~\&|REGADT|MCM|IFENG||20250725174849||ADT^A01|000001|P|2.5.1|1||
EVN|A01|199601061000|199601101400|1
PID|||24445670^^^HOPITAL^MRN~FR123456^^^DLNUM^DL|253763|MUNRO^Alice||19310710|M|||77 Rue de Varenne^^PARIS^75^75007^||(01)554437765|(06)098866543|FRENCH|S|C|10199925|1641202898334566
NK1|1|DUPONT^MARIE^|EPOUSE||||ERSONNE A PREVENIR||
PV1|1|H|CARDIO^CHAMBRE201^LIT1||||004777^MARTIN^SOPHIE^DR|||CARDIO|||||ADM|A0|
PV2|||^Chirurgie Programmée||||||||||||||||||||||||||||||||||||||20240712
OBX|1|NM|21612-7^POIDS CORPOREL||52|kg|||||F
OBX|2|NM|8302-2^TAILLE||163|cm|||||F
OBX|3|NM|8480-6^PRESSION ARTERIELLE SYSTOLIQUE||154|mm[Hg]|||||F
OBX|4|NM|8462-4^PRESSION ARTERIELLE DIASTOLIQUE||87|mm[Hg]|||||F
OBX|5|NM|2339-0^GLUCOSE SANGUIN||6.2|mmol/L|3.5-5.7|H|||F
AL1|1||^AMOXICILLINE||URTICAIRE|
AL1|2||^ASPIRINE||OEDEME DE QUINCKE|
AL1|3||^ARACHIDES||CHOC ANAPHYLACTIQUE|
DG1|1|CIM10|I21.0^Infarctus transmural aigu du myocarde, de la paroi antérieure|Infarctus du myocarde||A
DG1|2|CIM10|I10^Hypertension essentielle (primitive)|Hypertension artérielle||C
DG1|3|CIM10|E11.9^Diabète sucré de type 2 sans complication|Diabète de type 2||C
PR1|1|CCAM|DDQH001^Coronarographie|Coronarographie||20240710103015
GT1|1|8291|DUPONT^JEAN^MARC^JR^M||123 RUE PRINCIPALE^^PARIS^^75001^FRA|(01)23456789||19610615|M|P/F|SLF|1234567890123||||
IN1|1|SECURITE SOCIALE|1|CPAM|||||||||||||||||||||||||||||||||||||||||||
2025-07-25 17:48:49 - INFO - response received::

MSH|^~\&|IRISHL7|ISC|REGADT|MCM|202507251748||ACK^A01|000001|P|2.5.1|1
MSA|CA|000001



2025-07-25 17:48:49 - INFO - Port 2575 on 127.0.0.1 is open and accessible.
2025-07-25 17:48:49 - INFO - HL7 message generated::
MSH|^~\&|REGADT|MCM|IFENG||20250725174849||ADT^A01|000001|P|2.5.1|1||
EVN|A01|199601061000|199601101400|1
PID|||24445670^^^HOPITAL^MRN~FR123456^^^DLNUM^DL|253763|MUNRO^Alice||19310710|M|||77 Rue de Varenne^^PARIS^75^75007^||(01)554437765|(06)098866543|FRENCH|S|C|10199925|1641202898334566
NK1|1|DUPONT^MARIE^|EPOUSE||||ERSONNE A PREVENIR||
PV1|1|H|CARDIO^CHAMBRE201^LIT1||||004777^MARTIN^SOPHIE^DR|||CARDIO|||||ADM|A0|
PV2|||^Chirurgie Programmée||||||||||||||||||||||||||||||||||||||20240712
OBX|1|NM|21612-7^POIDS CORPOREL||52|kg|||||F
OBX|2|NM|8302-2^TAILLE||163|cm|||||F
OBX|3|NM|8480-6^PRESSION ARTERIELLE SYSTOLIQUE||154|mm[Hg]|||||F
OBX|4|NM|8462-4^PRESSION ARTERIELLE DIASTOLIQUE||87|mm[Hg]|||||F
OBX|5|NM|2339-0^GLUCOSE SANGUIN||6.2|mmol/L|3.5-5.7|H|||F
AL1|1||^AMOXICILLINE||URTICAIRE|
AL1|2||^ASPIRINE||OEDEME DE QUINCKE|
AL1|3||^ARACHIDES||CHOC ANAPHYLACTIQUE|
DG1|1|CIM10|I21.0^Infarctus transmural aigu du myocarde, de la paroi antérieure|Infarctus du myocarde||A
DG1|2|CIM10|I10^Hypertension essentielle (primitive)|Hypertension artérielle||C
DG1|3|CIM10|E11.9^Diabète sucré de type 2 sans complication|Diabète de type 2||C
PR1|1|CCAM|DDQH001^Coronarographie|Coronarographie||20240710103015
GT1|1|8291|DUPONT^JEAN^MARC^JR^M||123 RUE PRINCIPALE^^PARIS^^75001^FRA|(01)23456789||19610615|M|P/F|SLF|1234567890123||||
IN1|1|SECURITE SOCIALE|1|CPAM|||||||||||||||||||||||||||||||||||||||||||
2025-07-25 17:48:49 - INFO - response received::

MSH|^~\&|IRISHL7|ISC|REGADT|MCM|202507251748||ACK^A01|000001|P|2.5.1|1
MSA|CA|000001



2025-07-25 17:48:49 - INFO - Port 2575 on 127.0.0.1 is open and accessible.
2025-07-25 17:48:49 - INFO - HL7 message generated::
MSH|^~\&|REGADT|MCM|IFENG||20250725174849||ADT^A01|000001|P|2.5.1|1||
EVN|A01|199601061000|199601101400|1
PID|||24445670^^^HOPITAL^MRN~FR123456^^^DLNUM^DL|253763|MUNRO^Alice||19310710|M|||77 Rue de Varenne^^PARIS^75^75007^||(01)554437765|(06)098866543|FRENCH|S|C|10199925|1641202898334566
NK1|1|DUPONT^MARIE^|EPOUSE||||ERSONNE A PREVENIR||
PV1|1|H|CARDIO^CHAMBRE201^LIT1||||004777^MARTIN^SOPHIE^DR|||CARDIO|||||ADM|A0|
PV2|||^Chirurgie Programmée||||||||||||||||||||||||||||||||||||||20240712
OBX|1|NM|21612-7^POIDS CORPOREL||52|kg|||||F
OBX|2|NM|8302-2^TAILLE||163|cm|||||F
OBX|3|NM|8480-6^PRESSION ARTERIELLE SYSTOLIQUE||154|mm[Hg]|||||F
OBX|4|NM|8462-4^PRESSION ARTERIELLE DIASTOLIQUE||87|mm[Hg]|||||F
OBX|5|NM|2339-0^GLUCOSE SANGUIN||6.2|mmol/L|3.5-5.7|H|||F
AL1|1||^AMOXICILLINE||URTICAIRE|
AL1|2||^ASPIRINE||OEDEME DE QUINCKE|
AL1|3||^ARACHIDES||CHOC ANAPHYLACTIQUE|
DG1|1|CIM10|I21.0^Infarctus transmural aigu du myocarde, de la paroi antérieure|Infarctus du myocarde||A
DG1|2|CIM10|I10^Hypertension essentielle (primitive)|Hypertension artérielle||C
DG1|3|CIM10|E11.9^Diabète sucré de type 2 sans complication|Diabète de type 2||C
PR1|1|CCAM|DDQH001^Coronarographie|Coronarographie||20240710103015
GT1|1|8291|DUPONT^JEAN^MARC^JR^M||123 RUE PRINCIPALE^^PARIS^^75001^FRA|(01)23456789||19610615|M|P/F|SLF|1234567890123||||
IN1|1|SECURITE SOCIALE|1|CPAM|||||||||||||||||||||||||||||||||||||||||||
2025-07-25 17:48:49 - INFO - response received::

MSH|^~\&|IRISHL7|ISC|REGADT|MCM|202507251748||ACK^A01|000001|P|2.5.1|1
MSA|CA|000001



2025-07-25 17:48:50 - INFO - Port 2575 on 127.0.0.1 is open and accessible.
2025-07-25 17:48:50 - INFO - HL7 message generated::
MSH|^~\&|REGADT|MCM|IFENG||20250725174850||ADT^A01|000001|P|2.5.1|1||
EVN|A01|199601061000|199601101400|1
PID|||24445670^^^HOPITAL^MRN~FR123456^^^DLNUM^DL|253763|MUNRO^Alice||19310710|M|||77 Rue de Varenne^^PARIS^75^75007^||(01)554437765|(06)098866543|FRENCH|S|C|10199925|1641202898334566
NK1|1|DUPONT^MARIE^|EPOUSE||||ERSONNE A PREVENIR||
PV1|1|H|CARDIO^CHAMBRE201^LIT1||||004777^MARTIN^SOPHIE^DR|||CARDIO|||||ADM|A0|
PV2|||^Chirurgie Programmée||||||||||||||||||||||||||||||||||||||20240712
OBX|1|NM|21612-7^POIDS CORPOREL||52|kg|||||F
OBX|2|NM|8302-2^TAILLE||163|cm|||||F
OBX|3|NM|8480-6^PRESSION ARTERIELLE SYSTOLIQUE||154|mm[Hg]|||||F
OBX|4|NM|8462-4^PRESSION ARTERIELLE DIASTOLIQUE||87|mm[Hg]|||||F
OBX|5|NM|2339-0^GLUCOSE SANGUIN||6.2|mmol/L|3.5-5.7|H|||F
AL1|1||^AMOXICILLINE||URTICAIRE|
AL1|2||^ASPIRINE||OEDEME DE QUINCKE|
AL1|3||^ARACHIDES||CHOC ANAPHYLACTIQUE|
DG1|1|CIM10|I21.0^Infarctus transmural aigu du myocarde, de la paroi antérieure|Infarctus du myocarde||A
DG1|2|CIM10|I10^Hypertension essentielle (primitive)|Hypertension artérielle||C
DG1|3|CIM10|E11.9^Diabète sucré de type 2 sans complication|Diabète de type 2||C
PR1|1|CCAM|DDQH001^Coronarographie|Coronarographie||20240710103015
GT1|1|8291|DUPONT^JEAN^MARC^JR^M||123 RUE PRINCIPALE^^PARIS^^75001^FRA|(01)23456789||19610615|M|P/F|SLF|1234567890123||||
IN1|1|SECURITE SOCIALE|1|CPAM|||||||||||||||||||||||||||||||||||||||||||
2025-07-25 17:48:50 - INFO - response received::

MSH|^~\&|IRISHL7|ISC|REGADT|MCM|202507251748||ACK^A01|000001|P|2.5.1|1
MSA|CA|000001



2025-07-25 17:48:50 - INFO - Port 2575 on 127.0.0.1 is open and accessible.
2025-07-25 17:48:50 - INFO - HL7 message generated::
MSH|^~\&|REGADT|MCM|IFENG||20250725174850||ADT^A01|000001|P|2.5.1|1||
EVN|A01|199601061000|199601101400|1
PID|||24445670^^^HOPITAL^MRN~FR123456^^^DLNUM^DL|253763|MUNRO^Alice||19310710|M|||77 Rue de Varenne^^PARIS^75^75007^||(01)554437765|(06)098866543|FRENCH|S|C|10199925|1641202898334566
NK1|1|DUPONT^MARIE^|EPOUSE||||ERSONNE A PREVENIR||
PV1|1|H|CARDIO^CHAMBRE201^LIT1||||004777^MARTIN^SOPHIE^DR|||CARDIO|||||ADM|A0|
PV2|||^Chirurgie Programmée||||||||||||||||||||||||||||||||||||||20240712
OBX|1|NM|21612-7^POIDS CORPOREL||52|kg|||||F
OBX|2|NM|8302-2^TAILLE||163|cm|||||F
OBX|3|NM|8480-6^PRESSION ARTERIELLE SYSTOLIQUE||154|mm[Hg]|||||F
OBX|4|NM|8462-4^PRESSION ARTERIELLE DIASTOLIQUE||87|mm[Hg]|||||F
OBX|5|NM|2339-0^GLUCOSE SANGUIN||6.2|mmol/L|3.5-5.7|H|||F
AL1|1||^AMOXICILLINE||URTICAIRE|
AL1|2||^ASPIRINE||OEDEME DE QUINCKE|
AL1|3||^ARACHIDES||CHOC ANAPHYLACTIQUE|
DG1|1|CIM10|I21.0^Infarctus transmural aigu du myocarde, de la paroi antérieure|Infarctus du myocarde||A
DG1|2|CIM10|I10^Hypertension essentielle (primitive)|Hypertension artérielle||C
DG1|3|CIM10|E11.9^Diabète sucré de type 2 sans complication|Diabète de type 2||C
PR1|1|CCAM|DDQH001^Coronarographie|Coronarographie||20240710103015
GT1|1|8291|DUPONT^JEAN^MARC^JR^M||123 RUE PRINCIPALE^^PARIS^^75001^FRA|(01)23456789||19610615|M|P/F|SLF|1234567890123||||
IN1|1|SECURITE SOCIALE|1|CPAM|||||||||||||||||||||||||||||||||||||||||||
2025-07-25 17:48:50 - INFO - response received::

MSH|^~\&|IRISHL7|ISC|REGADT|MCM|202507251748||ACK^A01|000001|P|2.5.1|1
MSA|CA|000001



2025-07-25 17:48:50 - INFO - Port 2575 on 127.0.0.1 is open and accessible.
2025-07-25 17:48:50 - INFO - HL7 message generated::
MSH|^~\&|REGADT|MCM|IFENG||20250725174850||ADT^A01|000001|P|2.5.1|1||
EVN|A01|199601061000|199601101400|1
PID|||24445670^^^HOPITAL^MRN~FR123456^^^DLNUM^DL|253763|MUNRO^Alice||19310710|M|||77 Rue de Varenne^^PARIS^75^75007^||(01)554437765|(06)098866543|FRENCH|S|C|10199925|1641202898334566
NK1|1|DUPONT^MARIE^|EPOUSE||||ERSONNE A PREVENIR||
PV1|1|H|CARDIO^CHAMBRE201^LIT1||||004777^MARTIN^SOPHIE^DR|||CARDIO|||||ADM|A0|
PV2|||^Chirurgie Programmée||||||||||||||||||||||||||||||||||||||20240712
OBX|1|NM|21612-7^POIDS CORPOREL||52|kg|||||F
OBX|2|NM|8302-2^TAILLE||163|cm|||||F
OBX|3|NM|8480-6^PRESSION ARTERIELLE SYSTOLIQUE||154|mm[Hg]|||||F
OBX|4|NM|8462-4^PRESSION ARTERIELLE DIASTOLIQUE||87|mm[Hg]|||||F
OBX|5|NM|2339-0^GLUCOSE SANGUIN||6.2|mmol/L|3.5-5.7|H|||F
AL1|1||^AMOXICILLINE||URTICAIRE|
AL1|2||^ASPIRINE||OEDEME DE QUINCKE|
AL1|3||^ARACHIDES||CHOC ANAPHYLACTIQUE|
DG1|1|CIM10|I21.0^Infarctus transmural aigu du myocarde, de la paroi antérieure|Infarctus du myocarde||A
DG1|2|CIM10|I10^Hypertension essentielle (primitive)|Hypertension artérielle||C
DG1|3|CIM10|E11.9^Diabète sucré de type 2 sans complication|Diabète de type 2||C
PR1|1|CCAM|DDQH001^Coronarographie|Coronarographie||20240710103015
GT1|1|8291|DUPONT^JEAN^MARC^JR^M||123 RUE PRINCIPALE^^PARIS^^75001^FRA|(01)23456789||19610615|M|P/F|SLF|1234567890123||||
IN1|1|SECURITE SOCIALE|1|CPAM|||||||||||||||||||||||||||||||||||||||||||
2025-07-25 17:48:50 - INFO - response received::

MSH|^~\&|IRISHL7|ISC|REGADT|MCM|202507251748||ACK^A01|000001|P|2.5.1|1
MSA|CA|000001



2025-07-25 17:48:50 - INFO - Port 2575 on 127.0.0.1 is open and accessible.
2025-07-25 17:48:50 - INFO - HL7 message generated::
MSH|^~\&|REGADT|MCM|IFENG||20250725174850||ADT^A01|000001|P|2.5.1|1||
EVN|A01|199601061000|199601101400|1
PID|||24445670^^^HOPITAL^MRN~FR123456^^^DLNUM^DL|253763|MUNRO^Alice||19310710|M|||77 Rue de Varenne^^PARIS^75^75007^||(01)554437765|(06)098866543|FRENCH|S|C|10199925|1641202898334566
NK1|1|DUPONT^MARIE^|EPOUSE||||ERSONNE A PREVENIR||
PV1|1|H|CARDIO^CHAMBRE201^LIT1||||004777^MARTIN^SOPHIE^DR|||CARDIO|||||ADM|A0|
PV2|||^Chirurgie Programmée||||||||||||||||||||||||||||||||||||||20240712
OBX|1|NM|21612-7^POIDS CORPOREL||52|kg|||||F
OBX|2|NM|8302-2^TAILLE||163|cm|||||F
OBX|3|NM|8480-6^PRESSION ARTERIELLE SYSTOLIQUE||154|mm[Hg]|||||F
OBX|4|NM|8462-4^PRESSION ARTERIELLE DIASTOLIQUE||87|mm[Hg]|||||F
OBX|5|NM|2339-0^GLUCOSE SANGUIN||6.2|mmol/L|3.5-5.7|H|||F
AL1|1||^AMOXICILLINE||URTICAIRE|
AL1|2||^ASPIRINE||OEDEME DE QUINCKE|
AL1|3||^ARACHIDES||CHOC ANAPHYLACTIQUE|
DG1|1|CIM10|I21.0^Infarctus transmural aigu du myocarde, de la paroi antérieure|Infarctus du myocarde||A
DG1|2|CIM10|I10^Hypertension essentielle (primitive)|Hypertension artérielle||C
DG1|3|CIM10|E11.9^Diabète sucré de type 2 sans complication|Diabète de type 2||C
PR1|1|CCAM|DDQH001^Coronarographie|Coronarographie||20240710103015
GT1|1|8291|DUPONT^JEAN^MARC^JR^M||123 RUE PRINCIPALE^^PARIS^^75001^FRA|(01)23456789||19610615|M|P/F|SLF|1234567890123||||
IN1|1|SECURITE SOCIALE|1|CPAM|||||||||||||||||||||||||||||||||||||||||||
2025-07-25 17:48:50 - INFO - response received::

MSH|^~\&|IRISHL7|ISC|REGADT|MCM|202507251748||ACK^A01|000001|P|2.5.1|1
MSA|CA|000001



2025-07-25 17:48:51 - INFO - Port 2575 on 127.0.0.1 is open and accessible.
2025-07-25 17:48:51 - INFO - HL7 message generated::
MSH|^~\&|REGADT|MCM|IFENG||20250725174851||ADT^A01|000001|P|2.5.1|1||
EVN|A01|199601061000|199601101400|1
PID|||24445670^^^HOPITAL^MRN~FR123456^^^DLNUM^DL|253763|MUNRO^Alice||19310710|M|||77 Rue de Varenne^^PARIS^75^75007^||(01)554437765|(06)098866543|FRENCH|S|C|10199925|1641202898334566
NK1|1|DUPONT^MARIE^|EPOUSE||||ERSONNE A PREVENIR||
PV1|1|H|CARDIO^CHAMBRE201^LIT1||||004777^MARTIN^SOPHIE^DR|||CARDIO|||||ADM|A0|
PV2|||^Chirurgie Programmée||||||||||||||||||||||||||||||||||||||20240712
OBX|1|NM|21612-7^POIDS CORPOREL||52|kg|||||F
OBX|2|NM|8302-2^TAILLE||163|cm|||||F
OBX|3|NM|8480-6^PRESSION ARTERIELLE SYSTOLIQUE||154|mm[Hg]|||||F
OBX|4|NM|8462-4^PRESSION ARTERIELLE DIASTOLIQUE||87|mm[Hg]|||||F
OBX|5|NM|2339-0^GLUCOSE SANGUIN||6.2|mmol/L|3.5-5.7|H|||F
AL1|1||^AMOXICILLINE||URTICAIRE|
AL1|2||^ASPIRINE||OEDEME DE QUINCKE|
AL1|3||^ARACHIDES||CHOC ANAPHYLACTIQUE|
DG1|1|CIM10|I21.0^Infarctus transmural aigu du myocarde, de la paroi antérieure|Infarctus du myocarde||A
DG1|2|CIM10|I10^Hypertension essentielle (primitive)|Hypertension artérielle||C
DG1|3|CIM10|E11.9^Diabète sucré de type 2 sans complication|Diabète de type 2||C
PR1|1|CCAM|DDQH001^Coronarographie|Coronarographie||20240710103015
GT1|1|8291|DUPONT^JEAN^MARC^JR^M||123 RUE PRINCIPALE^^PARIS^^75001^FRA|(01)23456789||19610615|M|P/F|SLF|1234567890123||||
IN1|1|SECURITE SOCIALE|1|CPAM|||||||||||||||||||||||||||||||||||||||||||
2025-07-25 17:48:51 - INFO - response received::

MSH|^~\&|IRISHL7|ISC|REGADT|MCM|202507251748||ACK^A01|000001|P|2.5.1|1
MSA|CA|000001



2025-07-25 17:48:51 - INFO - Port 2575 on 127.0.0.1 is open and accessible.
2025-07-25 17:48:51 - INFO - HL7 message generated::
MSH|^~\&|REGADT|MCM|IFENG||20250725174851||ADT^A01|000001|P|2.5.1|1||
EVN|A01|199601061000|199601101400|1
PID|||24445670^^^HOPITAL^MRN~FR123456^^^DLNUM^DL|253763|MUNRO^Alice||19310710|M|||77 Rue de Varenne^^PARIS^75^75007^||(01)554437765|(06)098866543|FRENCH|S|C|10199925|1641202898334566
NK1|1|DUPONT^MARIE^|EPOUSE||||ERSONNE A PREVENIR||
PV1|1|H|CARDIO^CHAMBRE201^LIT1||||004777^MARTIN^SOPHIE^DR|||CARDIO|||||ADM|A0|
PV2|||^Chirurgie Programmée||||||||||||||||||||||||||||||||||||||20240712
OBX|1|NM|21612-7^POIDS CORPOREL||52|kg|||||F
OBX|2|NM|8302-2^TAILLE||163|cm|||||F
OBX|3|NM|8480-6^PRESSION ARTERIELLE SYSTOLIQUE||154|mm[Hg]|||||F
OBX|4|NM|8462-4^PRESSION ARTERIELLE DIASTOLIQUE||87|mm[Hg]|||||F
OBX|5|NM|2339-0^GLUCOSE SANGUIN||6.2|mmol/L|3.5-5.7|H|||F
AL1|1||^AMOXICILLINE||URTICAIRE|
AL1|2||^ASPIRINE||OEDEME DE QUINCKE|
AL1|3||^ARACHIDES||CHOC ANAPHYLACTIQUE|
DG1|1|CIM10|I21.0^Infarctus transmural aigu du myocarde, de la paroi antérieure|Infarctus du myocarde||A
DG1|2|CIM10|I10^Hypertension essentielle (primitive)|Hypertension artérielle||C
DG1|3|CIM10|E11.9^Diabète sucré de type 2 sans complication|Diabète de type 2||C
PR1|1|CCAM|DDQH001^Coronarographie|Coronarographie||20240710103015
GT1|1|8291|DUPONT^JEAN^MARC^JR^M||123 RUE PRINCIPALE^^PARIS^^75001^FRA|(01)23456789||19610615|M|P/F|SLF|1234567890123||||
IN1|1|SECURITE SOCIALE|1|CPAM|||||||||||||||||||||||||||||||||||||||||||
2025-07-25 17:48:51 - INFO - response received::

MSH|^~\&|IRISHL7|ISC|REGADT|MCM|202507251748||ACK^A01|000001|P|2.5.1|1
MSA|CA|000001



2025-07-25 17:48:51 - INFO - Port 2575 on 127.0.0.1 is open and accessible.
2025-07-25 17:48:51 - INFO - HL7 message generated::
MSH|^~\&|REGADT|MCM|IFENG||20250725174851||ADT^A01|000001|P|2.5.1|1||
EVN|A01|199601061000|199601101400|1
PID|||24445670^^^HOPITAL^MRN~FR123456^^^DLNUM^DL|253763|MUNRO^Alice||19310710|M|||77 Rue de Varenne^^PARIS^75^75007^||(01)554437765|(06)098866543|FRENCH|S|C|10199925|1641202898334566
NK1|1|DUPONT^MARIE^|EPOUSE||||ERSONNE A PREVENIR||
PV1|1|H|CARDIO^CHAMBRE201^LIT1||||004777^MARTIN^SOPHIE^DR|||CARDIO|||||ADM|A0|
PV2|||^Chirurgie Programmée||||||||||||||||||||||||||||||||||||||20240712
OBX|1|NM|21612-7^POIDS CORPOREL||52|kg|||||F
OBX|2|NM|8302-2^TAILLE||163|cm|||||F
OBX|3|NM|8480-6^PRESSION ARTERIELLE SYSTOLIQUE||154|mm[Hg]|||||F
OBX|4|NM|8462-4^PRESSION ARTERIELLE DIASTOLIQUE||87|mm[Hg]|||||F
OBX|5|NM|2339-0^GLUCOSE SANGUIN||6.2|mmol/L|3.5-5.7|H|||F
AL1|1||^AMOXICILLINE||URTICAIRE|
AL1|2||^ASPIRINE||OEDEME DE QUINCKE|
AL1|3||^ARACHIDES||CHOC ANAPHYLACTIQUE|
DG1|1|CIM10|I21.0^Infarctus transmural aigu du myocarde, de la paroi antérieure|Infarctus du myocarde||A
DG1|2|CIM10|I10^Hypertension essentielle (primitive)|Hypertension artérielle||C
DG1|3|CIM10|E11.9^Diabète sucré de type 2 sans complication|Diabète de type 2||C
PR1|1|CCAM|DDQH001^Coronarographie|Coronarographie||20240710103015
GT1|1|8291|DUPONT^JEAN^MARC^JR^M||123 RUE PRINCIPALE^^PARIS^^75001^FRA|(01)23456789||19610615|M|P/F|SLF|1234567890123||||
IN1|1|SECURITE SOCIALE|1|CPAM|||||||||||||||||||||||||||||||||||||||||||
2025-07-25 17:48:51 - INFO - response received::

MSH|^~\&|IRISHL7|ISC|REGADT|MCM|202507251748||ACK^A01|000001|P|2.5.1|1
MSA|CA|000001



2025-07-25 17:48:51 - INFO - Port 2575 on 127.0.0.1 is open and accessible.
2025-07-25 17:48:51 - INFO - HL7 message generated::
MSH|^~\&|REGADT|MCM|IFENG||20250725174851||ADT^A01|000001|P|2.5.1|1||
EVN|A01|199601061000|199601101400|1
PID|||24445670^^^HOPITAL^MRN~FR123456^^^DLNUM^DL|253763|MUNRO^Alice||19310710|M|||77 Rue de Varenne^^PARIS^75^75007^||(01)554437765|(06)098866543|FRENCH|S|C|10199925|1641202898334566
NK1|1|DUPONT^MARIE^|EPOUSE||||ERSONNE A PREVENIR||
PV1|1|H|CARDIO^CHAMBRE201^LIT1||||004777^MARTIN^SOPHIE^DR|||CARDIO|||||ADM|A0|
PV2|||^Chirurgie Programmée||||||||||||||||||||||||||||||||||||||20240712
OBX|1|NM|21612-7^POIDS CORPOREL||52|kg|||||F
OBX|2|NM|8302-2^TAILLE||163|cm|||||F
OBX|3|NM|8480-6^PRESSION ARTERIELLE SYSTOLIQUE||154|mm[Hg]|||||F
OBX|4|NM|8462-4^PRESSION ARTERIELLE DIASTOLIQUE||87|mm[Hg]|||||F
OBX|5|NM|2339-0^GLUCOSE SANGUIN||6.2|mmol/L|3.5-5.7|H|||F
AL1|1||^AMOXICILLINE||URTICAIRE|
AL1|2||^ASPIRINE||OEDEME DE QUINCKE|
AL1|3||^ARACHIDES||CHOC ANAPHYLACTIQUE|
DG1|1|CIM10|I21.0^Infarctus transmural aigu du myocarde, de la paroi antérieure|Infarctus du myocarde||A
DG1|2|CIM10|I10^Hypertension essentielle (primitive)|Hypertension artérielle||C
DG1|3|CIM10|E11.9^Diabète sucré de type 2 sans complication|Diabète de type 2||C
PR1|1|CCAM|DDQH001^Coronarographie|Coronarographie||20240710103015
GT1|1|8291|DUPONT^JEAN^MARC^JR^M||123 RUE PRINCIPALE^^PARIS^^75001^FRA|(01)23456789||19610615|M|P/F|SLF|1234567890123||||
IN1|1|SECURITE SOCIALE|1|CPAM|||||||||||||||||||||||||||||||||||||||||||
2025-07-25 17:48:51 - INFO - response received::

MSH|^~\&|IRISHL7|ISC|REGADT|MCM|202507251748||ACK^A01|000001|P|2.5.1|1
MSA|CA|000001



2025-07-25 17:48:53 - INFO - El puerto 2575 en 127.0.0.1 está abierto y accesible.
2025-07-25 17:48:53 - INFO - Mensaje HL7 generado::
MSH|^~\&|REGADT|MCM|IFENG||20250725174853||ADT^A01|000001|P|2.5.1|1||
EVN|A01|199601061000|199601101400|1
PID|||24445670^^^HOPITAL^MRN~FR123456^^^DLNUM^DL|253763|MUNRO^Alice||19310710|M|||77 Rue de Varenne^^PARIS^75^75007^||(01)554437765|(06)098866543|FRENCH|S|C|10199925|1641202898334566
NK1|1|DUPONT^MARIE^|EPOUSE||||ERSONNE A PREVENIR||
PV1|1|H|CARDIO^CHAMBRE201^LIT1||||004777^MARTIN^SOPHIE^DR|||CARDIO|||||ADM|A0|
PV2|||^Chirurgie Programmée||||||||||||||||||||||||||||||||||||||20240712
OBX|1|NM|21612-7^POIDS CORPOREL||52|kg|||||F
OBX|2|NM|8302-2^TAILLE||163|cm|||||F
OBX|3|NM|8480-6^PRESSION ARTERIELLE SYSTOLIQUE||154|mm[Hg]|||||F
OBX|4|NM|8462-4^PRESSION ARTERIELLE DIASTOLIQUE||87|mm[Hg]|||||F
OBX|5|NM|2339-0^GLUCOSE SANGUIN||6.2|mmol/L|3.5-5.7|H|||F
AL1|1||^AMOXICILLINE||URTICAIRE|
AL1|2||^ASPIRINE||OEDEME DE QUINCKE|
AL1|3||^ARACHIDES||CHOC ANAPHYLACTIQUE|
DG1|1|CIM10|I21.0^Infarctus transmural aigu du myocarde, de la paroi antérieure|Infarctus du myocarde||A
DG1|2|CIM10|I10^Hypertension essentielle (primitive)|Hypertension artérielle||C
DG1|3|CIM10|E11.9^Diabète sucré de type 2 sans complication|Diabète de type 2||C
PR1|1|CCAM|DDQH001^Coronarographie|Coronarographie||20240710103015
GT1|1|8291|DUPONT^JEAN^MARC^JR^M||123 RUE PRINCIPALE^^PARIS^^75001^FRA|(01)23456789||19610615|M|P/F|SLF|1234567890123||||
IN1|1|SECURITE SOCIALE|1|CPAM|||||||||||||||||||||||||||||||||||||||||||
2025-07-25 17:48:53 - INFO - respuesta recibida::

MSH|^~\&|IRISHL7|ISC|REGADT|MCM|202507251748||ACK^A01|000001|P|2.5.1|1
MSA|CA|000001



2025-07-25 17:48:54 - INFO - El puerto 2575 en 127.0.0.1 está abierto y accesible.
2025-07-25 17:48:54 - INFO - Mensaje HL7 generado::
MSH|^~\&|REGADT|MCM|IFENG||20250725174854||ADT^A01|000001|P|2.5.1|1||
EVN|A01|199601061000|199601101400|1
PID|||24445670^^^HOPITAL^MRN~FR123456^^^DLNUM^DL|253763|MUNRO^Alice||19310710|M|||77 Rue de Varenne^^PARIS^75^75007^||(01)554437765|(06)098866543|FRENCH|S|C|10199925|1641202898334566
NK1|1|DUPONT^MARIE^|EPOUSE||||ERSONNE A PREVENIR||
PV1|1|H|CARDIO^CHAMBRE201^LIT1||||004777^MARTIN^SOPHIE^DR|||CARDIO|||||ADM|A0|
PV2|||^Chirurgie Programmée||||||||||||||||||||||||||||||||||||||20240712
OBX|1|NM|21612-7^POIDS CORPOREL||52|kg|||||F
OBX|2|NM|8302-2^TAILLE||163|cm|||||F
OBX|3|NM|8480-6^PRESSION ARTERIELLE SYSTOLIQUE||154|mm[Hg]|||||F
OBX|4|NM|8462-4^PRESSION ARTERIELLE DIASTOLIQUE||87|mm[Hg]|||||F
OBX|5|NM|2339-0^GLUCOSE SANGUIN||6.2|mmol/L|3.5-5.7|H|||F
AL1|1||^AMOXICILLINE||URTICAIRE|
AL1|2||^ASPIRINE||OEDEME DE QUINCKE|
AL1|3||^ARACHIDES||CHOC ANAPHYLACTIQUE|
DG1|1|CIM10|I21.0^Infarctus transmural aigu du myocarde, de la paroi antérieure|Infarctus du myocarde||A
DG1|2|CIM10|I10^Hypertension essentielle (primitive)|Hypertension artérielle||C
DG1|3|CIM10|E11.9^Diabète sucré de type 2 sans complication|Diabète de type 2||C
PR1|1|CCAM|DDQH001^Coronarographie|Coronarographie||20240710103015
GT1|1|8291|DUPONT^JEAN^MARC^JR^M||123 RUE PRINCIPALE^^PARIS^^75001^FRA|(01)23456789||19610615|M|P/F|SLF|1234567890123||||
IN1|1|SECURITE SOCIALE|1|CPAM|||||||||||||||||||||||||||||||||||||||||||
2025-07-25 17:48:54 - INFO - respuesta recibida::

MSH|^~\&|IRISHL7|ISC|REGADT|MCM|202507251748||ACK^A01|000001|P|2.5.1|1
MSA|CA|000001



2025-07-25 17:48:54 - INFO - El puerto 2575 en 127.0.0.1 está abierto y accesible.
2025-07-25 17:48:54 - INFO - Mensaje HL7 generado::
MSH|^~\&|REGADT|MCM|IFENG||20250725174854||ADT^A01|000001|P|2.5.1|1||
EVN|A01|199601061000|199601101400|1
PID|||24445670^^^HOPITAL^MRN~FR123456^^^DLNUM^DL|253763|MUNRO^Alice||19310710|M|||77 Rue de Varenne^^PARIS^75^75007^||(01)554437765|(06)098866543|FRENCH|S|C|10199925|1641202898334566
NK1|1|DUPONT^MARIE^|EPOUSE||||ERSONNE A PREVENIR||
PV1|1|H|CARDIO^CHAMBRE201^LIT1||||004777^MARTIN^SOPHIE^DR|||CARDIO|||||ADM|A0|
PV2|||^Chirurgie Programmée||||||||||||||||||||||||||||||||||||||20240712
OBX|1|NM|21612-7^POIDS CORPOREL||52|kg|||||F
OBX|2|NM|8302-2^TAILLE||163|cm|||||F
OBX|3|NM|8480-6^PRESSION ARTERIELLE SYSTOLIQUE||154|mm[Hg]|||||F
OBX|4|NM|8462-4^PRESSION ARTERIELLE DIASTOLIQUE||87|mm[Hg]|||||F
OBX|5|NM|2339-0^GLUCOSE SANGUIN||6.2|mmol/L|3.5-5.7|H|||F
AL1|1||^AMOXICILLINE||URTICAIRE|
AL1|2||^ASPIRINE||OEDEME DE QUINCKE|
AL1|3||^ARACHIDES||CHOC ANAPHYLACTIQUE|
DG1|1|CIM10|I21.0^Infarctus transmural aigu du myocarde, de la paroi antérieure|Infarctus du myocarde||A
DG1|2|CIM10|I10^Hypertension essentielle (primitive)|Hypertension artérielle||C
DG1|3|CIM10|E11.9^Diabète sucré de type 2 sans complication|Diabète de type 2||C
PR1|1|CCAM|DDQH001^Coronarographie|Coronarographie||20240710103015
GT1|1|8291|DUPONT^JEAN^MARC^JR^M||123 RUE PRINCIPALE^^PARIS^^75001^FRA|(01)23456789||19610615|M|P/F|SLF|1234567890123||||
IN1|1|SECURITE SOCIALE|1|CPAM|||||||||||||||||||||||||||||||||||||||||||
2025-07-25 17:48:54 - INFO - respuesta recibida::

MSH|^~\&|IRISHL7|ISC|REGADT|MCM|202507251748||ACK^A01|000001|P|2.5.1|1
MSA|CA|000001



2025-07-25 17:48:54 - INFO - El puerto 2575 en 127.0.0.1 está abierto y accesible.
2025-07-25 17:48:54 - INFO - Mensaje HL7 generado::
MSH|^~\&|REGADT|MCM|IFENG||20250725174854||ADT^A01|000001|P|2.5.1|1||
EVN|A01|199601061000|199601101400|1
PID|||24445670^^^HOPITAL^MRN~FR123456^^^DLNUM^DL|253763|MUNRO^Alice||19310710|M|||77 Rue de Varenne^^PARIS^75^75007^||(01)554437765|(06)098866543|FRENCH|S|C|10199925|1641202898334566
NK1|1|DUPONT^MARIE^|EPOUSE||||ERSONNE A PREVENIR||
PV1|1|H|CARDIO^CHAMBRE201^LIT1||||004777^MARTIN^SOPHIE^DR|||CARDIO|||||ADM|A0|
PV2|||^Chirurgie Programmée||||||||||||||||||||||||||||||||||||||20240712
OBX|1|NM|21612-7^POIDS CORPOREL||52|kg|||||F
OBX|2|NM|8302-2^TAILLE||163|cm|||||F
OBX|3|NM|8480-6^PRESSION ARTERIELLE SYSTOLIQUE||154|mm[Hg]|||||F
OBX|4|NM|8462-4^PRESSION ARTERIELLE DIASTOLIQUE||87|mm[Hg]|||||F
OBX|5|NM|2339-0^GLUCOSE SANGUIN||6.2|mmol/L|3.5-5.7|H|||F
AL1|1||^AMOXICILLINE||URTICAIRE|
AL1|2||^ASPIRINE||OEDEME DE QUINCKE|
AL1|3||^ARACHIDES||CHOC ANAPHYLACTIQUE|
DG1|1|CIM10|I21.0^Infarctus transmural aigu du myocarde, de la paroi antérieure|Infarctus du myocarde||A
DG1|2|CIM10|I10^Hypertension essentielle (primitive)|Hypertension artérielle||C
DG1|3|CIM10|E11.9^Diabète sucré de type 2 sans complication|Diabète de type 2||C
PR1|1|CCAM|DDQH001^Coronarographie|Coronarographie||20240710103015
GT1|1|8291|DUPONT^JEAN^MARC^JR^M||123 RUE PRINCIPALE^^PARIS^^75001^FRA|(01)23456789||19610615|M|P/F|SLF|1234567890123||||
IN1|1|SECURITE SOCIALE|1|CPAM|||||||||||||||||||||||||||||||||||||||||||
2025-07-25 17:48:54 - INFO - respuesta recibida::

MSH|^~\&|IRISHL7|ISC|REGADT|MCM|202507251748||ACK^A01|000001|P|2.5.1|1
MSA|CA|000001



2025-07-25 17:48:54 - INFO - El puerto 2575 en 127.0.0.1 está abierto y accesible.
2025-07-25 17:48:54 - INFO - Mensaje HL7 generado::
MSH|^~\&|REGADT|MCM|IFENG||20250725174854||ADT^A01|000001|P|2.5.1|1||
EVN|A01|199601061000|199601101400|1
PID|||24445670^^^HOPITAL^MRN~FR123456^^^DLNUM^DL|253763|MUNRO^Alice||19310710|M|||77 Rue de Varenne^^PARIS^75^75007^||(01)554437765|(06)098866543|FRENCH|S|C|10199925|1641202898334566
NK1|1|DUPONT^MARIE^|EPOUSE||||ERSONNE A PREVENIR||
PV1|1|H|CARDIO^CHAMBRE201^LIT1||||004777^MARTIN^SOPHIE^DR|||CARDIO|||||ADM|A0|
PV2|||^Chirurgie Programmée||||||||||||||||||||||||||||||||||||||20240712
OBX|1|NM|21612-7^POIDS CORPOREL||52|kg|||||F
OBX|2|NM|8302-2^TAILLE||163|cm|||||F
OBX|3|NM|8480-6^PRESSION ARTERIELLE SYSTOLIQUE||154|mm[Hg]|||||F
OBX|4|NM|8462-4^PRESSION ARTERIELLE DIASTOLIQUE||87|mm[Hg]|||||F
OBX|5|NM|2339-0^GLUCOSE SANGUIN||6.2|mmol/L|3.5-5.7|H|||F
AL1|1||^AMOXICILLINE||URTICAIRE|
AL1|2||^ASPIRINE||OEDEME DE QUINCKE|
AL1|3||^ARACHIDES||CHOC ANAPHYLACTIQUE|
DG1|1|CIM10|I21.0^Infarctus transmural aigu du myocarde, de la paroi antérieure|Infarctus du myocarde||A
DG1|2|CIM10|I10^Hypertension essentielle (primitive)|Hypertension artérielle||C
DG1|3|CIM10|E11.9^Diabète sucré de type 2 sans complication|Diabète de type 2||C
PR1|1|CCAM|DDQH001^Coronarographie|Coronarographie||20240710103015
GT1|1|8291|DUPONT^JEAN^MARC^JR^M||123 RUE PRINCIPALE^^PARIS^^75001^FRA|(01)23456789||19610615|M|P/F|SLF|1234567890123||||
IN1|1|SECURITE SOCIALE|1|CPAM|||||||||||||||||||||||||||||||||||||||||||
2025-07-25 17:48:54 - INFO - respuesta recibida::

MSH|^~\&|IRISHL7|ISC|REGADT|MCM|202507251748||ACK^A01|000001|P|2.5.1|1
MSA|CA|000001



2025-07-25 17:48:55 - INFO - El puerto 2575 en 127.0.0.1 está abierto y accesible.
2025-07-25 17:48:55 - INFO - Mensaje HL7 generado::
MSH|^~\&|REGADT|MCM|IFENG||20250725174855||ADT^A01|000001|P|2.5.1|1||
EVN|A01|199601061000|199601101400|1
PID|||24445670^^^HOPITAL^MRN~FR123456^^^DLNUM^DL|253763|MUNRO^Alice||19310710|M|||77 Rue de Varenne^^PARIS^75^75007^||(01)554437765|(06)098866543|FRENCH|S|C|10199925|1641202898334566
NK1|1|DUPONT^MARIE^|EPOUSE||||ERSONNE A PREVENIR||
PV1|1|H|CARDIO^CHAMBRE201^LIT1||||004777^MARTIN^SOPHIE^DR|||CARDIO|||||ADM|A0|
PV2|||^Chirurgie Programmée||||||||||||||||||||||||||||||||||||||20240712
OBX|1|NM|21612-7^POIDS CORPOREL||52|kg|||||F
OBX|2|NM|8302-2^TAILLE||163|cm|||||F
OBX|3|NM|8480-6^PRESSION ARTERIELLE SYSTOLIQUE||154|mm[Hg]|||||F
OBX|4|NM|8462-4^PRESSION ARTERIELLE DIASTOLIQUE||87|mm[Hg]|||||F
OBX|5|NM|2339-0^GLUCOSE SANGUIN||6.2|mmol/L|3.5-5.7|H|||F
AL1|1||^AMOXICILLINE||URTICAIRE|
AL1|2||^ASPIRINE||OEDEME DE QUINCKE|
AL1|3||^ARACHIDES||CHOC ANAPHYLACTIQUE|
DG1|1|CIM10|I21.0^Infarctus transmural aigu du myocarde, de la paroi antérieure|Infarctus du myocarde||A
DG1|2|CIM10|I10^Hypertension essentielle (primitive)|Hypertension artérielle||C
DG1|3|CIM10|E11.9^Diabète sucré de type 2 sans complication|Diabète de type 2||C
PR1|1|CCAM|DDQH001^Coronarographie|Coronarographie||20240710103015
GT1|1|8291|DUPONT^JEAN^MARC^JR^M||123 RUE PRINCIPALE^^PARIS^^75001^FRA|(01)23456789||19610615|M|P/F|SLF|1234567890123||||
IN1|1|SECURITE SOCIALE|1|CPAM|||||||||||||||||||||||||||||||||||||||||||
2025-07-25 17:48:55 - INFO - respuesta recibida::

MSH|^~\&|IRISHL7|ISC|REGADT|MCM|202507251748||ACK^A01|000001|P|2.5.1|1
MSA|CA|000001



2025-07-25 17:48:55 - INFO - El puerto 2575 en 127.0.0.1 está abierto y accesible.
2025-07-25 17:48:55 - INFO - Mensaje HL7 generado::
MSH|^~\&|REGADT|MCM|IFENG||20250725174855||ADT^A01|000001|P|2.5.1|1||
EVN|A01|199601061000|199601101400|1
PID|||24445670^^^HOPITAL^MRN~FR123456^^^DLNUM^DL|253763|MUNRO^Alice||19310710|M|||77 Rue de Varenne^^PARIS^75^75007^||(01)554437765|(06)098866543|FRENCH|S|C|10199925|1641202898334566
NK1|1|DUPONT^MARIE^|EPOUSE||||ERSONNE A PREVENIR||
PV1|1|H|CARDIO^CHAMBRE201^LIT1||||004777^MARTIN^SOPHIE^DR|||CARDIO|||||ADM|A0|
PV2|||^Chirurgie Programmée||||||||||||||||||||||||||||||||||||||20240712
OBX|1|NM|21612-7^POIDS CORPOREL||52|kg|||||F
OBX|2|NM|8302-2^TAILLE||163|cm|||||F
OBX|3|NM|8480-6^PRESSION ARTERIELLE SYSTOLIQUE||154|mm[Hg]|||||F
OBX|4|NM|8462-4^PRESSION ARTERIELLE DIASTOLIQUE||87|mm[Hg]|||||F
OBX|5|NM|2339-0^GLUCOSE SANGUIN||6.2|mmol/L|3.5-5.7|H|||F
AL1|1||^AMOXICILLINE||URTICAIRE|
AL1|2||^ASPIRINE||OEDEME DE QUINCKE|
AL1|3||^ARACHIDES||CHOC ANAPHYLACTIQUE|
DG1|1|CIM10|I21.0^Infarctus transmural aigu du myocarde, de la paroi antérieure|Infarctus du myocarde||A
DG1|2|CIM10|I10^Hypertension essentielle (primitive)|Hypertension artérielle||C
DG1|3|CIM10|E11.9^Diabète sucré de type 2 sans complication|Diabète de type 2||C
PR1|1|CCAM|DDQH001^Coronarographie|Coronarographie||20240710103015
GT1|1|8291|DUPONT^JEAN^MARC^JR^M||123 RUE PRINCIPALE^^PARIS^^75001^FRA|(01)23456789||19610615|M|P/F|SLF|1234567890123||||
IN1|1|SECURITE SOCIALE|1|CPAM|||||||||||||||||||||||||||||||||||||||||||
2025-07-25 17:48:55 - INFO - respuesta recibida::

MSH|^~\&|IRISHL7|ISC|REGADT|MCM|202507251748||ACK^A01|000001|P|2.5.1|1
MSA|CA|000001



2025-07-25 17:48:55 - INFO - El puerto 2575 en 127.0.0.1 está abierto y accesible.
2025-07-25 17:48:55 - INFO - Mensaje HL7 generado::
MSH|^~\&|REGADT|MCM|IFENG||20250725174855||ADT^A01|000001|P|2.5.1|1||
EVN|A01|199601061000|199601101400|1
PID|||24445670^^^HOPITAL^MRN~FR123456^^^DLNUM^DL|253763|MUNRO^Alice||19310710|M|||77 Rue de Varenne^^PARIS^75^75007^||(01)554437765|(06)098866543|FRENCH|S|C|10199925|1641202898334566
NK1|1|DUPONT^MARIE^|EPOUSE||||ERSONNE A PREVENIR||
PV1|1|H|CARDIO^CHAMBRE201^LIT1||||004777^MARTIN^SOPHIE^DR|||CARDIO|||||ADM|A0|
PV2|||^Chirurgie Programmée||||||||||||||||||||||||||||||||||||||20240712
OBX|1|NM|21612-7^POIDS CORPOREL||52|kg|||||F
OBX|2|NM|8302-2^TAILLE||163|cm|||||F
OBX|3|NM|8480-6^PRESSION ARTERIELLE SYSTOLIQUE||154|mm[Hg]|||||F
OBX|4|NM|8462-4^PRESSION ARTERIELLE DIASTOLIQUE||87|mm[Hg]|||||F
OBX|5|NM|2339-0^GLUCOSE SANGUIN||6.2|mmol/L|3.5-5.7|H|||F
AL1|1||^AMOXICILLINE||URTICAIRE|
AL1|2||^ASPIRINE||OEDEME DE QUINCKE|
AL1|3||^ARACHIDES||CHOC ANAPHYLACTIQUE|
DG1|1|CIM10|I21.0^Infarctus transmural aigu du myocarde, de la paroi antérieure|Infarctus du myocarde||A
DG1|2|CIM10|I10^Hypertension essentielle (primitive)|Hypertension artérielle||C
DG1|3|CIM10|E11.9^Diabète sucré de type 2 sans complication|Diabète de type 2||C
PR1|1|CCAM|DDQH001^Coronarographie|Coronarographie||20240710103015
GT1|1|8291|DUPONT^JEAN^MARC^JR^M||123 RUE PRINCIPALE^^PARIS^^75001^FRA|(01)23456789||19610615|M|P/F|SLF|1234567890123||||
IN1|1|SECURITE SOCIALE|1|CPAM|||||||||||||||||||||||||||||||||||||||||||
2025-07-25 17:48:55 - INFO - respuesta recibida::

MSH|^~\&|IRISHL7|ISC|REGADT|MCM|202507251748||ACK^A01|000001|P|2.5.1|1
MSA|CA|000001



2025-07-25 17:48:55 - INFO - El puerto 2575 en 127.0.0.1 está abierto y accesible.
2025-07-25 17:48:55 - INFO - Mensaje HL7 generado::
MSH|^~\&|REGADT|MCM|IFENG||20250725174855||ADT^A01|000001|P|2.5.1|1||
EVN|A01|199601061000|199601101400|1
PID|||24445670^^^HOPITAL^MRN~FR123456^^^DLNUM^DL|253763|MUNRO^Alice||19310710|M|||77 Rue de Varenne^^PARIS^75^75007^||(01)554437765|(06)098866543|FRENCH|S|C|10199925|1641202898334566
NK1|1|DUPONT^MARIE^|EPOUSE||||ERSONNE A PREVENIR||
PV1|1|H|CARDIO^CHAMBRE201^LIT1||||004777^MARTIN^SOPHIE^DR|||CARDIO|||||ADM|A0|
PV2|||^Chirurgie Programmée||||||||||||||||||||||||||||||||||||||20240712
OBX|1|NM|21612-7^POIDS CORPOREL||52|kg|||||F
OBX|2|NM|8302-2^TAILLE||163|cm|||||F
OBX|3|NM|8480-6^PRESSION ARTERIELLE SYSTOLIQUE||154|mm[Hg]|||||F
OBX|4|NM|8462-4^PRESSION ARTERIELLE DIASTOLIQUE||87|mm[Hg]|||||F
OBX|5|NM|2339-0^GLUCOSE SANGUIN||6.2|mmol/L|3.5-5.7|H|||F
AL1|1||^AMOXICILLINE||URTICAIRE|
AL1|2||^ASPIRINE||OEDEME DE QUINCKE|
AL1|3||^ARACHIDES||CHOC ANAPHYLACTIQUE|
DG1|1|CIM10|I21.0^Infarctus transmural aigu du myocarde, de la paroi antérieure|Infarctus du myocarde||A
DG1|2|CIM10|I10^Hypertension essentielle (primitive)|Hypertension artérielle||C
DG1|3|CIM10|E11.9^Diabète sucré de type 2 sans complication|Diabète de type 2||C
PR1|1|CCAM|DDQH001^Coronarographie|Coronarographie||20240710103015
GT1|1|8291|DUPONT^JEAN^MARC^JR^M||123 RUE PRINCIPALE^^PARIS^^75001^FRA|(01)23456789||19610615|M|P/F|SLF|1234567890123||||
IN1|1|SECURITE SOCIALE|1|CPAM|||||||||||||||||||||||||||||||||||||||||||
2025-07-25 17:48:55 - ERROR - Erreur lors de l'envoi HL7 : [Errno 54] Connection reset by peer
2025-07-25 17:48:56 - INFO - El puerto 2575 en 127.0.0.1 está abierto y accesible.
2025-07-25 17:48:56 - INFO - Mensaje HL7 generado::
MSH|^~\&|REGADT|MCM|IFENG||20250725174856||ADT^A01|000001|P|2.5.1|1||
EVN|A01|199601061000|199601101400|1
PID|||24445670^^^HOPITAL^MRN~FR123456^^^DLNUM^DL|253763|MUNRO^Alice||19310710|M|||77 Rue de Varenne^^PARIS^75^75007^||(01)554437765|(06)098866543|FRENCH|S|C|10199925|1641202898334566
NK1|1|DUPONT^MARIE^|EPOUSE||||ERSONNE A PREVENIR||
PV1|1|H|CARDIO^CHAMBRE201^LIT1||||004777^MARTIN^SOPHIE^DR|||CARDIO|||||ADM|A0|
PV2|||^Chirurgie Programmée||||||||||||||||||||||||||||||||||||||20240712
OBX|1|NM|21612-7^POIDS CORPOREL||52|kg|||||F
OBX|2|NM|8302-2^TAILLE||163|cm|||||F
OBX|3|NM|8480-6^PRESSION ARTERIELLE SYSTOLIQUE||154|mm[Hg]|||||F
OBX|4|NM|8462-4^PRESSION ARTERIELLE DIASTOLIQUE||87|mm[Hg]|||||F
OBX|5|NM|2339-0^GLUCOSE SANGUIN||6.2|mmol/L|3.5-5.7|H|||F
AL1|1||^AMOXICILLINE||URTICAIRE|
AL1|2||^ASPIRINE||OEDEME DE QUINCKE|
AL1|3||^ARACHIDES||CHOC ANAPHYLACTIQUE|
DG1|1|CIM10|I21.0^Infarctus transmural aigu du myocarde, de la paroi antérieure|Infarctus du myocarde||A
DG1|2|CIM10|I10^Hypertension essentielle (primitive)|Hypertension artérielle||C
DG1|3|CIM10|E11.9^Diabète sucré de type 2 sans complication|Diabète de type 2||C
PR1|1|CCAM|DDQH001^Coronarographie|Coronarographie||20240710103015
GT1|1|8291|DUPONT^JEAN^MARC^JR^M||123 RUE PRINCIPALE^^PARIS^^75001^FRA|(01)23456789||19610615|M|P/F|SLF|1234567890123||||
IN1|1|SECURITE SOCIALE|1|CPAM|||||||||||||||||||||||||||||||||||||||||||
2025-07-25 17:48:56 - INFO - respuesta recibida::

MSH|^~\&|IRISHL7|ISC|REGADT|MCM|202507251748||ACK^A01|000001|P|2.5.1|1
MSA|CA|000001



2025-07-25 17:48:57 - INFO - El puerto 2575 en 127.0.0.1 está abierto y accesible.
2025-07-25 17:48:57 - INFO - Mensaje HL7 generado::
MSH|^~\&|REGADT|MCM|IFENG||20250725174857||ADT^A01|000001|P|2.5.1|1||
EVN|A01|199601061000|199601101400|1
PID|||24445670^^^HOPITAL^MRN~FR123456^^^DLNUM^DL|253763|MUNRO^Alice||19310710|M|||77 Rue de Varenne^^PARIS^75^75007^||(01)554437765|(06)098866543|FRENCH|S|C|10199925|1641202898334566
NK1|1|DUPONT^MARIE^|EPOUSE||||ERSONNE A PREVENIR||
PV1|1|H|CARDIO^CHAMBRE201^LIT1||||004777^MARTIN^SOPHIE^DR|||CARDIO|||||ADM|A0|
PV2|||^Chirurgie Programmée||||||||||||||||||||||||||||||||||||||20240712
OBX|1|NM|21612-7^POIDS CORPOREL||52|kg|||||F
OBX|2|NM|8302-2^TAILLE||163|cm|||||F
OBX|3|NM|8480-6^PRESSION ARTERIELLE SYSTOLIQUE||154|mm[Hg]|||||F
OBX|4|NM|8462-4^PRESSION ARTERIELLE DIASTOLIQUE||87|mm[Hg]|||||F
OBX|5|NM|2339-0^GLUCOSE SANGUIN||6.2|mmol/L|3.5-5.7|H|||F
AL1|1||^AMOXICILLINE||URTICAIRE|
AL1|2||^ASPIRINE||OEDEME DE QUINCKE|
AL1|3||^ARACHIDES||CHOC ANAPHYLACTIQUE|
DG1|1|CIM10|I21.0^Infarctus transmural aigu du myocarde, de la paroi antérieure|Infarctus du myocarde||A
DG1|2|CIM10|I10^Hypertension essentielle (primitive)|Hypertension artérielle||C
DG1|3|CIM10|E11.9^Diabète sucré de type 2 sans complication|Diabète de type 2||C
PR1|1|CCAM|DDQH001^Coronarographie|Coronarographie||20240710103015
GT1|1|8291|DUPONT^JEAN^MARC^JR^M||123 RUE PRINCIPALE^^PARIS^^75001^FRA|(01)23456789||19610615|M|P/F|SLF|1234567890123||||
IN1|1|SECURITE SOCIALE|1|CPAM|||||||||||||||||||||||||||||||||||||||||||
2025-07-25 17:48:57 - INFO - respuesta recibida::

MSH|^~\&|IRISHL7|ISC|REGADT|MCM|202507251748||ACK^A01|000001|P|2.5.1|1
MSA|CA|000001



2025-07-25 17:48:58 - INFO - El puerto 2575 en 127.0.0.1 está abierto y accesible.
2025-07-25 17:48:58 - INFO - Mensaje HL7 generado::
MSH|^~\&|REGADT|MCM|IFENG||20250725174858||ADT^A01|000001|P|2.5.1|1||
EVN|A01|199601061000|199601101400|1
PID|||24445670^^^HOPITAL^MRN~FR123456^^^DLNUM^DL|253763|MUNRO^Alice||19310710|M|||77 Rue de Varenne^^PARIS^75^75007^||(01)554437765|(06)098866543|FRENCH|S|C|10199925|1641202898334566
NK1|1|DUPONT^MARIE^|EPOUSE||||ERSONNE A PREVENIR||
PV1|1|H|CARDIO^CHAMBRE201^LIT1||||004777^MARTIN^SOPHIE^DR|||CARDIO|||||ADM|A0|
PV2|||^Chirurgie Programmée||||||||||||||||||||||||||||||||||||||20240712
OBX|1|NM|21612-7^POIDS CORPOREL||52|kg|||||F
OBX|2|NM|8302-2^TAILLE||163|cm|||||F
OBX|3|NM|8480-6^PRESSION ARTERIELLE SYSTOLIQUE||154|mm[Hg]|||||F
OBX|4|NM|8462-4^PRESSION ARTERIELLE DIASTOLIQUE||87|mm[Hg]|||||F
OBX|5|NM|2339-0^GLUCOSE SANGUIN||6.2|mmol/L|3.5-5.7|H|||F
AL1|1||^AMOXICILLINE||URTICAIRE|
AL1|2||^ASPIRINE||OEDEME DE QUINCKE|
AL1|3||^ARACHIDES||CHOC ANAPHYLACTIQUE|
DG1|1|CIM10|I21.0^Infarctus transmural aigu du myocarde, de la paroi antérieure|Infarctus du myocarde||A
DG1|2|CIM10|I10^Hypertension essentielle (primitive)|Hypertension artérielle||C
DG1|3|CIM10|E11.9^Diabète sucré de type 2 sans complication|Diabète de type 2||C
PR1|1|CCAM|DDQH001^Coronarographie|Coronarographie||20240710103015
GT1|1|8291|DUPONT^JEAN^MARC^JR^M||123 RUE PRINCIPALE^^PARIS^^75001^FRA|(01)23456789||19610615|M|P/F|SLF|1234567890123||||
IN1|1|SECURITE SOCIALE|1|CPAM|||||||||||||||||||||||||||||||||||||||||||
2025-07-25 17:48:58 - INFO - respuesta recibida::

MSH|^~\&|IRISHL7|ISC|REGADT|MCM|202507251748||ACK^A01|000001|P|2.5.1|1
MSA|CA|000001



2025-07-25 17:48:59 - INFO - El puerto 2575 en 127.0.0.1 está abierto y accesible.
2025-07-25 17:48:59 - INFO - Mensaje HL7 generado::
MSH|^~\&|REGADT|MCM|IFENG||20250725174859||ADT^A01|000001|P|2.5.1|1||
EVN|A01|199601061000|199601101400|1
PID|||24445670^^^HOPITAL^MRN~FR123456^^^DLNUM^DL|253763|MUNRO^Alice||19310710|M|||77 Rue de Varenne^^PARIS^75^75007^||(01)554437765|(06)098866543|FRENCH|S|C|10199925|1641202898334566
NK1|1|DUPONT^MARIE^|EPOUSE||||ERSONNE A PREVENIR||
PV1|1|H|CARDIO^CHAMBRE201^LIT1||||004777^MARTIN^SOPHIE^DR|||CARDIO|||||ADM|A0|
PV2|||^Chirurgie Programmée||||||||||||||||||||||||||||||||||||||20240712
OBX|1|NM|21612-7^POIDS CORPOREL||52|kg|||||F
OBX|2|NM|8302-2^TAILLE||163|cm|||||F
OBX|3|NM|8480-6^PRESSION ARTERIELLE SYSTOLIQUE||154|mm[Hg]|||||F
OBX|4|NM|8462-4^PRESSION ARTERIELLE DIASTOLIQUE||87|mm[Hg]|||||F
OBX|5|NM|2339-0^GLUCOSE SANGUIN||6.2|mmol/L|3.5-5.7|H|||F
AL1|1||^AMOXICILLINE||URTICAIRE|
AL1|2||^ASPIRINE||OEDEME DE QUINCKE|
AL1|3||^ARACHIDES||CHOC ANAPHYLACTIQUE|
DG1|1|CIM10|I21.0^Infarctus transmural aigu du myocarde, de la paroi antérieure|Infarctus du myocarde||A
DG1|2|CIM10|I10^Hypertension essentielle (primitive)|Hypertension artérielle||C
DG1|3|CIM10|E11.9^Diabète sucré de type 2 sans complication|Diabète de type 2||C
PR1|1|CCAM|DDQH001^Coronarographie|Coronarographie||20240710103015
GT1|1|8291|DUPONT^JEAN^MARC^JR^M||123 RUE PRINCIPALE^^PARIS^^75001^FRA|(01)23456789||19610615|M|P/F|SLF|1234567890123||||
IN1|1|SECURITE SOCIALE|1|CPAM|||||||||||||||||||||||||||||||||||||||||||
2025-07-25 17:48:59 - INFO - respuesta recibida::

MSH|^~\&|IRISHL7|ISC|REGADT|MCM|202507251748||ACK^A01|000001|P|2.5.1|1
MSA|CA|000001



2025-07-25 17:48:59 - INFO - El puerto 2575 en 127.0.0.1 está abierto y accesible.
2025-07-25 17:48:59 - INFO - Mensaje HL7 generado::
MSH|^~\&|REGADT|MCM|IFENG||20250725174859||ADT^A01|000001|P|2.5.1|1||
EVN|A01|199601061000|199601101400|1
PID|||24445670^^^HOPITAL^MRN~FR123456^^^DLNUM^DL|253763|MUNRO^Alice||19310710|M|||77 Rue de Varenne^^PARIS^75^75007^||(01)554437765|(06)098866543|FRENCH|S|C|10199925|1641202898334566
NK1|1|DUPONT^MARIE^|EPOUSE||||ERSONNE A PREVENIR||
PV1|1|H|CARDIO^CHAMBRE201^LIT1||||004777^MARTIN^SOPHIE^DR|||CARDIO|||||ADM|A0|
PV2|||^Chirurgie Programmée||||||||||||||||||||||||||||||||||||||20240712
OBX|1|NM|21612-7^POIDS CORPOREL||52|kg|||||F
OBX|2|NM|8302-2^TAILLE||163|cm|||||F
OBX|3|NM|8480-6^PRESSION ARTERIELLE SYSTOLIQUE||154|mm[Hg]|||||F
OBX|4|NM|8462-4^PRESSION ARTERIELLE DIASTOLIQUE||87|mm[Hg]|||||F
OBX|5|NM|2339-0^GLUCOSE SANGUIN||6.2|mmol/L|3.5-5.7|H|||F
AL1|1||^AMOXICILLINE||URTICAIRE|
AL1|2||^ASPIRINE||OEDEME DE QUINCKE|
AL1|3||^ARACHIDES||CHOC ANAPHYLACTIQUE|
DG1|1|CIM10|I21.0^Infarctus transmural aigu du myocarde, de la paroi antérieure|Infarctus du myocarde||A
DG1|2|CIM10|I10^Hypertension essentielle (primitive)|Hypertension artérielle||C
DG1|3|CIM10|E11.9^Diabète sucré de type 2 sans complication|Diabète de type 2||C
PR1|1|CCAM|DDQH001^Coronarographie|Coronarographie||20240710103015
GT1|1|8291|DUPONT^JEAN^MARC^JR^M||123 RUE PRINCIPALE^^PARIS^^75001^FRA|(01)23456789||19610615|M|P/F|SLF|1234567890123||||
IN1|1|SECURITE SOCIALE|1|CPAM|||||||||||||||||||||||||||||||||||||||||||
2025-07-25 17:48:59 - INFO - respuesta recibida::

MSH|^~\&|IRISHL7|ISC|REGADT|MCM|202507251748||ACK^A01|000001|P|2.5.1|1
MSA|CA|000001



2025-07-25 17:49:00 - INFO - El puerto 2575 en 127.0.0.1 está abierto y accesible.
2025-07-25 17:49:00 - INFO - Mensaje HL7 generado::
MSH|^~\&|REGADT|MCM|IFENG||20250725174900||ADT^A01|000001|P|2.5.1|1||
EVN|A01|199601061000|199601101400|1
PID|||24445670^^^HOPITAL^MRN~FR123456^^^DLNUM^DL|253763|MUNRO^Alice||19310710|M|||77 Rue de Varenne^^PARIS^75^75007^||(01)554437765|(06)098866543|FRENCH|S|C|10199925|1641202898334566
NK1|1|DUPONT^MARIE^|EPOUSE||||ERSONNE A PREVENIR||
PV1|1|H|CARDIO^CHAMBRE201^LIT1||||004777^MARTIN^SOPHIE^DR|||CARDIO|||||ADM|A0|
PV2|||^Chirurgie Programmée||||||||||||||||||||||||||||||||||||||20240712
OBX|1|NM|21612-7^POIDS CORPOREL||52|kg|||||F
OBX|2|NM|8302-2^TAILLE||163|cm|||||F
OBX|3|NM|8480-6^PRESSION ARTERIELLE SYSTOLIQUE||154|mm[Hg]|||||F
OBX|4|NM|8462-4^PRESSION ARTERIELLE DIASTOLIQUE||87|mm[Hg]|||||F
OBX|5|NM|2339-0^GLUCOSE SANGUIN||6.2|mmol/L|3.5-5.7|H|||F
AL1|1||^AMOXICILLINE||URTICAIRE|
AL1|2||^ASPIRINE||OEDEME DE QUINCKE|
AL1|3||^ARACHIDES||CHOC ANAPHYLACTIQUE|
DG1|1|CIM10|I21.0^Infarctus transmural aigu du myocarde, de la paroi antérieure|Infarctus du myocarde||A
DG1|2|CIM10|I10^Hypertension essentielle (primitive)|Hypertension artérielle||C
DG1|3|CIM10|E11.9^Diabète sucré de type 2 sans complication|Diabète de type 2||C
PR1|1|CCAM|DDQH001^Coronarographie|Coronarographie||20240710103015
GT1|1|8291|DUPONT^JEAN^MARC^JR^M||123 RUE PRINCIPALE^^PARIS^^75001^FRA|(01)23456789||19610615|M|P/F|SLF|1234567890123||||
IN1|1|SECURITE SOCIALE|1|CPAM|||||||||||||||||||||||||||||||||||||||||||
2025-07-25 17:49:00 - INFO - respuesta recibida::

MSH|^~\&|IRISHL7|ISC|REGADT|MCM|202507251749||ACK^A01|000001|P|2.5.1|1
MSA|CA|000001



2025-07-25 17:49:00 - INFO - El puerto 2575 en 127.0.0.1 está abierto y accesible.
2025-07-25 17:49:00 - INFO - Mensaje HL7 generado::
MSH|^~\&|REGADT|MCM|IFENG||20250725174900||ADT^A01|000001|P|2.5.1|1||
EVN|A01|199601061000|199601101400|1
PID|||24445670^^^HOPITAL^MRN~FR123456^^^DLNUM^DL|253763|MUNRO^Alice||19310710|M|||77 Rue de Varenne^^PARIS^75^75007^||(01)554437765|(06)098866543|FRENCH|S|C|10199925|1641202898334566
NK1|1|DUPONT^MARIE^|EPOUSE||||ERSONNE A PREVENIR||
PV1|1|H|CARDIO^CHAMBRE201^LIT1||||004777^MARTIN^SOPHIE^DR|||CARDIO|||||ADM|A0|
PV2|||^Chirurgie Programmée||||||||||||||||||||||||||||||||||||||20240712
OBX|1|NM|21612-7^POIDS CORPOREL||52|kg|||||F
OBX|2|NM|8302-2^TAILLE||163|cm|||||F
OBX|3|NM|8480-6^PRESSION ARTERIELLE SYSTOLIQUE||154|mm[Hg]|||||F
OBX|4|NM|8462-4^PRESSION ARTERIELLE DIASTOLIQUE||87|mm[Hg]|||||F
OBX|5|NM|2339-0^GLUCOSE SANGUIN||6.2|mmol/L|3.5-5.7|H|||F
AL1|1||^AMOXICILLINE||URTICAIRE|
AL1|2||^ASPIRINE||OEDEME DE QUINCKE|
AL1|3||^ARACHIDES||CHOC ANAPHYLACTIQUE|
DG1|1|CIM10|I21.0^Infarctus transmural aigu du myocarde, de la paroi antérieure|Infarctus du myocarde||A
DG1|2|CIM10|I10^Hypertension essentielle (primitive)|Hypertension artérielle||C
DG1|3|CIM10|E11.9^Diabète sucré de type 2 sans complication|Diabète de type 2||C
PR1|1|CCAM|DDQH001^Coronarographie|Coronarographie||20240710103015
GT1|1|8291|DUPONT^JEAN^MARC^JR^M||123 RUE PRINCIPALE^^PARIS^^75001^FRA|(01)23456789||19610615|M|P/F|SLF|1234567890123||||
IN1|1|SECURITE SOCIALE|1|CPAM|||||||||||||||||||||||||||||||||||||||||||
2025-07-25 17:49:00 - INFO - respuesta recibida::

MSH|^~\&|IRISHL7|ISC|REGADT|MCM|202507251749||ACK^A01|000001|P|2.5.1|1
MSA|CA|000001



2025-07-25 17:49:00 - INFO - El puerto 2575 en 127.0.0.1 está abierto y accesible.
2025-07-25 17:49:00 - INFO - Mensaje HL7 generado::
MSH|^~\&|REGADT|MCM|IFENG||20250725174900||ADT^A01|000001|P|2.5.1|1||
EVN|A01|199601061000|199601101400|1
PID|||24445670^^^HOPITAL^MRN~FR123456^^^DLNUM^DL|253763|MUNRO^Alice||19310710|M|||77 Rue de Varenne^^PARIS^75^75007^||(01)554437765|(06)098866543|FRENCH|S|C|10199925|1641202898334566
NK1|1|DUPONT^MARIE^|EPOUSE||||ERSONNE A PREVENIR||
PV1|1|H|CARDIO^CHAMBRE201^LIT1||||004777^MARTIN^SOPHIE^DR|||CARDIO|||||ADM|A0|
PV2|||^Chirurgie Programmée||||||||||||||||||||||||||||||||||||||20240712
OBX|1|NM|21612-7^POIDS CORPOREL||52|kg|||||F
OBX|2|NM|8302-2^TAILLE||163|cm|||||F
OBX|3|NM|8480-6^PRESSION ARTERIELLE SYSTOLIQUE||154|mm[Hg]|||||F
OBX|4|NM|8462-4^PRESSION ARTERIELLE DIASTOLIQUE||87|mm[Hg]|||||F
OBX|5|NM|2339-0^GLUCOSE SANGUIN||6.2|mmol/L|3.5-5.7|H|||F
AL1|1||^AMOXICILLINE||URTICAIRE|
AL1|2||^ASPIRINE||OEDEME DE QUINCKE|
AL1|3||^ARACHIDES||CHOC ANAPHYLACTIQUE|
DG1|1|CIM10|I21.0^Infarctus transmural aigu du myocarde, de la paroi antérieure|Infarctus du myocarde||A
DG1|2|CIM10|I10^Hypertension essentielle (primitive)|Hypertension artérielle||C
DG1|3|CIM10|E11.9^Diabète sucré de type 2 sans complication|Diabète de type 2||C
PR1|1|CCAM|DDQH001^Coronarographie|Coronarographie||20240710103015
GT1|1|8291|DUPONT^JEAN^MARC^JR^M||123 RUE PRINCIPALE^^PARIS^^75001^FRA|(01)23456789||19610615|M|P/F|SLF|1234567890123||||
IN1|1|SECURITE SOCIALE|1|CPAM|||||||||||||||||||||||||||||||||||||||||||
2025-07-25 17:49:00 - INFO - respuesta recibida::

MSH|^~\&|IRISHL7|ISC|REGADT|MCM|202507251749||ACK^A01|000001|P|2.5.1|1
MSA|CA|000001



2025-07-25 17:49:00 - INFO - El puerto 2575 en 127.0.0.1 está abierto y accesible.
2025-07-25 17:49:00 - INFO - Mensaje HL7 generado::
MSH|^~\&|REGADT|MCM|IFENG||20250725174900||ADT^A01|000001|P|2.5.1|1||
EVN|A01|199601061000|199601101400|1
PID|||24445670^^^HOPITAL^MRN~FR123456^^^DLNUM^DL|253763|MUNRO^Alice||19310710|M|||77 Rue de Varenne^^PARIS^75^75007^||(01)554437765|(06)098866543|FRENCH|S|C|10199925|1641202898334566
NK1|1|DUPONT^MARIE^|EPOUSE||||ERSONNE A PREVENIR||
PV1|1|H|CARDIO^CHAMBRE201^LIT1||||004777^MARTIN^SOPHIE^DR|||CARDIO|||||ADM|A0|
PV2|||^Chirurgie Programmée||||||||||||||||||||||||||||||||||||||20240712
OBX|1|NM|21612-7^POIDS CORPOREL||52|kg|||||F
OBX|2|NM|8302-2^TAILLE||163|cm|||||F
OBX|3|NM|8480-6^PRESSION ARTERIELLE SYSTOLIQUE||154|mm[Hg]|||||F
OBX|4|NM|8462-4^PRESSION ARTERIELLE DIASTOLIQUE||87|mm[Hg]|||||F
OBX|5|NM|2339-0^GLUCOSE SANGUIN||6.2|mmol/L|3.5-5.7|H|||F
AL1|1||^AMOXICILLINE||URTICAIRE|
AL1|2||^ASPIRINE||OEDEME DE QUINCKE|
AL1|3||^ARACHIDES||CHOC ANAPHYLACTIQUE|
DG1|1|CIM10|I21.0^Infarctus transmural aigu du myocarde, de la paroi antérieure|Infarctus du myocarde||A
DG1|2|CIM10|I10^Hypertension essentielle (primitive)|Hypertension artérielle||C
DG1|3|CIM10|E11.9^Diabète sucré de type 2 sans complication|Diabète de type 2||C
PR1|1|CCAM|DDQH001^Coronarographie|Coronarographie||20240710103015
GT1|1|8291|DUPONT^JEAN^MARC^JR^M||123 RUE PRINCIPALE^^PARIS^^75001^FRA|(01)23456789||19610615|M|P/F|SLF|1234567890123||||
IN1|1|SECURITE SOCIALE|1|CPAM|||||||||||||||||||||||||||||||||||||||||||
2025-07-25 17:49:01 - INFO - respuesta recibida::

MSH|^~\&|IRISHL7|ISC|REGADT|MCM|202507251749||ACK^A01|000001|P|2.5.1|1
MSA|CA|000001



2025-07-25 17:49:02 - INFO - Le port 2575 sur 127.0.0.1 est ouvert et accessible.
2025-07-25 17:49:02 - INFO - Message HL7 généré::
MSH|^~\&|REGADT|MCM|IFENG||20250725174902||ADT^A01|000001|P|2.5.1|1||
EVN|A01|199601061000|199601101400|1
PID|||24445670^^^HOPITAL^MRN~FR123456^^^DLNUM^DL|253763|MUNRO^Alice||19310710|M|||77 Rue de Varenne^^PARIS^75^75007^||(01)554437765|(06)098866543|FRENCH|S|C|10199925|1641202898334566
NK1|1|DUPONT^MARIE^|EPOUSE||||ERSONNE A PREVENIR||
PV1|1|H|CARDIO^CHAMBRE201^LIT1||||004777^MARTIN^SOPHIE^DR|||CARDIO|||||ADM|A0|
PV2|||^Chirurgie Programmée||||||||||||||||||||||||||||||||||||||20240712
OBX|1|NM|21612-7^POIDS CORPOREL||52|kg|||||F
OBX|2|NM|8302-2^TAILLE||163|cm|||||F
OBX|3|NM|8480-6^PRESSION ARTERIELLE SYSTOLIQUE||154|mm[Hg]|||||F
OBX|4|NM|8462-4^PRESSION ARTERIELLE DIASTOLIQUE||87|mm[Hg]|||||F
OBX|5|NM|2339-0^GLUCOSE SANGUIN||6.2|mmol/L|3.5-5.7|H|||F
AL1|1||^AMOXICILLINE||URTICAIRE|
AL1|2||^ASPIRINE||OEDEME DE QUINCKE|
AL1|3||^ARACHIDES||CHOC ANAPHYLACTIQUE|
DG1|1|CIM10|I21.0^Infarctus transmural aigu du myocarde, de la paroi antérieure|Infarctus du myocarde||A
DG1|2|CIM10|I10^Hypertension essentielle (primitive)|Hypertension artérielle||C
DG1|3|CIM10|E11.9^Diabète sucré de type 2 sans complication|Diabète de type 2||C
PR1|1|CCAM|DDQH001^Coronarographie|Coronarographie||20240710103015
GT1|1|8291|DUPONT^JEAN^MARC^JR^M||123 RUE PRINCIPALE^^PARIS^^75001^FRA|(01)23456789||19610615|M|P/F|SLF|1234567890123||||
IN1|1|SECURITE SOCIALE|1|CPAM|||||||||||||||||||||||||||||||||||||||||||
2025-07-25 17:49:03 - INFO - réponse reçue::

MSH|^~\&|IRISHL7|ISC|REGADT|MCM|202507251749||ACK^A01|000001|P|2.5.1|1
MSA|CA|000001



2025-07-25 17:49:03 - INFO - Le port 2575 sur 127.0.0.1 est ouvert et accessible.
2025-07-25 17:49:03 - INFO - Message HL7 généré::
MSH|^~\&|REGADT|MCM|IFENG||20250725174903||ADT^A01|000001|P|2.5.1|1||
EVN|A01|199601061000|199601101400|1
PID|||24445670^^^HOPITAL^MRN~FR123456^^^DLNUM^DL|253763|MUNRO^Alice||19310710|M|||77 Rue de Varenne^^PARIS^75^75007^||(01)554437765|(06)098866543|FRENCH|S|C|10199925|1641202898334566
NK1|1|DUPONT^MARIE^|EPOUSE||||ERSONNE A PREVENIR||
PV1|1|H|CARDIO^CHAMBRE201^LIT1||||004777^MARTIN^SOPHIE^DR|||CARDIO|||||ADM|A0|
PV2|||^Chirurgie Programmée||||||||||||||||||||||||||||||||||||||20240712
OBX|1|NM|21612-7^POIDS CORPOREL||52|kg|||||F
OBX|2|NM|8302-2^TAILLE||163|cm|||||F
OBX|3|NM|8480-6^PRESSION ARTERIELLE SYSTOLIQUE||154|mm[Hg]|||||F
OBX|4|NM|8462-4^PRESSION ARTERIELLE DIASTOLIQUE||87|mm[Hg]|||||F
OBX|5|NM|2339-0^GLUCOSE SANGUIN||6.2|mmol/L|3.5-5.7|H|||F
AL1|1||^AMOXICILLINE||URTICAIRE|
AL1|2||^ASPIRINE||OEDEME DE QUINCKE|
AL1|3||^ARACHIDES||CHOC ANAPHYLACTIQUE|
DG1|1|CIM10|I21.0^Infarctus transmural aigu du myocarde, de la paroi antérieure|Infarctus du myocarde||A
DG1|2|CIM10|I10^Hypertension essentielle (primitive)|Hypertension artérielle||C
DG1|3|CIM10|E11.9^Diabète sucré de type 2 sans complication|Diabète de type 2||C
PR1|1|CCAM|DDQH001^Coronarographie|Coronarographie||20240710103015
GT1|1|8291|DUPONT^JEAN^MARC^JR^M||123 RUE PRINCIPALE^^PARIS^^75001^FRA|(01)23456789||19610615|M|P/F|SLF|1234567890123||||
IN1|1|SECURITE SOCIALE|1|CPAM|||||||||||||||||||||||||||||||||||||||||||
2025-07-25 17:49:03 - INFO - réponse reçue::

MSH|^~\&|IRISHL7|ISC|REGADT|MCM|202507251749||ACK^A01|000001|P|2.5.1|1
MSA|CA|000001



2025-07-25 17:49:04 - INFO - Le port 2575 sur 127.0.0.1 est ouvert et accessible.
2025-07-25 17:49:04 - INFO - Message HL7 généré::
MSH|^~\&|REGADT|MCM|IFENG||20250725174904||ADT^A01|000001|P|2.5.1|1||
EVN|A01|199601061000|199601101400|1
PID|||24445670^^^HOPITAL^MRN~FR123456^^^DLNUM^DL|253763|MUNRO^Alice||19310710|M|||77 Rue de Varenne^^PARIS^75^75007^||(01)554437765|(06)098866543|FRENCH|S|C|10199925|1641202898334566
NK1|1|DUPONT^MARIE^|EPOUSE||||ERSONNE A PREVENIR||
PV1|1|H|CARDIO^CHAMBRE201^LIT1||||004777^MARTIN^SOPHIE^DR|||CARDIO|||||ADM|A0|
PV2|||^Chirurgie Programmée||||||||||||||||||||||||||||||||||||||20240712
OBX|1|NM|21612-7^POIDS CORPOREL||52|kg|||||F
OBX|2|NM|8302-2^TAILLE||163|cm|||||F
OBX|3|NM|8480-6^PRESSION ARTERIELLE SYSTOLIQUE||154|mm[Hg]|||||F
OBX|4|NM|8462-4^PRESSION ARTERIELLE DIASTOLIQUE||87|mm[Hg]|||||F
OBX|5|NM|2339-0^GLUCOSE SANGUIN||6.2|mmol/L|3.5-5.7|H|||F
AL1|1||^AMOXICILLINE||URTICAIRE|
AL1|2||^ASPIRINE||OEDEME DE QUINCKE|
AL1|3||^ARACHIDES||CHOC ANAPHYLACTIQUE|
DG1|1|CIM10|I21.0^Infarctus transmural aigu du myocarde, de la paroi antérieure|Infarctus du myocarde||A
DG1|2|CIM10|I10^Hypertension essentielle (primitive)|Hypertension artérielle||C
DG1|3|CIM10|E11.9^Diabète sucré de type 2 sans complication|Diabète de type 2||C
PR1|1|CCAM|DDQH001^Coronarographie|Coronarographie||20240710103015
GT1|1|8291|DUPONT^JEAN^MARC^JR^M||123 RUE PRINCIPALE^^PARIS^^75001^FRA|(01)23456789||19610615|M|P/F|SLF|1234567890123||||
IN1|1|SECURITE SOCIALE|1|CPAM|||||||||||||||||||||||||||||||||||||||||||
2025-07-25 17:49:04 - INFO - réponse reçue::

MSH|^~\&|IRISHL7|ISC|REGADT|MCM|202507251749||ACK^A01|000001|P|2.5.1|1
MSA|CA|000001



2025-07-25 17:49:04 - INFO - Le port 2575 sur 127.0.0.1 est ouvert et accessible.
2025-07-25 17:49:04 - INFO - Message HL7 généré::
MSH|^~\&|REGADT|MCM|IFENG||20250725174904||ADT^A01|000001|P|2.5.1|1||
EVN|A01|199601061000|199601101400|1
PID|||24445670^^^HOPITAL^MRN~FR123456^^^DLNUM^DL|253763|MUNRO^Alice||19310710|M|||77 Rue de Varenne^^PARIS^75^75007^||(01)554437765|(06)098866543|FRENCH|S|C|10199925|1641202898334566
NK1|1|DUPONT^MARIE^|EPOUSE||||ERSONNE A PREVENIR||
PV1|1|H|CARDIO^CHAMBRE201^LIT1||||004777^MARTIN^SOPHIE^DR|||CARDIO|||||ADM|A0|
PV2|||^Chirurgie Programmée||||||||||||||||||||||||||||||||||||||20240712
OBX|1|NM|21612-7^POIDS CORPOREL||52|kg|||||F
OBX|2|NM|8302-2^TAILLE||163|cm|||||F
OBX|3|NM|8480-6^PRESSION ARTERIELLE SYSTOLIQUE||154|mm[Hg]|||||F
OBX|4|NM|8462-4^PRESSION ARTERIELLE DIASTOLIQUE||87|mm[Hg]|||||F
OBX|5|NM|2339-0^GLUCOSE SANGUIN||6.2|mmol/L|3.5-5.7|H|||F
AL1|1||^AMOXICILLINE||URTICAIRE|
AL1|2||^ASPIRINE||OEDEME DE QUINCKE|
AL1|3||^ARACHIDES||CHOC ANAPHYLACTIQUE|
DG1|1|CIM10|I21.0^Infarctus transmural aigu du myocarde, de la paroi antérieure|Infarctus du myocarde||A
DG1|2|CIM10|I10^Hypertension essentielle (primitive)|Hypertension artérielle||C
DG1|3|CIM10|E11.9^Diabète sucré de type 2 sans complication|Diabète de type 2||C
PR1|1|CCAM|DDQH001^Coronarographie|Coronarographie||20240710103015
GT1|1|8291|DUPONT^JEAN^MARC^JR^M||123 RUE PRINCIPALE^^PARIS^^75001^FRA|(01)23456789||19610615|M|P/F|SLF|1234567890123||||
IN1|1|SECURITE SOCIALE|1|CPAM|||||||||||||||||||||||||||||||||||||||||||
2025-07-25 17:49:04 - INFO - réponse reçue::

MSH|^~\&|IRISHL7|ISC|REGADT|MCM|202507251749||ACK^A01|000001|P|2.5.1|1
MSA|CA|000001



2025-07-25 17:49:04 - INFO - Le port 2575 sur 127.0.0.1 est ouvert et accessible.
2025-07-25 17:49:04 - INFO - Message HL7 généré::
MSH|^~\&|REGADT|MCM|IFENG||20250725174904||ADT^A01|000001|P|2.5.1|1||
EVN|A01|199601061000|199601101400|1
PID|||24445670^^^HOPITAL^MRN~FR123456^^^DLNUM^DL|253763|MUNRO^Alice||19310710|M|||77 Rue de Varenne^^PARIS^75^75007^||(01)554437765|(06)098866543|FRENCH|S|C|10199925|1641202898334566
NK1|1|DUPONT^MARIE^|EPOUSE||||ERSONNE A PREVENIR||
PV1|1|H|CARDIO^CHAMBRE201^LIT1||||004777^MARTIN^SOPHIE^DR|||CARDIO|||||ADM|A0|
PV2|||^Chirurgie Programmée||||||||||||||||||||||||||||||||||||||20240712
OBX|1|NM|21612-7^POIDS CORPOREL||52|kg|||||F
OBX|2|NM|8302-2^TAILLE||163|cm|||||F
OBX|3|NM|8480-6^PRESSION ARTERIELLE SYSTOLIQUE||154|mm[Hg]|||||F
OBX|4|NM|8462-4^PRESSION ARTERIELLE DIASTOLIQUE||87|mm[Hg]|||||F
OBX|5|NM|2339-0^GLUCOSE SANGUIN||6.2|mmol/L|3.5-5.7|H|||F
AL1|1||^AMOXICILLINE||URTICAIRE|
AL1|2||^ASPIRINE||OEDEME DE QUINCKE|
AL1|3||^ARACHIDES||CHOC ANAPHYLACTIQUE|
DG1|1|CIM10|I21.0^Infarctus transmural aigu du myocarde, de la paroi antérieure|Infarctus du myocarde||A
DG1|2|CIM10|I10^Hypertension essentielle (primitive)|Hypertension artérielle||C
DG1|3|CIM10|E11.9^Diabète sucré de type 2 sans complication|Diabète de type 2||C
PR1|1|CCAM|DDQH001^Coronarographie|Coronarographie||20240710103015
GT1|1|8291|DUPONT^JEAN^MARC^JR^M||123 RUE PRINCIPALE^^PARIS^^75001^FRA|(01)23456789||19610615|M|P/F|SLF|1234567890123||||
IN1|1|SECURITE SOCIALE|1|CPAM|||||||||||||||||||||||||||||||||||||||||||
2025-07-25 17:49:04 - INFO - réponse reçue::

MSH|^~\&|IRISHL7|ISC|REGADT|MCM|202507251749||ACK^A01|000001|P|2.5.1|1
MSA|CA|000001



2025-07-25 17:49:04 - INFO - Le port 2575 sur 127.0.0.1 est ouvert et accessible.
2025-07-25 17:49:04 - INFO - Message HL7 généré::
MSH|^~\&|REGADT|MCM|IFENG||20250725174904||ADT^A01|000001|P|2.5.1|1||
EVN|A01|199601061000|199601101400|1
PID|||24445670^^^HOPITAL^MRN~FR123456^^^DLNUM^DL|253763|MUNRO^Alice||19310710|M|||77 Rue de Varenne^^PARIS^75^75007^||(01)554437765|(06)098866543|FRENCH|S|C|10199925|1641202898334566
NK1|1|DUPONT^MARIE^|EPOUSE||||ERSONNE A PREVENIR||
PV1|1|H|CARDIO^CHAMBRE201^LIT1||||004777^MARTIN^SOPHIE^DR|||CARDIO|||||ADM|A0|
PV2|||^Chirurgie Programmée||||||||||||||||||||||||||||||||||||||20240712
OBX|1|NM|21612-7^POIDS CORPOREL||52|kg|||||F
OBX|2|NM|8302-2^TAILLE||163|cm|||||F
OBX|3|NM|8480-6^PRESSION ARTERIELLE SYSTOLIQUE||154|mm[Hg]|||||F
OBX|4|NM|8462-4^PRESSION ARTERIELLE DIASTOLIQUE||87|mm[Hg]|||||F
OBX|5|NM|2339-0^GLUCOSE SANGUIN||6.2|mmol/L|3.5-5.7|H|||F
AL1|1||^AMOXICILLINE||URTICAIRE|
AL1|2||^ASPIRINE||OEDEME DE QUINCKE|
AL1|3||^ARACHIDES||CHOC ANAPHYLACTIQUE|
DG1|1|CIM10|I21.0^Infarctus transmural aigu du myocarde, de la paroi antérieure|Infarctus du myocarde||A
DG1|2|CIM10|I10^Hypertension essentielle (primitive)|Hypertension artérielle||C
DG1|3|CIM10|E11.9^Diabète sucré de type 2 sans complication|Diabète de type 2||C
PR1|1|CCAM|DDQH001^Coronarographie|Coronarographie||20240710103015
GT1|1|8291|DUPONT^JEAN^MARC^JR^M||123 RUE PRINCIPALE^^PARIS^^75001^FRA|(01)23456789||19610615|M|P/F|SLF|1234567890123||||
IN1|1|SECURITE SOCIALE|1|CPAM|||||||||||||||||||||||||||||||||||||||||||
2025-07-25 17:49:04 - INFO - réponse reçue::

MSH|^~\&|IRISHL7|ISC|REGADT|MCM|202507251749||ACK^A01|000001|P|2.5.1|1
MSA|CA|000001



2025-07-25 17:49:05 - INFO - Le port 2575 sur 127.0.0.1 est ouvert et accessible.
2025-07-25 17:49:05 - INFO - Message HL7 généré::
MSH|^~\&|REGADT|MCM|IFENG||20250725174905||ADT^A01|000001|P|2.5.1|1||
EVN|A01|199601061000|199601101400|1
PID|||24445670^^^HOPITAL^MRN~FR123456^^^DLNUM^DL|253763|MUNRO^Alice||19310710|M|||77 Rue de Varenne^^PARIS^75^75007^||(01)554437765|(06)098866543|FRENCH|S|C|10199925|1641202898334566
NK1|1|DUPONT^MARIE^|EPOUSE||||ERSONNE A PREVENIR||
PV1|1|H|CARDIO^CHAMBRE201^LIT1||||004777^MARTIN^SOPHIE^DR|||CARDIO|||||ADM|A0|
PV2|||^Chirurgie Programmée||||||||||||||||||||||||||||||||||||||20240712
OBX|1|NM|21612-7^POIDS CORPOREL||52|kg|||||F
OBX|2|NM|8302-2^TAILLE||163|cm|||||F
OBX|3|NM|8480-6^PRESSION ARTERIELLE SYSTOLIQUE||154|mm[Hg]|||||F
OBX|4|NM|8462-4^PRESSION ARTERIELLE DIASTOLIQUE||87|mm[Hg]|||||F
OBX|5|NM|2339-0^GLUCOSE SANGUIN||6.2|mmol/L|3.5-5.7|H|||F
AL1|1||^AMOXICILLINE||URTICAIRE|
AL1|2||^ASPIRINE||OEDEME DE QUINCKE|
AL1|3||^ARACHIDES||CHOC ANAPHYLACTIQUE|
DG1|1|CIM10|I21.0^Infarctus transmural aigu du myocarde, de la paroi antérieure|Infarctus du myocarde||A
DG1|2|CIM10|I10^Hypertension essentielle (primitive)|Hypertension artérielle||C
DG1|3|CIM10|E11.9^Diabète sucré de type 2 sans complication|Diabète de type 2||C
PR1|1|CCAM|DDQH001^Coronarographie|Coronarographie||20240710103015
GT1|1|8291|DUPONT^JEAN^MARC^JR^M||123 RUE PRINCIPALE^^PARIS^^75001^FRA|(01)23456789||19610615|M|P/F|SLF|1234567890123||||
IN1|1|SECURITE SOCIALE|1|CPAM|||||||||||||||||||||||||||||||||||||||||||
2025-07-25 17:49:05 - INFO - réponse reçue::

MSH|^~\&|IRISHL7|ISC|REGADT|MCM|202507251749||ACK^A01|000001|P|2.5.1|1
MSA|CA|000001



2025-07-25 17:49:05 - INFO - Le port 2575 sur 127.0.0.1 est ouvert et accessible.
2025-07-25 17:49:05 - INFO - Message HL7 généré::
MSH|^~\&|REGADT|MCM|IFENG||20250725174905||ADT^A01|000001|P|2.5.1|1||
EVN|A01|199601061000|199601101400|1
PID|||24445670^^^HOPITAL^MRN~FR123456^^^DLNUM^DL|253763|MUNRO^Alice||19310710|M|||77 Rue de Varenne^^PARIS^75^75007^||(01)554437765|(06)098866543|FRENCH|S|C|10199925|1641202898334566
NK1|1|DUPONT^MARIE^|EPOUSE||||ERSONNE A PREVENIR||
PV1|1|H|CARDIO^CHAMBRE201^LIT1||||004777^MARTIN^SOPHIE^DR|||CARDIO|||||ADM|A0|
PV2|||^Chirurgie Programmée||||||||||||||||||||||||||||||||||||||20240712
OBX|1|NM|21612-7^POIDS CORPOREL||52|kg|||||F
OBX|2|NM|8302-2^TAILLE||163|cm|||||F
OBX|3|NM|8480-6^PRESSION ARTERIELLE SYSTOLIQUE||154|mm[Hg]|||||F
OBX|4|NM|8462-4^PRESSION ARTERIELLE DIASTOLIQUE||87|mm[Hg]|||||F
OBX|5|NM|2339-0^GLUCOSE SANGUIN||6.2|mmol/L|3.5-5.7|H|||F
AL1|1||^AMOXICILLINE||URTICAIRE|
AL1|2||^ASPIRINE||OEDEME DE QUINCKE|
AL1|3||^ARACHIDES||CHOC ANAPHYLACTIQUE|
DG1|1|CIM10|I21.0^Infarctus transmural aigu du myocarde, de la paroi antérieure|Infarctus du myocarde||A
DG1|2|CIM10|I10^Hypertension essentielle (primitive)|Hypertension artérielle||C
DG1|3|CIM10|E11.9^Diabète sucré de type 2 sans complication|Diabète de type 2||C
PR1|1|CCAM|DDQH001^Coronarographie|Coronarographie||20240710103015
GT1|1|8291|DUPONT^JEAN^MARC^JR^M||123 RUE PRINCIPALE^^PARIS^^75001^FRA|(01)23456789||19610615|M|P/F|SLF|1234567890123||||
IN1|1|SECURITE SOCIALE|1|CPAM|||||||||||||||||||||||||||||||||||||||||||
2025-07-25 17:49:05 - INFO - réponse reçue::

MSH|^~\&|IRISHL7|ISC|REGADT|MCM|202507251749||ACK^A01|000001|P|2.5.1|1
MSA|CA|000001



2025-07-25 17:49:05 - INFO - Le port 2575 sur 127.0.0.1 est ouvert et accessible.
2025-07-25 17:49:05 - INFO - Message HL7 généré::
MSH|^~\&|REGADT|MCM|IFENG||20250725174905||ADT^A01|000001|P|2.5.1|1||
EVN|A01|199601061000|199601101400|1
PID|||24445670^^^HOPITAL^MRN~FR123456^^^DLNUM^DL|253763|MUNRO^Alice||19310710|M|||77 Rue de Varenne^^PARIS^75^75007^||(01)554437765|(06)098866543|FRENCH|S|C|10199925|1641202898334566
NK1|1|DUPONT^MARIE^|EPOUSE||||ERSONNE A PREVENIR||
PV1|1|H|CARDIO^CHAMBRE201^LIT1||||004777^MARTIN^SOPHIE^DR|||CARDIO|||||ADM|A0|
PV2|||^Chirurgie Programmée||||||||||||||||||||||||||||||||||||||20240712
OBX|1|NM|21612-7^POIDS CORPOREL||52|kg|||||F
OBX|2|NM|8302-2^TAILLE||163|cm|||||F
OBX|3|NM|8480-6^PRESSION ARTERIELLE SYSTOLIQUE||154|mm[Hg]|||||F
OBX|4|NM|8462-4^PRESSION ARTERIELLE DIASTOLIQUE||87|mm[Hg]|||||F
OBX|5|NM|2339-0^GLUCOSE SANGUIN||6.2|mmol/L|3.5-5.7|H|||F
AL1|1||^AMOXICILLINE||URTICAIRE|
AL1|2||^ASPIRINE||OEDEME DE QUINCKE|
AL1|3||^ARACHIDES||CHOC ANAPHYLACTIQUE|
DG1|1|CIM10|I21.0^Infarctus transmural aigu du myocarde, de la paroi antérieure|Infarctus du myocarde||A
DG1|2|CIM10|I10^Hypertension essentielle (primitive)|Hypertension artérielle||C
DG1|3|CIM10|E11.9^Diabète sucré de type 2 sans complication|Diabète de type 2||C
PR1|1|CCAM|DDQH001^Coronarographie|Coronarographie||20240710103015
GT1|1|8291|DUPONT^JEAN^MARC^JR^M||123 RUE PRINCIPALE^^PARIS^^75001^FRA|(01)23456789||19610615|M|P/F|SLF|1234567890123||||
IN1|1|SECURITE SOCIALE|1|CPAM|||||||||||||||||||||||||||||||||||||||||||
2025-07-25 17:49:05 - INFO - réponse reçue::

MSH|^~\&|IRISHL7|ISC|REGADT|MCM|202507251749||ACK^A01|000001|P|2.5.1|1
MSA|CA|000001



2025-07-25 17:49:06 - INFO - Le port 2575 sur 127.0.0.1 est ouvert et accessible.
2025-07-25 17:49:06 - INFO - Message HL7 généré::
MSH|^~\&|REGADT|MCM|IFENG||20250725174906||ADT^A01|000001|P|2.5.1|1||
EVN|A01|199601061000|199601101400|1
PID|||24445670^^^HOPITAL^MRN~FR123456^^^DLNUM^DL|253763|MUNRO^Alice||19310710|M|||77 Rue de Varenne^^PARIS^75^75007^||(01)554437765|(06)098866543|FRENCH|S|C|10199925|1641202898334566
NK1|1|DUPONT^MARIE^|EPOUSE||||ERSONNE A PREVENIR||
PV1|1|H|CARDIO^CHAMBRE201^LIT1||||004777^MARTIN^SOPHIE^DR|||CARDIO|||||ADM|A0|
PV2|||^Chirurgie Programmée||||||||||||||||||||||||||||||||||||||20240712
OBX|1|NM|21612-7^POIDS CORPOREL||52|kg|||||F
OBX|2|NM|8302-2^TAILLE||163|cm|||||F
OBX|3|NM|8480-6^PRESSION ARTERIELLE SYSTOLIQUE||154|mm[Hg]|||||F
OBX|4|NM|8462-4^PRESSION ARTERIELLE DIASTOLIQUE||87|mm[Hg]|||||F
OBX|5|NM|2339-0^GLUCOSE SANGUIN||6.2|mmol/L|3.5-5.7|H|||F
AL1|1||^AMOXICILLINE||URTICAIRE|
AL1|2||^ASPIRINE||OEDEME DE QUINCKE|
AL1|3||^ARACHIDES||CHOC ANAPHYLACTIQUE|
DG1|1|CIM10|I21.0^Infarctus transmural aigu du myocarde, de la paroi antérieure|Infarctus du myocarde||A
DG1|2|CIM10|I10^Hypertension essentielle (primitive)|Hypertension artérielle||C
DG1|3|CIM10|E11.9^Diabète sucré de type 2 sans complication|Diabète de type 2||C
PR1|1|CCAM|DDQH001^Coronarographie|Coronarographie||20240710103015
GT1|1|8291|DUPONT^JEAN^MARC^JR^M||123 RUE PRINCIPALE^^PARIS^^75001^FRA|(01)23456789||19610615|M|P/F|SLF|1234567890123||||
IN1|1|SECURITE SOCIALE|1|CPAM|||||||||||||||||||||||||||||||||||||||||||
2025-07-25 17:49:06 - INFO - réponse reçue::

MSH|^~\&|IRISHL7|ISC|REGADT|MCM|202507251749||ACK^A01|000001|P|2.5.1|1
MSA|CA|000001



2025-07-25 17:49:06 - INFO - Le port 2575 sur 127.0.0.1 est ouvert et accessible.
2025-07-25 17:49:06 - INFO - Message HL7 généré::
MSH|^~\&|REGADT|MCM|IFENG||20250725174906||ADT^A01|000001|P|2.5.1|1||
EVN|A01|199601061000|199601101400|1
PID|||24445670^^^HOPITAL^MRN~FR123456^^^DLNUM^DL|253763|MUNRO^Alice||19310710|M|||77 Rue de Varenne^^PARIS^75^75007^||(01)554437765|(06)098866543|FRENCH|S|C|10199925|1641202898334566
NK1|1|DUPONT^MARIE^|EPOUSE||||ERSONNE A PREVENIR||
PV1|1|H|CARDIO^CHAMBRE201^LIT1||||004777^MARTIN^SOPHIE^DR|||CARDIO|||||ADM|A0|
PV2|||^Chirurgie Programmée||||||||||||||||||||||||||||||||||||||20240712
OBX|1|NM|21612-7^POIDS CORPOREL||52|kg|||||F
OBX|2|NM|8302-2^TAILLE||163|cm|||||F
OBX|3|NM|8480-6^PRESSION ARTERIELLE SYSTOLIQUE||154|mm[Hg]|||||F
OBX|4|NM|8462-4^PRESSION ARTERIELLE DIASTOLIQUE||87|mm[Hg]|||||F
OBX|5|NM|2339-0^GLUCOSE SANGUIN||6.2|mmol/L|3.5-5.7|H|||F
AL1|1||^AMOXICILLINE||URTICAIRE|
AL1|2||^ASPIRINE||OEDEME DE QUINCKE|
AL1|3||^ARACHIDES||CHOC ANAPHYLACTIQUE|
DG1|1|CIM10|I21.0^Infarctus transmural aigu du myocarde, de la paroi antérieure|Infarctus du myocarde||A
DG1|2|CIM10|I10^Hypertension essentielle (primitive)|Hypertension artérielle||C
DG1|3|CIM10|E11.9^Diabète sucré de type 2 sans complication|Diabète de type 2||C
PR1|1|CCAM|DDQH001^Coronarographie|Coronarographie||20240710103015
GT1|1|8291|DUPONT^JEAN^MARC^JR^M||123 RUE PRINCIPALE^^PARIS^^75001^FRA|(01)23456789||19610615|M|P/F|SLF|1234567890123||||
IN1|1|SECURITE SOCIALE|1|CPAM|||||||||||||||||||||||||||||||||||||||||||
2025-07-25 17:49:06 - INFO - réponse reçue::

MSH|^~\&|IRISHL7|ISC|REGADT|MCM|202507251749||ACK^A01|000001|P|2.5.1|1
MSA|CA|000001



2025-07-25 17:49:06 - INFO - Le port 2575 sur 127.0.0.1 est ouvert et accessible.
2025-07-25 17:49:06 - INFO - Message HL7 généré::
MSH|^~\&|REGADT|MCM|IFENG||20250725174906||ADT^A01|000001|P|2.5.1|1||
EVN|A01|199601061000|199601101400|1
PID|||24445670^^^HOPITAL^MRN~FR123456^^^DLNUM^DL|253763|MUNRO^Alice||19310710|M|||77 Rue de Varenne^^PARIS^75^75007^||(01)554437765|(06)098866543|FRENCH|S|C|10199925|1641202898334566
NK1|1|DUPONT^MARIE^|EPOUSE||||ERSONNE A PREVENIR||
PV1|1|H|CARDIO^CHAMBRE201^LIT1||||004777^MARTIN^SOPHIE^DR|||CARDIO|||||ADM|A0|
PV2|||^Chirurgie Programmée||||||||||||||||||||||||||||||||||||||20240712
OBX|1|NM|21612-7^POIDS CORPOREL||52|kg|||||F
OBX|2|NM|8302-2^TAILLE||163|cm|||||F
OBX|3|NM|8480-6^PRESSION ARTERIELLE SYSTOLIQUE||154|mm[Hg]|||||F
OBX|4|NM|8462-4^PRESSION ARTERIELLE DIASTOLIQUE||87|mm[Hg]|||||F
OBX|5|NM|2339-0^GLUCOSE SANGUIN||6.2|mmol/L|3.5-5.7|H|||F
AL1|1||^AMOXICILLINE||URTICAIRE|
AL1|2||^ASPIRINE||OEDEME DE QUINCKE|
AL1|3||^ARACHIDES||CHOC ANAPHYLACTIQUE|
DG1|1|CIM10|I21.0^Infarctus transmural aigu du myocarde, de la paroi antérieure|Infarctus du myocarde||A
DG1|2|CIM10|I10^Hypertension essentielle (primitive)|Hypertension artérielle||C
DG1|3|CIM10|E11.9^Diabète sucré de type 2 sans complication|Diabète de type 2||C
PR1|1|CCAM|DDQH001^Coronarographie|Coronarographie||20240710103015
GT1|1|8291|DUPONT^JEAN^MARC^JR^M||123 RUE PRINCIPALE^^PARIS^^75001^FRA|(01)23456789||19610615|M|P/F|SLF|1234567890123||||
IN1|1|SECURITE SOCIALE|1|CPAM|||||||||||||||||||||||||||||||||||||||||||
2025-07-25 17:49:06 - INFO - réponse reçue::

MSH|^~\&|IRISHL7|ISC|REGADT|MCM|202507251749||ACK^A01|000001|P|2.5.1|1
MSA|CA|000001



2025-07-25 17:49:07 - INFO - Le port 2575 sur 127.0.0.1 est ouvert et accessible.
2025-07-25 17:49:07 - INFO - Message HL7 généré::
MSH|^~\&|REGADT|MCM|IFENG||20250725174907||ADT^A01|000001|P|2.5.1|1||
EVN|A01|199601061000|199601101400|1
PID|||24445670^^^HOPITAL^MRN~FR123456^^^DLNUM^DL|253763|MUNRO^Alice||19310710|M|||77 Rue de Varenne^^PARIS^75^75007^||(01)554437765|(06)098866543|FRENCH|S|C|10199925|1641202898334566
NK1|1|DUPONT^MARIE^|EPOUSE||||ERSONNE A PREVENIR||
PV1|1|H|CARDIO^CHAMBRE201^LIT1||||004777^MARTIN^SOPHIE^DR|||CARDIO|||||ADM|A0|
PV2|||^Chirurgie Programmée||||||||||||||||||||||||||||||||||||||20240712
OBX|1|NM|21612-7^POIDS CORPOREL||52|kg|||||F
OBX|2|NM|8302-2^TAILLE||163|cm|||||F
OBX|3|NM|8480-6^PRESSION ARTERIELLE SYSTOLIQUE||154|mm[Hg]|||||F
OBX|4|NM|8462-4^PRESSION ARTERIELLE DIASTOLIQUE||87|mm[Hg]|||||F
OBX|5|NM|2339-0^GLUCOSE SANGUIN||6.2|mmol/L|3.5-5.7|H|||F
AL1|1||^AMOXICILLINE||URTICAIRE|
AL1|2||^ASPIRINE||OEDEME DE QUINCKE|
AL1|3||^ARACHIDES||CHOC ANAPHYLACTIQUE|
DG1|1|CIM10|I21.0^Infarctus transmural aigu du myocarde, de la paroi antérieure|Infarctus du myocarde||A
DG1|2|CIM10|I10^Hypertension essentielle (primitive)|Hypertension artérielle||C
DG1|3|CIM10|E11.9^Diabète sucré de type 2 sans complication|Diabète de type 2||C
PR1|1|CCAM|DDQH001^Coronarographie|Coronarographie||20240710103015
GT1|1|8291|DUPONT^JEAN^MARC^JR^M||123 RUE PRINCIPALE^^PARIS^^75001^FRA|(01)23456789||19610615|M|P/F|SLF|1234567890123||||
IN1|1|SECURITE SOCIALE|1|CPAM|||||||||||||||||||||||||||||||||||||||||||
2025-07-25 17:49:07 - INFO - réponse reçue::

MSH|^~\&|IRISHL7|ISC|REGADT|MCM|202507251749||ACK^A01|000001|P|2.5.1|1
MSA|CA|000001



2025-07-25 17:49:07 - INFO - Le port 2575 sur 127.0.0.1 est ouvert et accessible.
2025-07-25 17:49:07 - INFO - Message HL7 généré::
MSH|^~\&|REGADT|MCM|IFENG||20250725174907||ADT^A01|000001|P|2.5.1|1||
EVN|A01|199601061000|199601101400|1
PID|||24445670^^^HOPITAL^MRN~FR123456^^^DLNUM^DL|253763|MUNRO^Alice||19310710|M|||77 Rue de Varenne^^PARIS^75^75007^||(01)554437765|(06)098866543|FRENCH|S|C|10199925|1641202898334566
NK1|1|DUPONT^MARIE^|EPOUSE||||ERSONNE A PREVENIR||
PV1|1|H|CARDIO^CHAMBRE201^LIT1||||004777^MARTIN^SOPHIE^DR|||CARDIO|||||ADM|A0|
PV2|||^Chirurgie Programmée||||||||||||||||||||||||||||||||||||||20240712
OBX|1|NM|21612-7^POIDS CORPOREL||52|kg|||||F
OBX|2|NM|8302-2^TAILLE||163|cm|||||F
OBX|3|NM|8480-6^PRESSION ARTERIELLE SYSTOLIQUE||154|mm[Hg]|||||F
OBX|4|NM|8462-4^PRESSION ARTERIELLE DIASTOLIQUE||87|mm[Hg]|||||F
OBX|5|NM|2339-0^GLUCOSE SANGUIN||6.2|mmol/L|3.5-5.7|H|||F
AL1|1||^AMOXICILLINE||URTICAIRE|
AL1|2||^ASPIRINE||OEDEME DE QUINCKE|
AL1|3||^ARACHIDES||CHOC ANAPHYLACTIQUE|
DG1|1|CIM10|I21.0^Infarctus transmural aigu du myocarde, de la paroi antérieure|Infarctus du myocarde||A
DG1|2|CIM10|I10^Hypertension essentielle (primitive)|Hypertension artérielle||C
DG1|3|CIM10|E11.9^Diabète sucré de type 2 sans complication|Diabète de type 2||C
PR1|1|CCAM|DDQH001^Coronarographie|Coronarographie||20240710103015
GT1|1|8291|DUPONT^JEAN^MARC^JR^M||123 RUE PRINCIPALE^^PARIS^^75001^FRA|(01)23456789||19610615|M|P/F|SLF|1234567890123||||
IN1|1|SECURITE SOCIALE|1|CPAM|||||||||||||||||||||||||||||||||||||||||||
2025-07-25 17:49:07 - INFO - réponse reçue::

MSH|^~\&|IRISHL7|ISC|REGADT|MCM|202507251749||ACK^A01|000001|P|2.5.1|1
MSA|CA|000001



2025-07-25 17:49:08 - INFO - Le port 2575 sur 127.0.0.1 est ouvert et accessible.
2025-07-25 17:49:08 - INFO - Message HL7 généré::
MSH|^~\&|REGADT|MCM|IFENG||20250725174908||ADT^A01|000001|P|2.5.1|1||
EVN|A01|199601061000|199601101400|1
PID|||24445670^^^HOPITAL^MRN~FR123456^^^DLNUM^DL|253763|MUNRO^Alice||19310710|M|||77 Rue de Varenne^^PARIS^75^75007^||(01)554437765|(06)098866543|FRENCH|S|C|10199925|1641202898334566
NK1|1|DUPONT^MARIE^|EPOUSE||||ERSONNE A PREVENIR||
PV1|1|H|CARDIO^CHAMBRE201^LIT1||||004777^MARTIN^SOPHIE^DR|||CARDIO|||||ADM|A0|
PV2|||^Chirurgie Programmée||||||||||||||||||||||||||||||||||||||20240712
OBX|1|NM|21612-7^POIDS CORPOREL||52|kg|||||F
OBX|2|NM|8302-2^TAILLE||163|cm|||||F
OBX|3|NM|8480-6^PRESSION ARTERIELLE SYSTOLIQUE||154|mm[Hg]|||||F
OBX|4|NM|8462-4^PRESSION ARTERIELLE DIASTOLIQUE||87|mm[Hg]|||||F
OBX|5|NM|2339-0^GLUCOSE SANGUIN||6.2|mmol/L|3.5-5.7|H|||F
AL1|1||^AMOXICILLINE||URTICAIRE|
AL1|2||^ASPIRINE||OEDEME DE QUINCKE|
AL1|3||^ARACHIDES||CHOC ANAPHYLACTIQUE|
DG1|1|CIM10|I21.0^Infarctus transmural aigu du myocarde, de la paroi antérieure|Infarctus du myocarde||A
DG1|2|CIM10|I10^Hypertension essentielle (primitive)|Hypertension artérielle||C
DG1|3|CIM10|E11.9^Diabète sucré de type 2 sans complication|Diabète de type 2||C
PR1|1|CCAM|DDQH001^Coronarographie|Coronarographie||20240710103015
GT1|1|8291|DUPONT^JEAN^MARC^JR^M||123 RUE PRINCIPALE^^PARIS^^75001^FRA|(01)23456789||19610615|M|P/F|SLF|1234567890123||||
IN1|1|SECURITE SOCIALE|1|CPAM|||||||||||||||||||||||||||||||||||||||||||
2025-07-25 17:49:08 - INFO - réponse reçue::

MSH|^~\&|IRISHL7|ISC|REGADT|MCM|202507251749||ACK^A01|000001|P|2.5.1|1
MSA|CA|000001



2025-07-25 17:49:08 - INFO - Le port 2575 sur 127.0.0.1 est ouvert et accessible.
2025-07-25 17:49:08 - INFO - Message HL7 généré::
MSH|^~\&|REGADT|MCM|IFENG||20250725174908||ADT^A01|000001|P|2.5.1|1||
EVN|A01|199601061000|199601101400|1
PID|||24445670^^^HOPITAL^MRN~FR123456^^^DLNUM^DL|253763|MUNRO^Alice||19310710|M|||77 Rue de Varenne^^PARIS^75^75007^||(01)554437765|(06)098866543|FRENCH|S|C|10199925|1641202898334566
NK1|1|DUPONT^MARIE^|EPOUSE||||ERSONNE A PREVENIR||
PV1|1|H|CARDIO^CHAMBRE201^LIT1||||004777^MARTIN^SOPHIE^DR|||CARDIO|||||ADM|A0|
PV2|||^Chirurgie Programmée||||||||||||||||||||||||||||||||||||||20240712
OBX|1|NM|21612-7^POIDS CORPOREL||52|kg|||||F
OBX|2|NM|8302-2^TAILLE||163|cm|||||F
OBX|3|NM|8480-6^PRESSION ARTERIELLE SYSTOLIQUE||154|mm[Hg]|||||F
OBX|4|NM|8462-4^PRESSION ARTERIELLE DIASTOLIQUE||87|mm[Hg]|||||F
OBX|5|NM|2339-0^GLUCOSE SANGUIN||6.2|mmol/L|3.5-5.7|H|||F
AL1|1||^AMOXICILLINE||URTICAIRE|
AL1|2||^ASPIRINE||OEDEME DE QUINCKE|
AL1|3||^ARACHIDES||CHOC ANAPHYLACTIQUE|
DG1|1|CIM10|I21.0^Infarctus transmural aigu du myocarde, de la paroi antérieure|Infarctus du myocarde||A
DG1|2|CIM10|I10^Hypertension essentielle (primitive)|Hypertension artérielle||C
DG1|3|CIM10|E11.9^Diabète sucré de type 2 sans complication|Diabète de type 2||C
PR1|1|CCAM|DDQH001^Coronarographie|Coronarographie||20240710103015
GT1|1|8291|DUPONT^JEAN^MARC^JR^M||123 RUE PRINCIPALE^^PARIS^^75001^FRA|(01)23456789||19610615|M|P/F|SLF|1234567890123||||
IN1|1|SECURITE SOCIALE|1|CPAM|||||||||||||||||||||||||||||||||||||||||||
2025-07-25 17:49:08 - INFO - réponse reçue::

MSH|^~\&|IRISHL7|ISC|REGADT|MCM|202507251749||ACK^A01|000001|P|2.5.1|1
MSA|CA|000001



2025-07-25 17:49:08 - INFO - Le port 2575 sur 127.0.0.1 est ouvert et accessible.
2025-07-25 17:49:08 - INFO - Message HL7 généré::
MSH|^~\&|REGADT|MCM|IFENG||20250725174908||ADT^A01|000001|P|2.5.1|1||
EVN|A01|199601061000|199601101400|1
PID|||24445670^^^HOPITAL^MRN~FR123456^^^DLNUM^DL|253763|MUNRO^Alice||19310710|M|||77 Rue de Varenne^^PARIS^75^75007^||(01)554437765|(06)098866543|FRENCH|S|C|10199925|1641202898334566
NK1|1|DUPONT^MARIE^|EPOUSE||||ERSONNE A PREVENIR||
PV1|1|H|CARDIO^CHAMBRE201^LIT1||||004777^MARTIN^SOPHIE^DR|||CARDIO|||||ADM|A0|
PV2|||^Chirurgie Programmée||||||||||||||||||||||||||||||||||||||20240712
OBX|1|NM|21612-7^POIDS CORPOREL||52|kg|||||F
OBX|2|NM|8302-2^TAILLE||163|cm|||||F
OBX|3|NM|8480-6^PRESSION ARTERIELLE SYSTOLIQUE||154|mm[Hg]|||||F
OBX|4|NM|8462-4^PRESSION ARTERIELLE DIASTOLIQUE||87|mm[Hg]|||||F
OBX|5|NM|2339-0^GLUCOSE SANGUIN||6.2|mmol/L|3.5-5.7|H|||F
AL1|1||^AMOXICILLINE||URTICAIRE|
AL1|2||^ASPIRINE||OEDEME DE QUINCKE|
AL1|3||^ARACHIDES||CHOC ANAPHYLACTIQUE|
DG1|1|CIM10|I21.0^Infarctus transmural aigu du myocarde, de la paroi antérieure|Infarctus du myocarde||A
DG1|2|CIM10|I10^Hypertension essentielle (primitive)|Hypertension artérielle||C
DG1|3|CIM10|E11.9^Diabète sucré de type 2 sans complication|Diabète de type 2||C
PR1|1|CCAM|DDQH001^Coronarographie|Coronarographie||20240710103015
GT1|1|8291|DUPONT^JEAN^MARC^JR^M||123 RUE PRINCIPALE^^PARIS^^75001^FRA|(01)23456789||19610615|M|P/F|SLF|1234567890123||||
IN1|1|SECURITE SOCIALE|1|CPAM|||||||||||||||||||||||||||||||||||||||||||
2025-07-25 17:49:08 - INFO - réponse reçue::

MSH|^~\&|IRISHL7|ISC|REGADT|MCM|202507251749||ACK^A01|000001|P|2.5.1|1
MSA|CA|000001



2025-07-25 17:49:09 - INFO - Le port 2575 sur 127.0.0.1 est ouvert et accessible.
2025-07-25 17:49:09 - INFO - Message HL7 généré::
MSH|^~\&|REGADT|MCM|IFENG||20250725174909||ADT^A01|000001|P|2.5.1|1||
EVN|A01|199601061000|199601101400|1
PID|||24445670^^^HOPITAL^MRN~FR123456^^^DLNUM^DL|253763|MUNRO^Alice||19310710|M|||77 Rue de Varenne^^PARIS^75^75007^||(01)554437765|(06)098866543|FRENCH|S|C|10199925|1641202898334566
NK1|1|DUPONT^MARIE^|EPOUSE||||ERSONNE A PREVENIR||
PV1|1|H|CARDIO^CHAMBRE201^LIT1||||004777^MARTIN^SOPHIE^DR|||CARDIO|||||ADM|A0|
PV2|||^Chirurgie Programmée||||||||||||||||||||||||||||||||||||||20240712
OBX|1|NM|21612-7^POIDS CORPOREL||52|kg|||||F
OBX|2|NM|8302-2^TAILLE||163|cm|||||F
OBX|3|NM|8480-6^PRESSION ARTERIELLE SYSTOLIQUE||154|mm[Hg]|||||F
OBX|4|NM|8462-4^PRESSION ARTERIELLE DIASTOLIQUE||87|mm[Hg]|||||F
OBX|5|NM|2339-0^GLUCOSE SANGUIN||6.2|mmol/L|3.5-5.7|H|||F
AL1|1||^AMOXICILLINE||URTICAIRE|
AL1|2||^ASPIRINE||OEDEME DE QUINCKE|
AL1|3||^ARACHIDES||CHOC ANAPHYLACTIQUE|
DG1|1|CIM10|I21.0^Infarctus transmural aigu du myocarde, de la paroi antérieure|Infarctus du myocarde||A
DG1|2|CIM10|I10^Hypertension essentielle (primitive)|Hypertension artérielle||C
DG1|3|CIM10|E11.9^Diabète sucré de type 2 sans complication|Diabète de type 2||C
PR1|1|CCAM|DDQH001^Coronarographie|Coronarographie||20240710103015
GT1|1|8291|DUPONT^JEAN^MARC^JR^M||123 RUE PRINCIPALE^^PARIS^^75001^FRA|(01)23456789||19610615|M|P/F|SLF|1234567890123||||
IN1|1|SECURITE SOCIALE|1|CPAM|||||||||||||||||||||||||||||||||||||||||||
2025-07-25 17:49:09 - INFO - réponse reçue::

MSH|^~\&|IRISHL7|ISC|REGADT|MCM|202507251749||ACK^A01|000001|P|2.5.1|1
MSA|CA|000001



2025-07-25 17:49:09 - INFO - Le port 2575 sur 127.0.0.1 est ouvert et accessible.
2025-07-25 17:49:09 - INFO - Message HL7 généré::
MSH|^~\&|REGADT|MCM|IFENG||20250725174909||ADT^A01|000001|P|2.5.1|1||
EVN|A01|199601061000|199601101400|1
PID|||24445670^^^HOPITAL^MRN~FR123456^^^DLNUM^DL|253763|MUNRO^Alice||19310710|M|||77 Rue de Varenne^^PARIS^75^75007^||(01)554437765|(06)098866543|FRENCH|S|C|10199925|1641202898334566
NK1|1|DUPONT^MARIE^|EPOUSE||||ERSONNE A PREVENIR||
PV1|1|H|CARDIO^CHAMBRE201^LIT1||||004777^MARTIN^SOPHIE^DR|||CARDIO|||||ADM|A0|
PV2|||^Chirurgie Programmée||||||||||||||||||||||||||||||||||||||20240712
OBX|1|NM|21612-7^POIDS CORPOREL||52|kg|||||F
OBX|2|NM|8302-2^TAILLE||163|cm|||||F
OBX|3|NM|8480-6^PRESSION ARTERIELLE SYSTOLIQUE||154|mm[Hg]|||||F
OBX|4|NM|8462-4^PRESSION ARTERIELLE DIASTOLIQUE||87|mm[Hg]|||||F
OBX|5|NM|2339-0^GLUCOSE SANGUIN||6.2|mmol/L|3.5-5.7|H|||F
AL1|1||^AMOXICILLINE||URTICAIRE|
AL1|2||^ASPIRINE||OEDEME DE QUINCKE|
AL1|3||^ARACHIDES||CHOC ANAPHYLACTIQUE|
DG1|1|CIM10|I21.0^Infarctus transmural aigu du myocarde, de la paroi antérieure|Infarctus du myocarde||A
DG1|2|CIM10|I10^Hypertension essentielle (primitive)|Hypertension artérielle||C
DG1|3|CIM10|E11.9^Diabète sucré de type 2 sans complication|Diabète de type 2||C
PR1|1|CCAM|DDQH001^Coronarographie|Coronarographie||20240710103015
GT1|1|8291|DUPONT^JEAN^MARC^JR^M||123 RUE PRINCIPALE^^PARIS^^75001^FRA|(01)23456789||19610615|M|P/F|SLF|1234567890123||||
IN1|1|SECURITE SOCIALE|1|CPAM|||||||||||||||||||||||||||||||||||||||||||
2025-07-25 17:49:09 - INFO - réponse reçue::

MSH|^~\&|IRISHL7|ISC|REGADT|MCM|202507251749||ACK^A01|000001|P|2.5.1|1
MSA|CA|000001



2025-07-25 17:49:10 - INFO - Le port 2575 sur 127.0.0.1 est ouvert et accessible.
2025-07-25 17:49:10 - INFO - Message HL7 généré::
MSH|^~\&|REGADT|MCM|IFENG||20250725174910||ADT^A01|000001|P|2.5.1|1||
EVN|A01|199601061000|199601101400|1
PID|||24445670^^^HOPITAL^MRN~FR123456^^^DLNUM^DL|253763|MUNRO^Alice||19310710|M|||77 Rue de Varenne^^PARIS^75^75007^||(01)554437765|(06)098866543|FRENCH|S|C|10199925|1641202898334566
NK1|1|DUPONT^MARIE^|EPOUSE||||ERSONNE A PREVENIR||
PV1|1|H|CARDIO^CHAMBRE201^LIT1||||004777^MARTIN^SOPHIE^DR|||CARDIO|||||ADM|A0|
PV2|||^Chirurgie Programmée||||||||||||||||||||||||||||||||||||||20240712
OBX|1|NM|21612-7^POIDS CORPOREL||52|kg|||||F
OBX|2|NM|8302-2^TAILLE||163|cm|||||F
OBX|3|NM|8480-6^PRESSION ARTERIELLE SYSTOLIQUE||154|mm[Hg]|||||F
OBX|4|NM|8462-4^PRESSION ARTERIELLE DIASTOLIQUE||87|mm[Hg]|||||F
OBX|5|NM|2339-0^GLUCOSE SANGUIN||6.2|mmol/L|3.5-5.7|H|||F
AL1|1||^AMOXICILLINE||URTICAIRE|
AL1|2||^ASPIRINE||OEDEME DE QUINCKE|
AL1|3||^ARACHIDES||CHOC ANAPHYLACTIQUE|
DG1|1|CIM10|I21.0^Infarctus transmural aigu du myocarde, de la paroi antérieure|Infarctus du myocarde||A
DG1|2|CIM10|I10^Hypertension essentielle (primitive)|Hypertension artérielle||C
DG1|3|CIM10|E11.9^Diabète sucré de type 2 sans complication|Diabète de type 2||C
PR1|1|CCAM|DDQH001^Coronarographie|Coronarographie||20240710103015
GT1|1|8291|DUPONT^JEAN^MARC^JR^M||123 RUE PRINCIPALE^^PARIS^^75001^FRA|(01)23456789||19610615|M|P/F|SLF|1234567890123||||
IN1|1|SECURITE SOCIALE|1|CPAM|||||||||||||||||||||||||||||||||||||||||||
2025-07-25 17:49:10 - INFO - réponse reçue::

MSH|^~\&|IRISHL7|ISC|REGADT|MCM|202507251749||ACK^A01|000001|P|2.5.1|1
MSA|CA|000001



2025-07-25 17:49:10 - INFO - Le port 2575 sur 127.0.0.1 est ouvert et accessible.
2025-07-25 17:49:10 - INFO - Message HL7 généré::
MSH|^~\&|REGADT|MCM|IFENG||20250725174910||ADT^A01|000001|P|2.5.1|1||
EVN|A01|199601061000|199601101400|1
PID|||24445670^^^HOPITAL^MRN~FR123456^^^DLNUM^DL|253763|MUNRO^Alice||19310710|M|||77 Rue de Varenne^^PARIS^75^75007^||(01)554437765|(06)098866543|FRENCH|S|C|10199925|1641202898334566
NK1|1|DUPONT^MARIE^|EPOUSE||||ERSONNE A PREVENIR||
PV1|1|H|CARDIO^CHAMBRE201^LIT1||||004777^MARTIN^SOPHIE^DR|||CARDIO|||||ADM|A0|
PV2|||^Chirurgie Programmée||||||||||||||||||||||||||||||||||||||20240712
OBX|1|NM|21612-7^POIDS CORPOREL||52|kg|||||F
OBX|2|NM|8302-2^TAILLE||163|cm|||||F
OBX|3|NM|8480-6^PRESSION ARTERIELLE SYSTOLIQUE||154|mm[Hg]|||||F
OBX|4|NM|8462-4^PRESSION ARTERIELLE DIASTOLIQUE||87|mm[Hg]|||||F
OBX|5|NM|2339-0^GLUCOSE SANGUIN||6.2|mmol/L|3.5-5.7|H|||F
AL1|1||^AMOXICILLINE||URTICAIRE|
AL1|2||^ASPIRINE||OEDEME DE QUINCKE|
AL1|3||^ARACHIDES||CHOC ANAPHYLACTIQUE|
DG1|1|CIM10|I21.0^Infarctus transmural aigu du myocarde, de la paroi antérieure|Infarctus du myocarde||A
DG1|2|CIM10|I10^Hypertension essentielle (primitive)|Hypertension artérielle||C
DG1|3|CIM10|E11.9^Diabète sucré de type 2 sans complication|Diabète de type 2||C
PR1|1|CCAM|DDQH001^Coronarographie|Coronarographie||20240710103015
GT1|1|8291|DUPONT^JEAN^MARC^JR^M||123 RUE PRINCIPALE^^PARIS^^75001^FRA|(01)23456789||19610615|M|P/F|SLF|1234567890123||||
IN1|1|SECURITE SOCIALE|1|CPAM|||||||||||||||||||||||||||||||||||||||||||
2025-07-25 17:49:10 - INFO - réponse reçue::

MSH|^~\&|IRISHL7|ISC|REGADT|MCM|202507251749||ACK^A01|000001|P|2.5.1|1
MSA|CA|000001



2025-07-25 17:49:10 - INFO - Le port 2575 sur 127.0.0.1 est ouvert et accessible.
2025-07-25 17:49:10 - INFO - Message HL7 généré::
MSH|^~\&|REGADT|MCM|IFENG||20250725174910||ADT^A01|000001|P|2.5.1|1||
EVN|A01|199601061000|199601101400|1
PID|||24445670^^^HOPITAL^MRN~FR123456^^^DLNUM^DL|253763|MUNRO^Alice||19310710|M|||77 Rue de Varenne^^PARIS^75^75007^||(01)554437765|(06)098866543|FRENCH|S|C|10199925|1641202898334566
NK1|1|DUPONT^MARIE^|EPOUSE||||ERSONNE A PREVENIR||
PV1|1|H|CARDIO^CHAMBRE201^LIT1||||004777^MARTIN^SOPHIE^DR|||CARDIO|||||ADM|A0|
PV2|||^Chirurgie Programmée||||||||||||||||||||||||||||||||||||||20240712
OBX|1|NM|21612-7^POIDS CORPOREL||52|kg|||||F
OBX|2|NM|8302-2^TAILLE||163|cm|||||F
OBX|3|NM|8480-6^PRESSION ARTERIELLE SYSTOLIQUE||154|mm[Hg]|||||F
OBX|4|NM|8462-4^PRESSION ARTERIELLE DIASTOLIQUE||87|mm[Hg]|||||F
OBX|5|NM|2339-0^GLUCOSE SANGUIN||6.2|mmol/L|3.5-5.7|H|||F
AL1|1||^AMOXICILLINE||URTICAIRE|
AL1|2||^ASPIRINE||OEDEME DE QUINCKE|
AL1|3||^ARACHIDES||CHOC ANAPHYLACTIQUE|
DG1|1|CIM10|I21.0^Infarctus transmural aigu du myocarde, de la paroi antérieure|Infarctus du myocarde||A
DG1|2|CIM10|I10^Hypertension essentielle (primitive)|Hypertension artérielle||C
DG1|3|CIM10|E11.9^Diabète sucré de type 2 sans complication|Diabète de type 2||C
PR1|1|CCAM|DDQH001^Coronarographie|Coronarographie||20240710103015
GT1|1|8291|DUPONT^JEAN^MARC^JR^M||123 RUE PRINCIPALE^^PARIS^^75001^FRA|(01)23456789||19610615|M|P/F|SLF|1234567890123||||
IN1|1|SECURITE SOCIALE|1|CPAM|||||||||||||||||||||||||||||||||||||||||||
2025-07-25 17:49:10 - INFO - réponse reçue::

MSH|^~\&|IRISHL7|ISC|REGADT|MCM|202507251749||ACK^A01|000001|P|2.5.1|1
MSA|CA|000001



2025-07-25 17:49:11 - INFO - Le port 2575 sur 127.0.0.1 est ouvert et accessible.
2025-07-25 17:49:11 - INFO - Message HL7 généré::
MSH|^~\&|REGADT|MCM|IFENG||20250725174911||ADT^A01|000001|P|2.5.1|1||
EVN|A01|199601061000|199601101400|1
PID|||24445670^^^HOPITAL^MRN~FR123456^^^DLNUM^DL|253763|MUNRO^Alice||19310710|M|||77 Rue de Varenne^^PARIS^75^75007^||(01)554437765|(06)098866543|FRENCH|S|C|10199925|1641202898334566
NK1|1|DUPONT^MARIE^|EPOUSE||||ERSONNE A PREVENIR||
PV1|1|H|CARDIO^CHAMBRE201^LIT1||||004777^MARTIN^SOPHIE^DR|||CARDIO|||||ADM|A0|
PV2|||^Chirurgie Programmée||||||||||||||||||||||||||||||||||||||20240712
OBX|1|NM|21612-7^POIDS CORPOREL||52|kg|||||F
OBX|2|NM|8302-2^TAILLE||163|cm|||||F
OBX|3|NM|8480-6^PRESSION ARTERIELLE SYSTOLIQUE||154|mm[Hg]|||||F
OBX|4|NM|8462-4^PRESSION ARTERIELLE DIASTOLIQUE||87|mm[Hg]|||||F
OBX|5|NM|2339-0^GLUCOSE SANGUIN||6.2|mmol/L|3.5-5.7|H|||F
AL1|1||^AMOXICILLINE||URTICAIRE|
AL1|2||^ASPIRINE||OEDEME DE QUINCKE|
AL1|3||^ARACHIDES||CHOC ANAPHYLACTIQUE|
DG1|1|CIM10|I21.0^Infarctus transmural aigu du myocarde, de la paroi antérieure|Infarctus du myocarde||A
DG1|2|CIM10|I10^Hypertension essentielle (primitive)|Hypertension artérielle||C
DG1|3|CIM10|E11.9^Diabète sucré de type 2 sans complication|Diabète de type 2||C
PR1|1|CCAM|DDQH001^Coronarographie|Coronarographie||20240710103015
GT1|1|8291|DUPONT^JEAN^MARC^JR^M||123 RUE PRINCIPALE^^PARIS^^75001^FRA|(01)23456789||19610615|M|P/F|SLF|1234567890123||||
IN1|1|SECURITE SOCIALE|1|CPAM|||||||||||||||||||||||||||||||||||||||||||
2025-07-25 17:49:11 - INFO - réponse reçue::

MSH|^~\&|IRISHL7|ISC|REGADT|MCM|202507251749||ACK^A01|000001|P|2.5.1|1
MSA|CA|000001



2025-07-25 17:49:11 - INFO - Le port 2575 sur 127.0.0.1 est ouvert et accessible.
2025-07-25 17:49:11 - INFO - Message HL7 généré::
MSH|^~\&|REGADT|MCM|IFENG||20250725174911||ADT^A01|000001|P|2.5.1|1||
EVN|A01|199601061000|199601101400|1
PID|||24445670^^^HOPITAL^MRN~FR123456^^^DLNUM^DL|253763|MUNRO^Alice||19310710|M|||77 Rue de Varenne^^PARIS^75^75007^||(01)554437765|(06)098866543|FRENCH|S|C|10199925|1641202898334566
NK1|1|DUPONT^MARIE^|EPOUSE||||ERSONNE A PREVENIR||
PV1|1|H|CARDIO^CHAMBRE201^LIT1||||004777^MARTIN^SOPHIE^DR|||CARDIO|||||ADM|A0|
PV2|||^Chirurgie Programmée||||||||||||||||||||||||||||||||||||||20240712
OBX|1|NM|21612-7^POIDS CORPOREL||52|kg|||||F
OBX|2|NM|8302-2^TAILLE||163|cm|||||F
OBX|3|NM|8480-6^PRESSION ARTERIELLE SYSTOLIQUE||154|mm[Hg]|||||F
OBX|4|NM|8462-4^PRESSION ARTERIELLE DIASTOLIQUE||87|mm[Hg]|||||F
OBX|5|NM|2339-0^GLUCOSE SANGUIN||6.2|mmol/L|3.5-5.7|H|||F
AL1|1||^AMOXICILLINE||URTICAIRE|
AL1|2||^ASPIRINE||OEDEME DE QUINCKE|
AL1|3||^ARACHIDES||CHOC ANAPHYLACTIQUE|
DG1|1|CIM10|I21.0^Infarctus transmural aigu du myocarde, de la paroi antérieure|Infarctus du myocarde||A
DG1|2|CIM10|I10^Hypertension essentielle (primitive)|Hypertension artérielle||C
DG1|3|CIM10|E11.9^Diabète sucré de type 2 sans complication|Diabète de type 2||C
PR1|1|CCAM|DDQH001^Coronarographie|Coronarographie||20240710103015
GT1|1|8291|DUPONT^JEAN^MARC^JR^M||123 RUE PRINCIPALE^^PARIS^^75001^FRA|(01)23456789||19610615|M|P/F|SLF|1234567890123||||
IN1|1|SECURITE SOCIALE|1|CPAM|||||||||||||||||||||||||||||||||||||||||||
2025-07-25 17:49:11 - INFO - réponse reçue::

MSH|^~\&|IRISHL7|ISC|REGADT|MCM|202507251749||ACK^A01|000001|P|2.5.1|1
MSA|CA|000001



2025-07-25 17:49:11 - INFO - Le port 2575 sur 127.0.0.1 est ouvert et accessible.
2025-07-25 17:49:11 - INFO - Message HL7 généré::
MSH|^~\&|REGADT|MCM|IFENG||20250725174911||ADT^A01|000001|P|2.5.1|1||
EVN|A01|199601061000|199601101400|1
PID|||24445670^^^HOPITAL^MRN~FR123456^^^DLNUM^DL|253763|MUNRO^Alice||19310710|M|||77 Rue de Varenne^^PARIS^75^75007^||(01)554437765|(06)098866543|FRENCH|S|C|10199925|1641202898334566
NK1|1|DUPONT^MARIE^|EPOUSE||||ERSONNE A PREVENIR||
PV1|1|H|CARDIO^CHAMBRE201^LIT1||||004777^MARTIN^SOPHIE^DR|||CARDIO|||||ADM|A0|
PV2|||^Chirurgie Programmée||||||||||||||||||||||||||||||||||||||20240712
OBX|1|NM|21612-7^POIDS CORPOREL||52|kg|||||F
OBX|2|NM|8302-2^TAILLE||163|cm|||||F
OBX|3|NM|8480-6^PRESSION ARTERIELLE SYSTOLIQUE||154|mm[Hg]|||||F
OBX|4|NM|8462-4^PRESSION ARTERIELLE DIASTOLIQUE||87|mm[Hg]|||||F
OBX|5|NM|2339-0^GLUCOSE SANGUIN||6.2|mmol/L|3.5-5.7|H|||F
AL1|1||^AMOXICILLINE||URTICAIRE|
AL1|2||^ASPIRINE||OEDEME DE QUINCKE|
AL1|3||^ARACHIDES||CHOC ANAPHYLACTIQUE|
DG1|1|CIM10|I21.0^Infarctus transmural aigu du myocarde, de la paroi antérieure|Infarctus du myocarde||A
DG1|2|CIM10|I10^Hypertension essentielle (primitive)|Hypertension artérielle||C
DG1|3|CIM10|E11.9^Diabète sucré de type 2 sans complication|Diabète de type 2||C
PR1|1|CCAM|DDQH001^Coronarographie|Coronarographie||20240710103015
GT1|1|8291|DUPONT^JEAN^MARC^JR^M||123 RUE PRINCIPALE^^PARIS^^75001^FRA|(01)23456789||19610615|M|P/F|SLF|1234567890123||||
IN1|1|SECURITE SOCIALE|1|CPAM|||||||||||||||||||||||||||||||||||||||||||
2025-07-25 17:49:11 - INFO - réponse reçue::

MSH|^~\&|IRISHL7|ISC|REGADT|MCM|202507251749||ACK^A01|000001|P|2.5.1|1
MSA|CA|000001



2025-07-25 17:49:12 - INFO - Le port 2575 sur 127.0.0.1 est ouvert et accessible.
2025-07-25 17:49:12 - INFO - Message HL7 généré::
MSH|^~\&|REGADT|MCM|IFENG||20250725174912||ADT^A01|000001|P|2.5.1|1||
EVN|A01|199601061000|199601101400|1
PID|||24445670^^^HOPITAL^MRN~FR123456^^^DLNUM^DL|253763|MUNRO^Alice||19310710|M|||77 Rue de Varenne^^PARIS^75^75007^||(01)554437765|(06)098866543|FRENCH|S|C|10199925|1641202898334566
NK1|1|DUPONT^MARIE^|EPOUSE||||ERSONNE A PREVENIR||
PV1|1|H|CARDIO^CHAMBRE201^LIT1||||004777^MARTIN^SOPHIE^DR|||CARDIO|||||ADM|A0|
PV2|||^Chirurgie Programmée||||||||||||||||||||||||||||||||||||||20240712
OBX|1|NM|21612-7^POIDS CORPOREL||52|kg|||||F
OBX|2|NM|8302-2^TAILLE||163|cm|||||F
OBX|3|NM|8480-6^PRESSION ARTERIELLE SYSTOLIQUE||154|mm[Hg]|||||F
OBX|4|NM|8462-4^PRESSION ARTERIELLE DIASTOLIQUE||87|mm[Hg]|||||F
OBX|5|NM|2339-0^GLUCOSE SANGUIN||6.2|mmol/L|3.5-5.7|H|||F
AL1|1||^AMOXICILLINE||URTICAIRE|
AL1|2||^ASPIRINE||OEDEME DE QUINCKE|
AL1|3||^ARACHIDES||CHOC ANAPHYLACTIQUE|
DG1|1|CIM10|I21.0^Infarctus transmural aigu du myocarde, de la paroi antérieure|Infarctus du myocarde||A
DG1|2|CIM10|I10^Hypertension essentielle (primitive)|Hypertension artérielle||C
DG1|3|CIM10|E11.9^Diabète sucré de type 2 sans complication|Diabète de type 2||C
PR1|1|CCAM|DDQH001^Coronarographie|Coronarographie||20240710103015
GT1|1|8291|DUPONT^JEAN^MARC^JR^M||123 RUE PRINCIPALE^^PARIS^^75001^FRA|(01)23456789||19610615|M|P/F|SLF|1234567890123||||
IN1|1|SECURITE SOCIALE|1|CPAM|||||||||||||||||||||||||||||||||||||||||||
2025-07-25 17:49:12 - INFO - réponse reçue::

MSH|^~\&|IRISHL7|ISC|REGADT|MCM|202507251749||ACK^A01|000001|P|2.5.1|1
MSA|CA|000001



2025-07-25 17:49:12 - INFO - Le port 2575 sur 127.0.0.1 est ouvert et accessible.
2025-07-25 17:49:12 - INFO - Message HL7 généré::
MSH|^~\&|REGADT|MCM|IFENG||20250725174912||ADT^A01|000001|P|2.5.1|1||
EVN|A01|199601061000|199601101400|1
PID|||24445670^^^HOPITAL^MRN~FR123456^^^DLNUM^DL|253763|MUNRO^Alice||19310710|M|||77 Rue de Varenne^^PARIS^75^75007^||(01)554437765|(06)098866543|FRENCH|S|C|10199925|1641202898334566
NK1|1|DUPONT^MARIE^|EPOUSE||||ERSONNE A PREVENIR||
PV1|1|H|CARDIO^CHAMBRE201^LIT1||||004777^MARTIN^SOPHIE^DR|||CARDIO|||||ADM|A0|
PV2|||^Chirurgie Programmée||||||||||||||||||||||||||||||||||||||20240712
OBX|1|NM|21612-7^POIDS CORPOREL||52|kg|||||F
OBX|2|NM|8302-2^TAILLE||163|cm|||||F
OBX|3|NM|8480-6^PRESSION ARTERIELLE SYSTOLIQUE||154|mm[Hg]|||||F
OBX|4|NM|8462-4^PRESSION ARTERIELLE DIASTOLIQUE||87|mm[Hg]|||||F
OBX|5|NM|2339-0^GLUCOSE SANGUIN||6.2|mmol/L|3.5-5.7|H|||F
AL1|1||^AMOXICILLINE||URTICAIRE|
AL1|2||^ASPIRINE||OEDEME DE QUINCKE|
AL1|3||^ARACHIDES||CHOC ANAPHYLACTIQUE|
DG1|1|CIM10|I21.0^Infarctus transmural aigu du myocarde, de la paroi antérieure|Infarctus du myocarde||A
DG1|2|CIM10|I10^Hypertension essentielle (primitive)|Hypertension artérielle||C
DG1|3|CIM10|E11.9^Diabète sucré de type 2 sans complication|Diabète de type 2||C
PR1|1|CCAM|DDQH001^Coronarographie|Coronarographie||20240710103015
GT1|1|8291|DUPONT^JEAN^MARC^JR^M||123 RUE PRINCIPALE^^PARIS^^75001^FRA|(01)23456789||19610615|M|P/F|SLF|1234567890123||||
IN1|1|SECURITE SOCIALE|1|CPAM|||||||||||||||||||||||||||||||||||||||||||
2025-07-25 17:49:12 - INFO - réponse reçue::

MSH|^~\&|IRISHL7|ISC|REGADT|MCM|202507251749||ACK^A01|000001|P|2.5.1|1
MSA|CA|000001



2025-07-25 17:49:12 - INFO - Le port 2575 sur 127.0.0.1 est ouvert et accessible.
2025-07-25 17:49:12 - INFO - Message HL7 généré::
MSH|^~\&|REGADT|MCM|IFENG||20250725174912||ADT^A01|000001|P|2.5.1|1||
EVN|A01|199601061000|199601101400|1
PID|||24445670^^^HOPITAL^MRN~FR123456^^^DLNUM^DL|253763|MUNRO^Alice||19310710|M|||77 Rue de Varenne^^PARIS^75^75007^||(01)554437765|(06)098866543|FRENCH|S|C|10199925|1641202898334566
NK1|1|DUPONT^MARIE^|EPOUSE||||ERSONNE A PREVENIR||
PV1|1|H|CARDIO^CHAMBRE201^LIT1||||004777^MARTIN^SOPHIE^DR|||CARDIO|||||ADM|A0|
PV2|||^Chirurgie Programmée||||||||||||||||||||||||||||||||||||||20240712
OBX|1|NM|21612-7^POIDS CORPOREL||52|kg|||||F
OBX|2|NM|8302-2^TAILLE||163|cm|||||F
OBX|3|NM|8480-6^PRESSION ARTERIELLE SYSTOLIQUE||154|mm[Hg]|||||F
OBX|4|NM|8462-4^PRESSION ARTERIELLE DIASTOLIQUE||87|mm[Hg]|||||F
OBX|5|NM|2339-0^GLUCOSE SANGUIN||6.2|mmol/L|3.5-5.7|H|||F
AL1|1||^AMOXICILLINE||URTICAIRE|
AL1|2||^ASPIRINE||OEDEME DE QUINCKE|
AL1|3||^ARACHIDES||CHOC ANAPHYLACTIQUE|
DG1|1|CIM10|I21.0^Infarctus transmural aigu du myocarde, de la paroi antérieure|Infarctus du myocarde||A
DG1|2|CIM10|I10^Hypertension essentielle (primitive)|Hypertension artérielle||C
DG1|3|CIM10|E11.9^Diabète sucré de type 2 sans complication|Diabète de type 2||C
PR1|1|CCAM|DDQH001^Coronarographie|Coronarographie||20240710103015
GT1|1|8291|DUPONT^JEAN^MARC^JR^M||123 RUE PRINCIPALE^^PARIS^^75001^FRA|(01)23456789||19610615|M|P/F|SLF|1234567890123||||
IN1|1|SECURITE SOCIALE|1|CPAM|||||||||||||||||||||||||||||||||||||||||||
2025-07-25 17:49:13 - INFO - réponse reçue::

MSH|^~\&|IRISHL7|ISC|REGADT|MCM|202507251749||ACK^A01|000001|P|2.5.1|1
MSA|CA|000001



2025-07-25 17:49:13 - INFO - Le port 2575 sur 127.0.0.1 est ouvert et accessible.
2025-07-25 17:49:13 - INFO - Message HL7 généré::
MSH|^~\&|REGADT|MCM|IFENG||20250725174913||ADT^A01|000001|P|2.5.1|1||
EVN|A01|199601061000|199601101400|1
PID|||24445670^^^HOPITAL^MRN~FR123456^^^DLNUM^DL|253763|MUNRO^Alice||19310710|M|||77 Rue de Varenne^^PARIS^75^75007^||(01)554437765|(06)098866543|FRENCH|S|C|10199925|1641202898334566
NK1|1|DUPONT^MARIE^|EPOUSE||||ERSONNE A PREVENIR||
PV1|1|H|CARDIO^CHAMBRE201^LIT1||||004777^MARTIN^SOPHIE^DR|||CARDIO|||||ADM|A0|
PV2|||^Chirurgie Programmée||||||||||||||||||||||||||||||||||||||20240712
OBX|1|NM|21612-7^POIDS CORPOREL||52|kg|||||F
OBX|2|NM|8302-2^TAILLE||163|cm|||||F
OBX|3|NM|8480-6^PRESSION ARTERIELLE SYSTOLIQUE||154|mm[Hg]|||||F
OBX|4|NM|8462-4^PRESSION ARTERIELLE DIASTOLIQUE||87|mm[Hg]|||||F
OBX|5|NM|2339-0^GLUCOSE SANGUIN||6.2|mmol/L|3.5-5.7|H|||F
AL1|1||^AMOXICILLINE||URTICAIRE|
AL1|2||^ASPIRINE||OEDEME DE QUINCKE|
AL1|3||^ARACHIDES||CHOC ANAPHYLACTIQUE|
DG1|1|CIM10|I21.0^Infarctus transmural aigu du myocarde, de la paroi antérieure|Infarctus du myocarde||A
DG1|2|CIM10|I10^Hypertension essentielle (primitive)|Hypertension artérielle||C
DG1|3|CIM10|E11.9^Diabète sucré de type 2 sans complication|Diabète de type 2||C
PR1|1|CCAM|DDQH001^Coronarographie|Coronarographie||20240710103015
GT1|1|8291|DUPONT^JEAN^MARC^JR^M||123 RUE PRINCIPALE^^PARIS^^75001^FRA|(01)23456789||19610615|M|P/F|SLF|1234567890123||||
IN1|1|SECURITE SOCIALE|1|CPAM|||||||||||||||||||||||||||||||||||||||||||
2025-07-25 17:49:13 - INFO - réponse reçue::

MSH|^~\&|IRISHL7|ISC|REGADT|MCM|202507251749||ACK^A01|000001|P|2.5.1|1
MSA|CA|000001



2025-07-25 17:49:13 - INFO - Le port 2575 sur 127.0.0.1 est ouvert et accessible.
2025-07-25 17:49:13 - INFO - Message HL7 généré::
MSH|^~\&|REGADT|MCM|IFENG||20250725174913||ADT^A01|000001|P|2.5.1|1||
EVN|A01|199601061000|199601101400|1
PID|||24445670^^^HOPITAL^MRN~FR123456^^^DLNUM^DL|253763|MUNRO^Alice||19310710|M|||77 Rue de Varenne^^PARIS^75^75007^||(01)554437765|(06)098866543|FRENCH|S|C|10199925|1641202898334566
NK1|1|DUPONT^MARIE^|EPOUSE||||ERSONNE A PREVENIR||
PV1|1|H|CARDIO^CHAMBRE201^LIT1||||004777^MARTIN^SOPHIE^DR|||CARDIO|||||ADM|A0|
PV2|||^Chirurgie Programmée||||||||||||||||||||||||||||||||||||||20240712
OBX|1|NM|21612-7^POIDS CORPOREL||52|kg|||||F
OBX|2|NM|8302-2^TAILLE||163|cm|||||F
OBX|3|NM|8480-6^PRESSION ARTERIELLE SYSTOLIQUE||154|mm[Hg]|||||F
OBX|4|NM|8462-4^PRESSION ARTERIELLE DIASTOLIQUE||87|mm[Hg]|||||F
OBX|5|NM|2339-0^GLUCOSE SANGUIN||6.2|mmol/L|3.5-5.7|H|||F
AL1|1||^AMOXICILLINE||URTICAIRE|
AL1|2||^ASPIRINE||OEDEME DE QUINCKE|
AL1|3||^ARACHIDES||CHOC ANAPHYLACTIQUE|
DG1|1|CIM10|I21.0^Infarctus transmural aigu du myocarde, de la paroi antérieure|Infarctus du myocarde||A
DG1|2|CIM10|I10^Hypertension essentielle (primitive)|Hypertension artérielle||C
DG1|3|CIM10|E11.9^Diabète sucré de type 2 sans complication|Diabète de type 2||C
PR1|1|CCAM|DDQH001^Coronarographie|Coronarographie||20240710103015
GT1|1|8291|DUPONT^JEAN^MARC^JR^M||123 RUE PRINCIPALE^^PARIS^^75001^FRA|(01)23456789||19610615|M|P/F|SLF|1234567890123||||
IN1|1|SECURITE SOCIALE|1|CPAM|||||||||||||||||||||||||||||||||||||||||||
2025-07-25 17:49:13 - ERROR - Erreur lors de l'envoi HL7 : [Errno 54] Connection reset by peer
2025-07-25 17:49:14 - INFO - Le port 2575 sur 127.0.0.1 est ouvert et accessible.
2025-07-25 17:49:14 - INFO - Message HL7 généré::
MSH|^~\&|REGADT|MCM|IFENG||20250725174913||ADT^A01|000001|P|2.5.1|1||
EVN|A01|199601061000|199601101400|1
PID|||24445670^^^HOPITAL^MRN~FR123456^^^DLNUM^DL|253763|MUNRO^Alice||19310710|M|||77 Rue de Varenne^^PARIS^75^75007^||(01)554437765|(06)098866543|FRENCH|S|C|10199925|1641202898334566
NK1|1|DUPONT^MARIE^|EPOUSE||||ERSONNE A PREVENIR||
PV1|1|H|CARDIO^CHAMBRE201^LIT1||||004777^MARTIN^SOPHIE^DR|||CARDIO|||||ADM|A0|
PV2|||^Chirurgie Programmée||||||||||||||||||||||||||||||||||||||20240712
OBX|1|NM|21612-7^POIDS CORPOREL||52|kg|||||F
OBX|2|NM|8302-2^TAILLE||163|cm|||||F
OBX|3|NM|8480-6^PRESSION ARTERIELLE SYSTOLIQUE||154|mm[Hg]|||||F
OBX|4|NM|8462-4^PRESSION ARTERIELLE DIASTOLIQUE||87|mm[Hg]|||||F
OBX|5|NM|2339-0^GLUCOSE SANGUIN||6.2|mmol/L|3.5-5.7|H|||F
AL1|1||^AMOXICILLINE||URTICAIRE|
AL1|2||^ASPIRINE||OEDEME DE QUINCKE|
AL1|3||^ARACHIDES||CHOC ANAPHYLACTIQUE|
DG1|1|CIM10|I21.0^Infarctus transmural aigu du myocarde, de la paroi antérieure|Infarctus du myocarde||A
DG1|2|CIM10|I10^Hypertension essentielle (primitive)|Hypertension artérielle||C
DG1|3|CIM10|E11.9^Diabète sucré de type 2 sans complication|Diabète de type 2||C
PR1|1|CCAM|DDQH001^Coronarographie|Coronarographie||20240710103015
GT1|1|8291|DUPONT^JEAN^MARC^JR^M||123 RUE PRINCIPALE^^PARIS^^75001^FRA|(01)23456789||19610615|M|P/F|SLF|1234567890123||||
IN1|1|SECURITE SOCIALE|1|CPAM|||||||||||||||||||||||||||||||||||||||||||
2025-07-25 17:49:14 - INFO - réponse reçue::

MSH|^~\&|IRISHL7|ISC|REGADT|MCM|202507251749||ACK^A01|000001|P|2.5.1|1
MSA|CA|000001



2025-07-25 17:49:14 - INFO - Le port 2575 sur 127.0.0.1 est ouvert et accessible.
2025-07-25 17:49:14 - INFO - Message HL7 généré::
MSH|^~\&|REGADT|MCM|IFENG||20250725174914||ADT^A01|000001|P|2.5.1|1||
EVN|A01|199601061000|199601101400|1
PID|||24445670^^^HOPITAL^MRN~FR123456^^^DLNUM^DL|253763|MUNRO^Alice||19310710|M|||77 Rue de Varenne^^PARIS^75^75007^||(01)554437765|(06)098866543|FRENCH|S|C|10199925|1641202898334566
NK1|1|DUPONT^MARIE^|EPOUSE||||ERSONNE A PREVENIR||
PV1|1|H|CARDIO^CHAMBRE201^LIT1||||004777^MARTIN^SOPHIE^DR|||CARDIO|||||ADM|A0|
PV2|||^Chirurgie Programmée||||||||||||||||||||||||||||||||||||||20240712
OBX|1|NM|21612-7^POIDS CORPOREL||52|kg|||||F
OBX|2|NM|8302-2^TAILLE||163|cm|||||F
OBX|3|NM|8480-6^PRESSION ARTERIELLE SYSTOLIQUE||154|mm[Hg]|||||F
OBX|4|NM|8462-4^PRESSION ARTERIELLE DIASTOLIQUE||87|mm[Hg]|||||F
OBX|5|NM|2339-0^GLUCOSE SANGUIN||6.2|mmol/L|3.5-5.7|H|||F
AL1|1||^AMOXICILLINE||URTICAIRE|
AL1|2||^ASPIRINE||OEDEME DE QUINCKE|
AL1|3||^ARACHIDES||CHOC ANAPHYLACTIQUE|
DG1|1|CIM10|I21.0^Infarctus transmural aigu du myocarde, de la paroi antérieure|Infarctus du myocarde||A
DG1|2|CIM10|I10^Hypertension essentielle (primitive)|Hypertension artérielle||C
DG1|3|CIM10|E11.9^Diabète sucré de type 2 sans complication|Diabète de type 2||C
PR1|1|CCAM|DDQH001^Coronarographie|Coronarographie||20240710103015
GT1|1|8291|DUPONT^JEAN^MARC^JR^M||123 RUE PRINCIPALE^^PARIS^^75001^FRA|(01)23456789||19610615|M|P/F|SLF|1234567890123||||
IN1|1|SECURITE SOCIALE|1|CPAM|||||||||||||||||||||||||||||||||||||||||||
2025-07-25 17:49:14 - INFO - réponse reçue::

MSH|^~\&|IRISHL7|ISC|REGADT|MCM|202507251749||ACK^A01|000001|P|2.5.1|1
MSA|CA|000001



2025-07-25 17:49:15 - INFO - Le port 2575 sur 127.0.0.1 est ouvert et accessible.
2025-07-25 17:49:15 - INFO - Message HL7 généré::
MSH|^~\&|REGADT|MCM|IFENG||20250725174915||ADT^A01|000001|P|2.5.1|1||
EVN|A01|199601061000|199601101400|1
PID|||24445670^^^HOPITAL^MRN~FR123456^^^DLNUM^DL|253763|MUNRO^Alice||19310710|M|||77 Rue de Varenne^^PARIS^75^75007^||(01)554437765|(06)098866543|FRENCH|S|C|10199925|1641202898334566
NK1|1|DUPONT^MARIE^|EPOUSE||||ERSONNE A PREVENIR||
PV1|1|H|CARDIO^CHAMBRE201^LIT1||||004777^MARTIN^SOPHIE^DR|||CARDIO|||||ADM|A0|
PV2|||^Chirurgie Programmée||||||||||||||||||||||||||||||||||||||20240712
OBX|1|NM|21612-7^POIDS CORPOREL||52|kg|||||F
OBX|2|NM|8302-2^TAILLE||163|cm|||||F
OBX|3|NM|8480-6^PRESSION ARTERIELLE SYSTOLIQUE||154|mm[Hg]|||||F
OBX|4|NM|8462-4^PRESSION ARTERIELLE DIASTOLIQUE||87|mm[Hg]|||||F
OBX|5|NM|2339-0^GLUCOSE SANGUIN||6.2|mmol/L|3.5-5.7|H|||F
AL1|1||^AMOXICILLINE||URTICAIRE|
AL1|2||^ASPIRINE||OEDEME DE QUINCKE|
AL1|3||^ARACHIDES||CHOC ANAPHYLACTIQUE|
DG1|1|CIM10|I21.0^Infarctus transmural aigu du myocarde, de la paroi antérieure|Infarctus du myocarde||A
DG1|2|CIM10|I10^Hypertension essentielle (primitive)|Hypertension artérielle||C
DG1|3|CIM10|E11.9^Diabète sucré de type 2 sans complication|Diabète de type 2||C
PR1|1|CCAM|DDQH001^Coronarographie|Coronarographie||20240710103015
GT1|1|8291|DUPONT^JEAN^MARC^JR^M||123 RUE PRINCIPALE^^PARIS^^75001^FRA|(01)23456789||19610615|M|P/F|SLF|1234567890123||||
IN1|1|SECURITE SOCIALE|1|CPAM|||||||||||||||||||||||||||||||||||||||||||
2025-07-25 17:49:15 - INFO - réponse reçue::

MSH|^~\&|IRISHL7|ISC|REGADT|MCM|202507251749||ACK^A01|000001|P|2.5.1|1
MSA|CA|000001



2025-07-25 17:49:16 - INFO - Le port 2575 sur 127.0.0.1 est ouvert et accessible.
2025-07-25 17:49:16 - INFO - Message HL7 généré::
MSH|^~\&|REGADT|MCM|IFENG||20250725174916||ADT^A01|000001|P|2.5.1|1||
EVN|A01|199601061000|199601101400|1
PID|||24445670^^^HOPITAL^MRN~FR123456^^^DLNUM^DL|253763|MUNRO^Alice||19310710|M|||77 Rue de Varenne^^PARIS^75^75007^||(01)554437765|(06)098866543|FRENCH|S|C|10199925|1641202898334566
NK1|1|DUPONT^MARIE^|EPOUSE||||ERSONNE A PREVENIR||
PV1|1|H|CARDIO^CHAMBRE201^LIT1||||004777^MARTIN^SOPHIE^DR|||CARDIO|||||ADM|A0|
PV2|||^Chirurgie Programmée||||||||||||||||||||||||||||||||||||||20240712
OBX|1|NM|21612-7^POIDS CORPOREL||52|kg|||||F
OBX|2|NM|8302-2^TAILLE||163|cm|||||F
OBX|3|NM|8480-6^PRESSION ARTERIELLE SYSTOLIQUE||154|mm[Hg]|||||F
OBX|4|NM|8462-4^PRESSION ARTERIELLE DIASTOLIQUE||87|mm[Hg]|||||F
OBX|5|NM|2339-0^GLUCOSE SANGUIN||6.2|mmol/L|3.5-5.7|H|||F
AL1|1||^AMOXICILLINE||URTICAIRE|
AL1|2||^ASPIRINE||OEDEME DE QUINCKE|
AL1|3||^ARACHIDES||CHOC ANAPHYLACTIQUE|
DG1|1|CIM10|I21.0^Infarctus transmural aigu du myocarde, de la paroi antérieure|Infarctus du myocarde||A
DG1|2|CIM10|I10^Hypertension essentielle (primitive)|Hypertension artérielle||C
DG1|3|CIM10|E11.9^Diabète sucré de type 2 sans complication|Diabète de type 2||C
PR1|1|CCAM|DDQH001^Coronarographie|Coronarographie||20240710103015
GT1|1|8291|DUPONT^JEAN^MARC^JR^M||123 RUE PRINCIPALE^^PARIS^^75001^FRA|(01)23456789||19610615|M|P/F|SLF|1234567890123||||
IN1|1|SECURITE SOCIALE|1|CPAM|||||||||||||||||||||||||||||||||||||||||||
2025-07-25 17:49:16 - INFO - réponse reçue::

MSH|^~\&|IRISHL7|ISC|REGADT|MCM|202507251749||ACK^A01|000001|P|2.5.1|1
MSA|CA|000001



2025-07-25 17:49:16 - INFO - Le port 2575 sur 127.0.0.1 est ouvert et accessible.
2025-07-25 17:49:16 - INFO - Message HL7 généré::
MSH|^~\&|REGADT|MCM|IFENG||20250725174916||ADT^A01|000001|P|2.5.1|1||
EVN|A01|199601061000|199601101400|1
PID|||24445670^^^HOPITAL^MRN~FR123456^^^DLNUM^DL|253763|MUNRO^Alice||19310710|M|||77 Rue de Varenne^^PARIS^75^75007^||(01)554437765|(06)098866543|FRENCH|S|C|10199925|1641202898334566
NK1|1|DUPONT^MARIE^|EPOUSE||||ERSONNE A PREVENIR||
PV1|1|H|CARDIO^CHAMBRE201^LIT1||||004777^MARTIN^SOPHIE^DR|||CARDIO|||||ADM|A0|
PV2|||^Chirurgie Programmée||||||||||||||||||||||||||||||||||||||20240712
OBX|1|NM|21612-7^POIDS CORPOREL||52|kg|||||F
OBX|2|NM|8302-2^TAILLE||163|cm|||||F
OBX|3|NM|8480-6^PRESSION ARTERIELLE SYSTOLIQUE||154|mm[Hg]|||||F
OBX|4|NM|8462-4^PRESSION ARTERIELLE DIASTOLIQUE||87|mm[Hg]|||||F
OBX|5|NM|2339-0^GLUCOSE SANGUIN||6.2|mmol/L|3.5-5.7|H|||F
AL1|1||^AMOXICILLINE||URTICAIRE|
AL1|2||^ASPIRINE||OEDEME DE QUINCKE|
AL1|3||^ARACHIDES||CHOC ANAPHYLACTIQUE|
DG1|1|CIM10|I21.0^Infarctus transmural aigu du myocarde, de la paroi antérieure|Infarctus du myocarde||A
DG1|2|CIM10|I10^Hypertension essentielle (primitive)|Hypertension artérielle||C
DG1|3|CIM10|E11.9^Diabète sucré de type 2 sans complication|Diabète de type 2||C
PR1|1|CCAM|DDQH001^Coronarographie|Coronarographie||20240710103015
GT1|1|8291|DUPONT^JEAN^MARC^JR^M||123 RUE PRINCIPALE^^PARIS^^75001^FRA|(01)23456789||19610615|M|P/F|SLF|1234567890123||||
IN1|1|SECURITE SOCIALE|1|CPAM|||||||||||||||||||||||||||||||||||||||||||
2025-07-25 17:49:16 - INFO - réponse reçue::

MSH|^~\&|IRISHL7|ISC|REGADT|MCM|202507251749||ACK^A01|000001|P|2.5.1|1
MSA|CA|000001



2025-07-25 17:49:17 - INFO - Le port 2575 sur 127.0.0.1 est ouvert et accessible.
2025-07-25 17:49:17 - INFO - Message HL7 généré::
MSH|^~\&|REGADT|MCM|IFENG||20250725174917||ADT^A01|000001|P|2.5.1|1||
EVN|A01|199601061000|199601101400|1
PID|||24445670^^^HOPITAL^MRN~FR123456^^^DLNUM^DL|253763|MUNRO^Alice||19310710|M|||77 Rue de Varenne^^PARIS^75^75007^||(01)554437765|(06)098866543|FRENCH|S|C|10199925|1641202898334566
NK1|1|DUPONT^MARIE^|EPOUSE||||ERSONNE A PREVENIR||
PV1|1|H|CARDIO^CHAMBRE201^LIT1||||004777^MARTIN^SOPHIE^DR|||CARDIO|||||ADM|A0|
PV2|||^Chirurgie Programmée||||||||||||||||||||||||||||||||||||||20240712
OBX|1|NM|21612-7^POIDS CORPOREL||52|kg|||||F
OBX|2|NM|8302-2^TAILLE||163|cm|||||F
OBX|3|NM|8480-6^PRESSION ARTERIELLE SYSTOLIQUE||154|mm[Hg]|||||F
OBX|4|NM|8462-4^PRESSION ARTERIELLE DIASTOLIQUE||87|mm[Hg]|||||F
OBX|5|NM|2339-0^GLUCOSE SANGUIN||6.2|mmol/L|3.5-5.7|H|||F
AL1|1||^AMOXICILLINE||URTICAIRE|
AL1|2||^ASPIRINE||OEDEME DE QUINCKE|
AL1|3||^ARACHIDES||CHOC ANAPHYLACTIQUE|
DG1|1|CIM10|I21.0^Infarctus transmural aigu du myocarde, de la paroi antérieure|Infarctus du myocarde||A
DG1|2|CIM10|I10^Hypertension essentielle (primitive)|Hypertension artérielle||C
DG1|3|CIM10|E11.9^Diabète sucré de type 2 sans complication|Diabète de type 2||C
PR1|1|CCAM|DDQH001^Coronarographie|Coronarographie||20240710103015
GT1|1|8291|DUPONT^JEAN^MARC^JR^M||123 RUE PRINCIPALE^^PARIS^^75001^FRA|(01)23456789||19610615|M|P/F|SLF|1234567890123||||
IN1|1|SECURITE SOCIALE|1|CPAM|||||||||||||||||||||||||||||||||||||||||||
2025-07-25 17:49:17 - INFO - réponse reçue::

MSH|^~\&|IRISHL7|ISC|REGADT|MCM|202507251749||ACK^A01|000001|P|2.5.1|1
MSA|CA|000001



2025-07-25 17:52:50 - INFO - Le port 2575 sur 127.0.0.1 est ouvert et accessible.
2025-07-25 17:52:50 - INFO - Message HL7 généré::
MSH|^~\&|REGADT|MCM|IFENG||20250725175250||ADT^A01|000001|P|2.5.1|1||
EVN|A01|199601061000|199601101400|1
PID|||24445670^^^HOPITAL^MRN~FR123456^^^DLNUM^DL|253763|MUNRO^Alice||19310710|M|||77 Rue de Varenne^^PARIS^75^75007^||(01)554437765|(06)098866543|FRENCH|S|C|10199925|1641202898334566
NK1|1|DUPONT^MARIE^|EPOUSE||||ERSONNE A PREVENIR||
PV1|1|H|CARDIO^CHAMBRE201^LIT1||||004777^MARTIN^SOPHIE^DR|||CARDIO|||||ADM|A0|
PV2|||^Chirurgie Programmée||||||||||||||||||||||||||||||||||||||20240712
OBX|1|NM|21612-7^POIDS CORPOREL||52|kg|||||F
OBX|2|NM|8302-2^TAILLE||163|cm|||||F
OBX|3|NM|8480-6^PRESSION ARTERIELLE SYSTOLIQUE||154|mm[Hg]|||||F
OBX|4|NM|8462-4^PRESSION ARTERIELLE DIASTOLIQUE||87|mm[Hg]|||||F
OBX|5|NM|2339-0^GLUCOSE SANGUIN||6.2|mmol/L|3.5-5.7|H|||F
AL1|1||^AMOXICILLINE||URTICAIRE|
AL1|2||^ASPIRINE||OEDEME DE QUINCKE|
AL1|3||^ARACHIDES||CHOC ANAPHYLACTIQUE|
DG1|1|CIM10|I21.0^Infarctus transmural aigu du myocarde, de la paroi antérieure|Infarctus du myocarde||A
DG1|2|CIM10|I10^Hypertension essentielle (primitive)|Hypertension artérielle||C
DG1|3|CIM10|E11.9^Diabète sucré de type 2 sans complication|Diabète de type 2||C
PR1|1|CCAM|DDQH001^Coronarographie|Coronarographie||20240710103015
GT1|1|8291|DUPONT^JEAN^MARC^JR^M||123 RUE PRINCIPALE^^PARIS^^75001^FRA|(01)23456789||19610615|M|P/F|SLF|1234567890123||||
IN1|1|SECURITE SOCIALE|1|CPAM|||||||||||||||||||||||||||||||||||||||||||
2025-07-25 17:52:50 - ERROR - Erreur lors de l'envoi HL7 ::
[Errno 54] Connection reset by peer
2025-07-25 17:53:00 - INFO - Port 2575 on 127.0.0.1 is open and accessible.
2025-07-25 17:53:00 - INFO - HL7 message generated::
MSH|^~\&|REGADT|MCM|IFENG||20250725175300||ADT^A01|000001|P|2.5.1|1||
EVN|A01|199601061000|199601101400|1
PID|||24445670^^^HOPITAL^MRN~FR123456^^^DLNUM^DL|253763|MUNRO^Alice||19310710|M|||77 Rue de Varenne^^PARIS^75^75007^||(01)554437765|(06)098866543|FRENCH|S|C|10199925|1641202898334566
NK1|1|DUPONT^MARIE^|EPOUSE||||ERSONNE A PREVENIR||
PV1|1|H|CARDIO^CHAMBRE201^LIT1||||004777^MARTIN^SOPHIE^DR|||CARDIO|||||ADM|A0|
PV2|||^Chirurgie Programmée||||||||||||||||||||||||||||||||||||||20240712
OBX|1|NM|21612-7^POIDS CORPOREL||52|kg|||||F
OBX|2|NM|8302-2^TAILLE||163|cm|||||F
OBX|3|NM|8480-6^PRESSION ARTERIELLE SYSTOLIQUE||154|mm[Hg]|||||F
OBX|4|NM|8462-4^PRESSION ARTERIELLE DIASTOLIQUE||87|mm[Hg]|||||F
OBX|5|NM|2339-0^GLUCOSE SANGUIN||6.2|mmol/L|3.5-5.7|H|||F
AL1|1||^AMOXICILLINE||URTICAIRE|
AL1|2||^ASPIRINE||OEDEME DE QUINCKE|
AL1|3||^ARACHIDES||CHOC ANAPHYLACTIQUE|
DG1|1|CIM10|I21.0^Infarctus transmural aigu du myocarde, de la paroi antérieure|Infarctus du myocarde||A
DG1|2|CIM10|I10^Hypertension essentielle (primitive)|Hypertension artérielle||C
DG1|3|CIM10|E11.9^Diabète sucré de type 2 sans complication|Diabète de type 2||C
PR1|1|CCAM|DDQH001^Coronarographie|Coronarographie||20240710103015
GT1|1|8291|DUPONT^JEAN^MARC^JR^M||123 RUE PRINCIPALE^^PARIS^^75001^FRA|(01)23456789||19610615|M|P/F|SLF|1234567890123||||
IN1|1|SECURITE SOCIALE|1|CPAM|||||||||||||||||||||||||||||||||||||||||||
2025-07-25 17:53:00 - INFO - response received::

MSH|^~\&|IRISHL7|ISC|REGADT|MCM|202507251753||ACK^A01|000001|P|2.5.1|1
MSA|CA|000001



2025-07-25 17:53:03 - INFO - Port 2575 on 127.0.0.1 is open and accessible.
2025-07-25 17:53:03 - INFO - HL7 message generated::
MSH|^~\&|REGADT|MCM|IFENG||20250725175303||ADT^A01|000001|P|2.5.1|1||
EVN|A01|199601061000|199601101400|1
PID|||24445670^^^HOPITAL^MRN~FR123456^^^DLNUM^DL|253763|MUNRO^Alice||19310710|M|||77 Rue de Varenne^^PARIS^75^75007^||(01)554437765|(06)098866543|FRENCH|S|C|10199925|1641202898334566
NK1|1|DUPONT^MARIE^|EPOUSE||||ERSONNE A PREVENIR||
PV1|1|H|CARDIO^CHAMBRE201^LIT1||||004777^MARTIN^SOPHIE^DR|||CARDIO|||||ADM|A0|
PV2|||^Chirurgie Programmée||||||||||||||||||||||||||||||||||||||20240712
OBX|1|NM|21612-7^POIDS CORPOREL||52|kg|||||F
OBX|2|NM|8302-2^TAILLE||163|cm|||||F
OBX|3|NM|8480-6^PRESSION ARTERIELLE SYSTOLIQUE||154|mm[Hg]|||||F
OBX|4|NM|8462-4^PRESSION ARTERIELLE DIASTOLIQUE||87|mm[Hg]|||||F
OBX|5|NM|2339-0^GLUCOSE SANGUIN||6.2|mmol/L|3.5-5.7|H|||F
AL1|1||^AMOXICILLINE||URTICAIRE|
AL1|2||^ASPIRINE||OEDEME DE QUINCKE|
AL1|3||^ARACHIDES||CHOC ANAPHYLACTIQUE|
DG1|1|CIM10|I21.0^Infarctus transmural aigu du myocarde, de la paroi antérieure|Infarctus du myocarde||A
DG1|2|CIM10|I10^Hypertension essentielle (primitive)|Hypertension artérielle||C
DG1|3|CIM10|E11.9^Diabète sucré de type 2 sans complication|Diabète de type 2||C
PR1|1|CCAM|DDQH001^Coronarographie|Coronarographie||20240710103015
GT1|1|8291|DUPONT^JEAN^MARC^JR^M||123 RUE PRINCIPALE^^PARIS^^75001^FRA|(01)23456789||19610615|M|P/F|SLF|1234567890123||||
IN1|1|SECURITE SOCIALE|1|CPAM|||||||||||||||||||||||||||||||||||||||||||
2025-07-25 17:53:03 - INFO - response received::

MSH|^~\&|IRISHL7|ISC|REGADT|MCM|202507251753||ACK^A01|000001|P|2.5.1|1
MSA|CA|000001



2025-07-25 17:53:04 - INFO - Port 2575 on 127.0.0.1 is open and accessible.
2025-07-25 17:53:04 - INFO - HL7 message generated::
MSH|^~\&|REGADT|MCM|IFENG||20250725175304||ADT^A01|000001|P|2.5.1|1||
EVN|A01|199601061000|199601101400|1
PID|||24445670^^^HOPITAL^MRN~FR123456^^^DLNUM^DL|253763|MUNRO^Alice||19310710|M|||77 Rue de Varenne^^PARIS^75^75007^||(01)554437765|(06)098866543|FRENCH|S|C|10199925|1641202898334566
NK1|1|DUPONT^MARIE^|EPOUSE||||ERSONNE A PREVENIR||
PV1|1|H|CARDIO^CHAMBRE201^LIT1||||004777^MARTIN^SOPHIE^DR|||CARDIO|||||ADM|A0|
PV2|||^Chirurgie Programmée||||||||||||||||||||||||||||||||||||||20240712
OBX|1|NM|21612-7^POIDS CORPOREL||52|kg|||||F
OBX|2|NM|8302-2^TAILLE||163|cm|||||F
OBX|3|NM|8480-6^PRESSION ARTERIELLE SYSTOLIQUE||154|mm[Hg]|||||F
OBX|4|NM|8462-4^PRESSION ARTERIELLE DIASTOLIQUE||87|mm[Hg]|||||F
OBX|5|NM|2339-0^GLUCOSE SANGUIN||6.2|mmol/L|3.5-5.7|H|||F
AL1|1||^AMOXICILLINE||URTICAIRE|
AL1|2||^ASPIRINE||OEDEME DE QUINCKE|
AL1|3||^ARACHIDES||CHOC ANAPHYLACTIQUE|
DG1|1|CIM10|I21.0^Infarctus transmural aigu du myocarde, de la paroi antérieure|Infarctus du myocarde||A
DG1|2|CIM10|I10^Hypertension essentielle (primitive)|Hypertension artérielle||C
DG1|3|CIM10|E11.9^Diabète sucré de type 2 sans complication|Diabète de type 2||C
PR1|1|CCAM|DDQH001^Coronarographie|Coronarographie||20240710103015
GT1|1|8291|DUPONT^JEAN^MARC^JR^M||123 RUE PRINCIPALE^^PARIS^^75001^FRA|(01)23456789||19610615|M|P/F|SLF|1234567890123||||
IN1|1|SECURITE SOCIALE|1|CPAM|||||||||||||||||||||||||||||||||||||||||||
2025-07-25 17:53:04 - INFO - response received::

MSH|^~\&|IRISHL7|ISC|REGADT|MCM|202507251753||ACK^A01|000001|P|2.5.1|1
MSA|CA|000001



2025-07-25 17:53:05 - INFO - Port 2575 on 127.0.0.1 is open and accessible.
2025-07-25 17:53:05 - INFO - HL7 message generated::
MSH|^~\&|REGADT|MCM|IFENG||20250725175305||ADT^A01|000001|P|2.5.1|1||
EVN|A01|199601061000|199601101400|1
PID|||24445670^^^HOPITAL^MRN~FR123456^^^DLNUM^DL|253763|MUNRO^Alice||19310710|M|||77 Rue de Varenne^^PARIS^75^75007^||(01)554437765|(06)098866543|FRENCH|S|C|10199925|1641202898334566
NK1|1|DUPONT^MARIE^|EPOUSE||||ERSONNE A PREVENIR||
PV1|1|H|CARDIO^CHAMBRE201^LIT1||||004777^MARTIN^SOPHIE^DR|||CARDIO|||||ADM|A0|
PV2|||^Chirurgie Programmée||||||||||||||||||||||||||||||||||||||20240712
OBX|1|NM|21612-7^POIDS CORPOREL||52|kg|||||F
OBX|2|NM|8302-2^TAILLE||163|cm|||||F
OBX|3|NM|8480-6^PRESSION ARTERIELLE SYSTOLIQUE||154|mm[Hg]|||||F
OBX|4|NM|8462-4^PRESSION ARTERIELLE DIASTOLIQUE||87|mm[Hg]|||||F
OBX|5|NM|2339-0^GLUCOSE SANGUIN||6.2|mmol/L|3.5-5.7|H|||F
AL1|1||^AMOXICILLINE||URTICAIRE|
AL1|2||^ASPIRINE||OEDEME DE QUINCKE|
AL1|3||^ARACHIDES||CHOC ANAPHYLACTIQUE|
DG1|1|CIM10|I21.0^Infarctus transmural aigu du myocarde, de la paroi antérieure|Infarctus du myocarde||A
DG1|2|CIM10|I10^Hypertension essentielle (primitive)|Hypertension artérielle||C
DG1|3|CIM10|E11.9^Diabète sucré de type 2 sans complication|Diabète de type 2||C
PR1|1|CCAM|DDQH001^Coronarographie|Coronarographie||20240710103015
GT1|1|8291|DUPONT^JEAN^MARC^JR^M||123 RUE PRINCIPALE^^PARIS^^75001^FRA|(01)23456789||19610615|M|P/F|SLF|1234567890123||||
IN1|1|SECURITE SOCIALE|1|CPAM|||||||||||||||||||||||||||||||||||||||||||
2025-07-25 17:53:05 - INFO - response received::

MSH|^~\&|IRISHL7|ISC|REGADT|MCM|202507251753||ACK^A01|000001|P|2.5.1|1
MSA|CA|000001



2025-07-25 17:53:06 - INFO - Port 2575 on 127.0.0.1 is open and accessible.
2025-07-25 17:53:06 - INFO - HL7 message generated::
MSH|^~\&|REGADT|MCM|IFENG||20250725175305||ADT^A01|000001|P|2.5.1|1||
EVN|A01|199601061000|199601101400|1
PID|||24445670^^^HOPITAL^MRN~FR123456^^^DLNUM^DL|253763|MUNRO^Alice||19310710|M|||77 Rue de Varenne^^PARIS^75^75007^||(01)554437765|(06)098866543|FRENCH|S|C|10199925|1641202898334566
NK1|1|DUPONT^MARIE^|EPOUSE||||ERSONNE A PREVENIR||
PV1|1|H|CARDIO^CHAMBRE201^LIT1||||004777^MARTIN^SOPHIE^DR|||CARDIO|||||ADM|A0|
PV2|||^Chirurgie Programmée||||||||||||||||||||||||||||||||||||||20240712
OBX|1|NM|21612-7^POIDS CORPOREL||52|kg|||||F
OBX|2|NM|8302-2^TAILLE||163|cm|||||F
OBX|3|NM|8480-6^PRESSION ARTERIELLE SYSTOLIQUE||154|mm[Hg]|||||F
OBX|4|NM|8462-4^PRESSION ARTERIELLE DIASTOLIQUE||87|mm[Hg]|||||F
OBX|5|NM|2339-0^GLUCOSE SANGUIN||6.2|mmol/L|3.5-5.7|H|||F
AL1|1||^AMOXICILLINE||URTICAIRE|
AL1|2||^ASPIRINE||OEDEME DE QUINCKE|
AL1|3||^ARACHIDES||CHOC ANAPHYLACTIQUE|
DG1|1|CIM10|I21.0^Infarctus transmural aigu du myocarde, de la paroi antérieure|Infarctus du myocarde||A
DG1|2|CIM10|I10^Hypertension essentielle (primitive)|Hypertension artérielle||C
DG1|3|CIM10|E11.9^Diabète sucré de type 2 sans complication|Diabète de type 2||C
PR1|1|CCAM|DDQH001^Coronarographie|Coronarographie||20240710103015
GT1|1|8291|DUPONT^JEAN^MARC^JR^M||123 RUE PRINCIPALE^^PARIS^^75001^FRA|(01)23456789||19610615|M|P/F|SLF|1234567890123||||
IN1|1|SECURITE SOCIALE|1|CPAM|||||||||||||||||||||||||||||||||||||||||||
2025-07-25 17:53:06 - INFO - response received::

MSH|^~\&|IRISHL7|ISC|REGADT|MCM|202507251753||ACK^A01|000001|P|2.5.1|1
MSA|CA|000001



2025-07-25 17:53:06 - INFO - Port 2575 on 127.0.0.1 is open and accessible.
2025-07-25 17:53:06 - INFO - HL7 message generated::
MSH|^~\&|REGADT|MCM|IFENG||20250725175306||ADT^A01|000001|P|2.5.1|1||
EVN|A01|199601061000|199601101400|1
PID|||24445670^^^HOPITAL^MRN~FR123456^^^DLNUM^DL|253763|MUNRO^Alice||19310710|M|||77 Rue de Varenne^^PARIS^75^75007^||(01)554437765|(06)098866543|FRENCH|S|C|10199925|1641202898334566
NK1|1|DUPONT^MARIE^|EPOUSE||||ERSONNE A PREVENIR||
PV1|1|H|CARDIO^CHAMBRE201^LIT1||||004777^MARTIN^SOPHIE^DR|||CARDIO|||||ADM|A0|
PV2|||^Chirurgie Programmée||||||||||||||||||||||||||||||||||||||20240712
OBX|1|NM|21612-7^POIDS CORPOREL||52|kg|||||F
OBX|2|NM|8302-2^TAILLE||163|cm|||||F
OBX|3|NM|8480-6^PRESSION ARTERIELLE SYSTOLIQUE||154|mm[Hg]|||||F
OBX|4|NM|8462-4^PRESSION ARTERIELLE DIASTOLIQUE||87|mm[Hg]|||||F
OBX|5|NM|2339-0^GLUCOSE SANGUIN||6.2|mmol/L|3.5-5.7|H|||F
AL1|1||^AMOXICILLINE||URTICAIRE|
AL1|2||^ASPIRINE||OEDEME DE QUINCKE|
AL1|3||^ARACHIDES||CHOC ANAPHYLACTIQUE|
DG1|1|CIM10|I21.0^Infarctus transmural aigu du myocarde, de la paroi antérieure|Infarctus du myocarde||A
DG1|2|CIM10|I10^Hypertension essentielle (primitive)|Hypertension artérielle||C
DG1|3|CIM10|E11.9^Diabète sucré de type 2 sans complication|Diabète de type 2||C
PR1|1|CCAM|DDQH001^Coronarographie|Coronarographie||20240710103015
GT1|1|8291|DUPONT^JEAN^MARC^JR^M||123 RUE PRINCIPALE^^PARIS^^75001^FRA|(01)23456789||19610615|M|P/F|SLF|1234567890123||||
IN1|1|SECURITE SOCIALE|1|CPAM|||||||||||||||||||||||||||||||||||||||||||
2025-07-25 17:53:06 - INFO - response received::

MSH|^~\&|IRISHL7|ISC|REGADT|MCM|202507251753||ACK^A01|000001|P|2.5.1|1
MSA|CA|000001



2025-07-25 17:53:07 - INFO - Port 2575 on 127.0.0.1 is open and accessible.
2025-07-25 17:53:07 - INFO - HL7 message generated::
MSH|^~\&|REGADT|MCM|IFENG||20250725175307||ADT^A01|000001|P|2.5.1|1||
EVN|A01|199601061000|199601101400|1
PID|||24445670^^^HOPITAL^MRN~FR123456^^^DLNUM^DL|253763|MUNRO^Alice||19310710|M|||77 Rue de Varenne^^PARIS^75^75007^||(01)554437765|(06)098866543|FRENCH|S|C|10199925|1641202898334566
NK1|1|DUPONT^MARIE^|EPOUSE||||ERSONNE A PREVENIR||
PV1|1|H|CARDIO^CHAMBRE201^LIT1||||004777^MARTIN^SOPHIE^DR|||CARDIO|||||ADM|A0|
PV2|||^Chirurgie Programmée||||||||||||||||||||||||||||||||||||||20240712
OBX|1|NM|21612-7^POIDS CORPOREL||52|kg|||||F
OBX|2|NM|8302-2^TAILLE||163|cm|||||F
OBX|3|NM|8480-6^PRESSION ARTERIELLE SYSTOLIQUE||154|mm[Hg]|||||F
OBX|4|NM|8462-4^PRESSION ARTERIELLE DIASTOLIQUE||87|mm[Hg]|||||F
OBX|5|NM|2339-0^GLUCOSE SANGUIN||6.2|mmol/L|3.5-5.7|H|||F
AL1|1||^AMOXICILLINE||URTICAIRE|
AL1|2||^ASPIRINE||OEDEME DE QUINCKE|
AL1|3||^ARACHIDES||CHOC ANAPHYLACTIQUE|
DG1|1|CIM10|I21.0^Infarctus transmural aigu du myocarde, de la paroi antérieure|Infarctus du myocarde||A
DG1|2|CIM10|I10^Hypertension essentielle (primitive)|Hypertension artérielle||C
DG1|3|CIM10|E11.9^Diabète sucré de type 2 sans complication|Diabète de type 2||C
PR1|1|CCAM|DDQH001^Coronarographie|Coronarographie||20240710103015
GT1|1|8291|DUPONT^JEAN^MARC^JR^M||123 RUE PRINCIPALE^^PARIS^^75001^FRA|(01)23456789||19610615|M|P/F|SLF|1234567890123||||
IN1|1|SECURITE SOCIALE|1|CPAM|||||||||||||||||||||||||||||||||||||||||||
2025-07-25 17:53:07 - INFO - response received::

MSH|^~\&|IRISHL7|ISC|REGADT|MCM|202507251753||ACK^A01|000001|P|2.5.1|1
MSA|CA|000001



2025-07-25 17:53:07 - INFO - Port 2575 on 127.0.0.1 is open and accessible.
2025-07-25 17:53:07 - INFO - HL7 message generated::
MSH|^~\&|REGADT|MCM|IFENG||20250725175307||ADT^A01|000001|P|2.5.1|1||
EVN|A01|199601061000|199601101400|1
PID|||24445670^^^HOPITAL^MRN~FR123456^^^DLNUM^DL|253763|MUNRO^Alice||19310710|M|||77 Rue de Varenne^^PARIS^75^75007^||(01)554437765|(06)098866543|FRENCH|S|C|10199925|1641202898334566
NK1|1|DUPONT^MARIE^|EPOUSE||||ERSONNE A PREVENIR||
PV1|1|H|CARDIO^CHAMBRE201^LIT1||||004777^MARTIN^SOPHIE^DR|||CARDIO|||||ADM|A0|
PV2|||^Chirurgie Programmée||||||||||||||||||||||||||||||||||||||20240712
OBX|1|NM|21612-7^POIDS CORPOREL||52|kg|||||F
OBX|2|NM|8302-2^TAILLE||163|cm|||||F
OBX|3|NM|8480-6^PRESSION ARTERIELLE SYSTOLIQUE||154|mm[Hg]|||||F
OBX|4|NM|8462-4^PRESSION ARTERIELLE DIASTOLIQUE||87|mm[Hg]|||||F
OBX|5|NM|2339-0^GLUCOSE SANGUIN||6.2|mmol/L|3.5-5.7|H|||F
AL1|1||^AMOXICILLINE||URTICAIRE|
AL1|2||^ASPIRINE||OEDEME DE QUINCKE|
AL1|3||^ARACHIDES||CHOC ANAPHYLACTIQUE|
DG1|1|CIM10|I21.0^Infarctus transmural aigu du myocarde, de la paroi antérieure|Infarctus du myocarde||A
DG1|2|CIM10|I10^Hypertension essentielle (primitive)|Hypertension artérielle||C
DG1|3|CIM10|E11.9^Diabète sucré de type 2 sans complication|Diabète de type 2||C
PR1|1|CCAM|DDQH001^Coronarographie|Coronarographie||20240710103015
GT1|1|8291|DUPONT^JEAN^MARC^JR^M||123 RUE PRINCIPALE^^PARIS^^75001^FRA|(01)23456789||19610615|M|P/F|SLF|1234567890123||||
IN1|1|SECURITE SOCIALE|1|CPAM|||||||||||||||||||||||||||||||||||||||||||
2025-07-25 17:53:07 - INFO - response received::

MSH|^~\&|IRISHL7|ISC|REGADT|MCM|202507251753||ACK^A01|000001|P|2.5.1|1
MSA|CA|000001



2025-07-25 17:53:08 - INFO - Port 2575 on 127.0.0.1 is open and accessible.
2025-07-25 17:53:08 - INFO - HL7 message generated::
MSH|^~\&|REGADT|MCM|IFENG||20250725175308||ADT^A01|000001|P|2.5.1|1||
EVN|A01|199601061000|199601101400|1
PID|||24445670^^^HOPITAL^MRN~FR123456^^^DLNUM^DL|253763|MUNRO^Alice||19310710|M|||77 Rue de Varenne^^PARIS^75^75007^||(01)554437765|(06)098866543|FRENCH|S|C|10199925|1641202898334566
NK1|1|DUPONT^MARIE^|EPOUSE||||ERSONNE A PREVENIR||
PV1|1|H|CARDIO^CHAMBRE201^LIT1||||004777^MARTIN^SOPHIE^DR|||CARDIO|||||ADM|A0|
PV2|||^Chirurgie Programmée||||||||||||||||||||||||||||||||||||||20240712
OBX|1|NM|21612-7^POIDS CORPOREL||52|kg|||||F
OBX|2|NM|8302-2^TAILLE||163|cm|||||F
OBX|3|NM|8480-6^PRESSION ARTERIELLE SYSTOLIQUE||154|mm[Hg]|||||F
OBX|4|NM|8462-4^PRESSION ARTERIELLE DIASTOLIQUE||87|mm[Hg]|||||F
OBX|5|NM|2339-0^GLUCOSE SANGUIN||6.2|mmol/L|3.5-5.7|H|||F
AL1|1||^AMOXICILLINE||URTICAIRE|
AL1|2||^ASPIRINE||OEDEME DE QUINCKE|
AL1|3||^ARACHIDES||CHOC ANAPHYLACTIQUE|
DG1|1|CIM10|I21.0^Infarctus transmural aigu du myocarde, de la paroi antérieure|Infarctus du myocarde||A
DG1|2|CIM10|I10^Hypertension essentielle (primitive)|Hypertension artérielle||C
DG1|3|CIM10|E11.9^Diabète sucré de type 2 sans complication|Diabète de type 2||C
PR1|1|CCAM|DDQH001^Coronarographie|Coronarographie||20240710103015
GT1|1|8291|DUPONT^JEAN^MARC^JR^M||123 RUE PRINCIPALE^^PARIS^^75001^FRA|(01)23456789||19610615|M|P/F|SLF|1234567890123||||
IN1|1|SECURITE SOCIALE|1|CPAM|||||||||||||||||||||||||||||||||||||||||||
2025-07-25 17:53:08 - INFO - response received::

MSH|^~\&|IRISHL7|ISC|REGADT|MCM|202507251753||ACK^A01|000001|P|2.5.1|1
MSA|CA|000001



2025-07-25 17:53:08 - INFO - Port 2575 on 127.0.0.1 is open and accessible.
2025-07-25 17:53:08 - INFO - HL7 message generated::
MSH|^~\&|REGADT|MCM|IFENG||20250725175308||ADT^A01|000001|P|2.5.1|1||
EVN|A01|199601061000|199601101400|1
PID|||24445670^^^HOPITAL^MRN~FR123456^^^DLNUM^DL|253763|MUNRO^Alice||19310710|M|||77 Rue de Varenne^^PARIS^75^75007^||(01)554437765|(06)098866543|FRENCH|S|C|10199925|1641202898334566
NK1|1|DUPONT^MARIE^|EPOUSE||||ERSONNE A PREVENIR||
PV1|1|H|CARDIO^CHAMBRE201^LIT1||||004777^MARTIN^SOPHIE^DR|||CARDIO|||||ADM|A0|
PV2|||^Chirurgie Programmée||||||||||||||||||||||||||||||||||||||20240712
OBX|1|NM|21612-7^POIDS CORPOREL||52|kg|||||F
OBX|2|NM|8302-2^TAILLE||163|cm|||||F
OBX|3|NM|8480-6^PRESSION ARTERIELLE SYSTOLIQUE||154|mm[Hg]|||||F
OBX|4|NM|8462-4^PRESSION ARTERIELLE DIASTOLIQUE||87|mm[Hg]|||||F
OBX|5|NM|2339-0^GLUCOSE SANGUIN||6.2|mmol/L|3.5-5.7|H|||F
AL1|1||^AMOXICILLINE||URTICAIRE|
AL1|2||^ASPIRINE||OEDEME DE QUINCKE|
AL1|3||^ARACHIDES||CHOC ANAPHYLACTIQUE|
DG1|1|CIM10|I21.0^Infarctus transmural aigu du myocarde, de la paroi antérieure|Infarctus du myocarde||A
DG1|2|CIM10|I10^Hypertension essentielle (primitive)|Hypertension artérielle||C
DG1|3|CIM10|E11.9^Diabète sucré de type 2 sans complication|Diabète de type 2||C
PR1|1|CCAM|DDQH001^Coronarographie|Coronarographie||20240710103015
GT1|1|8291|DUPONT^JEAN^MARC^JR^M||123 RUE PRINCIPALE^^PARIS^^75001^FRA|(01)23456789||19610615|M|P/F|SLF|1234567890123||||
IN1|1|SECURITE SOCIALE|1|CPAM|||||||||||||||||||||||||||||||||||||||||||
2025-07-25 17:53:08 - INFO - response received::

MSH|^~\&|IRISHL7|ISC|REGADT|MCM|202507251753||ACK^A01|000001|P|2.5.1|1
MSA|CA|000001



2025-07-25 17:53:08 - INFO - Port 2575 on 127.0.0.1 is open and accessible.
2025-07-25 17:53:08 - INFO - HL7 message generated::
MSH|^~\&|REGADT|MCM|IFENG||20250725175308||ADT^A01|000001|P|2.5.1|1||
EVN|A01|199601061000|199601101400|1
PID|||24445670^^^HOPITAL^MRN~FR123456^^^DLNUM^DL|253763|MUNRO^Alice||19310710|M|||77 Rue de Varenne^^PARIS^75^75007^||(01)554437765|(06)098866543|FRENCH|S|C|10199925|1641202898334566
NK1|1|DUPONT^MARIE^|EPOUSE||||ERSONNE A PREVENIR||
PV1|1|H|CARDIO^CHAMBRE201^LIT1||||004777^MARTIN^SOPHIE^DR|||CARDIO|||||ADM|A0|
PV2|||^Chirurgie Programmée||||||||||||||||||||||||||||||||||||||20240712
OBX|1|NM|21612-7^POIDS CORPOREL||52|kg|||||F
OBX|2|NM|8302-2^TAILLE||163|cm|||||F
OBX|3|NM|8480-6^PRESSION ARTERIELLE SYSTOLIQUE||154|mm[Hg]|||||F
OBX|4|NM|8462-4^PRESSION ARTERIELLE DIASTOLIQUE||87|mm[Hg]|||||F
OBX|5|NM|2339-0^GLUCOSE SANGUIN||6.2|mmol/L|3.5-5.7|H|||F
AL1|1||^AMOXICILLINE||URTICAIRE|
AL1|2||^ASPIRINE||OEDEME DE QUINCKE|
AL1|3||^ARACHIDES||CHOC ANAPHYLACTIQUE|
DG1|1|CIM10|I21.0^Infarctus transmural aigu du myocarde, de la paroi antérieure|Infarctus du myocarde||A
DG1|2|CIM10|I10^Hypertension essentielle (primitive)|Hypertension artérielle||C
DG1|3|CIM10|E11.9^Diabète sucré de type 2 sans complication|Diabète de type 2||C
PR1|1|CCAM|DDQH001^Coronarographie|Coronarographie||20240710103015
GT1|1|8291|DUPONT^JEAN^MARC^JR^M||123 RUE PRINCIPALE^^PARIS^^75001^FRA|(01)23456789||19610615|M|P/F|SLF|1234567890123||||
IN1|1|SECURITE SOCIALE|1|CPAM|||||||||||||||||||||||||||||||||||||||||||
2025-07-25 17:53:08 - INFO - response received::

MSH|^~\&|IRISHL7|ISC|REGADT|MCM|202507251753||ACK^A01|000001|P|2.5.1|1
MSA|CA|000001



2025-07-25 17:53:09 - INFO - Port 2575 on 127.0.0.1 is open and accessible.
2025-07-25 17:53:09 - INFO - HL7 message generated::
MSH|^~\&|REGADT|MCM|IFENG||20250725175309||ADT^A01|000001|P|2.5.1|1||
EVN|A01|199601061000|199601101400|1
PID|||24445670^^^HOPITAL^MRN~FR123456^^^DLNUM^DL|253763|MUNRO^Alice||19310710|M|||77 Rue de Varenne^^PARIS^75^75007^||(01)554437765|(06)098866543|FRENCH|S|C|10199925|1641202898334566
NK1|1|DUPONT^MARIE^|EPOUSE||||ERSONNE A PREVENIR||
PV1|1|H|CARDIO^CHAMBRE201^LIT1||||004777^MARTIN^SOPHIE^DR|||CARDIO|||||ADM|A0|
PV2|||^Chirurgie Programmée||||||||||||||||||||||||||||||||||||||20240712
OBX|1|NM|21612-7^POIDS CORPOREL||52|kg|||||F
OBX|2|NM|8302-2^TAILLE||163|cm|||||F
OBX|3|NM|8480-6^PRESSION ARTERIELLE SYSTOLIQUE||154|mm[Hg]|||||F
OBX|4|NM|8462-4^PRESSION ARTERIELLE DIASTOLIQUE||87|mm[Hg]|||||F
OBX|5|NM|2339-0^GLUCOSE SANGUIN||6.2|mmol/L|3.5-5.7|H|||F
AL1|1||^AMOXICILLINE||URTICAIRE|
AL1|2||^ASPIRINE||OEDEME DE QUINCKE|
AL1|3||^ARACHIDES||CHOC ANAPHYLACTIQUE|
DG1|1|CIM10|I21.0^Infarctus transmural aigu du myocarde, de la paroi antérieure|Infarctus du myocarde||A
DG1|2|CIM10|I10^Hypertension essentielle (primitive)|Hypertension artérielle||C
DG1|3|CIM10|E11.9^Diabète sucré de type 2 sans complication|Diabète de type 2||C
PR1|1|CCAM|DDQH001^Coronarographie|Coronarographie||20240710103015
GT1|1|8291|DUPONT^JEAN^MARC^JR^M||123 RUE PRINCIPALE^^PARIS^^75001^FRA|(01)23456789||19610615|M|P/F|SLF|1234567890123||||
IN1|1|SECURITE SOCIALE|1|CPAM|||||||||||||||||||||||||||||||||||||||||||
2025-07-25 17:53:09 - INFO - response received::

MSH|^~\&|IRISHL7|ISC|REGADT|MCM|202507251753||ACK^A01|000001|P|2.5.1|1
MSA|CA|000001



2025-07-25 17:53:09 - INFO - Port 2575 on 127.0.0.1 is open and accessible.
2025-07-25 17:53:09 - INFO - HL7 message generated::
MSH|^~\&|REGADT|MCM|IFENG||20250725175309||ADT^A01|000001|P|2.5.1|1||
EVN|A01|199601061000|199601101400|1
PID|||24445670^^^HOPITAL^MRN~FR123456^^^DLNUM^DL|253763|MUNRO^Alice||19310710|M|||77 Rue de Varenne^^PARIS^75^75007^||(01)554437765|(06)098866543|FRENCH|S|C|10199925|1641202898334566
NK1|1|DUPONT^MARIE^|EPOUSE||||ERSONNE A PREVENIR||
PV1|1|H|CARDIO^CHAMBRE201^LIT1||||004777^MARTIN^SOPHIE^DR|||CARDIO|||||ADM|A0|
PV2|||^Chirurgie Programmée||||||||||||||||||||||||||||||||||||||20240712
OBX|1|NM|21612-7^POIDS CORPOREL||52|kg|||||F
OBX|2|NM|8302-2^TAILLE||163|cm|||||F
OBX|3|NM|8480-6^PRESSION ARTERIELLE SYSTOLIQUE||154|mm[Hg]|||||F
OBX|4|NM|8462-4^PRESSION ARTERIELLE DIASTOLIQUE||87|mm[Hg]|||||F
OBX|5|NM|2339-0^GLUCOSE SANGUIN||6.2|mmol/L|3.5-5.7|H|||F
AL1|1||^AMOXICILLINE||URTICAIRE|
AL1|2||^ASPIRINE||OEDEME DE QUINCKE|
AL1|3||^ARACHIDES||CHOC ANAPHYLACTIQUE|
DG1|1|CIM10|I21.0^Infarctus transmural aigu du myocarde, de la paroi antérieure|Infarctus du myocarde||A
DG1|2|CIM10|I10^Hypertension essentielle (primitive)|Hypertension artérielle||C
DG1|3|CIM10|E11.9^Diabète sucré de type 2 sans complication|Diabète de type 2||C
PR1|1|CCAM|DDQH001^Coronarographie|Coronarographie||20240710103015
GT1|1|8291|DUPONT^JEAN^MARC^JR^M||123 RUE PRINCIPALE^^PARIS^^75001^FRA|(01)23456789||19610615|M|P/F|SLF|1234567890123||||
IN1|1|SECURITE SOCIALE|1|CPAM|||||||||||||||||||||||||||||||||||||||||||
2025-07-25 17:53:09 - INFO - response received::

MSH|^~\&|IRISHL7|ISC|REGADT|MCM|202507251753||ACK^A01|000001|P|2.5.1|1
MSA|CA|000001



2025-07-25 17:53:10 - INFO - Port 2575 on 127.0.0.1 is open and accessible.
2025-07-25 17:53:10 - INFO - HL7 message generated::
MSH|^~\&|REGADT|MCM|IFENG||20250725175310||ADT^A01|000001|P|2.5.1|1||
EVN|A01|199601061000|199601101400|1
PID|||24445670^^^HOPITAL^MRN~FR123456^^^DLNUM^DL|253763|MUNRO^Alice||19310710|M|||77 Rue de Varenne^^PARIS^75^75007^||(01)554437765|(06)098866543|FRENCH|S|C|10199925|1641202898334566
NK1|1|DUPONT^MARIE^|EPOUSE||||ERSONNE A PREVENIR||
PV1|1|H|CARDIO^CHAMBRE201^LIT1||||004777^MARTIN^SOPHIE^DR|||CARDIO|||||ADM|A0|
PV2|||^Chirurgie Programmée||||||||||||||||||||||||||||||||||||||20240712
OBX|1|NM|21612-7^POIDS CORPOREL||52|kg|||||F
OBX|2|NM|8302-2^TAILLE||163|cm|||||F
OBX|3|NM|8480-6^PRESSION ARTERIELLE SYSTOLIQUE||154|mm[Hg]|||||F
OBX|4|NM|8462-4^PRESSION ARTERIELLE DIASTOLIQUE||87|mm[Hg]|||||F
OBX|5|NM|2339-0^GLUCOSE SANGUIN||6.2|mmol/L|3.5-5.7|H|||F
AL1|1||^AMOXICILLINE||URTICAIRE|
AL1|2||^ASPIRINE||OEDEME DE QUINCKE|
AL1|3||^ARACHIDES||CHOC ANAPHYLACTIQUE|
DG1|1|CIM10|I21.0^Infarctus transmural aigu du myocarde, de la paroi antérieure|Infarctus du myocarde||A
DG1|2|CIM10|I10^Hypertension essentielle (primitive)|Hypertension artérielle||C
DG1|3|CIM10|E11.9^Diabète sucré de type 2 sans complication|Diabète de type 2||C
PR1|1|CCAM|DDQH001^Coronarographie|Coronarographie||20240710103015
GT1|1|8291|DUPONT^JEAN^MARC^JR^M||123 RUE PRINCIPALE^^PARIS^^75001^FRA|(01)23456789||19610615|M|P/F|SLF|1234567890123||||
IN1|1|SECURITE SOCIALE|1|CPAM|||||||||||||||||||||||||||||||||||||||||||
2025-07-25 17:53:10 - INFO - response received::

MSH|^~\&|IRISHL7|ISC|REGADT|MCM|202507251753||ACK^A01|000001|P|2.5.1|1
MSA|CA|000001



2025-07-25 17:53:10 - INFO - Port 2575 on 127.0.0.1 is open and accessible.
2025-07-25 17:53:10 - INFO - HL7 message generated::
MSH|^~\&|REGADT|MCM|IFENG||20250725175310||ADT^A01|000001|P|2.5.1|1||
EVN|A01|199601061000|199601101400|1
PID|||24445670^^^HOPITAL^MRN~FR123456^^^DLNUM^DL|253763|MUNRO^Alice||19310710|M|||77 Rue de Varenne^^PARIS^75^75007^||(01)554437765|(06)098866543|FRENCH|S|C|10199925|1641202898334566
NK1|1|DUPONT^MARIE^|EPOUSE||||ERSONNE A PREVENIR||
PV1|1|H|CARDIO^CHAMBRE201^LIT1||||004777^MARTIN^SOPHIE^DR|||CARDIO|||||ADM|A0|
PV2|||^Chirurgie Programmée||||||||||||||||||||||||||||||||||||||20240712
OBX|1|NM|21612-7^POIDS CORPOREL||52|kg|||||F
OBX|2|NM|8302-2^TAILLE||163|cm|||||F
OBX|3|NM|8480-6^PRESSION ARTERIELLE SYSTOLIQUE||154|mm[Hg]|||||F
OBX|4|NM|8462-4^PRESSION ARTERIELLE DIASTOLIQUE||87|mm[Hg]|||||F
OBX|5|NM|2339-0^GLUCOSE SANGUIN||6.2|mmol/L|3.5-5.7|H|||F
AL1|1||^AMOXICILLINE||URTICAIRE|
AL1|2||^ASPIRINE||OEDEME DE QUINCKE|
AL1|3||^ARACHIDES||CHOC ANAPHYLACTIQUE|
DG1|1|CIM10|I21.0^Infarctus transmural aigu du myocarde, de la paroi antérieure|Infarctus du myocarde||A
DG1|2|CIM10|I10^Hypertension essentielle (primitive)|Hypertension artérielle||C
DG1|3|CIM10|E11.9^Diabète sucré de type 2 sans complication|Diabète de type 2||C
PR1|1|CCAM|DDQH001^Coronarographie|Coronarographie||20240710103015
GT1|1|8291|DUPONT^JEAN^MARC^JR^M||123 RUE PRINCIPALE^^PARIS^^75001^FRA|(01)23456789||19610615|M|P/F|SLF|1234567890123||||
IN1|1|SECURITE SOCIALE|1|CPAM|||||||||||||||||||||||||||||||||||||||||||
2025-07-25 17:53:10 - INFO - response received::

MSH|^~\&|IRISHL7|ISC|REGADT|MCM|202507251753||ACK^A01|000001|P|2.5.1|1
MSA|CA|000001



2025-07-25 17:53:10 - INFO - Port 2575 on 127.0.0.1 is open and accessible.
2025-07-25 17:53:10 - INFO - HL7 message generated::
MSH|^~\&|REGADT|MCM|IFENG||20250725175310||ADT^A01|000001|P|2.5.1|1||
EVN|A01|199601061000|199601101400|1
PID|||24445670^^^HOPITAL^MRN~FR123456^^^DLNUM^DL|253763|MUNRO^Alice||19310710|M|||77 Rue de Varenne^^PARIS^75^75007^||(01)554437765|(06)098866543|FRENCH|S|C|10199925|1641202898334566
NK1|1|DUPONT^MARIE^|EPOUSE||||ERSONNE A PREVENIR||
PV1|1|H|CARDIO^CHAMBRE201^LIT1||||004777^MARTIN^SOPHIE^DR|||CARDIO|||||ADM|A0|
PV2|||^Chirurgie Programmée||||||||||||||||||||||||||||||||||||||20240712
OBX|1|NM|21612-7^POIDS CORPOREL||52|kg|||||F
OBX|2|NM|8302-2^TAILLE||163|cm|||||F
OBX|3|NM|8480-6^PRESSION ARTERIELLE SYSTOLIQUE||154|mm[Hg]|||||F
OBX|4|NM|8462-4^PRESSION ARTERIELLE DIASTOLIQUE||87|mm[Hg]|||||F
OBX|5|NM|2339-0^GLUCOSE SANGUIN||6.2|mmol/L|3.5-5.7|H|||F
AL1|1||^AMOXICILLINE||URTICAIRE|
AL1|2||^ASPIRINE||OEDEME DE QUINCKE|
AL1|3||^ARACHIDES||CHOC ANAPHYLACTIQUE|
DG1|1|CIM10|I21.0^Infarctus transmural aigu du myocarde, de la paroi antérieure|Infarctus du myocarde||A
DG1|2|CIM10|I10^Hypertension essentielle (primitive)|Hypertension artérielle||C
DG1|3|CIM10|E11.9^Diabète sucré de type 2 sans complication|Diabète de type 2||C
PR1|1|CCAM|DDQH001^Coronarographie|Coronarographie||20240710103015
GT1|1|8291|DUPONT^JEAN^MARC^JR^M||123 RUE PRINCIPALE^^PARIS^^75001^FRA|(01)23456789||19610615|M|P/F|SLF|1234567890123||||
IN1|1|SECURITE SOCIALE|1|CPAM|||||||||||||||||||||||||||||||||||||||||||
2025-07-25 17:53:10 - INFO - response received::

MSH|^~\&|IRISHL7|ISC|REGADT|MCM|202507251753||ACK^A01|000001|P|2.5.1|1
MSA|CA|000001



2025-07-25 17:53:10 - INFO - Port 2575 on 127.0.0.1 is open and accessible.
2025-07-25 17:53:10 - INFO - HL7 message generated::
MSH|^~\&|REGADT|MCM|IFENG||20250725175310||ADT^A01|000001|P|2.5.1|1||
EVN|A01|199601061000|199601101400|1
PID|||24445670^^^HOPITAL^MRN~FR123456^^^DLNUM^DL|253763|MUNRO^Alice||19310710|M|||77 Rue de Varenne^^PARIS^75^75007^||(01)554437765|(06)098866543|FRENCH|S|C|10199925|1641202898334566
NK1|1|DUPONT^MARIE^|EPOUSE||||ERSONNE A PREVENIR||
PV1|1|H|CARDIO^CHAMBRE201^LIT1||||004777^MARTIN^SOPHIE^DR|||CARDIO|||||ADM|A0|
PV2|||^Chirurgie Programmée||||||||||||||||||||||||||||||||||||||20240712
OBX|1|NM|21612-7^POIDS CORPOREL||52|kg|||||F
OBX|2|NM|8302-2^TAILLE||163|cm|||||F
OBX|3|NM|8480-6^PRESSION ARTERIELLE SYSTOLIQUE||154|mm[Hg]|||||F
OBX|4|NM|8462-4^PRESSION ARTERIELLE DIASTOLIQUE||87|mm[Hg]|||||F
OBX|5|NM|2339-0^GLUCOSE SANGUIN||6.2|mmol/L|3.5-5.7|H|||F
AL1|1||^AMOXICILLINE||URTICAIRE|
AL1|2||^ASPIRINE||OEDEME DE QUINCKE|
AL1|3||^ARACHIDES||CHOC ANAPHYLACTIQUE|
DG1|1|CIM10|I21.0^Infarctus transmural aigu du myocarde, de la paroi antérieure|Infarctus du myocarde||A
DG1|2|CIM10|I10^Hypertension essentielle (primitive)|Hypertension artérielle||C
DG1|3|CIM10|E11.9^Diabète sucré de type 2 sans complication|Diabète de type 2||C
PR1|1|CCAM|DDQH001^Coronarographie|Coronarographie||20240710103015
GT1|1|8291|DUPONT^JEAN^MARC^JR^M||123 RUE PRINCIPALE^^PARIS^^75001^FRA|(01)23456789||19610615|M|P/F|SLF|1234567890123||||
IN1|1|SECURITE SOCIALE|1|CPAM|||||||||||||||||||||||||||||||||||||||||||
2025-07-25 17:53:10 - INFO - response received::

MSH|^~\&|IRISHL7|ISC|REGADT|MCM|202507251753||ACK^A01|000001|P|2.5.1|1
MSA|CA|000001



2025-07-25 17:53:11 - INFO - Port 2575 on 127.0.0.1 is open and accessible.
2025-07-25 17:53:11 - INFO - HL7 message generated::
MSH|^~\&|REGADT|MCM|IFENG||20250725175311||ADT^A01|000001|P|2.5.1|1||
EVN|A01|199601061000|199601101400|1
PID|||24445670^^^HOPITAL^MRN~FR123456^^^DLNUM^DL|253763|MUNRO^Alice||19310710|M|||77 Rue de Varenne^^PARIS^75^75007^||(01)554437765|(06)098866543|FRENCH|S|C|10199925|1641202898334566
NK1|1|DUPONT^MARIE^|EPOUSE||||ERSONNE A PREVENIR||
PV1|1|H|CARDIO^CHAMBRE201^LIT1||||004777^MARTIN^SOPHIE^DR|||CARDIO|||||ADM|A0|
PV2|||^Chirurgie Programmée||||||||||||||||||||||||||||||||||||||20240712
OBX|1|NM|21612-7^POIDS CORPOREL||52|kg|||||F
OBX|2|NM|8302-2^TAILLE||163|cm|||||F
OBX|3|NM|8480-6^PRESSION ARTERIELLE SYSTOLIQUE||154|mm[Hg]|||||F
OBX|4|NM|8462-4^PRESSION ARTERIELLE DIASTOLIQUE||87|mm[Hg]|||||F
OBX|5|NM|2339-0^GLUCOSE SANGUIN||6.2|mmol/L|3.5-5.7|H|||F
AL1|1||^AMOXICILLINE||URTICAIRE|
AL1|2||^ASPIRINE||OEDEME DE QUINCKE|
AL1|3||^ARACHIDES||CHOC ANAPHYLACTIQUE|
DG1|1|CIM10|I21.0^Infarctus transmural aigu du myocarde, de la paroi antérieure|Infarctus du myocarde||A
DG1|2|CIM10|I10^Hypertension essentielle (primitive)|Hypertension artérielle||C
DG1|3|CIM10|E11.9^Diabète sucré de type 2 sans complication|Diabète de type 2||C
PR1|1|CCAM|DDQH001^Coronarographie|Coronarographie||20240710103015
GT1|1|8291|DUPONT^JEAN^MARC^JR^M||123 RUE PRINCIPALE^^PARIS^^75001^FRA|(01)23456789||19610615|M|P/F|SLF|1234567890123||||
IN1|1|SECURITE SOCIALE|1|CPAM|||||||||||||||||||||||||||||||||||||||||||
2025-07-25 17:53:11 - INFO - response received::

MSH|^~\&|IRISHL7|ISC|REGADT|MCM|202507251753||ACK^A01|000001|P|2.5.1|1
MSA|CA|000001



2025-07-25 17:53:11 - INFO - Port 2575 on 127.0.0.1 is open and accessible.
2025-07-25 17:53:11 - INFO - HL7 message generated::
MSH|^~\&|REGADT|MCM|IFENG||20250725175311||ADT^A01|000001|P|2.5.1|1||
EVN|A01|199601061000|199601101400|1
PID|||24445670^^^HOPITAL^MRN~FR123456^^^DLNUM^DL|253763|MUNRO^Alice||19310710|M|||77 Rue de Varenne^^PARIS^75^75007^||(01)554437765|(06)098866543|FRENCH|S|C|10199925|1641202898334566
NK1|1|DUPONT^MARIE^|EPOUSE||||ERSONNE A PREVENIR||
PV1|1|H|CARDIO^CHAMBRE201^LIT1||||004777^MARTIN^SOPHIE^DR|||CARDIO|||||ADM|A0|
PV2|||^Chirurgie Programmée||||||||||||||||||||||||||||||||||||||20240712
OBX|1|NM|21612-7^POIDS CORPOREL||52|kg|||||F
OBX|2|NM|8302-2^TAILLE||163|cm|||||F
OBX|3|NM|8480-6^PRESSION ARTERIELLE SYSTOLIQUE||154|mm[Hg]|||||F
OBX|4|NM|8462-4^PRESSION ARTERIELLE DIASTOLIQUE||87|mm[Hg]|||||F
OBX|5|NM|2339-0^GLUCOSE SANGUIN||6.2|mmol/L|3.5-5.7|H|||F
AL1|1||^AMOXICILLINE||URTICAIRE|
AL1|2||^ASPIRINE||OEDEME DE QUINCKE|
AL1|3||^ARACHIDES||CHOC ANAPHYLACTIQUE|
DG1|1|CIM10|I21.0^Infarctus transmural aigu du myocarde, de la paroi antérieure|Infarctus du myocarde||A
DG1|2|CIM10|I10^Hypertension essentielle (primitive)|Hypertension artérielle||C
DG1|3|CIM10|E11.9^Diabète sucré de type 2 sans complication|Diabète de type 2||C
PR1|1|CCAM|DDQH001^Coronarographie|Coronarographie||20240710103015
GT1|1|8291|DUPONT^JEAN^MARC^JR^M||123 RUE PRINCIPALE^^PARIS^^75001^FRA|(01)23456789||19610615|M|P/F|SLF|1234567890123||||
IN1|1|SECURITE SOCIALE|1|CPAM|||||||||||||||||||||||||||||||||||||||||||
2025-07-25 17:53:11 - INFO - response received::

MSH|^~\&|IRISHL7|ISC|REGADT|MCM|202507251753||ACK^A01|000001|P|2.5.1|1
MSA|CA|000001



2025-07-25 17:53:11 - INFO - Port 2575 on 127.0.0.1 is open and accessible.
2025-07-25 17:53:11 - INFO - HL7 message generated::
MSH|^~\&|REGADT|MCM|IFENG||20250725175311||ADT^A01|000001|P|2.5.1|1||
EVN|A01|199601061000|199601101400|1
PID|||24445670^^^HOPITAL^MRN~FR123456^^^DLNUM^DL|253763|MUNRO^Alice||19310710|M|||77 Rue de Varenne^^PARIS^75^75007^||(01)554437765|(06)098866543|FRENCH|S|C|10199925|1641202898334566
NK1|1|DUPONT^MARIE^|EPOUSE||||ERSONNE A PREVENIR||
PV1|1|H|CARDIO^CHAMBRE201^LIT1||||004777^MARTIN^SOPHIE^DR|||CARDIO|||||ADM|A0|
PV2|||^Chirurgie Programmée||||||||||||||||||||||||||||||||||||||20240712
OBX|1|NM|21612-7^POIDS CORPOREL||52|kg|||||F
OBX|2|NM|8302-2^TAILLE||163|cm|||||F
OBX|3|NM|8480-6^PRESSION ARTERIELLE SYSTOLIQUE||154|mm[Hg]|||||F
OBX|4|NM|8462-4^PRESSION ARTERIELLE DIASTOLIQUE||87|mm[Hg]|||||F
OBX|5|NM|2339-0^GLUCOSE SANGUIN||6.2|mmol/L|3.5-5.7|H|||F
AL1|1||^AMOXICILLINE||URTICAIRE|
AL1|2||^ASPIRINE||OEDEME DE QUINCKE|
AL1|3||^ARACHIDES||CHOC ANAPHYLACTIQUE|
DG1|1|CIM10|I21.0^Infarctus transmural aigu du myocarde, de la paroi antérieure|Infarctus du myocarde||A
DG1|2|CIM10|I10^Hypertension essentielle (primitive)|Hypertension artérielle||C
DG1|3|CIM10|E11.9^Diabète sucré de type 2 sans complication|Diabète de type 2||C
PR1|1|CCAM|DDQH001^Coronarographie|Coronarographie||20240710103015
GT1|1|8291|DUPONT^JEAN^MARC^JR^M||123 RUE PRINCIPALE^^PARIS^^75001^FRA|(01)23456789||19610615|M|P/F|SLF|1234567890123||||
IN1|1|SECURITE SOCIALE|1|CPAM|||||||||||||||||||||||||||||||||||||||||||
2025-07-25 17:53:11 - INFO - response received::

MSH|^~\&|IRISHL7|ISC|REGADT|MCM|202507251753||ACK^A01|000001|P|2.5.1|1
MSA|CA|000001



2025-07-25 17:53:11 - INFO - Port 2575 on 127.0.0.1 is open and accessible.
2025-07-25 17:53:11 - INFO - HL7 message generated::
MSH|^~\&|REGADT|MCM|IFENG||20250725175311||ADT^A01|000001|P|2.5.1|1||
EVN|A01|199601061000|199601101400|1
PID|||24445670^^^HOPITAL^MRN~FR123456^^^DLNUM^DL|253763|MUNRO^Alice||19310710|M|||77 Rue de Varenne^^PARIS^75^75007^||(01)554437765|(06)098866543|FRENCH|S|C|10199925|1641202898334566
NK1|1|DUPONT^MARIE^|EPOUSE||||ERSONNE A PREVENIR||
PV1|1|H|CARDIO^CHAMBRE201^LIT1||||004777^MARTIN^SOPHIE^DR|||CARDIO|||||ADM|A0|
PV2|||^Chirurgie Programmée||||||||||||||||||||||||||||||||||||||20240712
OBX|1|NM|21612-7^POIDS CORPOREL||52|kg|||||F
OBX|2|NM|8302-2^TAILLE||163|cm|||||F
OBX|3|NM|8480-6^PRESSION ARTERIELLE SYSTOLIQUE||154|mm[Hg]|||||F
OBX|4|NM|8462-4^PRESSION ARTERIELLE DIASTOLIQUE||87|mm[Hg]|||||F
OBX|5|NM|2339-0^GLUCOSE SANGUIN||6.2|mmol/L|3.5-5.7|H|||F
AL1|1||^AMOXICILLINE||URTICAIRE|
AL1|2||^ASPIRINE||OEDEME DE QUINCKE|
AL1|3||^ARACHIDES||CHOC ANAPHYLACTIQUE|
DG1|1|CIM10|I21.0^Infarctus transmural aigu du myocarde, de la paroi antérieure|Infarctus du myocarde||A
DG1|2|CIM10|I10^Hypertension essentielle (primitive)|Hypertension artérielle||C
DG1|3|CIM10|E11.9^Diabète sucré de type 2 sans complication|Diabète de type 2||C
PR1|1|CCAM|DDQH001^Coronarographie|Coronarographie||20240710103015
GT1|1|8291|DUPONT^JEAN^MARC^JR^M||123 RUE PRINCIPALE^^PARIS^^75001^FRA|(01)23456789||19610615|M|P/F|SLF|1234567890123||||
IN1|1|SECURITE SOCIALE|1|CPAM|||||||||||||||||||||||||||||||||||||||||||
2025-07-25 17:53:11 - INFO - response received::

MSH|^~\&|IRISHL7|ISC|REGADT|MCM|202507251753||ACK^A01|000001|P|2.5.1|1
MSA|CA|000001



2025-07-25 17:53:11 - INFO - Port 2575 on 127.0.0.1 is open and accessible.
2025-07-25 17:53:11 - INFO - HL7 message generated::
MSH|^~\&|REGADT|MCM|IFENG||20250725175311||ADT^A01|000001|P|2.5.1|1||
EVN|A01|199601061000|199601101400|1
PID|||24445670^^^HOPITAL^MRN~FR123456^^^DLNUM^DL|253763|MUNRO^Alice||19310710|M|||77 Rue de Varenne^^PARIS^75^75007^||(01)554437765|(06)098866543|FRENCH|S|C|10199925|1641202898334566
NK1|1|DUPONT^MARIE^|EPOUSE||||ERSONNE A PREVENIR||
PV1|1|H|CARDIO^CHAMBRE201^LIT1||||004777^MARTIN^SOPHIE^DR|||CARDIO|||||ADM|A0|
PV2|||^Chirurgie Programmée||||||||||||||||||||||||||||||||||||||20240712
OBX|1|NM|21612-7^POIDS CORPOREL||52|kg|||||F
OBX|2|NM|8302-2^TAILLE||163|cm|||||F
OBX|3|NM|8480-6^PRESSION ARTERIELLE SYSTOLIQUE||154|mm[Hg]|||||F
OBX|4|NM|8462-4^PRESSION ARTERIELLE DIASTOLIQUE||87|mm[Hg]|||||F
OBX|5|NM|2339-0^GLUCOSE SANGUIN||6.2|mmol/L|3.5-5.7|H|||F
AL1|1||^AMOXICILLINE||URTICAIRE|
AL1|2||^ASPIRINE||OEDEME DE QUINCKE|
AL1|3||^ARACHIDES||CHOC ANAPHYLACTIQUE|
DG1|1|CIM10|I21.0^Infarctus transmural aigu du myocarde, de la paroi antérieure|Infarctus du myocarde||A
DG1|2|CIM10|I10^Hypertension essentielle (primitive)|Hypertension artérielle||C
DG1|3|CIM10|E11.9^Diabète sucré de type 2 sans complication|Diabète de type 2||C
PR1|1|CCAM|DDQH001^Coronarographie|Coronarographie||20240710103015
GT1|1|8291|DUPONT^JEAN^MARC^JR^M||123 RUE PRINCIPALE^^PARIS^^75001^FRA|(01)23456789||19610615|M|P/F|SLF|1234567890123||||
IN1|1|SECURITE SOCIALE|1|CPAM|||||||||||||||||||||||||||||||||||||||||||
2025-07-25 17:53:11 - INFO - response received::

MSH|^~\&|IRISHL7|ISC|REGADT|MCM|202507251753||ACK^A01|000001|P|2.5.1|1
MSA|CA|000001



2025-07-25 17:53:12 - INFO - Port 2575 on 127.0.0.1 is open and accessible.
2025-07-25 17:53:12 - INFO - HL7 message generated::
MSH|^~\&|REGADT|MCM|IFENG||20250725175312||ADT^A01|000001|P|2.5.1|1||
EVN|A01|199601061000|199601101400|1
PID|||24445670^^^HOPITAL^MRN~FR123456^^^DLNUM^DL|253763|MUNRO^Alice||19310710|M|||77 Rue de Varenne^^PARIS^75^75007^||(01)554437765|(06)098866543|FRENCH|S|C|10199925|1641202898334566
NK1|1|DUPONT^MARIE^|EPOUSE||||ERSONNE A PREVENIR||
PV1|1|H|CARDIO^CHAMBRE201^LIT1||||004777^MARTIN^SOPHIE^DR|||CARDIO|||||ADM|A0|
PV2|||^Chirurgie Programmée||||||||||||||||||||||||||||||||||||||20240712
OBX|1|NM|21612-7^POIDS CORPOREL||52|kg|||||F
OBX|2|NM|8302-2^TAILLE||163|cm|||||F
OBX|3|NM|8480-6^PRESSION ARTERIELLE SYSTOLIQUE||154|mm[Hg]|||||F
OBX|4|NM|8462-4^PRESSION ARTERIELLE DIASTOLIQUE||87|mm[Hg]|||||F
OBX|5|NM|2339-0^GLUCOSE SANGUIN||6.2|mmol/L|3.5-5.7|H|||F
AL1|1||^AMOXICILLINE||URTICAIRE|
AL1|2||^ASPIRINE||OEDEME DE QUINCKE|
AL1|3||^ARACHIDES||CHOC ANAPHYLACTIQUE|
DG1|1|CIM10|I21.0^Infarctus transmural aigu du myocarde, de la paroi antérieure|Infarctus du myocarde||A
DG1|2|CIM10|I10^Hypertension essentielle (primitive)|Hypertension artérielle||C
DG1|3|CIM10|E11.9^Diabète sucré de type 2 sans complication|Diabète de type 2||C
PR1|1|CCAM|DDQH001^Coronarographie|Coronarographie||20240710103015
GT1|1|8291|DUPONT^JEAN^MARC^JR^M||123 RUE PRINCIPALE^^PARIS^^75001^FRA|(01)23456789||19610615|M|P/F|SLF|1234567890123||||
IN1|1|SECURITE SOCIALE|1|CPAM|||||||||||||||||||||||||||||||||||||||||||
2025-07-25 17:53:12 - INFO - response received::

MSH|^~\&|IRISHL7|ISC|REGADT|MCM|202507251753||ACK^A01|000001|P|2.5.1|1
MSA|CA|000001



2025-07-25 17:53:12 - INFO - Port 2575 on 127.0.0.1 is open and accessible.
2025-07-25 17:53:12 - INFO - HL7 message generated::
MSH|^~\&|REGADT|MCM|IFENG||20250725175312||ADT^A01|000001|P|2.5.1|1||
EVN|A01|199601061000|199601101400|1
PID|||24445670^^^HOPITAL^MRN~FR123456^^^DLNUM^DL|253763|MUNRO^Alice||19310710|M|||77 Rue de Varenne^^PARIS^75^75007^||(01)554437765|(06)098866543|FRENCH|S|C|10199925|1641202898334566
NK1|1|DUPONT^MARIE^|EPOUSE||||ERSONNE A PREVENIR||
PV1|1|H|CARDIO^CHAMBRE201^LIT1||||004777^MARTIN^SOPHIE^DR|||CARDIO|||||ADM|A0|
PV2|||^Chirurgie Programmée||||||||||||||||||||||||||||||||||||||20240712
OBX|1|NM|21612-7^POIDS CORPOREL||52|kg|||||F
OBX|2|NM|8302-2^TAILLE||163|cm|||||F
OBX|3|NM|8480-6^PRESSION ARTERIELLE SYSTOLIQUE||154|mm[Hg]|||||F
OBX|4|NM|8462-4^PRESSION ARTERIELLE DIASTOLIQUE||87|mm[Hg]|||||F
OBX|5|NM|2339-0^GLUCOSE SANGUIN||6.2|mmol/L|3.5-5.7|H|||F
AL1|1||^AMOXICILLINE||URTICAIRE|
AL1|2||^ASPIRINE||OEDEME DE QUINCKE|
AL1|3||^ARACHIDES||CHOC ANAPHYLACTIQUE|
DG1|1|CIM10|I21.0^Infarctus transmural aigu du myocarde, de la paroi antérieure|Infarctus du myocarde||A
DG1|2|CIM10|I10^Hypertension essentielle (primitive)|Hypertension artérielle||C
DG1|3|CIM10|E11.9^Diabète sucré de type 2 sans complication|Diabète de type 2||C
PR1|1|CCAM|DDQH001^Coronarographie|Coronarographie||20240710103015
GT1|1|8291|DUPONT^JEAN^MARC^JR^M||123 RUE PRINCIPALE^^PARIS^^75001^FRA|(01)23456789||19610615|M|P/F|SLF|1234567890123||||
IN1|1|SECURITE SOCIALE|1|CPAM|||||||||||||||||||||||||||||||||||||||||||
2025-07-25 17:53:12 - INFO - response received::

MSH|^~\&|IRISHL7|ISC|REGADT|MCM|202507251753||ACK^A01|000001|P|2.5.1|1
MSA|CA|000001



2025-07-25 17:53:12 - INFO - Port 2575 on 127.0.0.1 is open and accessible.
2025-07-25 17:53:12 - INFO - HL7 message generated::
MSH|^~\&|REGADT|MCM|IFENG||20250725175312||ADT^A01|000001|P|2.5.1|1||
EVN|A01|199601061000|199601101400|1
PID|||24445670^^^HOPITAL^MRN~FR123456^^^DLNUM^DL|253763|MUNRO^Alice||19310710|M|||77 Rue de Varenne^^PARIS^75^75007^||(01)554437765|(06)098866543|FRENCH|S|C|10199925|1641202898334566
NK1|1|DUPONT^MARIE^|EPOUSE||||ERSONNE A PREVENIR||
PV1|1|H|CARDIO^CHAMBRE201^LIT1||||004777^MARTIN^SOPHIE^DR|||CARDIO|||||ADM|A0|
PV2|||^Chirurgie Programmée||||||||||||||||||||||||||||||||||||||20240712
OBX|1|NM|21612-7^POIDS CORPOREL||52|kg|||||F
OBX|2|NM|8302-2^TAILLE||163|cm|||||F
OBX|3|NM|8480-6^PRESSION ARTERIELLE SYSTOLIQUE||154|mm[Hg]|||||F
OBX|4|NM|8462-4^PRESSION ARTERIELLE DIASTOLIQUE||87|mm[Hg]|||||F
OBX|5|NM|2339-0^GLUCOSE SANGUIN||6.2|mmol/L|3.5-5.7|H|||F
AL1|1||^AMOXICILLINE||URTICAIRE|
AL1|2||^ASPIRINE||OEDEME DE QUINCKE|
AL1|3||^ARACHIDES||CHOC ANAPHYLACTIQUE|
DG1|1|CIM10|I21.0^Infarctus transmural aigu du myocarde, de la paroi antérieure|Infarctus du myocarde||A
DG1|2|CIM10|I10^Hypertension essentielle (primitive)|Hypertension artérielle||C
DG1|3|CIM10|E11.9^Diabète sucré de type 2 sans complication|Diabète de type 2||C
PR1|1|CCAM|DDQH001^Coronarographie|Coronarographie||20240710103015
GT1|1|8291|DUPONT^JEAN^MARC^JR^M||123 RUE PRINCIPALE^^PARIS^^75001^FRA|(01)23456789||19610615|M|P/F|SLF|1234567890123||||
IN1|1|SECURITE SOCIALE|1|CPAM|||||||||||||||||||||||||||||||||||||||||||
2025-07-25 17:53:12 - INFO - response received::

MSH|^~\&|IRISHL7|ISC|REGADT|MCM|202507251753||ACK^A01|000001|P|2.5.1|1
MSA|CA|000001



2025-07-25 17:53:12 - INFO - Port 2575 on 127.0.0.1 is open and accessible.
2025-07-25 17:53:12 - INFO - HL7 message generated::
MSH|^~\&|REGADT|MCM|IFENG||20250725175312||ADT^A01|000001|P|2.5.1|1||
EVN|A01|199601061000|199601101400|1
PID|||24445670^^^HOPITAL^MRN~FR123456^^^DLNUM^DL|253763|MUNRO^Alice||19310710|M|||77 Rue de Varenne^^PARIS^75^75007^||(01)554437765|(06)098866543|FRENCH|S|C|10199925|1641202898334566
NK1|1|DUPONT^MARIE^|EPOUSE||||ERSONNE A PREVENIR||
PV1|1|H|CARDIO^CHAMBRE201^LIT1||||004777^MARTIN^SOPHIE^DR|||CARDIO|||||ADM|A0|
PV2|||^Chirurgie Programmée||||||||||||||||||||||||||||||||||||||20240712
OBX|1|NM|21612-7^POIDS CORPOREL||52|kg|||||F
OBX|2|NM|8302-2^TAILLE||163|cm|||||F
OBX|3|NM|8480-6^PRESSION ARTERIELLE SYSTOLIQUE||154|mm[Hg]|||||F
OBX|4|NM|8462-4^PRESSION ARTERIELLE DIASTOLIQUE||87|mm[Hg]|||||F
OBX|5|NM|2339-0^GLUCOSE SANGUIN||6.2|mmol/L|3.5-5.7|H|||F
AL1|1||^AMOXICILLINE||URTICAIRE|
AL1|2||^ASPIRINE||OEDEME DE QUINCKE|
AL1|3||^ARACHIDES||CHOC ANAPHYLACTIQUE|
DG1|1|CIM10|I21.0^Infarctus transmural aigu du myocarde, de la paroi antérieure|Infarctus du myocarde||A
DG1|2|CIM10|I10^Hypertension essentielle (primitive)|Hypertension artérielle||C
DG1|3|CIM10|E11.9^Diabète sucré de type 2 sans complication|Diabète de type 2||C
PR1|1|CCAM|DDQH001^Coronarographie|Coronarographie||20240710103015
GT1|1|8291|DUPONT^JEAN^MARC^JR^M||123 RUE PRINCIPALE^^PARIS^^75001^FRA|(01)23456789||19610615|M|P/F|SLF|1234567890123||||
IN1|1|SECURITE SOCIALE|1|CPAM|||||||||||||||||||||||||||||||||||||||||||
2025-07-25 17:53:12 - INFO - response received::

MSH|^~\&|IRISHL7|ISC|REGADT|MCM|202507251753||ACK^A01|000001|P|2.5.1|1
MSA|CA|000001



2025-07-25 17:53:13 - INFO - Port 2575 on 127.0.0.1 is open and accessible.
2025-07-25 17:53:13 - INFO - HL7 message generated::
MSH|^~\&|REGADT|MCM|IFENG||20250725175313||ADT^A01|000001|P|2.5.1|1||
EVN|A01|199601061000|199601101400|1
PID|||24445670^^^HOPITAL^MRN~FR123456^^^DLNUM^DL|253763|MUNRO^Alice||19310710|M|||77 Rue de Varenne^^PARIS^75^75007^||(01)554437765|(06)098866543|FRENCH|S|C|10199925|1641202898334566
NK1|1|DUPONT^MARIE^|EPOUSE||||ERSONNE A PREVENIR||
PV1|1|H|CARDIO^CHAMBRE201^LIT1||||004777^MARTIN^SOPHIE^DR|||CARDIO|||||ADM|A0|
PV2|||^Chirurgie Programmée||||||||||||||||||||||||||||||||||||||20240712
OBX|1|NM|21612-7^POIDS CORPOREL||52|kg|||||F
OBX|2|NM|8302-2^TAILLE||163|cm|||||F
OBX|3|NM|8480-6^PRESSION ARTERIELLE SYSTOLIQUE||154|mm[Hg]|||||F
OBX|4|NM|8462-4^PRESSION ARTERIELLE DIASTOLIQUE||87|mm[Hg]|||||F
OBX|5|NM|2339-0^GLUCOSE SANGUIN||6.2|mmol/L|3.5-5.7|H|||F
AL1|1||^AMOXICILLINE||URTICAIRE|
AL1|2||^ASPIRINE||OEDEME DE QUINCKE|
AL1|3||^ARACHIDES||CHOC ANAPHYLACTIQUE|
DG1|1|CIM10|I21.0^Infarctus transmural aigu du myocarde, de la paroi antérieure|Infarctus du myocarde||A
DG1|2|CIM10|I10^Hypertension essentielle (primitive)|Hypertension artérielle||C
DG1|3|CIM10|E11.9^Diabète sucré de type 2 sans complication|Diabète de type 2||C
PR1|1|CCAM|DDQH001^Coronarographie|Coronarographie||20240710103015
GT1|1|8291|DUPONT^JEAN^MARC^JR^M||123 RUE PRINCIPALE^^PARIS^^75001^FRA|(01)23456789||19610615|M|P/F|SLF|1234567890123||||
IN1|1|SECURITE SOCIALE|1|CPAM|||||||||||||||||||||||||||||||||||||||||||
2025-07-25 17:53:13 - INFO - response received::

MSH|^~\&|IRISHL7|ISC|REGADT|MCM|202507251753||ACK^A01|000001|P|2.5.1|1
MSA|CA|000001



2025-07-25 17:53:13 - INFO - Port 2575 on 127.0.0.1 is open and accessible.
2025-07-25 17:53:13 - INFO - HL7 message generated::
MSH|^~\&|REGADT|MCM|IFENG||20250725175313||ADT^A01|000001|P|2.5.1|1||
EVN|A01|199601061000|199601101400|1
PID|||24445670^^^HOPITAL^MRN~FR123456^^^DLNUM^DL|253763|MUNRO^Alice||19310710|M|||77 Rue de Varenne^^PARIS^75^75007^||(01)554437765|(06)098866543|FRENCH|S|C|10199925|1641202898334566
NK1|1|DUPONT^MARIE^|EPOUSE||||ERSONNE A PREVENIR||
PV1|1|H|CARDIO^CHAMBRE201^LIT1||||004777^MARTIN^SOPHIE^DR|||CARDIO|||||ADM|A0|
PV2|||^Chirurgie Programmée||||||||||||||||||||||||||||||||||||||20240712
OBX|1|NM|21612-7^POIDS CORPOREL||52|kg|||||F
OBX|2|NM|8302-2^TAILLE||163|cm|||||F
OBX|3|NM|8480-6^PRESSION ARTERIELLE SYSTOLIQUE||154|mm[Hg]|||||F
OBX|4|NM|8462-4^PRESSION ARTERIELLE DIASTOLIQUE||87|mm[Hg]|||||F
OBX|5|NM|2339-0^GLUCOSE SANGUIN||6.2|mmol/L|3.5-5.7|H|||F
AL1|1||^AMOXICILLINE||URTICAIRE|
AL1|2||^ASPIRINE||OEDEME DE QUINCKE|
AL1|3||^ARACHIDES||CHOC ANAPHYLACTIQUE|
DG1|1|CIM10|I21.0^Infarctus transmural aigu du myocarde, de la paroi antérieure|Infarctus du myocarde||A
DG1|2|CIM10|I10^Hypertension essentielle (primitive)|Hypertension artérielle||C
DG1|3|CIM10|E11.9^Diabète sucré de type 2 sans complication|Diabète de type 2||C
PR1|1|CCAM|DDQH001^Coronarographie|Coronarographie||20240710103015
GT1|1|8291|DUPONT^JEAN^MARC^JR^M||123 RUE PRINCIPALE^^PARIS^^75001^FRA|(01)23456789||19610615|M|P/F|SLF|1234567890123||||
IN1|1|SECURITE SOCIALE|1|CPAM|||||||||||||||||||||||||||||||||||||||||||
2025-07-25 17:53:13 - INFO - response received::

MSH|^~\&|IRISHL7|ISC|REGADT|MCM|202507251753||ACK^A01|000001|P|2.5.1|1
MSA|CA|000001



2025-07-25 17:53:13 - INFO - Port 2575 on 127.0.0.1 is open and accessible.
2025-07-25 17:53:14 - INFO - HL7 message generated::
MSH|^~\&|REGADT|MCM|IFENG||20250725175313||ADT^A01|000001|P|2.5.1|1||
EVN|A01|199601061000|199601101400|1
PID|||24445670^^^HOPITAL^MRN~FR123456^^^DLNUM^DL|253763|MUNRO^Alice||19310710|M|||77 Rue de Varenne^^PARIS^75^75007^||(01)554437765|(06)098866543|FRENCH|S|C|10199925|1641202898334566
NK1|1|DUPONT^MARIE^|EPOUSE||||ERSONNE A PREVENIR||
PV1|1|H|CARDIO^CHAMBRE201^LIT1||||004777^MARTIN^SOPHIE^DR|||CARDIO|||||ADM|A0|
PV2|||^Chirurgie Programmée||||||||||||||||||||||||||||||||||||||20240712
OBX|1|NM|21612-7^POIDS CORPOREL||52|kg|||||F
OBX|2|NM|8302-2^TAILLE||163|cm|||||F
OBX|3|NM|8480-6^PRESSION ARTERIELLE SYSTOLIQUE||154|mm[Hg]|||||F
OBX|4|NM|8462-4^PRESSION ARTERIELLE DIASTOLIQUE||87|mm[Hg]|||||F
OBX|5|NM|2339-0^GLUCOSE SANGUIN||6.2|mmol/L|3.5-5.7|H|||F
AL1|1||^AMOXICILLINE||URTICAIRE|
AL1|2||^ASPIRINE||OEDEME DE QUINCKE|
AL1|3||^ARACHIDES||CHOC ANAPHYLACTIQUE|
DG1|1|CIM10|I21.0^Infarctus transmural aigu du myocarde, de la paroi antérieure|Infarctus du myocarde||A
DG1|2|CIM10|I10^Hypertension essentielle (primitive)|Hypertension artérielle||C
DG1|3|CIM10|E11.9^Diabète sucré de type 2 sans complication|Diabète de type 2||C
PR1|1|CCAM|DDQH001^Coronarographie|Coronarographie||20240710103015
GT1|1|8291|DUPONT^JEAN^MARC^JR^M||123 RUE PRINCIPALE^^PARIS^^75001^FRA|(01)23456789||19610615|M|P/F|SLF|1234567890123||||
IN1|1|SECURITE SOCIALE|1|CPAM|||||||||||||||||||||||||||||||||||||||||||
2025-07-25 17:53:14 - INFO - response received::

MSH|^~\&|IRISHL7|ISC|REGADT|MCM|202507251753||ACK^A01|000001|P|2.5.1|1
MSA|CA|000001



2025-07-25 17:53:14 - INFO - Port 2575 on 127.0.0.1 is open and accessible.
2025-07-25 17:53:14 - INFO - HL7 message generated::
MSH|^~\&|REGADT|MCM|IFENG||20250725175314||ADT^A01|000001|P|2.5.1|1||
EVN|A01|199601061000|199601101400|1
PID|||24445670^^^HOPITAL^MRN~FR123456^^^DLNUM^DL|253763|MUNRO^Alice||19310710|M|||77 Rue de Varenne^^PARIS^75^75007^||(01)554437765|(06)098866543|FRENCH|S|C|10199925|1641202898334566
NK1|1|DUPONT^MARIE^|EPOUSE||||ERSONNE A PREVENIR||
PV1|1|H|CARDIO^CHAMBRE201^LIT1||||004777^MARTIN^SOPHIE^DR|||CARDIO|||||ADM|A0|
PV2|||^Chirurgie Programmée||||||||||||||||||||||||||||||||||||||20240712
OBX|1|NM|21612-7^POIDS CORPOREL||52|kg|||||F
OBX|2|NM|8302-2^TAILLE||163|cm|||||F
OBX|3|NM|8480-6^PRESSION ARTERIELLE SYSTOLIQUE||154|mm[Hg]|||||F
OBX|4|NM|8462-4^PRESSION ARTERIELLE DIASTOLIQUE||87|mm[Hg]|||||F
OBX|5|NM|2339-0^GLUCOSE SANGUIN||6.2|mmol/L|3.5-5.7|H|||F
AL1|1||^AMOXICILLINE||URTICAIRE|
AL1|2||^ASPIRINE||OEDEME DE QUINCKE|
AL1|3||^ARACHIDES||CHOC ANAPHYLACTIQUE|
DG1|1|CIM10|I21.0^Infarctus transmural aigu du myocarde, de la paroi antérieure|Infarctus du myocarde||A
DG1|2|CIM10|I10^Hypertension essentielle (primitive)|Hypertension artérielle||C
DG1|3|CIM10|E11.9^Diabète sucré de type 2 sans complication|Diabète de type 2||C
PR1|1|CCAM|DDQH001^Coronarographie|Coronarographie||20240710103015
GT1|1|8291|DUPONT^JEAN^MARC^JR^M||123 RUE PRINCIPALE^^PARIS^^75001^FRA|(01)23456789||19610615|M|P/F|SLF|1234567890123||||
IN1|1|SECURITE SOCIALE|1|CPAM|||||||||||||||||||||||||||||||||||||||||||
2025-07-25 17:53:14 - INFO - response received::

MSH|^~\&|IRISHL7|ISC|REGADT|MCM|202507251753||ACK^A01|000001|P|2.5.1|1
MSA|CA|000001



2025-07-25 17:53:14 - INFO - Port 2575 on 127.0.0.1 is open and accessible.
2025-07-25 17:53:14 - INFO - HL7 message generated::
MSH|^~\&|REGADT|MCM|IFENG||20250725175314||ADT^A01|000001|P|2.5.1|1||
EVN|A01|199601061000|199601101400|1
PID|||24445670^^^HOPITAL^MRN~FR123456^^^DLNUM^DL|253763|MUNRO^Alice||19310710|M|||77 Rue de Varenne^^PARIS^75^75007^||(01)554437765|(06)098866543|FRENCH|S|C|10199925|1641202898334566
NK1|1|DUPONT^MARIE^|EPOUSE||||ERSONNE A PREVENIR||
PV1|1|H|CARDIO^CHAMBRE201^LIT1||||004777^MARTIN^SOPHIE^DR|||CARDIO|||||ADM|A0|
PV2|||^Chirurgie Programmée||||||||||||||||||||||||||||||||||||||20240712
OBX|1|NM|21612-7^POIDS CORPOREL||52|kg|||||F
OBX|2|NM|8302-2^TAILLE||163|cm|||||F
OBX|3|NM|8480-6^PRESSION ARTERIELLE SYSTOLIQUE||154|mm[Hg]|||||F
OBX|4|NM|8462-4^PRESSION ARTERIELLE DIASTOLIQUE||87|mm[Hg]|||||F
OBX|5|NM|2339-0^GLUCOSE SANGUIN||6.2|mmol/L|3.5-5.7|H|||F
AL1|1||^AMOXICILLINE||URTICAIRE|
AL1|2||^ASPIRINE||OEDEME DE QUINCKE|
AL1|3||^ARACHIDES||CHOC ANAPHYLACTIQUE|
DG1|1|CIM10|I21.0^Infarctus transmural aigu du myocarde, de la paroi antérieure|Infarctus du myocarde||A
DG1|2|CIM10|I10^Hypertension essentielle (primitive)|Hypertension artérielle||C
DG1|3|CIM10|E11.9^Diabète sucré de type 2 sans complication|Diabète de type 2||C
PR1|1|CCAM|DDQH001^Coronarographie|Coronarographie||20240710103015
GT1|1|8291|DUPONT^JEAN^MARC^JR^M||123 RUE PRINCIPALE^^PARIS^^75001^FRA|(01)23456789||19610615|M|P/F|SLF|1234567890123||||
IN1|1|SECURITE SOCIALE|1|CPAM|||||||||||||||||||||||||||||||||||||||||||
2025-07-25 17:53:14 - INFO - response received::

MSH|^~\&|IRISHL7|ISC|REGADT|MCM|202507251753||ACK^A01|000001|P|2.5.1|1
MSA|CA|000001



2025-07-25 17:53:14 - INFO - Port 2575 on 127.0.0.1 is open and accessible.
2025-07-25 17:53:14 - INFO - HL7 message generated::
MSH|^~\&|REGADT|MCM|IFENG||20250725175314||ADT^A01|000001|P|2.5.1|1||
EVN|A01|199601061000|199601101400|1
PID|||24445670^^^HOPITAL^MRN~FR123456^^^DLNUM^DL|253763|MUNRO^Alice||19310710|M|||77 Rue de Varenne^^PARIS^75^75007^||(01)554437765|(06)098866543|FRENCH|S|C|10199925|1641202898334566
NK1|1|DUPONT^MARIE^|EPOUSE||||ERSONNE A PREVENIR||
PV1|1|H|CARDIO^CHAMBRE201^LIT1||||004777^MARTIN^SOPHIE^DR|||CARDIO|||||ADM|A0|
PV2|||^Chirurgie Programmée||||||||||||||||||||||||||||||||||||||20240712
OBX|1|NM|21612-7^POIDS CORPOREL||52|kg|||||F
OBX|2|NM|8302-2^TAILLE||163|cm|||||F
OBX|3|NM|8480-6^PRESSION ARTERIELLE SYSTOLIQUE||154|mm[Hg]|||||F
OBX|4|NM|8462-4^PRESSION ARTERIELLE DIASTOLIQUE||87|mm[Hg]|||||F
OBX|5|NM|2339-0^GLUCOSE SANGUIN||6.2|mmol/L|3.5-5.7|H|||F
AL1|1||^AMOXICILLINE||URTICAIRE|
AL1|2||^ASPIRINE||OEDEME DE QUINCKE|
AL1|3||^ARACHIDES||CHOC ANAPHYLACTIQUE|
DG1|1|CIM10|I21.0^Infarctus transmural aigu du myocarde, de la paroi antérieure|Infarctus du myocarde||A
DG1|2|CIM10|I10^Hypertension essentielle (primitive)|Hypertension artérielle||C
DG1|3|CIM10|E11.9^Diabète sucré de type 2 sans complication|Diabète de type 2||C
PR1|1|CCAM|DDQH001^Coronarographie|Coronarographie||20240710103015
GT1|1|8291|DUPONT^JEAN^MARC^JR^M||123 RUE PRINCIPALE^^PARIS^^75001^FRA|(01)23456789||19610615|M|P/F|SLF|1234567890123||||
IN1|1|SECURITE SOCIALE|1|CPAM|||||||||||||||||||||||||||||||||||||||||||
2025-07-25 17:53:14 - INFO - response received::

MSH|^~\&|IRISHL7|ISC|REGADT|MCM|202507251753||ACK^A01|000001|P|2.5.1|1
MSA|CA|000001



2025-07-25 17:53:14 - INFO - Port 2575 on 127.0.0.1 is open and accessible.
2025-07-25 17:53:14 - INFO - HL7 message generated::
MSH|^~\&|REGADT|MCM|IFENG||20250725175314||ADT^A01|000001|P|2.5.1|1||
EVN|A01|199601061000|199601101400|1
PID|||24445670^^^HOPITAL^MRN~FR123456^^^DLNUM^DL|253763|MUNRO^Alice||19310710|M|||77 Rue de Varenne^^PARIS^75^75007^||(01)554437765|(06)098866543|FRENCH|S|C|10199925|1641202898334566
NK1|1|DUPONT^MARIE^|EPOUSE||||ERSONNE A PREVENIR||
PV1|1|H|CARDIO^CHAMBRE201^LIT1||||004777^MARTIN^SOPHIE^DR|||CARDIO|||||ADM|A0|
PV2|||^Chirurgie Programmée||||||||||||||||||||||||||||||||||||||20240712
OBX|1|NM|21612-7^POIDS CORPOREL||52|kg|||||F
OBX|2|NM|8302-2^TAILLE||163|cm|||||F
OBX|3|NM|8480-6^PRESSION ARTERIELLE SYSTOLIQUE||154|mm[Hg]|||||F
OBX|4|NM|8462-4^PRESSION ARTERIELLE DIASTOLIQUE||87|mm[Hg]|||||F
OBX|5|NM|2339-0^GLUCOSE SANGUIN||6.2|mmol/L|3.5-5.7|H|||F
AL1|1||^AMOXICILLINE||URTICAIRE|
AL1|2||^ASPIRINE||OEDEME DE QUINCKE|
AL1|3||^ARACHIDES||CHOC ANAPHYLACTIQUE|
DG1|1|CIM10|I21.0^Infarctus transmural aigu du myocarde, de la paroi antérieure|Infarctus du myocarde||A
DG1|2|CIM10|I10^Hypertension essentielle (primitive)|Hypertension artérielle||C
DG1|3|CIM10|E11.9^Diabète sucré de type 2 sans complication|Diabète de type 2||C
PR1|1|CCAM|DDQH001^Coronarographie|Coronarographie||20240710103015
GT1|1|8291|DUPONT^JEAN^MARC^JR^M||123 RUE PRINCIPALE^^PARIS^^75001^FRA|(01)23456789||19610615|M|P/F|SLF|1234567890123||||
IN1|1|SECURITE SOCIALE|1|CPAM|||||||||||||||||||||||||||||||||||||||||||
2025-07-25 17:53:14 - INFO - response received::

MSH|^~\&|IRISHL7|ISC|REGADT|MCM|202507251753||ACK^A01|000001|P|2.5.1|1
MSA|CA|000001



2025-07-25 17:53:14 - INFO - Port 2575 on 127.0.0.1 is open and accessible.
2025-07-25 17:53:14 - INFO - HL7 message generated::
MSH|^~\&|REGADT|MCM|IFENG||20250725175314||ADT^A01|000001|P|2.5.1|1||
EVN|A01|199601061000|199601101400|1
PID|||24445670^^^HOPITAL^MRN~FR123456^^^DLNUM^DL|253763|MUNRO^Alice||19310710|M|||77 Rue de Varenne^^PARIS^75^75007^||(01)554437765|(06)098866543|FRENCH|S|C|10199925|1641202898334566
NK1|1|DUPONT^MARIE^|EPOUSE||||ERSONNE A PREVENIR||
PV1|1|H|CARDIO^CHAMBRE201^LIT1||||004777^MARTIN^SOPHIE^DR|||CARDIO|||||ADM|A0|
PV2|||^Chirurgie Programmée||||||||||||||||||||||||||||||||||||||20240712
OBX|1|NM|21612-7^POIDS CORPOREL||52|kg|||||F
OBX|2|NM|8302-2^TAILLE||163|cm|||||F
OBX|3|NM|8480-6^PRESSION ARTERIELLE SYSTOLIQUE||154|mm[Hg]|||||F
OBX|4|NM|8462-4^PRESSION ARTERIELLE DIASTOLIQUE||87|mm[Hg]|||||F
OBX|5|NM|2339-0^GLUCOSE SANGUIN||6.2|mmol/L|3.5-5.7|H|||F
AL1|1||^AMOXICILLINE||URTICAIRE|
AL1|2||^ASPIRINE||OEDEME DE QUINCKE|
AL1|3||^ARACHIDES||CHOC ANAPHYLACTIQUE|
DG1|1|CIM10|I21.0^Infarctus transmural aigu du myocarde, de la paroi antérieure|Infarctus du myocarde||A
DG1|2|CIM10|I10^Hypertension essentielle (primitive)|Hypertension artérielle||C
DG1|3|CIM10|E11.9^Diabète sucré de type 2 sans complication|Diabète de type 2||C
PR1|1|CCAM|DDQH001^Coronarographie|Coronarographie||20240710103015
GT1|1|8291|DUPONT^JEAN^MARC^JR^M||123 RUE PRINCIPALE^^PARIS^^75001^FRA|(01)23456789||19610615|M|P/F|SLF|1234567890123||||
IN1|1|SECURITE SOCIALE|1|CPAM|||||||||||||||||||||||||||||||||||||||||||
2025-07-25 17:53:14 - INFO - response received::

MSH|^~\&|IRISHL7|ISC|REGADT|MCM|202507251753||ACK^A01|000001|P|2.5.1|1
MSA|CA|000001



2025-07-25 17:53:15 - INFO - Port 2575 on 127.0.0.1 is open and accessible.
2025-07-25 17:53:15 - INFO - HL7 message generated::
MSH|^~\&|REGADT|MCM|IFENG||20250725175314||ADT^A01|000001|P|2.5.1|1||
EVN|A01|199601061000|199601101400|1
PID|||24445670^^^HOPITAL^MRN~FR123456^^^DLNUM^DL|253763|MUNRO^Alice||19310710|M|||77 Rue de Varenne^^PARIS^75^75007^||(01)554437765|(06)098866543|FRENCH|S|C|10199925|1641202898334566
NK1|1|DUPONT^MARIE^|EPOUSE||||ERSONNE A PREVENIR||
PV1|1|H|CARDIO^CHAMBRE201^LIT1||||004777^MARTIN^SOPHIE^DR|||CARDIO|||||ADM|A0|
PV2|||^Chirurgie Programmée||||||||||||||||||||||||||||||||||||||20240712
OBX|1|NM|21612-7^POIDS CORPOREL||52|kg|||||F
OBX|2|NM|8302-2^TAILLE||163|cm|||||F
OBX|3|NM|8480-6^PRESSION ARTERIELLE SYSTOLIQUE||154|mm[Hg]|||||F
OBX|4|NM|8462-4^PRESSION ARTERIELLE DIASTOLIQUE||87|mm[Hg]|||||F
OBX|5|NM|2339-0^GLUCOSE SANGUIN||6.2|mmol/L|3.5-5.7|H|||F
AL1|1||^AMOXICILLINE||URTICAIRE|
AL1|2||^ASPIRINE||OEDEME DE QUINCKE|
AL1|3||^ARACHIDES||CHOC ANAPHYLACTIQUE|
DG1|1|CIM10|I21.0^Infarctus transmural aigu du myocarde, de la paroi antérieure|Infarctus du myocarde||A
DG1|2|CIM10|I10^Hypertension essentielle (primitive)|Hypertension artérielle||C
DG1|3|CIM10|E11.9^Diabète sucré de type 2 sans complication|Diabète de type 2||C
PR1|1|CCAM|DDQH001^Coronarographie|Coronarographie||20240710103015
GT1|1|8291|DUPONT^JEAN^MARC^JR^M||123 RUE PRINCIPALE^^PARIS^^75001^FRA|(01)23456789||19610615|M|P/F|SLF|1234567890123||||
IN1|1|SECURITE SOCIALE|1|CPAM|||||||||||||||||||||||||||||||||||||||||||
2025-07-25 17:53:15 - INFO - response received::

MSH|^~\&|IRISHL7|ISC|REGADT|MCM|202507251753||ACK^A01|000001|P|2.5.1|1
MSA|CA|000001



2025-07-25 17:53:15 - INFO - Port 2575 on 127.0.0.1 is open and accessible.
2025-07-25 17:53:15 - INFO - HL7 message generated::
MSH|^~\&|REGADT|MCM|IFENG||20250725175315||ADT^A01|000001|P|2.5.1|1||
EVN|A01|199601061000|199601101400|1
PID|||24445670^^^HOPITAL^MRN~FR123456^^^DLNUM^DL|253763|MUNRO^Alice||19310710|M|||77 Rue de Varenne^^PARIS^75^75007^||(01)554437765|(06)098866543|FRENCH|S|C|10199925|1641202898334566
NK1|1|DUPONT^MARIE^|EPOUSE||||ERSONNE A PREVENIR||
PV1|1|H|CARDIO^CHAMBRE201^LIT1||||004777^MARTIN^SOPHIE^DR|||CARDIO|||||ADM|A0|
PV2|||^Chirurgie Programmée||||||||||||||||||||||||||||||||||||||20240712
OBX|1|NM|21612-7^POIDS CORPOREL||52|kg|||||F
OBX|2|NM|8302-2^TAILLE||163|cm|||||F
OBX|3|NM|8480-6^PRESSION ARTERIELLE SYSTOLIQUE||154|mm[Hg]|||||F
OBX|4|NM|8462-4^PRESSION ARTERIELLE DIASTOLIQUE||87|mm[Hg]|||||F
OBX|5|NM|2339-0^GLUCOSE SANGUIN||6.2|mmol/L|3.5-5.7|H|||F
AL1|1||^AMOXICILLINE||URTICAIRE|
AL1|2||^ASPIRINE||OEDEME DE QUINCKE|
AL1|3||^ARACHIDES||CHOC ANAPHYLACTIQUE|
DG1|1|CIM10|I21.0^Infarctus transmural aigu du myocarde, de la paroi antérieure|Infarctus du myocarde||A
DG1|2|CIM10|I10^Hypertension essentielle (primitive)|Hypertension artérielle||C
DG1|3|CIM10|E11.9^Diabète sucré de type 2 sans complication|Diabète de type 2||C
PR1|1|CCAM|DDQH001^Coronarographie|Coronarographie||20240710103015
GT1|1|8291|DUPONT^JEAN^MARC^JR^M||123 RUE PRINCIPALE^^PARIS^^75001^FRA|(01)23456789||19610615|M|P/F|SLF|1234567890123||||
IN1|1|SECURITE SOCIALE|1|CPAM|||||||||||||||||||||||||||||||||||||||||||
2025-07-25 17:53:15 - INFO - response received::

MSH|^~\&|IRISHL7|ISC|REGADT|MCM|202507251753||ACK^A01|000001|P|2.5.1|1
MSA|CA|000001



2025-07-25 17:53:15 - INFO - Port 2575 on 127.0.0.1 is open and accessible.
2025-07-25 17:53:15 - INFO - HL7 message generated::
MSH|^~\&|REGADT|MCM|IFENG||20250725175315||ADT^A01|000001|P|2.5.1|1||
EVN|A01|199601061000|199601101400|1
PID|||24445670^^^HOPITAL^MRN~FR123456^^^DLNUM^DL|253763|MUNRO^Alice||19310710|M|||77 Rue de Varenne^^PARIS^75^75007^||(01)554437765|(06)098866543|FRENCH|S|C|10199925|1641202898334566
NK1|1|DUPONT^MARIE^|EPOUSE||||ERSONNE A PREVENIR||
PV1|1|H|CARDIO^CHAMBRE201^LIT1||||004777^MARTIN^SOPHIE^DR|||CARDIO|||||ADM|A0|
PV2|||^Chirurgie Programmée||||||||||||||||||||||||||||||||||||||20240712
OBX|1|NM|21612-7^POIDS CORPOREL||52|kg|||||F
OBX|2|NM|8302-2^TAILLE||163|cm|||||F
OBX|3|NM|8480-6^PRESSION ARTERIELLE SYSTOLIQUE||154|mm[Hg]|||||F
OBX|4|NM|8462-4^PRESSION ARTERIELLE DIASTOLIQUE||87|mm[Hg]|||||F
OBX|5|NM|2339-0^GLUCOSE SANGUIN||6.2|mmol/L|3.5-5.7|H|||F
AL1|1||^AMOXICILLINE||URTICAIRE|
AL1|2||^ASPIRINE||OEDEME DE QUINCKE|
AL1|3||^ARACHIDES||CHOC ANAPHYLACTIQUE|
DG1|1|CIM10|I21.0^Infarctus transmural aigu du myocarde, de la paroi antérieure|Infarctus du myocarde||A
DG1|2|CIM10|I10^Hypertension essentielle (primitive)|Hypertension artérielle||C
DG1|3|CIM10|E11.9^Diabète sucré de type 2 sans complication|Diabète de type 2||C
PR1|1|CCAM|DDQH001^Coronarographie|Coronarographie||20240710103015
GT1|1|8291|DUPONT^JEAN^MARC^JR^M||123 RUE PRINCIPALE^^PARIS^^75001^FRA|(01)23456789||19610615|M|P/F|SLF|1234567890123||||
IN1|1|SECURITE SOCIALE|1|CPAM|||||||||||||||||||||||||||||||||||||||||||
2025-07-25 17:53:15 - INFO - response received::

MSH|^~\&|IRISHL7|ISC|REGADT|MCM|202507251753||ACK^A01|000001|P|2.5.1|1
MSA|CA|000001



2025-07-25 17:53:15 - INFO - Port 2575 on 127.0.0.1 is open and accessible.
2025-07-25 17:53:15 - INFO - HL7 message generated::
MSH|^~\&|REGADT|MCM|IFENG||20250725175315||ADT^A01|000001|P|2.5.1|1||
EVN|A01|199601061000|199601101400|1
PID|||24445670^^^HOPITAL^MRN~FR123456^^^DLNUM^DL|253763|MUNRO^Alice||19310710|M|||77 Rue de Varenne^^PARIS^75^75007^||(01)554437765|(06)098866543|FRENCH|S|C|10199925|1641202898334566
NK1|1|DUPONT^MARIE^|EPOUSE||||ERSONNE A PREVENIR||
PV1|1|H|CARDIO^CHAMBRE201^LIT1||||004777^MARTIN^SOPHIE^DR|||CARDIO|||||ADM|A0|
PV2|||^Chirurgie Programmée||||||||||||||||||||||||||||||||||||||20240712
OBX|1|NM|21612-7^POIDS CORPOREL||52|kg|||||F
OBX|2|NM|8302-2^TAILLE||163|cm|||||F
OBX|3|NM|8480-6^PRESSION ARTERIELLE SYSTOLIQUE||154|mm[Hg]|||||F
OBX|4|NM|8462-4^PRESSION ARTERIELLE DIASTOLIQUE||87|mm[Hg]|||||F
OBX|5|NM|2339-0^GLUCOSE SANGUIN||6.2|mmol/L|3.5-5.7|H|||F
AL1|1||^AMOXICILLINE||URTICAIRE|
AL1|2||^ASPIRINE||OEDEME DE QUINCKE|
AL1|3||^ARACHIDES||CHOC ANAPHYLACTIQUE|
DG1|1|CIM10|I21.0^Infarctus transmural aigu du myocarde, de la paroi antérieure|Infarctus du myocarde||A
DG1|2|CIM10|I10^Hypertension essentielle (primitive)|Hypertension artérielle||C
DG1|3|CIM10|E11.9^Diabète sucré de type 2 sans complication|Diabète de type 2||C
PR1|1|CCAM|DDQH001^Coronarographie|Coronarographie||20240710103015
GT1|1|8291|DUPONT^JEAN^MARC^JR^M||123 RUE PRINCIPALE^^PARIS^^75001^FRA|(01)23456789||19610615|M|P/F|SLF|1234567890123||||
IN1|1|SECURITE SOCIALE|1|CPAM|||||||||||||||||||||||||||||||||||||||||||
2025-07-25 17:53:15 - INFO - response received::

MSH|^~\&|IRISHL7|ISC|REGADT|MCM|202507251753||ACK^A01|000001|P|2.5.1|1
MSA|CA|000001



2025-07-25 17:53:16 - INFO - Port 2575 on 127.0.0.1 is open and accessible.
2025-07-25 17:53:16 - INFO - HL7 message generated::
MSH|^~\&|REGADT|MCM|IFENG||20250725175315||ADT^A01|000001|P|2.5.1|1||
EVN|A01|199601061000|199601101400|1
PID|||24445670^^^HOPITAL^MRN~FR123456^^^DLNUM^DL|253763|MUNRO^Alice||19310710|M|||77 Rue de Varenne^^PARIS^75^75007^||(01)554437765|(06)098866543|FRENCH|S|C|10199925|1641202898334566
NK1|1|DUPONT^MARIE^|EPOUSE||||ERSONNE A PREVENIR||
PV1|1|H|CARDIO^CHAMBRE201^LIT1||||004777^MARTIN^SOPHIE^DR|||CARDIO|||||ADM|A0|
PV2|||^Chirurgie Programmée||||||||||||||||||||||||||||||||||||||20240712
OBX|1|NM|21612-7^POIDS CORPOREL||52|kg|||||F
OBX|2|NM|8302-2^TAILLE||163|cm|||||F
OBX|3|NM|8480-6^PRESSION ARTERIELLE SYSTOLIQUE||154|mm[Hg]|||||F
OBX|4|NM|8462-4^PRESSION ARTERIELLE DIASTOLIQUE||87|mm[Hg]|||||F
OBX|5|NM|2339-0^GLUCOSE SANGUIN||6.2|mmol/L|3.5-5.7|H|||F
AL1|1||^AMOXICILLINE||URTICAIRE|
AL1|2||^ASPIRINE||OEDEME DE QUINCKE|
AL1|3||^ARACHIDES||CHOC ANAPHYLACTIQUE|
DG1|1|CIM10|I21.0^Infarctus transmural aigu du myocarde, de la paroi antérieure|Infarctus du myocarde||A
DG1|2|CIM10|I10^Hypertension essentielle (primitive)|Hypertension artérielle||C
DG1|3|CIM10|E11.9^Diabète sucré de type 2 sans complication|Diabète de type 2||C
PR1|1|CCAM|DDQH001^Coronarographie|Coronarographie||20240710103015
GT1|1|8291|DUPONT^JEAN^MARC^JR^M||123 RUE PRINCIPALE^^PARIS^^75001^FRA|(01)23456789||19610615|M|P/F|SLF|1234567890123||||
IN1|1|SECURITE SOCIALE|1|CPAM|||||||||||||||||||||||||||||||||||||||||||
2025-07-25 17:53:16 - INFO - response received::

MSH|^~\&|IRISHL7|ISC|REGADT|MCM|202507251753||ACK^A01|000001|P|2.5.1|1
MSA|CA|000001



2025-07-25 17:53:16 - INFO - Port 2575 on 127.0.0.1 is open and accessible.
2025-07-25 17:53:16 - INFO - HL7 message generated::
MSH|^~\&|REGADT|MCM|IFENG||20250725175316||ADT^A01|000001|P|2.5.1|1||
EVN|A01|199601061000|199601101400|1
PID|||24445670^^^HOPITAL^MRN~FR123456^^^DLNUM^DL|253763|MUNRO^Alice||19310710|M|||77 Rue de Varenne^^PARIS^75^75007^||(01)554437765|(06)098866543|FRENCH|S|C|10199925|1641202898334566
NK1|1|DUPONT^MARIE^|EPOUSE||||ERSONNE A PREVENIR||
PV1|1|H|CARDIO^CHAMBRE201^LIT1||||004777^MARTIN^SOPHIE^DR|||CARDIO|||||ADM|A0|
PV2|||^Chirurgie Programmée||||||||||||||||||||||||||||||||||||||20240712
OBX|1|NM|21612-7^POIDS CORPOREL||52|kg|||||F
OBX|2|NM|8302-2^TAILLE||163|cm|||||F
OBX|3|NM|8480-6^PRESSION ARTERIELLE SYSTOLIQUE||154|mm[Hg]|||||F
OBX|4|NM|8462-4^PRESSION ARTERIELLE DIASTOLIQUE||87|mm[Hg]|||||F
OBX|5|NM|2339-0^GLUCOSE SANGUIN||6.2|mmol/L|3.5-5.7|H|||F
AL1|1||^AMOXICILLINE||URTICAIRE|
AL1|2||^ASPIRINE||OEDEME DE QUINCKE|
AL1|3||^ARACHIDES||CHOC ANAPHYLACTIQUE|
DG1|1|CIM10|I21.0^Infarctus transmural aigu du myocarde, de la paroi antérieure|Infarctus du myocarde||A
DG1|2|CIM10|I10^Hypertension essentielle (primitive)|Hypertension artérielle||C
DG1|3|CIM10|E11.9^Diabète sucré de type 2 sans complication|Diabète de type 2||C
PR1|1|CCAM|DDQH001^Coronarographie|Coronarographie||20240710103015
GT1|1|8291|DUPONT^JEAN^MARC^JR^M||123 RUE PRINCIPALE^^PARIS^^75001^FRA|(01)23456789||19610615|M|P/F|SLF|1234567890123||||
IN1|1|SECURITE SOCIALE|1|CPAM|||||||||||||||||||||||||||||||||||||||||||
2025-07-25 17:53:16 - INFO - response received::

MSH|^~\&|IRISHL7|ISC|REGADT|MCM|202507251753||ACK^A01|000001|P|2.5.1|1
MSA|CA|000001



2025-07-25 17:53:16 - INFO - Port 2575 on 127.0.0.1 is open and accessible.
2025-07-25 17:53:16 - INFO - HL7 message generated::
MSH|^~\&|REGADT|MCM|IFENG||20250725175316||ADT^A01|000001|P|2.5.1|1||
EVN|A01|199601061000|199601101400|1
PID|||24445670^^^HOPITAL^MRN~FR123456^^^DLNUM^DL|253763|MUNRO^Alice||19310710|M|||77 Rue de Varenne^^PARIS^75^75007^||(01)554437765|(06)098866543|FRENCH|S|C|10199925|1641202898334566
NK1|1|DUPONT^MARIE^|EPOUSE||||ERSONNE A PREVENIR||
PV1|1|H|CARDIO^CHAMBRE201^LIT1||||004777^MARTIN^SOPHIE^DR|||CARDIO|||||ADM|A0|
PV2|||^Chirurgie Programmée||||||||||||||||||||||||||||||||||||||20240712
OBX|1|NM|21612-7^POIDS CORPOREL||52|kg|||||F
OBX|2|NM|8302-2^TAILLE||163|cm|||||F
OBX|3|NM|8480-6^PRESSION ARTERIELLE SYSTOLIQUE||154|mm[Hg]|||||F
OBX|4|NM|8462-4^PRESSION ARTERIELLE DIASTOLIQUE||87|mm[Hg]|||||F
OBX|5|NM|2339-0^GLUCOSE SANGUIN||6.2|mmol/L|3.5-5.7|H|||F
AL1|1||^AMOXICILLINE||URTICAIRE|
AL1|2||^ASPIRINE||OEDEME DE QUINCKE|
AL1|3||^ARACHIDES||CHOC ANAPHYLACTIQUE|
DG1|1|CIM10|I21.0^Infarctus transmural aigu du myocarde, de la paroi antérieure|Infarctus du myocarde||A
DG1|2|CIM10|I10^Hypertension essentielle (primitive)|Hypertension artérielle||C
DG1|3|CIM10|E11.9^Diabète sucré de type 2 sans complication|Diabète de type 2||C
PR1|1|CCAM|DDQH001^Coronarographie|Coronarographie||20240710103015
GT1|1|8291|DUPONT^JEAN^MARC^JR^M||123 RUE PRINCIPALE^^PARIS^^75001^FRA|(01)23456789||19610615|M|P/F|SLF|1234567890123||||
IN1|1|SECURITE SOCIALE|1|CPAM|||||||||||||||||||||||||||||||||||||||||||
2025-07-25 17:53:16 - INFO - response received::

MSH|^~\&|IRISHL7|ISC|REGADT|MCM|202507251753||ACK^A01|000001|P|2.5.1|1
MSA|CA|000001



2025-07-25 17:53:17 - INFO - Port 2575 on 127.0.0.1 is open and accessible.
2025-07-25 17:53:17 - INFO - HL7 message generated::
MSH|^~\&|REGADT|MCM|IFENG||20250725175317||ADT^A01|000001|P|2.5.1|1||
EVN|A01|199601061000|199601101400|1
PID|||24445670^^^HOPITAL^MRN~FR123456^^^DLNUM^DL|253763|MUNRO^Alice||19310710|M|||77 Rue de Varenne^^PARIS^75^75007^||(01)554437765|(06)098866543|FRENCH|S|C|10199925|1641202898334566
NK1|1|DUPONT^MARIE^|EPOUSE||||ERSONNE A PREVENIR||
PV1|1|H|CARDIO^CHAMBRE201^LIT1||||004777^MARTIN^SOPHIE^DR|||CARDIO|||||ADM|A0|
PV2|||^Chirurgie Programmée||||||||||||||||||||||||||||||||||||||20240712
OBX|1|NM|21612-7^POIDS CORPOREL||52|kg|||||F
OBX|2|NM|8302-2^TAILLE||163|cm|||||F
OBX|3|NM|8480-6^PRESSION ARTERIELLE SYSTOLIQUE||154|mm[Hg]|||||F
OBX|4|NM|8462-4^PRESSION ARTERIELLE DIASTOLIQUE||87|mm[Hg]|||||F
OBX|5|NM|2339-0^GLUCOSE SANGUIN||6.2|mmol/L|3.5-5.7|H|||F
AL1|1||^AMOXICILLINE||URTICAIRE|
AL1|2||^ASPIRINE||OEDEME DE QUINCKE|
AL1|3||^ARACHIDES||CHOC ANAPHYLACTIQUE|
DG1|1|CIM10|I21.0^Infarctus transmural aigu du myocarde, de la paroi antérieure|Infarctus du myocarde||A
DG1|2|CIM10|I10^Hypertension essentielle (primitive)|Hypertension artérielle||C
DG1|3|CIM10|E11.9^Diabète sucré de type 2 sans complication|Diabète de type 2||C
PR1|1|CCAM|DDQH001^Coronarographie|Coronarographie||20240710103015
GT1|1|8291|DUPONT^JEAN^MARC^JR^M||123 RUE PRINCIPALE^^PARIS^^75001^FRA|(01)23456789||19610615|M|P/F|SLF|1234567890123||||
IN1|1|SECURITE SOCIALE|1|CPAM|||||||||||||||||||||||||||||||||||||||||||
2025-07-25 17:53:17 - INFO - response received::

MSH|^~\&|IRISHL7|ISC|REGADT|MCM|202507251753||ACK^A01|000001|P|2.5.1|1
MSA|CA|000001



2025-07-25 17:53:17 - INFO - Port 2575 on 127.0.0.1 is open and accessible.
2025-07-25 17:53:17 - INFO - HL7 message generated::
MSH|^~\&|REGADT|MCM|IFENG||20250725175317||ADT^A01|000001|P|2.5.1|1||
EVN|A01|199601061000|199601101400|1
PID|||24445670^^^HOPITAL^MRN~FR123456^^^DLNUM^DL|253763|MUNRO^Alice||19310710|M|||77 Rue de Varenne^^PARIS^75^75007^||(01)554437765|(06)098866543|FRENCH|S|C|10199925|1641202898334566
NK1|1|DUPONT^MARIE^|EPOUSE||||ERSONNE A PREVENIR||
PV1|1|H|CARDIO^CHAMBRE201^LIT1||||004777^MARTIN^SOPHIE^DR|||CARDIO|||||ADM|A0|
PV2|||^Chirurgie Programmée||||||||||||||||||||||||||||||||||||||20240712
OBX|1|NM|21612-7^POIDS CORPOREL||52|kg|||||F
OBX|2|NM|8302-2^TAILLE||163|cm|||||F
OBX|3|NM|8480-6^PRESSION ARTERIELLE SYSTOLIQUE||154|mm[Hg]|||||F
OBX|4|NM|8462-4^PRESSION ARTERIELLE DIASTOLIQUE||87|mm[Hg]|||||F
OBX|5|NM|2339-0^GLUCOSE SANGUIN||6.2|mmol/L|3.5-5.7|H|||F
AL1|1||^AMOXICILLINE||URTICAIRE|
AL1|2||^ASPIRINE||OEDEME DE QUINCKE|
AL1|3||^ARACHIDES||CHOC ANAPHYLACTIQUE|
DG1|1|CIM10|I21.0^Infarctus transmural aigu du myocarde, de la paroi antérieure|Infarctus du myocarde||A
DG1|2|CIM10|I10^Hypertension essentielle (primitive)|Hypertension artérielle||C
DG1|3|CIM10|E11.9^Diabète sucré de type 2 sans complication|Diabète de type 2||C
PR1|1|CCAM|DDQH001^Coronarographie|Coronarographie||20240710103015
GT1|1|8291|DUPONT^JEAN^MARC^JR^M||123 RUE PRINCIPALE^^PARIS^^75001^FRA|(01)23456789||19610615|M|P/F|SLF|1234567890123||||
IN1|1|SECURITE SOCIALE|1|CPAM|||||||||||||||||||||||||||||||||||||||||||
2025-07-25 17:53:17 - INFO - response received::

MSH|^~\&|IRISHL7|ISC|REGADT|MCM|202507251753||ACK^A01|000001|P|2.5.1|1
MSA|CA|000001



2025-07-25 17:53:17 - INFO - Port 2575 on 127.0.0.1 is open and accessible.
2025-07-25 17:53:17 - INFO - HL7 message generated::
MSH|^~\&|REGADT|MCM|IFENG||20250725175317||ADT^A01|000001|P|2.5.1|1||
EVN|A01|199601061000|199601101400|1
PID|||24445670^^^HOPITAL^MRN~FR123456^^^DLNUM^DL|253763|MUNRO^Alice||19310710|M|||77 Rue de Varenne^^PARIS^75^75007^||(01)554437765|(06)098866543|FRENCH|S|C|10199925|1641202898334566
NK1|1|DUPONT^MARIE^|EPOUSE||||ERSONNE A PREVENIR||
PV1|1|H|CARDIO^CHAMBRE201^LIT1||||004777^MARTIN^SOPHIE^DR|||CARDIO|||||ADM|A0|
PV2|||^Chirurgie Programmée||||||||||||||||||||||||||||||||||||||20240712
OBX|1|NM|21612-7^POIDS CORPOREL||52|kg|||||F
OBX|2|NM|8302-2^TAILLE||163|cm|||||F
OBX|3|NM|8480-6^PRESSION ARTERIELLE SYSTOLIQUE||154|mm[Hg]|||||F
OBX|4|NM|8462-4^PRESSION ARTERIELLE DIASTOLIQUE||87|mm[Hg]|||||F
OBX|5|NM|2339-0^GLUCOSE SANGUIN||6.2|mmol/L|3.5-5.7|H|||F
AL1|1||^AMOXICILLINE||URTICAIRE|
AL1|2||^ASPIRINE||OEDEME DE QUINCKE|
AL1|3||^ARACHIDES||CHOC ANAPHYLACTIQUE|
DG1|1|CIM10|I21.0^Infarctus transmural aigu du myocarde, de la paroi antérieure|Infarctus du myocarde||A
DG1|2|CIM10|I10^Hypertension essentielle (primitive)|Hypertension artérielle||C
DG1|3|CIM10|E11.9^Diabète sucré de type 2 sans complication|Diabète de type 2||C
PR1|1|CCAM|DDQH001^Coronarographie|Coronarographie||20240710103015
GT1|1|8291|DUPONT^JEAN^MARC^JR^M||123 RUE PRINCIPALE^^PARIS^^75001^FRA|(01)23456789||19610615|M|P/F|SLF|1234567890123||||
IN1|1|SECURITE SOCIALE|1|CPAM|||||||||||||||||||||||||||||||||||||||||||
2025-07-25 17:53:17 - INFO - response received::

MSH|^~\&|IRISHL7|ISC|REGADT|MCM|202507251753||ACK^A01|000001|P|2.5.1|1
MSA|CA|000001



2025-07-25 17:53:18 - INFO - Port 2575 on 127.0.0.1 is open and accessible.
2025-07-25 17:53:18 - INFO - HL7 message generated::
MSH|^~\&|REGADT|MCM|IFENG||20250725175318||ADT^A01|000001|P|2.5.1|1||
EVN|A01|199601061000|199601101400|1
PID|||24445670^^^HOPITAL^MRN~FR123456^^^DLNUM^DL|253763|MUNRO^Alice||19310710|M|||77 Rue de Varenne^^PARIS^75^75007^||(01)554437765|(06)098866543|FRENCH|S|C|10199925|1641202898334566
NK1|1|DUPONT^MARIE^|EPOUSE||||ERSONNE A PREVENIR||
PV1|1|H|CARDIO^CHAMBRE201^LIT1||||004777^MARTIN^SOPHIE^DR|||CARDIO|||||ADM|A0|
PV2|||^Chirurgie Programmée||||||||||||||||||||||||||||||||||||||20240712
OBX|1|NM|21612-7^POIDS CORPOREL||52|kg|||||F
OBX|2|NM|8302-2^TAILLE||163|cm|||||F
OBX|3|NM|8480-6^PRESSION ARTERIELLE SYSTOLIQUE||154|mm[Hg]|||||F
OBX|4|NM|8462-4^PRESSION ARTERIELLE DIASTOLIQUE||87|mm[Hg]|||||F
OBX|5|NM|2339-0^GLUCOSE SANGUIN||6.2|mmol/L|3.5-5.7|H|||F
AL1|1||^AMOXICILLINE||URTICAIRE|
AL1|2||^ASPIRINE||OEDEME DE QUINCKE|
AL1|3||^ARACHIDES||CHOC ANAPHYLACTIQUE|
DG1|1|CIM10|I21.0^Infarctus transmural aigu du myocarde, de la paroi antérieure|Infarctus du myocarde||A
DG1|2|CIM10|I10^Hypertension essentielle (primitive)|Hypertension artérielle||C
DG1|3|CIM10|E11.9^Diabète sucré de type 2 sans complication|Diabète de type 2||C
PR1|1|CCAM|DDQH001^Coronarographie|Coronarographie||20240710103015
GT1|1|8291|DUPONT^JEAN^MARC^JR^M||123 RUE PRINCIPALE^^PARIS^^75001^FRA|(01)23456789||19610615|M|P/F|SLF|1234567890123||||
IN1|1|SECURITE SOCIALE|1|CPAM|||||||||||||||||||||||||||||||||||||||||||
2025-07-25 17:53:18 - ERROR - Error sending HL7 ::
[Errno 54] Connection reset by peer
2025-07-25 17:53:18 - INFO - Port 2575 on 127.0.0.1 is open and accessible.
2025-07-25 17:53:18 - INFO - HL7 message generated::
MSH|^~\&|REGADT|MCM|IFENG||20250725175318||ADT^A01|000001|P|2.5.1|1||
EVN|A01|199601061000|199601101400|1
PID|||24445670^^^HOPITAL^MRN~FR123456^^^DLNUM^DL|253763|MUNRO^Alice||19310710|M|||77 Rue de Varenne^^PARIS^75^75007^||(01)554437765|(06)098866543|FRENCH|S|C|10199925|1641202898334566
NK1|1|DUPONT^MARIE^|EPOUSE||||ERSONNE A PREVENIR||
PV1|1|H|CARDIO^CHAMBRE201^LIT1||||004777^MARTIN^SOPHIE^DR|||CARDIO|||||ADM|A0|
PV2|||^Chirurgie Programmée||||||||||||||||||||||||||||||||||||||20240712
OBX|1|NM|21612-7^POIDS CORPOREL||52|kg|||||F
OBX|2|NM|8302-2^TAILLE||163|cm|||||F
OBX|3|NM|8480-6^PRESSION ARTERIELLE SYSTOLIQUE||154|mm[Hg]|||||F
OBX|4|NM|8462-4^PRESSION ARTERIELLE DIASTOLIQUE||87|mm[Hg]|||||F
OBX|5|NM|2339-0^GLUCOSE SANGUIN||6.2|mmol/L|3.5-5.7|H|||F
AL1|1||^AMOXICILLINE||URTICAIRE|
AL1|2||^ASPIRINE||OEDEME DE QUINCKE|
AL1|3||^ARACHIDES||CHOC ANAPHYLACTIQUE|
DG1|1|CIM10|I21.0^Infarctus transmural aigu du myocarde, de la paroi antérieure|Infarctus du myocarde||A
DG1|2|CIM10|I10^Hypertension essentielle (primitive)|Hypertension artérielle||C
DG1|3|CIM10|E11.9^Diabète sucré de type 2 sans complication|Diabète de type 2||C
PR1|1|CCAM|DDQH001^Coronarographie|Coronarographie||20240710103015
GT1|1|8291|DUPONT^JEAN^MARC^JR^M||123 RUE PRINCIPALE^^PARIS^^75001^FRA|(01)23456789||19610615|M|P/F|SLF|1234567890123||||
IN1|1|SECURITE SOCIALE|1|CPAM|||||||||||||||||||||||||||||||||||||||||||
2025-07-25 17:53:18 - INFO - response received::

MSH|^~\&|IRISHL7|ISC|REGADT|MCM|202507251753||ACK^A01|000001|P|2.5.1|1
MSA|CA|000001



2025-07-25 17:53:36 - INFO - Port 2575 on 127.0.0.1 is open and accessible.
2025-07-25 17:53:36 - INFO - HL7 message generated::
MSH|^~\&|REGADT|MCM|IFENG||20250725175336||ADT^A01|000001|P|2.5.1|1||
EVN|A01|199601061000|199601101400|1
PID|||24445670^^^HOPITAL^MRN~FR123456^^^DLNUM^DL|253763|MUNRO^Alice||19310710|M|||77 Rue de Varenne^^PARIS^75^75007^||(01)554437765|(06)098866543|FRENCH|S|C|10199925|1641202898334566
NK1|1|DUPONT^MARIE^|EPOUSE||||ERSONNE A PREVENIR||
PV1|1|H|CARDIO^CHAMBRE201^LIT1||||004777^MARTIN^SOPHIE^DR|||CARDIO|||||ADM|A0|
PV2|||^Chirurgie Programmée||||||||||||||||||||||||||||||||||||||20240712
OBX|1|NM|21612-7^POIDS CORPOREL||52|kg|||||F
OBX|2|NM|8302-2^TAILLE||163|cm|||||F
OBX|3|NM|8480-6^PRESSION ARTERIELLE SYSTOLIQUE||154|mm[Hg]|||||F
OBX|4|NM|8462-4^PRESSION ARTERIELLE DIASTOLIQUE||87|mm[Hg]|||||F
OBX|5|NM|2339-0^GLUCOSE SANGUIN||6.2|mmol/L|3.5-5.7|H|||F
AL1|1||^AMOXICILLINE||URTICAIRE|
AL1|2||^ASPIRINE||OEDEME DE QUINCKE|
AL1|3||^ARACHIDES||CHOC ANAPHYLACTIQUE|
DG1|1|CIM10|I21.0^Infarctus transmural aigu du myocarde, de la paroi antérieure|Infarctus du myocarde||A
DG1|2|CIM10|I10^Hypertension essentielle (primitive)|Hypertension artérielle||C
DG1|3|CIM10|E11.9^Diabète sucré de type 2 sans complication|Diabète de type 2||C
PR1|1|CCAM|DDQH001^Coronarographie|Coronarographie||20240710103015
GT1|1|8291|DUPONT^JEAN^MARC^JR^M||123 RUE PRINCIPALE^^PARIS^^75001^FRA|(01)23456789||19610615|M|P/F|SLF|1234567890123||||
IN1|1|SECURITE SOCIALE|1|CPAM|||||||||||||||||||||||||||||||||||||||||||
2025-07-25 17:53:36 - INFO - response received::

MSH|^~\&|IRISHL7|ISC|REGADT|MCM|202507251753||ACK^A01|000001|P|2.5.1|1
MSA|CA|000001



2025-07-25 17:53:36 - INFO - Port 2575 on 127.0.0.1 is open and accessible.
2025-07-25 17:53:36 - INFO - HL7 message generated::
MSH|^~\&|REGADT|MCM|IFENG||20250725175336||ADT^A01|000001|P|2.5.1|1||
EVN|A01|199601061000|199601101400|1
PID|||24445670^^^HOPITAL^MRN~FR123456^^^DLNUM^DL|253763|MUNRO^Alice||19310710|M|||77 Rue de Varenne^^PARIS^75^75007^||(01)554437765|(06)098866543|FRENCH|S|C|10199925|1641202898334566
NK1|1|DUPONT^MARIE^|EPOUSE||||ERSONNE A PREVENIR||
PV1|1|H|CARDIO^CHAMBRE201^LIT1||||004777^MARTIN^SOPHIE^DR|||CARDIO|||||ADM|A0|
PV2|||^Chirurgie Programmée||||||||||||||||||||||||||||||||||||||20240712
OBX|1|NM|21612-7^POIDS CORPOREL||52|kg|||||F
OBX|2|NM|8302-2^TAILLE||163|cm|||||F
OBX|3|NM|8480-6^PRESSION ARTERIELLE SYSTOLIQUE||154|mm[Hg]|||||F
OBX|4|NM|8462-4^PRESSION ARTERIELLE DIASTOLIQUE||87|mm[Hg]|||||F
OBX|5|NM|2339-0^GLUCOSE SANGUIN||6.2|mmol/L|3.5-5.7|H|||F
AL1|1||^AMOXICILLINE||URTICAIRE|
AL1|2||^ASPIRINE||OEDEME DE QUINCKE|
AL1|3||^ARACHIDES||CHOC ANAPHYLACTIQUE|
DG1|1|CIM10|I21.0^Infarctus transmural aigu du myocarde, de la paroi antérieure|Infarctus du myocarde||A
DG1|2|CIM10|I10^Hypertension essentielle (primitive)|Hypertension artérielle||C
DG1|3|CIM10|E11.9^Diabète sucré de type 2 sans complication|Diabète de type 2||C
PR1|1|CCAM|DDQH001^Coronarographie|Coronarographie||20240710103015
GT1|1|8291|DUPONT^JEAN^MARC^JR^M||123 RUE PRINCIPALE^^PARIS^^75001^FRA|(01)23456789||19610615|M|P/F|SLF|1234567890123||||
IN1|1|SECURITE SOCIALE|1|CPAM|||||||||||||||||||||||||||||||||||||||||||
2025-07-25 17:53:36 - INFO - response received::

MSH|^~\&|IRISHL7|ISC|REGADT|MCM|202507251753||ACK^A01|000001|P|2.5.1|1
MSA|CA|000001



2025-07-25 17:53:37 - INFO - Port 2575 on 127.0.0.1 is open and accessible.
2025-07-25 17:53:37 - INFO - HL7 message generated::
MSH|^~\&|REGADT|MCM|IFENG||20250725175337||ADT^A01|000001|P|2.5.1|1||
EVN|A01|199601061000|199601101400|1
PID|||24445670^^^HOPITAL^MRN~FR123456^^^DLNUM^DL|253763|MUNRO^Alice||19310710|M|||77 Rue de Varenne^^PARIS^75^75007^||(01)554437765|(06)098866543|FRENCH|S|C|10199925|1641202898334566
NK1|1|DUPONT^MARIE^|EPOUSE||||ERSONNE A PREVENIR||
PV1|1|H|CARDIO^CHAMBRE201^LIT1||||004777^MARTIN^SOPHIE^DR|||CARDIO|||||ADM|A0|
PV2|||^Chirurgie Programmée||||||||||||||||||||||||||||||||||||||20240712
OBX|1|NM|21612-7^POIDS CORPOREL||52|kg|||||F
OBX|2|NM|8302-2^TAILLE||163|cm|||||F
OBX|3|NM|8480-6^PRESSION ARTERIELLE SYSTOLIQUE||154|mm[Hg]|||||F
OBX|4|NM|8462-4^PRESSION ARTERIELLE DIASTOLIQUE||87|mm[Hg]|||||F
OBX|5|NM|2339-0^GLUCOSE SANGUIN||6.2|mmol/L|3.5-5.7|H|||F
AL1|1||^AMOXICILLINE||URTICAIRE|
AL1|2||^ASPIRINE||OEDEME DE QUINCKE|
AL1|3||^ARACHIDES||CHOC ANAPHYLACTIQUE|
DG1|1|CIM10|I21.0^Infarctus transmural aigu du myocarde, de la paroi antérieure|Infarctus du myocarde||A
DG1|2|CIM10|I10^Hypertension essentielle (primitive)|Hypertension artérielle||C
DG1|3|CIM10|E11.9^Diabète sucré de type 2 sans complication|Diabète de type 2||C
PR1|1|CCAM|DDQH001^Coronarographie|Coronarographie||20240710103015
GT1|1|8291|DUPONT^JEAN^MARC^JR^M||123 RUE PRINCIPALE^^PARIS^^75001^FRA|(01)23456789||19610615|M|P/F|SLF|1234567890123||||
IN1|1|SECURITE SOCIALE|1|CPAM|||||||||||||||||||||||||||||||||||||||||||
2025-07-25 17:53:37 - INFO - response received::

MSH|^~\&|IRISHL7|ISC|REGADT|MCM|202507251753||ACK^A01|000001|P|2.5.1|1
MSA|CA|000001



2025-07-25 17:53:37 - INFO - Port 2575 on 127.0.0.1 is open and accessible.
2025-07-25 17:53:37 - INFO - HL7 message generated::
MSH|^~\&|REGADT|MCM|IFENG||20250725175337||ADT^A01|000001|P|2.5.1|1||
EVN|A01|199601061000|199601101400|1
PID|||24445670^^^HOPITAL^MRN~FR123456^^^DLNUM^DL|253763|MUNRO^Alice||19310710|M|||77 Rue de Varenne^^PARIS^75^75007^||(01)554437765|(06)098866543|FRENCH|S|C|10199925|1641202898334566
NK1|1|DUPONT^MARIE^|EPOUSE||||ERSONNE A PREVENIR||
PV1|1|H|CARDIO^CHAMBRE201^LIT1||||004777^MARTIN^SOPHIE^DR|||CARDIO|||||ADM|A0|
PV2|||^Chirurgie Programmée||||||||||||||||||||||||||||||||||||||20240712
OBX|1|NM|21612-7^POIDS CORPOREL||52|kg|||||F
OBX|2|NM|8302-2^TAILLE||163|cm|||||F
OBX|3|NM|8480-6^PRESSION ARTERIELLE SYSTOLIQUE||154|mm[Hg]|||||F
OBX|4|NM|8462-4^PRESSION ARTERIELLE DIASTOLIQUE||87|mm[Hg]|||||F
OBX|5|NM|2339-0^GLUCOSE SANGUIN||6.2|mmol/L|3.5-5.7|H|||F
AL1|1||^AMOXICILLINE||URTICAIRE|
AL1|2||^ASPIRINE||OEDEME DE QUINCKE|
AL1|3||^ARACHIDES||CHOC ANAPHYLACTIQUE|
DG1|1|CIM10|I21.0^Infarctus transmural aigu du myocarde, de la paroi antérieure|Infarctus du myocarde||A
DG1|2|CIM10|I10^Hypertension essentielle (primitive)|Hypertension artérielle||C
DG1|3|CIM10|E11.9^Diabète sucré de type 2 sans complication|Diabète de type 2||C
PR1|1|CCAM|DDQH001^Coronarographie|Coronarographie||20240710103015
GT1|1|8291|DUPONT^JEAN^MARC^JR^M||123 RUE PRINCIPALE^^PARIS^^75001^FRA|(01)23456789||19610615|M|P/F|SLF|1234567890123||||
IN1|1|SECURITE SOCIALE|1|CPAM|||||||||||||||||||||||||||||||||||||||||||
2025-07-25 17:53:37 - INFO - response received::

MSH|^~\&|IRISHL7|ISC|REGADT|MCM|202507251753||ACK^A01|000001|P|2.5.1|1
MSA|CA|000001



2025-07-25 17:53:38 - INFO - Port 2575 on 127.0.0.1 is open and accessible.
2025-07-25 17:53:38 - INFO - HL7 message generated::
MSH|^~\&|REGADT|MCM|IFENG||20250725175338||ADT^A01|000001|P|2.5.1|1||
EVN|A01|199601061000|199601101400|1
PID|||24445670^^^HOPITAL^MRN~FR123456^^^DLNUM^DL|253763|MUNRO^Alice||19310710|M|||77 Rue de Varenne^^PARIS^75^75007^||(01)554437765|(06)098866543|FRENCH|S|C|10199925|1641202898334566
NK1|1|DUPONT^MARIE^|EPOUSE||||ERSONNE A PREVENIR||
PV1|1|H|CARDIO^CHAMBRE201^LIT1||||004777^MARTIN^SOPHIE^DR|||CARDIO|||||ADM|A0|
PV2|||^Chirurgie Programmée||||||||||||||||||||||||||||||||||||||20240712
OBX|1|NM|21612-7^POIDS CORPOREL||52|kg|||||F
OBX|2|NM|8302-2^TAILLE||163|cm|||||F
OBX|3|NM|8480-6^PRESSION ARTERIELLE SYSTOLIQUE||154|mm[Hg]|||||F
OBX|4|NM|8462-4^PRESSION ARTERIELLE DIASTOLIQUE||87|mm[Hg]|||||F
OBX|5|NM|2339-0^GLUCOSE SANGUIN||6.2|mmol/L|3.5-5.7|H|||F
AL1|1||^AMOXICILLINE||URTICAIRE|
AL1|2||^ASPIRINE||OEDEME DE QUINCKE|
AL1|3||^ARACHIDES||CHOC ANAPHYLACTIQUE|
DG1|1|CIM10|I21.0^Infarctus transmural aigu du myocarde, de la paroi antérieure|Infarctus du myocarde||A
DG1|2|CIM10|I10^Hypertension essentielle (primitive)|Hypertension artérielle||C
DG1|3|CIM10|E11.9^Diabète sucré de type 2 sans complication|Diabète de type 2||C
PR1|1|CCAM|DDQH001^Coronarographie|Coronarographie||20240710103015
GT1|1|8291|DUPONT^JEAN^MARC^JR^M||123 RUE PRINCIPALE^^PARIS^^75001^FRA|(01)23456789||19610615|M|P/F|SLF|1234567890123||||
IN1|1|SECURITE SOCIALE|1|CPAM|||||||||||||||||||||||||||||||||||||||||||
2025-07-25 17:53:38 - INFO - response received::

MSH|^~\&|IRISHL7|ISC|REGADT|MCM|202507251753||ACK^A01|000001|P|2.5.1|1
MSA|CA|000001



2025-07-25 17:53:38 - INFO - Port 2575 on 127.0.0.1 is open and accessible.
2025-07-25 17:53:38 - INFO - HL7 message generated::
MSH|^~\&|REGADT|MCM|IFENG||20250725175338||ADT^A01|000001|P|2.5.1|1||
EVN|A01|199601061000|199601101400|1
PID|||24445670^^^HOPITAL^MRN~FR123456^^^DLNUM^DL|253763|MUNRO^Alice||19310710|M|||77 Rue de Varenne^^PARIS^75^75007^||(01)554437765|(06)098866543|FRENCH|S|C|10199925|1641202898334566
NK1|1|DUPONT^MARIE^|EPOUSE||||ERSONNE A PREVENIR||
PV1|1|H|CARDIO^CHAMBRE201^LIT1||||004777^MARTIN^SOPHIE^DR|||CARDIO|||||ADM|A0|
PV2|||^Chirurgie Programmée||||||||||||||||||||||||||||||||||||||20240712
OBX|1|NM|21612-7^POIDS CORPOREL||52|kg|||||F
OBX|2|NM|8302-2^TAILLE||163|cm|||||F
OBX|3|NM|8480-6^PRESSION ARTERIELLE SYSTOLIQUE||154|mm[Hg]|||||F
OBX|4|NM|8462-4^PRESSION ARTERIELLE DIASTOLIQUE||87|mm[Hg]|||||F
OBX|5|NM|2339-0^GLUCOSE SANGUIN||6.2|mmol/L|3.5-5.7|H|||F
AL1|1||^AMOXICILLINE||URTICAIRE|
AL1|2||^ASPIRINE||OEDEME DE QUINCKE|
AL1|3||^ARACHIDES||CHOC ANAPHYLACTIQUE|
DG1|1|CIM10|I21.0^Infarctus transmural aigu du myocarde, de la paroi antérieure|Infarctus du myocarde||A
DG1|2|CIM10|I10^Hypertension essentielle (primitive)|Hypertension artérielle||C
DG1|3|CIM10|E11.9^Diabète sucré de type 2 sans complication|Diabète de type 2||C
PR1|1|CCAM|DDQH001^Coronarographie|Coronarographie||20240710103015
GT1|1|8291|DUPONT^JEAN^MARC^JR^M||123 RUE PRINCIPALE^^PARIS^^75001^FRA|(01)23456789||19610615|M|P/F|SLF|1234567890123||||
IN1|1|SECURITE SOCIALE|1|CPAM|||||||||||||||||||||||||||||||||||||||||||
2025-07-25 17:53:38 - INFO - response received::

MSH|^~\&|IRISHL7|ISC|REGADT|MCM|202507251753||ACK^A01|000001|P|2.5.1|1
MSA|CA|000001



2025-07-25 17:53:39 - INFO - Port 2575 on 127.0.0.1 is open and accessible.
2025-07-25 17:53:39 - INFO - HL7 message generated::
MSH|^~\&|REGADT|MCM|IFENG||20250725175339||ADT^A01|000001|P|2.5.1|1||
EVN|A01|199601061000|199601101400|1
PID|||24445670^^^HOPITAL^MRN~FR123456^^^DLNUM^DL|253763|MUNRO^Alice||19310710|M|||77 Rue de Varenne^^PARIS^75^75007^||(01)554437765|(06)098866543|FRENCH|S|C|10199925|1641202898334566
NK1|1|DUPONT^MARIE^|EPOUSE||||ERSONNE A PREVENIR||
PV1|1|H|CARDIO^CHAMBRE201^LIT1||||004777^MARTIN^SOPHIE^DR|||CARDIO|||||ADM|A0|
PV2|||^Chirurgie Programmée||||||||||||||||||||||||||||||||||||||20240712
OBX|1|NM|21612-7^POIDS CORPOREL||52|kg|||||F
OBX|2|NM|8302-2^TAILLE||163|cm|||||F
OBX|3|NM|8480-6^PRESSION ARTERIELLE SYSTOLIQUE||154|mm[Hg]|||||F
OBX|4|NM|8462-4^PRESSION ARTERIELLE DIASTOLIQUE||87|mm[Hg]|||||F
OBX|5|NM|2339-0^GLUCOSE SANGUIN||6.2|mmol/L|3.5-5.7|H|||F
AL1|1||^AMOXICILLINE||URTICAIRE|
AL1|2||^ASPIRINE||OEDEME DE QUINCKE|
AL1|3||^ARACHIDES||CHOC ANAPHYLACTIQUE|
DG1|1|CIM10|I21.0^Infarctus transmural aigu du myocarde, de la paroi antérieure|Infarctus du myocarde||A
DG1|2|CIM10|I10^Hypertension essentielle (primitive)|Hypertension artérielle||C
DG1|3|CIM10|E11.9^Diabète sucré de type 2 sans complication|Diabète de type 2||C
PR1|1|CCAM|DDQH001^Coronarographie|Coronarographie||20240710103015
GT1|1|8291|DUPONT^JEAN^MARC^JR^M||123 RUE PRINCIPALE^^PARIS^^75001^FRA|(01)23456789||19610615|M|P/F|SLF|1234567890123||||
IN1|1|SECURITE SOCIALE|1|CPAM|||||||||||||||||||||||||||||||||||||||||||
2025-07-25 17:53:39 - INFO - response received::

MSH|^~\&|IRISHL7|ISC|REGADT|MCM|202507251753||ACK^A01|000001|P|2.5.1|1
MSA|CA|000001



2025-07-25 17:53:39 - INFO - Port 2575 on 127.0.0.1 is open and accessible.
2025-07-25 17:53:39 - INFO - HL7 message generated::
MSH|^~\&|REGADT|MCM|IFENG||20250725175339||ADT^A01|000001|P|2.5.1|1||
EVN|A01|199601061000|199601101400|1
PID|||24445670^^^HOPITAL^MRN~FR123456^^^DLNUM^DL|253763|MUNRO^Alice||19310710|M|||77 Rue de Varenne^^PARIS^75^75007^||(01)554437765|(06)098866543|FRENCH|S|C|10199925|1641202898334566
NK1|1|DUPONT^MARIE^|EPOUSE||||ERSONNE A PREVENIR||
PV1|1|H|CARDIO^CHAMBRE201^LIT1||||004777^MARTIN^SOPHIE^DR|||CARDIO|||||ADM|A0|
PV2|||^Chirurgie Programmée||||||||||||||||||||||||||||||||||||||20240712
OBX|1|NM|21612-7^POIDS CORPOREL||52|kg|||||F
OBX|2|NM|8302-2^TAILLE||163|cm|||||F
OBX|3|NM|8480-6^PRESSION ARTERIELLE SYSTOLIQUE||154|mm[Hg]|||||F
OBX|4|NM|8462-4^PRESSION ARTERIELLE DIASTOLIQUE||87|mm[Hg]|||||F
OBX|5|NM|2339-0^GLUCOSE SANGUIN||6.2|mmol/L|3.5-5.7|H|||F
AL1|1||^AMOXICILLINE||URTICAIRE|
AL1|2||^ASPIRINE||OEDEME DE QUINCKE|
AL1|3||^ARACHIDES||CHOC ANAPHYLACTIQUE|
DG1|1|CIM10|I21.0^Infarctus transmural aigu du myocarde, de la paroi antérieure|Infarctus du myocarde||A
DG1|2|CIM10|I10^Hypertension essentielle (primitive)|Hypertension artérielle||C
DG1|3|CIM10|E11.9^Diabète sucré de type 2 sans complication|Diabète de type 2||C
PR1|1|CCAM|DDQH001^Coronarographie|Coronarographie||20240710103015
GT1|1|8291|DUPONT^JEAN^MARC^JR^M||123 RUE PRINCIPALE^^PARIS^^75001^FRA|(01)23456789||19610615|M|P/F|SLF|1234567890123||||
IN1|1|SECURITE SOCIALE|1|CPAM|||||||||||||||||||||||||||||||||||||||||||
2025-07-25 17:53:39 - INFO - response received::

MSH|^~\&|IRISHL7|ISC|REGADT|MCM|202507251753||ACK^A01|000001|P|2.5.1|1
MSA|CA|000001



2025-07-25 17:53:39 - INFO - Port 2575 on 127.0.0.1 is open and accessible.
2025-07-25 17:53:39 - INFO - HL7 message generated::
MSH|^~\&|REGADT|MCM|IFENG||20250725175339||ADT^A01|000001|P|2.5.1|1||
EVN|A01|199601061000|199601101400|1
PID|||24445670^^^HOPITAL^MRN~FR123456^^^DLNUM^DL|253763|MUNRO^Alice||19310710|M|||77 Rue de Varenne^^PARIS^75^75007^||(01)554437765|(06)098866543|FRENCH|S|C|10199925|1641202898334566
NK1|1|DUPONT^MARIE^|EPOUSE||||ERSONNE A PREVENIR||
PV1|1|H|CARDIO^CHAMBRE201^LIT1||||004777^MARTIN^SOPHIE^DR|||CARDIO|||||ADM|A0|
PV2|||^Chirurgie Programmée||||||||||||||||||||||||||||||||||||||20240712
OBX|1|NM|21612-7^POIDS CORPOREL||52|kg|||||F
OBX|2|NM|8302-2^TAILLE||163|cm|||||F
OBX|3|NM|8480-6^PRESSION ARTERIELLE SYSTOLIQUE||154|mm[Hg]|||||F
OBX|4|NM|8462-4^PRESSION ARTERIELLE DIASTOLIQUE||87|mm[Hg]|||||F
OBX|5|NM|2339-0^GLUCOSE SANGUIN||6.2|mmol/L|3.5-5.7|H|||F
AL1|1||^AMOXICILLINE||URTICAIRE|
AL1|2||^ASPIRINE||OEDEME DE QUINCKE|
AL1|3||^ARACHIDES||CHOC ANAPHYLACTIQUE|
DG1|1|CIM10|I21.0^Infarctus transmural aigu du myocarde, de la paroi antérieure|Infarctus du myocarde||A
DG1|2|CIM10|I10^Hypertension essentielle (primitive)|Hypertension artérielle||C
DG1|3|CIM10|E11.9^Diabète sucré de type 2 sans complication|Diabète de type 2||C
PR1|1|CCAM|DDQH001^Coronarographie|Coronarographie||20240710103015
GT1|1|8291|DUPONT^JEAN^MARC^JR^M||123 RUE PRINCIPALE^^PARIS^^75001^FRA|(01)23456789||19610615|M|P/F|SLF|1234567890123||||
IN1|1|SECURITE SOCIALE|1|CPAM|||||||||||||||||||||||||||||||||||||||||||
2025-07-25 17:53:39 - INFO - response received::

MSH|^~\&|IRISHL7|ISC|REGADT|MCM|202507251753||ACK^A01|000001|P|2.5.1|1
MSA|CA|000001



2025-07-25 17:53:40 - INFO - Port 2575 on 127.0.0.1 is open and accessible.
2025-07-25 17:53:40 - INFO - HL7 message generated::
MSH|^~\&|REGADT|MCM|IFENG||20250725175340||ADT^A01|000001|P|2.5.1|1||
EVN|A01|199601061000|199601101400|1
PID|||24445670^^^HOPITAL^MRN~FR123456^^^DLNUM^DL|253763|MUNRO^Alice||19310710|M|||77 Rue de Varenne^^PARIS^75^75007^||(01)554437765|(06)098866543|FRENCH|S|C|10199925|1641202898334566
NK1|1|DUPONT^MARIE^|EPOUSE||||ERSONNE A PREVENIR||
PV1|1|H|CARDIO^CHAMBRE201^LIT1||||004777^MARTIN^SOPHIE^DR|||CARDIO|||||ADM|A0|
PV2|||^Chirurgie Programmée||||||||||||||||||||||||||||||||||||||20240712
OBX|1|NM|21612-7^POIDS CORPOREL||52|kg|||||F
OBX|2|NM|8302-2^TAILLE||163|cm|||||F
OBX|3|NM|8480-6^PRESSION ARTERIELLE SYSTOLIQUE||154|mm[Hg]|||||F
OBX|4|NM|8462-4^PRESSION ARTERIELLE DIASTOLIQUE||87|mm[Hg]|||||F
OBX|5|NM|2339-0^GLUCOSE SANGUIN||6.2|mmol/L|3.5-5.7|H|||F
AL1|1||^AMOXICILLINE||URTICAIRE|
AL1|2||^ASPIRINE||OEDEME DE QUINCKE|
AL1|3||^ARACHIDES||CHOC ANAPHYLACTIQUE|
DG1|1|CIM10|I21.0^Infarctus transmural aigu du myocarde, de la paroi antérieure|Infarctus du myocarde||A
DG1|2|CIM10|I10^Hypertension essentielle (primitive)|Hypertension artérielle||C
DG1|3|CIM10|E11.9^Diabète sucré de type 2 sans complication|Diabète de type 2||C
PR1|1|CCAM|DDQH001^Coronarographie|Coronarographie||20240710103015
GT1|1|8291|DUPONT^JEAN^MARC^JR^M||123 RUE PRINCIPALE^^PARIS^^75001^FRA|(01)23456789||19610615|M|P/F|SLF|1234567890123||||
IN1|1|SECURITE SOCIALE|1|CPAM|||||||||||||||||||||||||||||||||||||||||||
2025-07-25 17:53:40 - INFO - response received::

MSH|^~\&|IRISHL7|ISC|REGADT|MCM|202507251753||ACK^A01|000001|P|2.5.1|1
MSA|CA|000001



2025-07-25 17:53:40 - INFO - Port 2575 on 127.0.0.1 is open and accessible.
2025-07-25 17:53:40 - INFO - HL7 message generated::
MSH|^~\&|REGADT|MCM|IFENG||20250725175340||ADT^A01|000001|P|2.5.1|1||
EVN|A01|199601061000|199601101400|1
PID|||24445670^^^HOPITAL^MRN~FR123456^^^DLNUM^DL|253763|MUNRO^Alice||19310710|M|||77 Rue de Varenne^^PARIS^75^75007^||(01)554437765|(06)098866543|FRENCH|S|C|10199925|1641202898334566
NK1|1|DUPONT^MARIE^|EPOUSE||||ERSONNE A PREVENIR||
PV1|1|H|CARDIO^CHAMBRE201^LIT1||||004777^MARTIN^SOPHIE^DR|||CARDIO|||||ADM|A0|
PV2|||^Chirurgie Programmée||||||||||||||||||||||||||||||||||||||20240712
OBX|1|NM|21612-7^POIDS CORPOREL||52|kg|||||F
OBX|2|NM|8302-2^TAILLE||163|cm|||||F
OBX|3|NM|8480-6^PRESSION ARTERIELLE SYSTOLIQUE||154|mm[Hg]|||||F
OBX|4|NM|8462-4^PRESSION ARTERIELLE DIASTOLIQUE||87|mm[Hg]|||||F
OBX|5|NM|2339-0^GLUCOSE SANGUIN||6.2|mmol/L|3.5-5.7|H|||F
AL1|1||^AMOXICILLINE||URTICAIRE|
AL1|2||^ASPIRINE||OEDEME DE QUINCKE|
AL1|3||^ARACHIDES||CHOC ANAPHYLACTIQUE|
DG1|1|CIM10|I21.0^Infarctus transmural aigu du myocarde, de la paroi antérieure|Infarctus du myocarde||A
DG1|2|CIM10|I10^Hypertension essentielle (primitive)|Hypertension artérielle||C
DG1|3|CIM10|E11.9^Diabète sucré de type 2 sans complication|Diabète de type 2||C
PR1|1|CCAM|DDQH001^Coronarographie|Coronarographie||20240710103015
GT1|1|8291|DUPONT^JEAN^MARC^JR^M||123 RUE PRINCIPALE^^PARIS^^75001^FRA|(01)23456789||19610615|M|P/F|SLF|1234567890123||||
IN1|1|SECURITE SOCIALE|1|CPAM|||||||||||||||||||||||||||||||||||||||||||
2025-07-25 17:53:40 - INFO - response received::

MSH|^~\&|IRISHL7|ISC|REGADT|MCM|202507251753||ACK^A01|000001|P|2.5.1|1
MSA|CA|000001



2025-07-25 17:53:40 - INFO - Port 2575 on 127.0.0.1 is open and accessible.
2025-07-25 17:53:40 - INFO - HL7 message generated::
MSH|^~\&|REGADT|MCM|IFENG||20250725175340||ADT^A01|000001|P|2.5.1|1||
EVN|A01|199601061000|199601101400|1
PID|||24445670^^^HOPITAL^MRN~FR123456^^^DLNUM^DL|253763|MUNRO^Alice||19310710|M|||77 Rue de Varenne^^PARIS^75^75007^||(01)554437765|(06)098866543|FRENCH|S|C|10199925|1641202898334566
NK1|1|DUPONT^MARIE^|EPOUSE||||ERSONNE A PREVENIR||
PV1|1|H|CARDIO^CHAMBRE201^LIT1||||004777^MARTIN^SOPHIE^DR|||CARDIO|||||ADM|A0|
PV2|||^Chirurgie Programmée||||||||||||||||||||||||||||||||||||||20240712
OBX|1|NM|21612-7^POIDS CORPOREL||52|kg|||||F
OBX|2|NM|8302-2^TAILLE||163|cm|||||F
OBX|3|NM|8480-6^PRESSION ARTERIELLE SYSTOLIQUE||154|mm[Hg]|||||F
OBX|4|NM|8462-4^PRESSION ARTERIELLE DIASTOLIQUE||87|mm[Hg]|||||F
OBX|5|NM|2339-0^GLUCOSE SANGUIN||6.2|mmol/L|3.5-5.7|H|||F
AL1|1||^AMOXICILLINE||URTICAIRE|
AL1|2||^ASPIRINE||OEDEME DE QUINCKE|
AL1|3||^ARACHIDES||CHOC ANAPHYLACTIQUE|
DG1|1|CIM10|I21.0^Infarctus transmural aigu du myocarde, de la paroi antérieure|Infarctus du myocarde||A
DG1|2|CIM10|I10^Hypertension essentielle (primitive)|Hypertension artérielle||C
DG1|3|CIM10|E11.9^Diabète sucré de type 2 sans complication|Diabète de type 2||C
PR1|1|CCAM|DDQH001^Coronarographie|Coronarographie||20240710103015
GT1|1|8291|DUPONT^JEAN^MARC^JR^M||123 RUE PRINCIPALE^^PARIS^^75001^FRA|(01)23456789||19610615|M|P/F|SLF|1234567890123||||
IN1|1|SECURITE SOCIALE|1|CPAM|||||||||||||||||||||||||||||||||||||||||||
2025-07-25 17:53:40 - INFO - response received::

MSH|^~\&|IRISHL7|ISC|REGADT|MCM|202507251753||ACK^A01|000001|P|2.5.1|1
MSA|CA|000001



2025-07-25 17:53:41 - INFO - Port 2575 on 127.0.0.1 is open and accessible.
2025-07-25 17:53:41 - INFO - HL7 message generated::
MSH|^~\&|REGADT|MCM|IFENG||20250725175341||ADT^A01|000001|P|2.5.1|1||
EVN|A01|199601061000|199601101400|1
PID|||24445670^^^HOPITAL^MRN~FR123456^^^DLNUM^DL|253763|MUNRO^Alice||19310710|M|||77 Rue de Varenne^^PARIS^75^75007^||(01)554437765|(06)098866543|FRENCH|S|C|10199925|1641202898334566
NK1|1|DUPONT^MARIE^|EPOUSE||||ERSONNE A PREVENIR||
PV1|1|H|CARDIO^CHAMBRE201^LIT1||||004777^MARTIN^SOPHIE^DR|||CARDIO|||||ADM|A0|
PV2|||^Chirurgie Programmée||||||||||||||||||||||||||||||||||||||20240712
OBX|1|NM|21612-7^POIDS CORPOREL||52|kg|||||F
OBX|2|NM|8302-2^TAILLE||163|cm|||||F
OBX|3|NM|8480-6^PRESSION ARTERIELLE SYSTOLIQUE||154|mm[Hg]|||||F
OBX|4|NM|8462-4^PRESSION ARTERIELLE DIASTOLIQUE||87|mm[Hg]|||||F
OBX|5|NM|2339-0^GLUCOSE SANGUIN||6.2|mmol/L|3.5-5.7|H|||F
AL1|1||^AMOXICILLINE||URTICAIRE|
AL1|2||^ASPIRINE||OEDEME DE QUINCKE|
AL1|3||^ARACHIDES||CHOC ANAPHYLACTIQUE|
DG1|1|CIM10|I21.0^Infarctus transmural aigu du myocarde, de la paroi antérieure|Infarctus du myocarde||A
DG1|2|CIM10|I10^Hypertension essentielle (primitive)|Hypertension artérielle||C
DG1|3|CIM10|E11.9^Diabète sucré de type 2 sans complication|Diabète de type 2||C
PR1|1|CCAM|DDQH001^Coronarographie|Coronarographie||20240710103015
GT1|1|8291|DUPONT^JEAN^MARC^JR^M||123 RUE PRINCIPALE^^PARIS^^75001^FRA|(01)23456789||19610615|M|P/F|SLF|1234567890123||||
IN1|1|SECURITE SOCIALE|1|CPAM|||||||||||||||||||||||||||||||||||||||||||
2025-07-25 17:53:41 - INFO - response received::

MSH|^~\&|IRISHL7|ISC|REGADT|MCM|202507251753||ACK^A01|000001|P|2.5.1|1
MSA|CA|000001



2025-07-25 17:53:41 - INFO - Port 2575 on 127.0.0.1 is open and accessible.
2025-07-25 17:53:41 - INFO - HL7 message generated::
MSH|^~\&|REGADT|MCM|IFENG||20250725175341||ADT^A01|000001|P|2.5.1|1||
EVN|A01|199601061000|199601101400|1
PID|||24445670^^^HOPITAL^MRN~FR123456^^^DLNUM^DL|253763|MUNRO^Alice||19310710|M|||77 Rue de Varenne^^PARIS^75^75007^||(01)554437765|(06)098866543|FRENCH|S|C|10199925|1641202898334566
NK1|1|DUPONT^MARIE^|EPOUSE||||ERSONNE A PREVENIR||
PV1|1|H|CARDIO^CHAMBRE201^LIT1||||004777^MARTIN^SOPHIE^DR|||CARDIO|||||ADM|A0|
PV2|||^Chirurgie Programmée||||||||||||||||||||||||||||||||||||||20240712
OBX|1|NM|21612-7^POIDS CORPOREL||52|kg|||||F
OBX|2|NM|8302-2^TAILLE||163|cm|||||F
OBX|3|NM|8480-6^PRESSION ARTERIELLE SYSTOLIQUE||154|mm[Hg]|||||F
OBX|4|NM|8462-4^PRESSION ARTERIELLE DIASTOLIQUE||87|mm[Hg]|||||F
OBX|5|NM|2339-0^GLUCOSE SANGUIN||6.2|mmol/L|3.5-5.7|H|||F
AL1|1||^AMOXICILLINE||URTICAIRE|
AL1|2||^ASPIRINE||OEDEME DE QUINCKE|
AL1|3||^ARACHIDES||CHOC ANAPHYLACTIQUE|
DG1|1|CIM10|I21.0^Infarctus transmural aigu du myocarde, de la paroi antérieure|Infarctus du myocarde||A
DG1|2|CIM10|I10^Hypertension essentielle (primitive)|Hypertension artérielle||C
DG1|3|CIM10|E11.9^Diabète sucré de type 2 sans complication|Diabète de type 2||C
PR1|1|CCAM|DDQH001^Coronarographie|Coronarographie||20240710103015
GT1|1|8291|DUPONT^JEAN^MARC^JR^M||123 RUE PRINCIPALE^^PARIS^^75001^FRA|(01)23456789||19610615|M|P/F|SLF|1234567890123||||
IN1|1|SECURITE SOCIALE|1|CPAM|||||||||||||||||||||||||||||||||||||||||||
2025-07-25 17:53:41 - INFO - response received::

MSH|^~\&|IRISHL7|ISC|REGADT|MCM|202507251753||ACK^A01|000001|P|2.5.1|1
MSA|CA|000001



2025-07-25 17:53:41 - INFO - Port 2575 on 127.0.0.1 is open and accessible.
2025-07-25 17:53:41 - INFO - HL7 message generated::
MSH|^~\&|REGADT|MCM|IFENG||20250725175341||ADT^A01|000001|P|2.5.1|1||
EVN|A01|199601061000|199601101400|1
PID|||24445670^^^HOPITAL^MRN~FR123456^^^DLNUM^DL|253763|MUNRO^Alice||19310710|M|||77 Rue de Varenne^^PARIS^75^75007^||(01)554437765|(06)098866543|FRENCH|S|C|10199925|1641202898334566
NK1|1|DUPONT^MARIE^|EPOUSE||||ERSONNE A PREVENIR||
PV1|1|H|CARDIO^CHAMBRE201^LIT1||||004777^MARTIN^SOPHIE^DR|||CARDIO|||||ADM|A0|
PV2|||^Chirurgie Programmée||||||||||||||||||||||||||||||||||||||20240712
OBX|1|NM|21612-7^POIDS CORPOREL||52|kg|||||F
OBX|2|NM|8302-2^TAILLE||163|cm|||||F
OBX|3|NM|8480-6^PRESSION ARTERIELLE SYSTOLIQUE||154|mm[Hg]|||||F
OBX|4|NM|8462-4^PRESSION ARTERIELLE DIASTOLIQUE||87|mm[Hg]|||||F
OBX|5|NM|2339-0^GLUCOSE SANGUIN||6.2|mmol/L|3.5-5.7|H|||F
AL1|1||^AMOXICILLINE||URTICAIRE|
AL1|2||^ASPIRINE||OEDEME DE QUINCKE|
AL1|3||^ARACHIDES||CHOC ANAPHYLACTIQUE|
DG1|1|CIM10|I21.0^Infarctus transmural aigu du myocarde, de la paroi antérieure|Infarctus du myocarde||A
DG1|2|CIM10|I10^Hypertension essentielle (primitive)|Hypertension artérielle||C
DG1|3|CIM10|E11.9^Diabète sucré de type 2 sans complication|Diabète de type 2||C
PR1|1|CCAM|DDQH001^Coronarographie|Coronarographie||20240710103015
GT1|1|8291|DUPONT^JEAN^MARC^JR^M||123 RUE PRINCIPALE^^PARIS^^75001^FRA|(01)23456789||19610615|M|P/F|SLF|1234567890123||||
IN1|1|SECURITE SOCIALE|1|CPAM|||||||||||||||||||||||||||||||||||||||||||
2025-07-25 17:53:41 - INFO - response received::

MSH|^~\&|IRISHL7|ISC|REGADT|MCM|202507251753||ACK^A01|000001|P|2.5.1|1
MSA|CA|000001



2025-07-25 17:53:42 - INFO - Port 2575 on 127.0.0.1 is open and accessible.
2025-07-25 17:53:42 - INFO - HL7 message generated::
MSH|^~\&|REGADT|MCM|IFENG||20250725175342||ADT^A01|000001|P|2.5.1|1||
EVN|A01|199601061000|199601101400|1
PID|||24445670^^^HOPITAL^MRN~FR123456^^^DLNUM^DL|253763|MUNRO^Alice||19310710|M|||77 Rue de Varenne^^PARIS^75^75007^||(01)554437765|(06)098866543|FRENCH|S|C|10199925|1641202898334566
NK1|1|DUPONT^MARIE^|EPOUSE||||ERSONNE A PREVENIR||
PV1|1|H|CARDIO^CHAMBRE201^LIT1||||004777^MARTIN^SOPHIE^DR|||CARDIO|||||ADM|A0|
PV2|||^Chirurgie Programmée||||||||||||||||||||||||||||||||||||||20240712
OBX|1|NM|21612-7^POIDS CORPOREL||52|kg|||||F
OBX|2|NM|8302-2^TAILLE||163|cm|||||F
OBX|3|NM|8480-6^PRESSION ARTERIELLE SYSTOLIQUE||154|mm[Hg]|||||F
OBX|4|NM|8462-4^PRESSION ARTERIELLE DIASTOLIQUE||87|mm[Hg]|||||F
OBX|5|NM|2339-0^GLUCOSE SANGUIN||6.2|mmol/L|3.5-5.7|H|||F
AL1|1||^AMOXICILLINE||URTICAIRE|
AL1|2||^ASPIRINE||OEDEME DE QUINCKE|
AL1|3||^ARACHIDES||CHOC ANAPHYLACTIQUE|
DG1|1|CIM10|I21.0^Infarctus transmural aigu du myocarde, de la paroi antérieure|Infarctus du myocarde||A
DG1|2|CIM10|I10^Hypertension essentielle (primitive)|Hypertension artérielle||C
DG1|3|CIM10|E11.9^Diabète sucré de type 2 sans complication|Diabète de type 2||C
PR1|1|CCAM|DDQH001^Coronarographie|Coronarographie||20240710103015
GT1|1|8291|DUPONT^JEAN^MARC^JR^M||123 RUE PRINCIPALE^^PARIS^^75001^FRA|(01)23456789||19610615|M|P/F|SLF|1234567890123||||
IN1|1|SECURITE SOCIALE|1|CPAM|||||||||||||||||||||||||||||||||||||||||||
2025-07-25 17:53:42 - INFO - response received::

MSH|^~\&|IRISHL7|ISC|REGADT|MCM|202507251753||ACK^A01|000001|P|2.5.1|1
MSA|CA|000001



2025-07-25 17:53:42 - INFO - Port 2575 on 127.0.0.1 is open and accessible.
2025-07-25 17:53:42 - INFO - HL7 message generated::
MSH|^~\&|REGADT|MCM|IFENG||20250725175342||ADT^A01|000001|P|2.5.1|1||
EVN|A01|199601061000|199601101400|1
PID|||24445670^^^HOPITAL^MRN~FR123456^^^DLNUM^DL|253763|MUNRO^Alice||19310710|M|||77 Rue de Varenne^^PARIS^75^75007^||(01)554437765|(06)098866543|FRENCH|S|C|10199925|1641202898334566
NK1|1|DUPONT^MARIE^|EPOUSE||||ERSONNE A PREVENIR||
PV1|1|H|CARDIO^CHAMBRE201^LIT1||||004777^MARTIN^SOPHIE^DR|||CARDIO|||||ADM|A0|
PV2|||^Chirurgie Programmée||||||||||||||||||||||||||||||||||||||20240712
OBX|1|NM|21612-7^POIDS CORPOREL||52|kg|||||F
OBX|2|NM|8302-2^TAILLE||163|cm|||||F
OBX|3|NM|8480-6^PRESSION ARTERIELLE SYSTOLIQUE||154|mm[Hg]|||||F
OBX|4|NM|8462-4^PRESSION ARTERIELLE DIASTOLIQUE||87|mm[Hg]|||||F
OBX|5|NM|2339-0^GLUCOSE SANGUIN||6.2|mmol/L|3.5-5.7|H|||F
AL1|1||^AMOXICILLINE||URTICAIRE|
AL1|2||^ASPIRINE||OEDEME DE QUINCKE|
AL1|3||^ARACHIDES||CHOC ANAPHYLACTIQUE|
DG1|1|CIM10|I21.0^Infarctus transmural aigu du myocarde, de la paroi antérieure|Infarctus du myocarde||A
DG1|2|CIM10|I10^Hypertension essentielle (primitive)|Hypertension artérielle||C
DG1|3|CIM10|E11.9^Diabète sucré de type 2 sans complication|Diabète de type 2||C
PR1|1|CCAM|DDQH001^Coronarographie|Coronarographie||20240710103015
GT1|1|8291|DUPONT^JEAN^MARC^JR^M||123 RUE PRINCIPALE^^PARIS^^75001^FRA|(01)23456789||19610615|M|P/F|SLF|1234567890123||||
IN1|1|SECURITE SOCIALE|1|CPAM|||||||||||||||||||||||||||||||||||||||||||
2025-07-25 17:53:42 - INFO - response received::

MSH|^~\&|IRISHL7|ISC|REGADT|MCM|202507251753||ACK^A01|000001|P|2.5.1|1
MSA|CA|000001



2025-07-25 17:53:42 - INFO - Port 2575 on 127.0.0.1 is open and accessible.
2025-07-25 17:53:42 - INFO - HL7 message generated::
MSH|^~\&|REGADT|MCM|IFENG||20250725175342||ADT^A01|000001|P|2.5.1|1||
EVN|A01|199601061000|199601101400|1
PID|||24445670^^^HOPITAL^MRN~FR123456^^^DLNUM^DL|253763|MUNRO^Alice||19310710|M|||77 Rue de Varenne^^PARIS^75^75007^||(01)554437765|(06)098866543|FRENCH|S|C|10199925|1641202898334566
NK1|1|DUPONT^MARIE^|EPOUSE||||ERSONNE A PREVENIR||
PV1|1|H|CARDIO^CHAMBRE201^LIT1||||004777^MARTIN^SOPHIE^DR|||CARDIO|||||ADM|A0|
PV2|||^Chirurgie Programmée||||||||||||||||||||||||||||||||||||||20240712
OBX|1|NM|21612-7^POIDS CORPOREL||52|kg|||||F
OBX|2|NM|8302-2^TAILLE||163|cm|||||F
OBX|3|NM|8480-6^PRESSION ARTERIELLE SYSTOLIQUE||154|mm[Hg]|||||F
OBX|4|NM|8462-4^PRESSION ARTERIELLE DIASTOLIQUE||87|mm[Hg]|||||F
OBX|5|NM|2339-0^GLUCOSE SANGUIN||6.2|mmol/L|3.5-5.7|H|||F
AL1|1||^AMOXICILLINE||URTICAIRE|
AL1|2||^ASPIRINE||OEDEME DE QUINCKE|
AL1|3||^ARACHIDES||CHOC ANAPHYLACTIQUE|
DG1|1|CIM10|I21.0^Infarctus transmural aigu du myocarde, de la paroi antérieure|Infarctus du myocarde||A
DG1|2|CIM10|I10^Hypertension essentielle (primitive)|Hypertension artérielle||C
DG1|3|CIM10|E11.9^Diabète sucré de type 2 sans complication|Diabète de type 2||C
PR1|1|CCAM|DDQH001^Coronarographie|Coronarographie||20240710103015
GT1|1|8291|DUPONT^JEAN^MARC^JR^M||123 RUE PRINCIPALE^^PARIS^^75001^FRA|(01)23456789||19610615|M|P/F|SLF|1234567890123||||
IN1|1|SECURITE SOCIALE|1|CPAM|||||||||||||||||||||||||||||||||||||||||||
2025-07-25 17:53:42 - ERROR - Error sending HL7 ::
[Errno 54] Connection reset by peer
2025-07-25 17:53:43 - INFO - Port 2575 on 127.0.0.1 is open and accessible.
2025-07-25 17:53:43 - INFO - HL7 message generated::
MSH|^~\&|REGADT|MCM|IFENG||20250725175343||ADT^A01|000001|P|2.5.1|1||
EVN|A01|199601061000|199601101400|1
PID|||24445670^^^HOPITAL^MRN~FR123456^^^DLNUM^DL|253763|MUNRO^Alice||19310710|M|||77 Rue de Varenne^^PARIS^75^75007^||(01)554437765|(06)098866543|FRENCH|S|C|10199925|1641202898334566
NK1|1|DUPONT^MARIE^|EPOUSE||||ERSONNE A PREVENIR||
PV1|1|H|CARDIO^CHAMBRE201^LIT1||||004777^MARTIN^SOPHIE^DR|||CARDIO|||||ADM|A0|
PV2|||^Chirurgie Programmée||||||||||||||||||||||||||||||||||||||20240712
OBX|1|NM|21612-7^POIDS CORPOREL||52|kg|||||F
OBX|2|NM|8302-2^TAILLE||163|cm|||||F
OBX|3|NM|8480-6^PRESSION ARTERIELLE SYSTOLIQUE||154|mm[Hg]|||||F
OBX|4|NM|8462-4^PRESSION ARTERIELLE DIASTOLIQUE||87|mm[Hg]|||||F
OBX|5|NM|2339-0^GLUCOSE SANGUIN||6.2|mmol/L|3.5-5.7|H|||F
AL1|1||^AMOXICILLINE||URTICAIRE|
AL1|2||^ASPIRINE||OEDEME DE QUINCKE|
AL1|3||^ARACHIDES||CHOC ANAPHYLACTIQUE|
DG1|1|CIM10|I21.0^Infarctus transmural aigu du myocarde, de la paroi antérieure|Infarctus du myocarde||A
DG1|2|CIM10|I10^Hypertension essentielle (primitive)|Hypertension artérielle||C
DG1|3|CIM10|E11.9^Diabète sucré de type 2 sans complication|Diabète de type 2||C
PR1|1|CCAM|DDQH001^Coronarographie|Coronarographie||20240710103015
GT1|1|8291|DUPONT^JEAN^MARC^JR^M||123 RUE PRINCIPALE^^PARIS^^75001^FRA|(01)23456789||19610615|M|P/F|SLF|1234567890123||||
IN1|1|SECURITE SOCIALE|1|CPAM|||||||||||||||||||||||||||||||||||||||||||
2025-07-25 17:53:43 - INFO - response received::

MSH|^~\&|IRISHL7|ISC|REGADT|MCM|202507251753||ACK^A01|000001|P|2.5.1|1
MSA|CA|000001



2025-07-25 17:54:00 - INFO - Port 2575 on 127.0.0.1 is open and accessible.
2025-07-25 17:54:00 - INFO - HL7 message generated::
MSH|^~\&|REGADT|MCM|IFENG||20250725175400||ADT^A01|000001|P|2.5.1|1||
EVN|A01|199601061000|199601101400|1
PID|||24445670^^^HOPITAL^MRN~FR123456^^^DLNUM^DL|253763|MUNRO^Alice||19310710|M|||77 Rue de Varenne^^PARIS^75^75007^||(01)554437765|(06)098866543|FRENCH|S|C|10199925|1641202898334566
NK1|1|DUPONT^MARIE^|EPOUSE||||ERSONNE A PREVENIR||
PV1|1|H|CARDIO^CHAMBRE201^LIT1||||004777^MARTIN^SOPHIE^DR|||CARDIO|||||ADM|A0|
PV2|||^Chirurgie Programmée||||||||||||||||||||||||||||||||||||||20240712
OBX|1|NM|21612-7^POIDS CORPOREL||52|kg|||||F
OBX|2|NM|8302-2^TAILLE||163|cm|||||F
OBX|3|NM|8480-6^PRESSION ARTERIELLE SYSTOLIQUE||154|mm[Hg]|||||F
OBX|4|NM|8462-4^PRESSION ARTERIELLE DIASTOLIQUE||87|mm[Hg]|||||F
OBX|5|NM|2339-0^GLUCOSE SANGUIN||6.2|mmol/L|3.5-5.7|H|||F
AL1|1||^AMOXICILLINE||URTICAIRE|
AL1|2||^ASPIRINE||OEDEME DE QUINCKE|
AL1|3||^ARACHIDES||CHOC ANAPHYLACTIQUE|
DG1|1|CIM10|I21.0^Infarctus transmural aigu du myocarde, de la paroi antérieure|Infarctus du myocarde||A
DG1|2|CIM10|I10^Hypertension essentielle (primitive)|Hypertension artérielle||C
DG1|3|CIM10|E11.9^Diabète sucré de type 2 sans complication|Diabète de type 2||C
PR1|1|CCAM|DDQH001^Coronarographie|Coronarographie||20240710103015
GT1|1|8291|DUPONT^JEAN^MARC^JR^M||123 RUE PRINCIPALE^^PARIS^^75001^FRA|(01)23456789||19610615|M|P/F|SLF|1234567890123||||
IN1|1|SECURITE SOCIALE|1|CPAM|||||||||||||||||||||||||||||||||||||||||||
2025-07-25 17:54:00 - INFO - response received::

MSH|^~\&|IRISHL7|ISC|REGADT|MCM|202507251754||ACK^A01|000001|P|2.5.1|1
MSA|CA|000001



2025-07-25 17:54:01 - INFO - Port 2575 on 127.0.0.1 is open and accessible.
2025-07-25 17:54:01 - INFO - HL7 message generated::
MSH|^~\&|REGADT|MCM|IFENG||20250725175401||ADT^A01|000001|P|2.5.1|1||
EVN|A01|199601061000|199601101400|1
PID|||24445670^^^HOPITAL^MRN~FR123456^^^DLNUM^DL|253763|MUNRO^Alice||19310710|M|||77 Rue de Varenne^^PARIS^75^75007^||(01)554437765|(06)098866543|FRENCH|S|C|10199925|1641202898334566
NK1|1|DUPONT^MARIE^|EPOUSE||||ERSONNE A PREVENIR||
PV1|1|H|CARDIO^CHAMBRE201^LIT1||||004777^MARTIN^SOPHIE^DR|||CARDIO|||||ADM|A0|
PV2|||^Chirurgie Programmée||||||||||||||||||||||||||||||||||||||20240712
OBX|1|NM|21612-7^POIDS CORPOREL||52|kg|||||F
OBX|2|NM|8302-2^TAILLE||163|cm|||||F
OBX|3|NM|8480-6^PRESSION ARTERIELLE SYSTOLIQUE||154|mm[Hg]|||||F
OBX|4|NM|8462-4^PRESSION ARTERIELLE DIASTOLIQUE||87|mm[Hg]|||||F
OBX|5|NM|2339-0^GLUCOSE SANGUIN||6.2|mmol/L|3.5-5.7|H|||F
AL1|1||^AMOXICILLINE||URTICAIRE|
AL1|2||^ASPIRINE||OEDEME DE QUINCKE|
AL1|3||^ARACHIDES||CHOC ANAPHYLACTIQUE|
DG1|1|CIM10|I21.0^Infarctus transmural aigu du myocarde, de la paroi antérieure|Infarctus du myocarde||A
DG1|2|CIM10|I10^Hypertension essentielle (primitive)|Hypertension artérielle||C
DG1|3|CIM10|E11.9^Diabète sucré de type 2 sans complication|Diabète de type 2||C
PR1|1|CCAM|DDQH001^Coronarographie|Coronarographie||20240710103015
GT1|1|8291|DUPONT^JEAN^MARC^JR^M||123 RUE PRINCIPALE^^PARIS^^75001^FRA|(01)23456789||19610615|M|P/F|SLF|1234567890123||||
IN1|1|SECURITE SOCIALE|1|CPAM|||||||||||||||||||||||||||||||||||||||||||
2025-07-25 17:54:01 - INFO - response received::

MSH|^~\&|IRISHL7|ISC|REGADT|MCM|202507251754||ACK^A01|000001|P|2.5.1|1
MSA|CA|000001



2025-07-25 17:54:02 - INFO - Port 2575 on 127.0.0.1 is open and accessible.
2025-07-25 17:54:02 - INFO - HL7 message generated::
MSH|^~\&|REGADT|MCM|IFENG||20250725175402||ADT^A01|000001|P|2.5.1|1||
EVN|A01|199601061000|199601101400|1
PID|||24445670^^^HOPITAL^MRN~FR123456^^^DLNUM^DL|253763|MUNRO^Alice||19310710|M|||77 Rue de Varenne^^PARIS^75^75007^||(01)554437765|(06)098866543|FRENCH|S|C|10199925|1641202898334566
NK1|1|DUPONT^MARIE^|EPOUSE||||ERSONNE A PREVENIR||
PV1|1|H|CARDIO^CHAMBRE201^LIT1||||004777^MARTIN^SOPHIE^DR|||CARDIO|||||ADM|A0|
PV2|||^Chirurgie Programmée||||||||||||||||||||||||||||||||||||||20240712
OBX|1|NM|21612-7^POIDS CORPOREL||52|kg|||||F
OBX|2|NM|8302-2^TAILLE||163|cm|||||F
OBX|3|NM|8480-6^PRESSION ARTERIELLE SYSTOLIQUE||154|mm[Hg]|||||F
OBX|4|NM|8462-4^PRESSION ARTERIELLE DIASTOLIQUE||87|mm[Hg]|||||F
OBX|5|NM|2339-0^GLUCOSE SANGUIN||6.2|mmol/L|3.5-5.7|H|||F
AL1|1||^AMOXICILLINE||URTICAIRE|
AL1|2||^ASPIRINE||OEDEME DE QUINCKE|
AL1|3||^ARACHIDES||CHOC ANAPHYLACTIQUE|
DG1|1|CIM10|I21.0^Infarctus transmural aigu du myocarde, de la paroi antérieure|Infarctus du myocarde||A
DG1|2|CIM10|I10^Hypertension essentielle (primitive)|Hypertension artérielle||C
DG1|3|CIM10|E11.9^Diabète sucré de type 2 sans complication|Diabète de type 2||C
PR1|1|CCAM|DDQH001^Coronarographie|Coronarographie||20240710103015
GT1|1|8291|DUPONT^JEAN^MARC^JR^M||123 RUE PRINCIPALE^^PARIS^^75001^FRA|(01)23456789||19610615|M|P/F|SLF|1234567890123||||
IN1|1|SECURITE SOCIALE|1|CPAM|||||||||||||||||||||||||||||||||||||||||||
2025-07-25 17:54:02 - INFO - response received::

MSH|^~\&|IRISHL7|ISC|REGADT|MCM|202507251754||ACK^A01|000001|P|2.5.1|1
MSA|CA|000001



2025-07-25 17:54:02 - INFO - Port 2575 on 127.0.0.1 is open and accessible.
2025-07-25 17:54:02 - INFO - HL7 message generated::
MSH|^~\&|REGADT|MCM|IFENG||20250725175402||ADT^A01|000001|P|2.5.1|1||
EVN|A01|199601061000|199601101400|1
PID|||24445670^^^HOPITAL^MRN~FR123456^^^DLNUM^DL|253763|MUNRO^Alice||19310710|M|||77 Rue de Varenne^^PARIS^75^75007^||(01)554437765|(06)098866543|FRENCH|S|C|10199925|1641202898334566
NK1|1|DUPONT^MARIE^|EPOUSE||||ERSONNE A PREVENIR||
PV1|1|H|CARDIO^CHAMBRE201^LIT1||||004777^MARTIN^SOPHIE^DR|||CARDIO|||||ADM|A0|
PV2|||^Chirurgie Programmée||||||||||||||||||||||||||||||||||||||20240712
OBX|1|NM|21612-7^POIDS CORPOREL||52|kg|||||F
OBX|2|NM|8302-2^TAILLE||163|cm|||||F
OBX|3|NM|8480-6^PRESSION ARTERIELLE SYSTOLIQUE||154|mm[Hg]|||||F
OBX|4|NM|8462-4^PRESSION ARTERIELLE DIASTOLIQUE||87|mm[Hg]|||||F
OBX|5|NM|2339-0^GLUCOSE SANGUIN||6.2|mmol/L|3.5-5.7|H|||F
AL1|1||^AMOXICILLINE||URTICAIRE|
AL1|2||^ASPIRINE||OEDEME DE QUINCKE|
AL1|3||^ARACHIDES||CHOC ANAPHYLACTIQUE|
DG1|1|CIM10|I21.0^Infarctus transmural aigu du myocarde, de la paroi antérieure|Infarctus du myocarde||A
DG1|2|CIM10|I10^Hypertension essentielle (primitive)|Hypertension artérielle||C
DG1|3|CIM10|E11.9^Diabète sucré de type 2 sans complication|Diabète de type 2||C
PR1|1|CCAM|DDQH001^Coronarographie|Coronarographie||20240710103015
GT1|1|8291|DUPONT^JEAN^MARC^JR^M||123 RUE PRINCIPALE^^PARIS^^75001^FRA|(01)23456789||19610615|M|P/F|SLF|1234567890123||||
IN1|1|SECURITE SOCIALE|1|CPAM|||||||||||||||||||||||||||||||||||||||||||
2025-07-25 17:54:02 - INFO - response received::

MSH|^~\&|IRISHL7|ISC|REGADT|MCM|202507251754||ACK^A01|000001|P|2.5.1|1
MSA|CA|000001



2025-07-25 17:54:02 - INFO - Port 2575 on 127.0.0.1 is open and accessible.
2025-07-25 17:54:02 - INFO - HL7 message generated::
MSH|^~\&|REGADT|MCM|IFENG||20250725175402||ADT^A01|000001|P|2.5.1|1||
EVN|A01|199601061000|199601101400|1
PID|||24445670^^^HOPITAL^MRN~FR123456^^^DLNUM^DL|253763|MUNRO^Alice||19310710|M|||77 Rue de Varenne^^PARIS^75^75007^||(01)554437765|(06)098866543|FRENCH|S|C|10199925|1641202898334566
NK1|1|DUPONT^MARIE^|EPOUSE||||ERSONNE A PREVENIR||
PV1|1|H|CARDIO^CHAMBRE201^LIT1||||004777^MARTIN^SOPHIE^DR|||CARDIO|||||ADM|A0|
PV2|||^Chirurgie Programmée||||||||||||||||||||||||||||||||||||||20240712
OBX|1|NM|21612-7^POIDS CORPOREL||52|kg|||||F
OBX|2|NM|8302-2^TAILLE||163|cm|||||F
OBX|3|NM|8480-6^PRESSION ARTERIELLE SYSTOLIQUE||154|mm[Hg]|||||F
OBX|4|NM|8462-4^PRESSION ARTERIELLE DIASTOLIQUE||87|mm[Hg]|||||F
OBX|5|NM|2339-0^GLUCOSE SANGUIN||6.2|mmol/L|3.5-5.7|H|||F
AL1|1||^AMOXICILLINE||URTICAIRE|
AL1|2||^ASPIRINE||OEDEME DE QUINCKE|
AL1|3||^ARACHIDES||CHOC ANAPHYLACTIQUE|
DG1|1|CIM10|I21.0^Infarctus transmural aigu du myocarde, de la paroi antérieure|Infarctus du myocarde||A
DG1|2|CIM10|I10^Hypertension essentielle (primitive)|Hypertension artérielle||C
DG1|3|CIM10|E11.9^Diabète sucré de type 2 sans complication|Diabète de type 2||C
PR1|1|CCAM|DDQH001^Coronarographie|Coronarographie||20240710103015
GT1|1|8291|DUPONT^JEAN^MARC^JR^M||123 RUE PRINCIPALE^^PARIS^^75001^FRA|(01)23456789||19610615|M|P/F|SLF|1234567890123||||
IN1|1|SECURITE SOCIALE|1|CPAM|||||||||||||||||||||||||||||||||||||||||||
2025-07-25 17:54:02 - INFO - response received::

MSH|^~\&|IRISHL7|ISC|REGADT|MCM|202507251754||ACK^A01|000001|P|2.5.1|1
MSA|CA|000001



2025-07-25 17:54:03 - INFO - Port 2575 on 127.0.0.1 is open and accessible.
2025-07-25 17:54:03 - INFO - HL7 message generated::
MSH|^~\&|REGADT|MCM|IFENG||20250725175403||ADT^A01|000001|P|2.5.1|1||
EVN|A01|199601061000|199601101400|1
PID|||24445670^^^HOPITAL^MRN~FR123456^^^DLNUM^DL|253763|MUNRO^Alice||19310710|M|||77 Rue de Varenne^^PARIS^75^75007^||(01)554437765|(06)098866543|FRENCH|S|C|10199925|1641202898334566
NK1|1|DUPONT^MARIE^|EPOUSE||||ERSONNE A PREVENIR||
PV1|1|H|CARDIO^CHAMBRE201^LIT1||||004777^MARTIN^SOPHIE^DR|||CARDIO|||||ADM|A0|
PV2|||^Chirurgie Programmée||||||||||||||||||||||||||||||||||||||20240712
OBX|1|NM|21612-7^POIDS CORPOREL||52|kg|||||F
OBX|2|NM|8302-2^TAILLE||163|cm|||||F
OBX|3|NM|8480-6^PRESSION ARTERIELLE SYSTOLIQUE||154|mm[Hg]|||||F
OBX|4|NM|8462-4^PRESSION ARTERIELLE DIASTOLIQUE||87|mm[Hg]|||||F
OBX|5|NM|2339-0^GLUCOSE SANGUIN||6.2|mmol/L|3.5-5.7|H|||F
AL1|1||^AMOXICILLINE||URTICAIRE|
AL1|2||^ASPIRINE||OEDEME DE QUINCKE|
AL1|3||^ARACHIDES||CHOC ANAPHYLACTIQUE|
DG1|1|CIM10|I21.0^Infarctus transmural aigu du myocarde, de la paroi antérieure|Infarctus du myocarde||A
DG1|2|CIM10|I10^Hypertension essentielle (primitive)|Hypertension artérielle||C
DG1|3|CIM10|E11.9^Diabète sucré de type 2 sans complication|Diabète de type 2||C
PR1|1|CCAM|DDQH001^Coronarographie|Coronarographie||20240710103015
GT1|1|8291|DUPONT^JEAN^MARC^JR^M||123 RUE PRINCIPALE^^PARIS^^75001^FRA|(01)23456789||19610615|M|P/F|SLF|1234567890123||||
IN1|1|SECURITE SOCIALE|1|CPAM|||||||||||||||||||||||||||||||||||||||||||
2025-07-25 17:54:03 - INFO - response received::

MSH|^~\&|IRISHL7|ISC|REGADT|MCM|202507251754||ACK^A01|000001|P|2.5.1|1
MSA|CA|000001



2025-07-25 17:54:03 - INFO - Port 2575 on 127.0.0.1 is open and accessible.
2025-07-25 17:54:03 - INFO - HL7 message generated::
MSH|^~\&|REGADT|MCM|IFENG||20250725175403||ADT^A01|000001|P|2.5.1|1||
EVN|A01|199601061000|199601101400|1
PID|||24445670^^^HOPITAL^MRN~FR123456^^^DLNUM^DL|253763|MUNRO^Alice||19310710|M|||77 Rue de Varenne^^PARIS^75^75007^||(01)554437765|(06)098866543|FRENCH|S|C|10199925|1641202898334566
NK1|1|DUPONT^MARIE^|EPOUSE||||ERSONNE A PREVENIR||
PV1|1|H|CARDIO^CHAMBRE201^LIT1||||004777^MARTIN^SOPHIE^DR|||CARDIO|||||ADM|A0|
PV2|||^Chirurgie Programmée||||||||||||||||||||||||||||||||||||||20240712
OBX|1|NM|21612-7^POIDS CORPOREL||52|kg|||||F
OBX|2|NM|8302-2^TAILLE||163|cm|||||F
OBX|3|NM|8480-6^PRESSION ARTERIELLE SYSTOLIQUE||154|mm[Hg]|||||F
OBX|4|NM|8462-4^PRESSION ARTERIELLE DIASTOLIQUE||87|mm[Hg]|||||F
OBX|5|NM|2339-0^GLUCOSE SANGUIN||6.2|mmol/L|3.5-5.7|H|||F
AL1|1||^AMOXICILLINE||URTICAIRE|
AL1|2||^ASPIRINE||OEDEME DE QUINCKE|
AL1|3||^ARACHIDES||CHOC ANAPHYLACTIQUE|
DG1|1|CIM10|I21.0^Infarctus transmural aigu du myocarde, de la paroi antérieure|Infarctus du myocarde||A
DG1|2|CIM10|I10^Hypertension essentielle (primitive)|Hypertension artérielle||C
DG1|3|CIM10|E11.9^Diabète sucré de type 2 sans complication|Diabète de type 2||C
PR1|1|CCAM|DDQH001^Coronarographie|Coronarographie||20240710103015
GT1|1|8291|DUPONT^JEAN^MARC^JR^M||123 RUE PRINCIPALE^^PARIS^^75001^FRA|(01)23456789||19610615|M|P/F|SLF|1234567890123||||
IN1|1|SECURITE SOCIALE|1|CPAM|||||||||||||||||||||||||||||||||||||||||||
2025-07-25 17:54:03 - INFO - response received::

MSH|^~\&|IRISHL7|ISC|REGADT|MCM|202507251754||ACK^A01|000001|P|2.5.1|1
MSA|CA|000001



2025-07-25 17:54:03 - INFO - Port 2575 on 127.0.0.1 is open and accessible.
2025-07-25 17:54:03 - INFO - HL7 message generated::
MSH|^~\&|REGADT|MCM|IFENG||20250725175403||ADT^A01|000001|P|2.5.1|1||
EVN|A01|199601061000|199601101400|1
PID|||24445670^^^HOPITAL^MRN~FR123456^^^DLNUM^DL|253763|MUNRO^Alice||19310710|M|||77 Rue de Varenne^^PARIS^75^75007^||(01)554437765|(06)098866543|FRENCH|S|C|10199925|1641202898334566
NK1|1|DUPONT^MARIE^|EPOUSE||||ERSONNE A PREVENIR||
PV1|1|H|CARDIO^CHAMBRE201^LIT1||||004777^MARTIN^SOPHIE^DR|||CARDIO|||||ADM|A0|
PV2|||^Chirurgie Programmée||||||||||||||||||||||||||||||||||||||20240712
OBX|1|NM|21612-7^POIDS CORPOREL||52|kg|||||F
OBX|2|NM|8302-2^TAILLE||163|cm|||||F
OBX|3|NM|8480-6^PRESSION ARTERIELLE SYSTOLIQUE||154|mm[Hg]|||||F
OBX|4|NM|8462-4^PRESSION ARTERIELLE DIASTOLIQUE||87|mm[Hg]|||||F
OBX|5|NM|2339-0^GLUCOSE SANGUIN||6.2|mmol/L|3.5-5.7|H|||F
AL1|1||^AMOXICILLINE||URTICAIRE|
AL1|2||^ASPIRINE||OEDEME DE QUINCKE|
AL1|3||^ARACHIDES||CHOC ANAPHYLACTIQUE|
DG1|1|CIM10|I21.0^Infarctus transmural aigu du myocarde, de la paroi antérieure|Infarctus du myocarde||A
DG1|2|CIM10|I10^Hypertension essentielle (primitive)|Hypertension artérielle||C
DG1|3|CIM10|E11.9^Diabète sucré de type 2 sans complication|Diabète de type 2||C
PR1|1|CCAM|DDQH001^Coronarographie|Coronarographie||20240710103015
GT1|1|8291|DUPONT^JEAN^MARC^JR^M||123 RUE PRINCIPALE^^PARIS^^75001^FRA|(01)23456789||19610615|M|P/F|SLF|1234567890123||||
IN1|1|SECURITE SOCIALE|1|CPAM|||||||||||||||||||||||||||||||||||||||||||
2025-07-25 17:54:03 - INFO - response received::

MSH|^~\&|IRISHL7|ISC|REGADT|MCM|202507251754||ACK^A01|000001|P|2.5.1|1
MSA|CA|000001



2025-07-25 17:54:04 - INFO - Port 2575 on 127.0.0.1 is open and accessible.
2025-07-25 17:54:04 - INFO - HL7 message generated::
MSH|^~\&|REGADT|MCM|IFENG||20250725175404||ADT^A01|000001|P|2.5.1|1||
EVN|A01|199601061000|199601101400|1
PID|||24445670^^^HOPITAL^MRN~FR123456^^^DLNUM^DL|253763|MUNRO^Alice||19310710|M|||77 Rue de Varenne^^PARIS^75^75007^||(01)554437765|(06)098866543|FRENCH|S|C|10199925|1641202898334566
NK1|1|DUPONT^MARIE^|EPOUSE||||ERSONNE A PREVENIR||
PV1|1|H|CARDIO^CHAMBRE201^LIT1||||004777^MARTIN^SOPHIE^DR|||CARDIO|||||ADM|A0|
PV2|||^Chirurgie Programmée||||||||||||||||||||||||||||||||||||||20240712
OBX|1|NM|21612-7^POIDS CORPOREL||52|kg|||||F
OBX|2|NM|8302-2^TAILLE||163|cm|||||F
OBX|3|NM|8480-6^PRESSION ARTERIELLE SYSTOLIQUE||154|mm[Hg]|||||F
OBX|4|NM|8462-4^PRESSION ARTERIELLE DIASTOLIQUE||87|mm[Hg]|||||F
OBX|5|NM|2339-0^GLUCOSE SANGUIN||6.2|mmol/L|3.5-5.7|H|||F
AL1|1||^AMOXICILLINE||URTICAIRE|
AL1|2||^ASPIRINE||OEDEME DE QUINCKE|
AL1|3||^ARACHIDES||CHOC ANAPHYLACTIQUE|
DG1|1|CIM10|I21.0^Infarctus transmural aigu du myocarde, de la paroi antérieure|Infarctus du myocarde||A
DG1|2|CIM10|I10^Hypertension essentielle (primitive)|Hypertension artérielle||C
DG1|3|CIM10|E11.9^Diabète sucré de type 2 sans complication|Diabète de type 2||C
PR1|1|CCAM|DDQH001^Coronarographie|Coronarographie||20240710103015
GT1|1|8291|DUPONT^JEAN^MARC^JR^M||123 RUE PRINCIPALE^^PARIS^^75001^FRA|(01)23456789||19610615|M|P/F|SLF|1234567890123||||
IN1|1|SECURITE SOCIALE|1|CPAM|||||||||||||||||||||||||||||||||||||||||||
2025-07-25 17:54:04 - INFO - response received::

MSH|^~\&|IRISHL7|ISC|REGADT|MCM|202507251754||ACK^A01|000001|P|2.5.1|1
MSA|CA|000001



2025-07-25 17:54:04 - INFO - Port 2575 on 127.0.0.1 is open and accessible.
2025-07-25 17:54:04 - INFO - HL7 message generated::
MSH|^~\&|REGADT|MCM|IFENG||20250725175404||ADT^A01|000001|P|2.5.1|1||
EVN|A01|199601061000|199601101400|1
PID|||24445670^^^HOPITAL^MRN~FR123456^^^DLNUM^DL|253763|MUNRO^Alice||19310710|M|||77 Rue de Varenne^^PARIS^75^75007^||(01)554437765|(06)098866543|FRENCH|S|C|10199925|1641202898334566
NK1|1|DUPONT^MARIE^|EPOUSE||||ERSONNE A PREVENIR||
PV1|1|H|CARDIO^CHAMBRE201^LIT1||||004777^MARTIN^SOPHIE^DR|||CARDIO|||||ADM|A0|
PV2|||^Chirurgie Programmée||||||||||||||||||||||||||||||||||||||20240712
OBX|1|NM|21612-7^POIDS CORPOREL||52|kg|||||F
OBX|2|NM|8302-2^TAILLE||163|cm|||||F
OBX|3|NM|8480-6^PRESSION ARTERIELLE SYSTOLIQUE||154|mm[Hg]|||||F
OBX|4|NM|8462-4^PRESSION ARTERIELLE DIASTOLIQUE||87|mm[Hg]|||||F
OBX|5|NM|2339-0^GLUCOSE SANGUIN||6.2|mmol/L|3.5-5.7|H|||F
AL1|1||^AMOXICILLINE||URTICAIRE|
AL1|2||^ASPIRINE||OEDEME DE QUINCKE|
AL1|3||^ARACHIDES||CHOC ANAPHYLACTIQUE|
DG1|1|CIM10|I21.0^Infarctus transmural aigu du myocarde, de la paroi antérieure|Infarctus du myocarde||A
DG1|2|CIM10|I10^Hypertension essentielle (primitive)|Hypertension artérielle||C
DG1|3|CIM10|E11.9^Diabète sucré de type 2 sans complication|Diabète de type 2||C
PR1|1|CCAM|DDQH001^Coronarographie|Coronarographie||20240710103015
GT1|1|8291|DUPONT^JEAN^MARC^JR^M||123 RUE PRINCIPALE^^PARIS^^75001^FRA|(01)23456789||19610615|M|P/F|SLF|1234567890123||||
IN1|1|SECURITE SOCIALE|1|CPAM|||||||||||||||||||||||||||||||||||||||||||
2025-07-25 17:54:04 - INFO - response received::

MSH|^~\&|IRISHL7|ISC|REGADT|MCM|202507251754||ACK^A01|000001|P|2.5.1|1
MSA|CA|000001



2025-07-25 17:54:04 - INFO - Port 2575 on 127.0.0.1 is open and accessible.
2025-07-25 17:54:04 - INFO - HL7 message generated::
MSH|^~\&|REGADT|MCM|IFENG||20250725175404||ADT^A01|000001|P|2.5.1|1||
EVN|A01|199601061000|199601101400|1
PID|||24445670^^^HOPITAL^MRN~FR123456^^^DLNUM^DL|253763|MUNRO^Alice||19310710|M|||77 Rue de Varenne^^PARIS^75^75007^||(01)554437765|(06)098866543|FRENCH|S|C|10199925|1641202898334566
NK1|1|DUPONT^MARIE^|EPOUSE||||ERSONNE A PREVENIR||
PV1|1|H|CARDIO^CHAMBRE201^LIT1||||004777^MARTIN^SOPHIE^DR|||CARDIO|||||ADM|A0|
PV2|||^Chirurgie Programmée||||||||||||||||||||||||||||||||||||||20240712
OBX|1|NM|21612-7^POIDS CORPOREL||52|kg|||||F
OBX|2|NM|8302-2^TAILLE||163|cm|||||F
OBX|3|NM|8480-6^PRESSION ARTERIELLE SYSTOLIQUE||154|mm[Hg]|||||F
OBX|4|NM|8462-4^PRESSION ARTERIELLE DIASTOLIQUE||87|mm[Hg]|||||F
OBX|5|NM|2339-0^GLUCOSE SANGUIN||6.2|mmol/L|3.5-5.7|H|||F
AL1|1||^AMOXICILLINE||URTICAIRE|
AL1|2||^ASPIRINE||OEDEME DE QUINCKE|
AL1|3||^ARACHIDES||CHOC ANAPHYLACTIQUE|
DG1|1|CIM10|I21.0^Infarctus transmural aigu du myocarde, de la paroi antérieure|Infarctus du myocarde||A
DG1|2|CIM10|I10^Hypertension essentielle (primitive)|Hypertension artérielle||C
DG1|3|CIM10|E11.9^Diabète sucré de type 2 sans complication|Diabète de type 2||C
PR1|1|CCAM|DDQH001^Coronarographie|Coronarographie||20240710103015
GT1|1|8291|DUPONT^JEAN^MARC^JR^M||123 RUE PRINCIPALE^^PARIS^^75001^FRA|(01)23456789||19610615|M|P/F|SLF|1234567890123||||
IN1|1|SECURITE SOCIALE|1|CPAM|||||||||||||||||||||||||||||||||||||||||||
2025-07-25 17:54:04 - INFO - response received::

MSH|^~\&|IRISHL7|ISC|REGADT|MCM|202507251754||ACK^A01|000001|P|2.5.1|1
MSA|CA|000001



2025-07-25 17:54:05 - INFO - Port 2575 on 127.0.0.1 is open and accessible.
2025-07-25 17:54:05 - INFO - HL7 message generated::
MSH|^~\&|REGADT|MCM|IFENG||20250725175405||ADT^A01|000001|P|2.5.1|1||
EVN|A01|199601061000|199601101400|1
PID|||24445670^^^HOPITAL^MRN~FR123456^^^DLNUM^DL|253763|MUNRO^Alice||19310710|M|||77 Rue de Varenne^^PARIS^75^75007^||(01)554437765|(06)098866543|FRENCH|S|C|10199925|1641202898334566
NK1|1|DUPONT^MARIE^|EPOUSE||||ERSONNE A PREVENIR||
PV1|1|H|CARDIO^CHAMBRE201^LIT1||||004777^MARTIN^SOPHIE^DR|||CARDIO|||||ADM|A0|
PV2|||^Chirurgie Programmée||||||||||||||||||||||||||||||||||||||20240712
OBX|1|NM|21612-7^POIDS CORPOREL||52|kg|||||F
OBX|2|NM|8302-2^TAILLE||163|cm|||||F
OBX|3|NM|8480-6^PRESSION ARTERIELLE SYSTOLIQUE||154|mm[Hg]|||||F
OBX|4|NM|8462-4^PRESSION ARTERIELLE DIASTOLIQUE||87|mm[Hg]|||||F
OBX|5|NM|2339-0^GLUCOSE SANGUIN||6.2|mmol/L|3.5-5.7|H|||F
AL1|1||^AMOXICILLINE||URTICAIRE|
AL1|2||^ASPIRINE||OEDEME DE QUINCKE|
AL1|3||^ARACHIDES||CHOC ANAPHYLACTIQUE|
DG1|1|CIM10|I21.0^Infarctus transmural aigu du myocarde, de la paroi antérieure|Infarctus du myocarde||A
DG1|2|CIM10|I10^Hypertension essentielle (primitive)|Hypertension artérielle||C
DG1|3|CIM10|E11.9^Diabète sucré de type 2 sans complication|Diabète de type 2||C
PR1|1|CCAM|DDQH001^Coronarographie|Coronarographie||20240710103015
GT1|1|8291|DUPONT^JEAN^MARC^JR^M||123 RUE PRINCIPALE^^PARIS^^75001^FRA|(01)23456789||19610615|M|P/F|SLF|1234567890123||||
IN1|1|SECURITE SOCIALE|1|CPAM|||||||||||||||||||||||||||||||||||||||||||
2025-07-25 17:54:05 - INFO - response received::

MSH|^~\&|IRISHL7|ISC|REGADT|MCM|202507251754||ACK^A01|000001|P|2.5.1|1
MSA|CA|000001



2025-07-25 17:54:05 - INFO - Port 2575 on 127.0.0.1 is open and accessible.
2025-07-25 17:54:05 - INFO - HL7 message generated::
MSH|^~\&|REGADT|MCM|IFENG||20250725175405||ADT^A01|000001|P|2.5.1|1||
EVN|A01|199601061000|199601101400|1
PID|||24445670^^^HOPITAL^MRN~FR123456^^^DLNUM^DL|253763|MUNRO^Alice||19310710|M|||77 Rue de Varenne^^PARIS^75^75007^||(01)554437765|(06)098866543|FRENCH|S|C|10199925|1641202898334566
NK1|1|DUPONT^MARIE^|EPOUSE||||ERSONNE A PREVENIR||
PV1|1|H|CARDIO^CHAMBRE201^LIT1||||004777^MARTIN^SOPHIE^DR|||CARDIO|||||ADM|A0|
PV2|||^Chirurgie Programmée||||||||||||||||||||||||||||||||||||||20240712
OBX|1|NM|21612-7^POIDS CORPOREL||52|kg|||||F
OBX|2|NM|8302-2^TAILLE||163|cm|||||F
OBX|3|NM|8480-6^PRESSION ARTERIELLE SYSTOLIQUE||154|mm[Hg]|||||F
OBX|4|NM|8462-4^PRESSION ARTERIELLE DIASTOLIQUE||87|mm[Hg]|||||F
OBX|5|NM|2339-0^GLUCOSE SANGUIN||6.2|mmol/L|3.5-5.7|H|||F
AL1|1||^AMOXICILLINE||URTICAIRE|
AL1|2||^ASPIRINE||OEDEME DE QUINCKE|
AL1|3||^ARACHIDES||CHOC ANAPHYLACTIQUE|
DG1|1|CIM10|I21.0^Infarctus transmural aigu du myocarde, de la paroi antérieure|Infarctus du myocarde||A
DG1|2|CIM10|I10^Hypertension essentielle (primitive)|Hypertension artérielle||C
DG1|3|CIM10|E11.9^Diabète sucré de type 2 sans complication|Diabète de type 2||C
PR1|1|CCAM|DDQH001^Coronarographie|Coronarographie||20240710103015
GT1|1|8291|DUPONT^JEAN^MARC^JR^M||123 RUE PRINCIPALE^^PARIS^^75001^FRA|(01)23456789||19610615|M|P/F|SLF|1234567890123||||
IN1|1|SECURITE SOCIALE|1|CPAM|||||||||||||||||||||||||||||||||||||||||||
2025-07-25 17:54:05 - INFO - response received::

MSH|^~\&|IRISHL7|ISC|REGADT|MCM|202507251754||ACK^A01|000001|P|2.5.1|1
MSA|CA|000001



2025-07-25 17:54:05 - INFO - Port 2575 on 127.0.0.1 is open and accessible.
2025-07-25 17:54:05 - INFO - HL7 message generated::
MSH|^~\&|REGADT|MCM|IFENG||20250725175405||ADT^A01|000001|P|2.5.1|1||
EVN|A01|199601061000|199601101400|1
PID|||24445670^^^HOPITAL^MRN~FR123456^^^DLNUM^DL|253763|MUNRO^Alice||19310710|M|||77 Rue de Varenne^^PARIS^75^75007^||(01)554437765|(06)098866543|FRENCH|S|C|10199925|1641202898334566
NK1|1|DUPONT^MARIE^|EPOUSE||||ERSONNE A PREVENIR||
PV1|1|H|CARDIO^CHAMBRE201^LIT1||||004777^MARTIN^SOPHIE^DR|||CARDIO|||||ADM|A0|
PV2|||^Chirurgie Programmée||||||||||||||||||||||||||||||||||||||20240712
OBX|1|NM|21612-7^POIDS CORPOREL||52|kg|||||F
OBX|2|NM|8302-2^TAILLE||163|cm|||||F
OBX|3|NM|8480-6^PRESSION ARTERIELLE SYSTOLIQUE||154|mm[Hg]|||||F
OBX|4|NM|8462-4^PRESSION ARTERIELLE DIASTOLIQUE||87|mm[Hg]|||||F
OBX|5|NM|2339-0^GLUCOSE SANGUIN||6.2|mmol/L|3.5-5.7|H|||F
AL1|1||^AMOXICILLINE||URTICAIRE|
AL1|2||^ASPIRINE||OEDEME DE QUINCKE|
AL1|3||^ARACHIDES||CHOC ANAPHYLACTIQUE|
DG1|1|CIM10|I21.0^Infarctus transmural aigu du myocarde, de la paroi antérieure|Infarctus du myocarde||A
DG1|2|CIM10|I10^Hypertension essentielle (primitive)|Hypertension artérielle||C
DG1|3|CIM10|E11.9^Diabète sucré de type 2 sans complication|Diabète de type 2||C
PR1|1|CCAM|DDQH001^Coronarographie|Coronarographie||20240710103015
GT1|1|8291|DUPONT^JEAN^MARC^JR^M||123 RUE PRINCIPALE^^PARIS^^75001^FRA|(01)23456789||19610615|M|P/F|SLF|1234567890123||||
IN1|1|SECURITE SOCIALE|1|CPAM|||||||||||||||||||||||||||||||||||||||||||
2025-07-25 17:54:05 - INFO - response received::

MSH|^~\&|IRISHL7|ISC|REGADT|MCM|202507251754||ACK^A01|000001|P|2.5.1|1
MSA|CA|000001



2025-07-25 17:54:06 - INFO - Port 2575 on 127.0.0.1 is open and accessible.
2025-07-25 17:54:06 - INFO - HL7 message generated::
MSH|^~\&|REGADT|MCM|IFENG||20250725175406||ADT^A01|000001|P|2.5.1|1||
EVN|A01|199601061000|199601101400|1
PID|||24445670^^^HOPITAL^MRN~FR123456^^^DLNUM^DL|253763|MUNRO^Alice||19310710|M|||77 Rue de Varenne^^PARIS^75^75007^||(01)554437765|(06)098866543|FRENCH|S|C|10199925|1641202898334566
NK1|1|DUPONT^MARIE^|EPOUSE||||ERSONNE A PREVENIR||
PV1|1|H|CARDIO^CHAMBRE201^LIT1||||004777^MARTIN^SOPHIE^DR|||CARDIO|||||ADM|A0|
PV2|||^Chirurgie Programmée||||||||||||||||||||||||||||||||||||||20240712
OBX|1|NM|21612-7^POIDS CORPOREL||52|kg|||||F
OBX|2|NM|8302-2^TAILLE||163|cm|||||F
OBX|3|NM|8480-6^PRESSION ARTERIELLE SYSTOLIQUE||154|mm[Hg]|||||F
OBX|4|NM|8462-4^PRESSION ARTERIELLE DIASTOLIQUE||87|mm[Hg]|||||F
OBX|5|NM|2339-0^GLUCOSE SANGUIN||6.2|mmol/L|3.5-5.7|H|||F
AL1|1||^AMOXICILLINE||URTICAIRE|
AL1|2||^ASPIRINE||OEDEME DE QUINCKE|
AL1|3||^ARACHIDES||CHOC ANAPHYLACTIQUE|
DG1|1|CIM10|I21.0^Infarctus transmural aigu du myocarde, de la paroi antérieure|Infarctus du myocarde||A
DG1|2|CIM10|I10^Hypertension essentielle (primitive)|Hypertension artérielle||C
DG1|3|CIM10|E11.9^Diabète sucré de type 2 sans complication|Diabète de type 2||C
PR1|1|CCAM|DDQH001^Coronarographie|Coronarographie||20240710103015
GT1|1|8291|DUPONT^JEAN^MARC^JR^M||123 RUE PRINCIPALE^^PARIS^^75001^FRA|(01)23456789||19610615|M|P/F|SLF|1234567890123||||
IN1|1|SECURITE SOCIALE|1|CPAM|||||||||||||||||||||||||||||||||||||||||||
2025-07-25 17:54:06 - INFO - response received::

MSH|^~\&|IRISHL7|ISC|REGADT|MCM|202507251754||ACK^A01|000001|P|2.5.1|1
MSA|CA|000001



2025-07-25 17:54:06 - INFO - Port 2575 on 127.0.0.1 is open and accessible.
2025-07-25 17:54:06 - INFO - HL7 message generated::
MSH|^~\&|REGADT|MCM|IFENG||20250725175406||ADT^A01|000001|P|2.5.1|1||
EVN|A01|199601061000|199601101400|1
PID|||24445670^^^HOPITAL^MRN~FR123456^^^DLNUM^DL|253763|MUNRO^Alice||19310710|M|||77 Rue de Varenne^^PARIS^75^75007^||(01)554437765|(06)098866543|FRENCH|S|C|10199925|1641202898334566
NK1|1|DUPONT^MARIE^|EPOUSE||||ERSONNE A PREVENIR||
PV1|1|H|CARDIO^CHAMBRE201^LIT1||||004777^MARTIN^SOPHIE^DR|||CARDIO|||||ADM|A0|
PV2|||^Chirurgie Programmée||||||||||||||||||||||||||||||||||||||20240712
OBX|1|NM|21612-7^POIDS CORPOREL||52|kg|||||F
OBX|2|NM|8302-2^TAILLE||163|cm|||||F
OBX|3|NM|8480-6^PRESSION ARTERIELLE SYSTOLIQUE||154|mm[Hg]|||||F
OBX|4|NM|8462-4^PRESSION ARTERIELLE DIASTOLIQUE||87|mm[Hg]|||||F
OBX|5|NM|2339-0^GLUCOSE SANGUIN||6.2|mmol/L|3.5-5.7|H|||F
AL1|1||^AMOXICILLINE||URTICAIRE|
AL1|2||^ASPIRINE||OEDEME DE QUINCKE|
AL1|3||^ARACHIDES||CHOC ANAPHYLACTIQUE|
DG1|1|CIM10|I21.0^Infarctus transmural aigu du myocarde, de la paroi antérieure|Infarctus du myocarde||A
DG1|2|CIM10|I10^Hypertension essentielle (primitive)|Hypertension artérielle||C
DG1|3|CIM10|E11.9^Diabète sucré de type 2 sans complication|Diabète de type 2||C
PR1|1|CCAM|DDQH001^Coronarographie|Coronarographie||20240710103015
GT1|1|8291|DUPONT^JEAN^MARC^JR^M||123 RUE PRINCIPALE^^PARIS^^75001^FRA|(01)23456789||19610615|M|P/F|SLF|1234567890123||||
IN1|1|SECURITE SOCIALE|1|CPAM|||||||||||||||||||||||||||||||||||||||||||
2025-07-25 17:54:06 - INFO - response received::

MSH|^~\&|IRISHL7|ISC|REGADT|MCM|202507251754||ACK^A01|000001|P|2.5.1|1
MSA|CA|000001



2025-07-25 17:54:19 - INFO - El puerto 2575 en 127.0.0.1 está abierto y accesible.
2025-07-25 17:54:19 - INFO - Mensaje HL7 generado::
MSH|^~\&|REGADT|MCM|IFENG||20250725175419||ADT^A01|000001|P|2.5.1|1||
EVN|A01|199601061000|199601101400|1
PID|||24445670^^^HOPITAL^MRN~FR123456^^^DLNUM^DL|253763|MUNRO^Alice||19310710|M|||77 Rue de Varenne^^PARIS^75^75007^||(01)554437765|(06)098866543|FRENCH|S|C|10199925|1641202898334566
NK1|1|DUPONT^MARIE^|EPOUSE||||ERSONNE A PREVENIR||
PV1|1|H|CARDIO^CHAMBRE201^LIT1||||004777^MARTIN^SOPHIE^DR|||CARDIO|||||ADM|A0|
PV2|||^Chirurgie Programmée||||||||||||||||||||||||||||||||||||||20240712
OBX|1|NM|21612-7^POIDS CORPOREL||52|kg|||||F
OBX|2|NM|8302-2^TAILLE||163|cm|||||F
OBX|3|NM|8480-6^PRESSION ARTERIELLE SYSTOLIQUE||154|mm[Hg]|||||F
OBX|4|NM|8462-4^PRESSION ARTERIELLE DIASTOLIQUE||87|mm[Hg]|||||F
OBX|5|NM|2339-0^GLUCOSE SANGUIN||6.2|mmol/L|3.5-5.7|H|||F
AL1|1||^AMOXICILLINE||URTICAIRE|
AL1|2||^ASPIRINE||OEDEME DE QUINCKE|
AL1|3||^ARACHIDES||CHOC ANAPHYLACTIQUE|
DG1|1|CIM10|I21.0^Infarctus transmural aigu du myocarde, de la paroi antérieure|Infarctus du myocarde||A
DG1|2|CIM10|I10^Hypertension essentielle (primitive)|Hypertension artérielle||C
DG1|3|CIM10|E11.9^Diabète sucré de type 2 sans complication|Diabète de type 2||C
PR1|1|CCAM|DDQH001^Coronarographie|Coronarographie||20240710103015
GT1|1|8291|DUPONT^JEAN^MARC^JR^M||123 RUE PRINCIPALE^^PARIS^^75001^FRA|(01)23456789||19610615|M|P/F|SLF|1234567890123||||
IN1|1|SECURITE SOCIALE|1|CPAM|||||||||||||||||||||||||||||||||||||||||||
2025-07-25 17:54:19 - INFO - respuesta recibida::

MSH|^~\&|IRISHL7|ISC|REGADT|MCM|202507251754||ACK^A01|000001|P|2.5.1|1
MSA|CA|000001



2025-07-25 17:54:19 - INFO - El puerto 2575 en 127.0.0.1 está abierto y accesible.
2025-07-25 17:54:19 - INFO - Mensaje HL7 generado::
MSH|^~\&|REGADT|MCM|IFENG||20250725175419||ADT^A01|000001|P|2.5.1|1||
EVN|A01|199601061000|199601101400|1
PID|||24445670^^^HOPITAL^MRN~FR123456^^^DLNUM^DL|253763|MUNRO^Alice||19310710|M|||77 Rue de Varenne^^PARIS^75^75007^||(01)554437765|(06)098866543|FRENCH|S|C|10199925|1641202898334566
NK1|1|DUPONT^MARIE^|EPOUSE||||ERSONNE A PREVENIR||
PV1|1|H|CARDIO^CHAMBRE201^LIT1||||004777^MARTIN^SOPHIE^DR|||CARDIO|||||ADM|A0|
PV2|||^Chirurgie Programmée||||||||||||||||||||||||||||||||||||||20240712
OBX|1|NM|21612-7^POIDS CORPOREL||52|kg|||||F
OBX|2|NM|8302-2^TAILLE||163|cm|||||F
OBX|3|NM|8480-6^PRESSION ARTERIELLE SYSTOLIQUE||154|mm[Hg]|||||F
OBX|4|NM|8462-4^PRESSION ARTERIELLE DIASTOLIQUE||87|mm[Hg]|||||F
OBX|5|NM|2339-0^GLUCOSE SANGUIN||6.2|mmol/L|3.5-5.7|H|||F
AL1|1||^AMOXICILLINE||URTICAIRE|
AL1|2||^ASPIRINE||OEDEME DE QUINCKE|
AL1|3||^ARACHIDES||CHOC ANAPHYLACTIQUE|
DG1|1|CIM10|I21.0^Infarctus transmural aigu du myocarde, de la paroi antérieure|Infarctus du myocarde||A
DG1|2|CIM10|I10^Hypertension essentielle (primitive)|Hypertension artérielle||C
DG1|3|CIM10|E11.9^Diabète sucré de type 2 sans complication|Diabète de type 2||C
PR1|1|CCAM|DDQH001^Coronarographie|Coronarographie||20240710103015
GT1|1|8291|DUPONT^JEAN^MARC^JR^M||123 RUE PRINCIPALE^^PARIS^^75001^FRA|(01)23456789||19610615|M|P/F|SLF|1234567890123||||
IN1|1|SECURITE SOCIALE|1|CPAM|||||||||||||||||||||||||||||||||||||||||||
2025-07-25 17:54:19 - INFO - respuesta recibida::

MSH|^~\&|IRISHL7|ISC|REGADT|MCM|202507251754||ACK^A01|000001|P|2.5.1|1
MSA|CA|000001



2025-07-25 17:54:20 - INFO - El puerto 2575 en 127.0.0.1 está abierto y accesible.
2025-07-25 17:54:20 - INFO - Mensaje HL7 generado::
MSH|^~\&|REGADT|MCM|IFENG||20250725175420||ADT^A01|000001|P|2.5.1|1||
EVN|A01|199601061000|199601101400|1
PID|||24445670^^^HOPITAL^MRN~FR123456^^^DLNUM^DL|253763|MUNRO^Alice||19310710|M|||77 Rue de Varenne^^PARIS^75^75007^||(01)554437765|(06)098866543|FRENCH|S|C|10199925|1641202898334566
NK1|1|DUPONT^MARIE^|EPOUSE||||ERSONNE A PREVENIR||
PV1|1|H|CARDIO^CHAMBRE201^LIT1||||004777^MARTIN^SOPHIE^DR|||CARDIO|||||ADM|A0|
PV2|||^Chirurgie Programmée||||||||||||||||||||||||||||||||||||||20240712
OBX|1|NM|21612-7^POIDS CORPOREL||52|kg|||||F
OBX|2|NM|8302-2^TAILLE||163|cm|||||F
OBX|3|NM|8480-6^PRESSION ARTERIELLE SYSTOLIQUE||154|mm[Hg]|||||F
OBX|4|NM|8462-4^PRESSION ARTERIELLE DIASTOLIQUE||87|mm[Hg]|||||F
OBX|5|NM|2339-0^GLUCOSE SANGUIN||6.2|mmol/L|3.5-5.7|H|||F
AL1|1||^AMOXICILLINE||URTICAIRE|
AL1|2||^ASPIRINE||OEDEME DE QUINCKE|
AL1|3||^ARACHIDES||CHOC ANAPHYLACTIQUE|
DG1|1|CIM10|I21.0^Infarctus transmural aigu du myocarde, de la paroi antérieure|Infarctus du myocarde||A
DG1|2|CIM10|I10^Hypertension essentielle (primitive)|Hypertension artérielle||C
DG1|3|CIM10|E11.9^Diabète sucré de type 2 sans complication|Diabète de type 2||C
PR1|1|CCAM|DDQH001^Coronarographie|Coronarographie||20240710103015
GT1|1|8291|DUPONT^JEAN^MARC^JR^M||123 RUE PRINCIPALE^^PARIS^^75001^FRA|(01)23456789||19610615|M|P/F|SLF|1234567890123||||
IN1|1|SECURITE SOCIALE|1|CPAM|||||||||||||||||||||||||||||||||||||||||||
2025-07-25 17:54:20 - INFO - respuesta recibida::

MSH|^~\&|IRISHL7|ISC|REGADT|MCM|202507251754||ACK^A01|000001|P|2.5.1|1
MSA|CA|000001



2025-07-25 17:54:20 - INFO - El puerto 2575 en 127.0.0.1 está abierto y accesible.
2025-07-25 17:54:20 - INFO - Mensaje HL7 generado::
MSH|^~\&|REGADT|MCM|IFENG||20250725175420||ADT^A01|000001|P|2.5.1|1||
EVN|A01|199601061000|199601101400|1
PID|||24445670^^^HOPITAL^MRN~FR123456^^^DLNUM^DL|253763|MUNRO^Alice||19310710|M|||77 Rue de Varenne^^PARIS^75^75007^||(01)554437765|(06)098866543|FRENCH|S|C|10199925|1641202898334566
NK1|1|DUPONT^MARIE^|EPOUSE||||ERSONNE A PREVENIR||
PV1|1|H|CARDIO^CHAMBRE201^LIT1||||004777^MARTIN^SOPHIE^DR|||CARDIO|||||ADM|A0|
PV2|||^Chirurgie Programmée||||||||||||||||||||||||||||||||||||||20240712
OBX|1|NM|21612-7^POIDS CORPOREL||52|kg|||||F
OBX|2|NM|8302-2^TAILLE||163|cm|||||F
OBX|3|NM|8480-6^PRESSION ARTERIELLE SYSTOLIQUE||154|mm[Hg]|||||F
OBX|4|NM|8462-4^PRESSION ARTERIELLE DIASTOLIQUE||87|mm[Hg]|||||F
OBX|5|NM|2339-0^GLUCOSE SANGUIN||6.2|mmol/L|3.5-5.7|H|||F
AL1|1||^AMOXICILLINE||URTICAIRE|
AL1|2||^ASPIRINE||OEDEME DE QUINCKE|
AL1|3||^ARACHIDES||CHOC ANAPHYLACTIQUE|
DG1|1|CIM10|I21.0^Infarctus transmural aigu du myocarde, de la paroi antérieure|Infarctus du myocarde||A
DG1|2|CIM10|I10^Hypertension essentielle (primitive)|Hypertension artérielle||C
DG1|3|CIM10|E11.9^Diabète sucré de type 2 sans complication|Diabète de type 2||C
PR1|1|CCAM|DDQH001^Coronarographie|Coronarographie||20240710103015
GT1|1|8291|DUPONT^JEAN^MARC^JR^M||123 RUE PRINCIPALE^^PARIS^^75001^FRA|(01)23456789||19610615|M|P/F|SLF|1234567890123||||
IN1|1|SECURITE SOCIALE|1|CPAM|||||||||||||||||||||||||||||||||||||||||||
2025-07-25 17:54:20 - INFO - respuesta recibida::

MSH|^~\&|IRISHL7|ISC|REGADT|MCM|202507251754||ACK^A01|000001|P|2.5.1|1
MSA|CA|000001



2025-07-25 17:54:20 - INFO - El puerto 2575 en 127.0.0.1 está abierto y accesible.
2025-07-25 17:54:20 - INFO - Mensaje HL7 generado::
MSH|^~\&|REGADT|MCM|IFENG||20250725175420||ADT^A01|000001|P|2.5.1|1||
EVN|A01|199601061000|199601101400|1
PID|||24445670^^^HOPITAL^MRN~FR123456^^^DLNUM^DL|253763|MUNRO^Alice||19310710|M|||77 Rue de Varenne^^PARIS^75^75007^||(01)554437765|(06)098866543|FRENCH|S|C|10199925|1641202898334566
NK1|1|DUPONT^MARIE^|EPOUSE||||ERSONNE A PREVENIR||
PV1|1|H|CARDIO^CHAMBRE201^LIT1||||004777^MARTIN^SOPHIE^DR|||CARDIO|||||ADM|A0|
PV2|||^Chirurgie Programmée||||||||||||||||||||||||||||||||||||||20240712
OBX|1|NM|21612-7^POIDS CORPOREL||52|kg|||||F
OBX|2|NM|8302-2^TAILLE||163|cm|||||F
OBX|3|NM|8480-6^PRESSION ARTERIELLE SYSTOLIQUE||154|mm[Hg]|||||F
OBX|4|NM|8462-4^PRESSION ARTERIELLE DIASTOLIQUE||87|mm[Hg]|||||F
OBX|5|NM|2339-0^GLUCOSE SANGUIN||6.2|mmol/L|3.5-5.7|H|||F
AL1|1||^AMOXICILLINE||URTICAIRE|
AL1|2||^ASPIRINE||OEDEME DE QUINCKE|
AL1|3||^ARACHIDES||CHOC ANAPHYLACTIQUE|
DG1|1|CIM10|I21.0^Infarctus transmural aigu du myocarde, de la paroi antérieure|Infarctus du myocarde||A
DG1|2|CIM10|I10^Hypertension essentielle (primitive)|Hypertension artérielle||C
DG1|3|CIM10|E11.9^Diabète sucré de type 2 sans complication|Diabète de type 2||C
PR1|1|CCAM|DDQH001^Coronarographie|Coronarographie||20240710103015
GT1|1|8291|DUPONT^JEAN^MARC^JR^M||123 RUE PRINCIPALE^^PARIS^^75001^FRA|(01)23456789||19610615|M|P/F|SLF|1234567890123||||
IN1|1|SECURITE SOCIALE|1|CPAM|||||||||||||||||||||||||||||||||||||||||||
2025-07-25 17:54:21 - INFO - respuesta recibida::

MSH|^~\&|IRISHL7|ISC|REGADT|MCM|202507251754||ACK^A01|000001|P|2.5.1|1
MSA|CA|000001



2025-07-25 17:54:21 - INFO - El puerto 2575 en 127.0.0.1 está abierto y accesible.
2025-07-25 17:54:21 - INFO - Mensaje HL7 generado::
MSH|^~\&|REGADT|MCM|IFENG||20250725175421||ADT^A01|000001|P|2.5.1|1||
EVN|A01|199601061000|199601101400|1
PID|||24445670^^^HOPITAL^MRN~FR123456^^^DLNUM^DL|253763|MUNRO^Alice||19310710|M|||77 Rue de Varenne^^PARIS^75^75007^||(01)554437765|(06)098866543|FRENCH|S|C|10199925|1641202898334566
NK1|1|DUPONT^MARIE^|EPOUSE||||ERSONNE A PREVENIR||
PV1|1|H|CARDIO^CHAMBRE201^LIT1||||004777^MARTIN^SOPHIE^DR|||CARDIO|||||ADM|A0|
PV2|||^Chirurgie Programmée||||||||||||||||||||||||||||||||||||||20240712
OBX|1|NM|21612-7^POIDS CORPOREL||52|kg|||||F
OBX|2|NM|8302-2^TAILLE||163|cm|||||F
OBX|3|NM|8480-6^PRESSION ARTERIELLE SYSTOLIQUE||154|mm[Hg]|||||F
OBX|4|NM|8462-4^PRESSION ARTERIELLE DIASTOLIQUE||87|mm[Hg]|||||F
OBX|5|NM|2339-0^GLUCOSE SANGUIN||6.2|mmol/L|3.5-5.7|H|||F
AL1|1||^AMOXICILLINE||URTICAIRE|
AL1|2||^ASPIRINE||OEDEME DE QUINCKE|
AL1|3||^ARACHIDES||CHOC ANAPHYLACTIQUE|
DG1|1|CIM10|I21.0^Infarctus transmural aigu du myocarde, de la paroi antérieure|Infarctus du myocarde||A
DG1|2|CIM10|I10^Hypertension essentielle (primitive)|Hypertension artérielle||C
DG1|3|CIM10|E11.9^Diabète sucré de type 2 sans complication|Diabète de type 2||C
PR1|1|CCAM|DDQH001^Coronarographie|Coronarographie||20240710103015
GT1|1|8291|DUPONT^JEAN^MARC^JR^M||123 RUE PRINCIPALE^^PARIS^^75001^FRA|(01)23456789||19610615|M|P/F|SLF|1234567890123||||
IN1|1|SECURITE SOCIALE|1|CPAM|||||||||||||||||||||||||||||||||||||||||||
2025-07-25 17:54:21 - INFO - respuesta recibida::

MSH|^~\&|IRISHL7|ISC|REGADT|MCM|202507251754||ACK^A01|000001|P|2.5.1|1
MSA|CA|000001



2025-07-25 17:54:21 - INFO - El puerto 2575 en 127.0.0.1 está abierto y accesible.
2025-07-25 17:54:21 - INFO - Mensaje HL7 generado::
MSH|^~\&|REGADT|MCM|IFENG||20250725175421||ADT^A01|000001|P|2.5.1|1||
EVN|A01|199601061000|199601101400|1
PID|||24445670^^^HOPITAL^MRN~FR123456^^^DLNUM^DL|253763|MUNRO^Alice||19310710|M|||77 Rue de Varenne^^PARIS^75^75007^||(01)554437765|(06)098866543|FRENCH|S|C|10199925|1641202898334566
NK1|1|DUPONT^MARIE^|EPOUSE||||ERSONNE A PREVENIR||
PV1|1|H|CARDIO^CHAMBRE201^LIT1||||004777^MARTIN^SOPHIE^DR|||CARDIO|||||ADM|A0|
PV2|||^Chirurgie Programmée||||||||||||||||||||||||||||||||||||||20240712
OBX|1|NM|21612-7^POIDS CORPOREL||52|kg|||||F
OBX|2|NM|8302-2^TAILLE||163|cm|||||F
OBX|3|NM|8480-6^PRESSION ARTERIELLE SYSTOLIQUE||154|mm[Hg]|||||F
OBX|4|NM|8462-4^PRESSION ARTERIELLE DIASTOLIQUE||87|mm[Hg]|||||F
OBX|5|NM|2339-0^GLUCOSE SANGUIN||6.2|mmol/L|3.5-5.7|H|||F
AL1|1||^AMOXICILLINE||URTICAIRE|
AL1|2||^ASPIRINE||OEDEME DE QUINCKE|
AL1|3||^ARACHIDES||CHOC ANAPHYLACTIQUE|
DG1|1|CIM10|I21.0^Infarctus transmural aigu du myocarde, de la paroi antérieure|Infarctus du myocarde||A
DG1|2|CIM10|I10^Hypertension essentielle (primitive)|Hypertension artérielle||C
DG1|3|CIM10|E11.9^Diabète sucré de type 2 sans complication|Diabète de type 2||C
PR1|1|CCAM|DDQH001^Coronarographie|Coronarographie||20240710103015
GT1|1|8291|DUPONT^JEAN^MARC^JR^M||123 RUE PRINCIPALE^^PARIS^^75001^FRA|(01)23456789||19610615|M|P/F|SLF|1234567890123||||
IN1|1|SECURITE SOCIALE|1|CPAM|||||||||||||||||||||||||||||||||||||||||||
2025-07-25 17:54:21 - INFO - respuesta recibida::

MSH|^~\&|IRISHL7|ISC|REGADT|MCM|202507251754||ACK^A01|000001|P|2.5.1|1
MSA|CA|000001



2025-07-25 17:54:22 - INFO - El puerto 2575 en 127.0.0.1 está abierto y accesible.
2025-07-25 17:54:22 - INFO - Mensaje HL7 generado::
MSH|^~\&|REGADT|MCM|IFENG||20250725175422||ADT^A01|000001|P|2.5.1|1||
EVN|A01|199601061000|199601101400|1
PID|||24445670^^^HOPITAL^MRN~FR123456^^^DLNUM^DL|253763|MUNRO^Alice||19310710|M|||77 Rue de Varenne^^PARIS^75^75007^||(01)554437765|(06)098866543|FRENCH|S|C|10199925|1641202898334566
NK1|1|DUPONT^MARIE^|EPOUSE||||ERSONNE A PREVENIR||
PV1|1|H|CARDIO^CHAMBRE201^LIT1||||004777^MARTIN^SOPHIE^DR|||CARDIO|||||ADM|A0|
PV2|||^Chirurgie Programmée||||||||||||||||||||||||||||||||||||||20240712
OBX|1|NM|21612-7^POIDS CORPOREL||52|kg|||||F
OBX|2|NM|8302-2^TAILLE||163|cm|||||F
OBX|3|NM|8480-6^PRESSION ARTERIELLE SYSTOLIQUE||154|mm[Hg]|||||F
OBX|4|NM|8462-4^PRESSION ARTERIELLE DIASTOLIQUE||87|mm[Hg]|||||F
OBX|5|NM|2339-0^GLUCOSE SANGUIN||6.2|mmol/L|3.5-5.7|H|||F
AL1|1||^AMOXICILLINE||URTICAIRE|
AL1|2||^ASPIRINE||OEDEME DE QUINCKE|
AL1|3||^ARACHIDES||CHOC ANAPHYLACTIQUE|
DG1|1|CIM10|I21.0^Infarctus transmural aigu du myocarde, de la paroi antérieure|Infarctus du myocarde||A
DG1|2|CIM10|I10^Hypertension essentielle (primitive)|Hypertension artérielle||C
DG1|3|CIM10|E11.9^Diabète sucré de type 2 sans complication|Diabète de type 2||C
PR1|1|CCAM|DDQH001^Coronarographie|Coronarographie||20240710103015
GT1|1|8291|DUPONT^JEAN^MARC^JR^M||123 RUE PRINCIPALE^^PARIS^^75001^FRA|(01)23456789||19610615|M|P/F|SLF|1234567890123||||
IN1|1|SECURITE SOCIALE|1|CPAM|||||||||||||||||||||||||||||||||||||||||||
2025-07-25 17:54:22 - INFO - respuesta recibida::

MSH|^~\&|IRISHL7|ISC|REGADT|MCM|202507251754||ACK^A01|000001|P|2.5.1|1
MSA|CA|000001



2025-07-25 17:54:22 - INFO - El puerto 2575 en 127.0.0.1 está abierto y accesible.
2025-07-25 17:54:22 - INFO - Mensaje HL7 generado::
MSH|^~\&|REGADT|MCM|IFENG||20250725175422||ADT^A01|000001|P|2.5.1|1||
EVN|A01|199601061000|199601101400|1
PID|||24445670^^^HOPITAL^MRN~FR123456^^^DLNUM^DL|253763|MUNRO^Alice||19310710|M|||77 Rue de Varenne^^PARIS^75^75007^||(01)554437765|(06)098866543|FRENCH|S|C|10199925|1641202898334566
NK1|1|DUPONT^MARIE^|EPOUSE||||ERSONNE A PREVENIR||
PV1|1|H|CARDIO^CHAMBRE201^LIT1||||004777^MARTIN^SOPHIE^DR|||CARDIO|||||ADM|A0|
PV2|||^Chirurgie Programmée||||||||||||||||||||||||||||||||||||||20240712
OBX|1|NM|21612-7^POIDS CORPOREL||52|kg|||||F
OBX|2|NM|8302-2^TAILLE||163|cm|||||F
OBX|3|NM|8480-6^PRESSION ARTERIELLE SYSTOLIQUE||154|mm[Hg]|||||F
OBX|4|NM|8462-4^PRESSION ARTERIELLE DIASTOLIQUE||87|mm[Hg]|||||F
OBX|5|NM|2339-0^GLUCOSE SANGUIN||6.2|mmol/L|3.5-5.7|H|||F
AL1|1||^AMOXICILLINE||URTICAIRE|
AL1|2||^ASPIRINE||OEDEME DE QUINCKE|
AL1|3||^ARACHIDES||CHOC ANAPHYLACTIQUE|
DG1|1|CIM10|I21.0^Infarctus transmural aigu du myocarde, de la paroi antérieure|Infarctus du myocarde||A
DG1|2|CIM10|I10^Hypertension essentielle (primitive)|Hypertension artérielle||C
DG1|3|CIM10|E11.9^Diabète sucré de type 2 sans complication|Diabète de type 2||C
PR1|1|CCAM|DDQH001^Coronarographie|Coronarographie||20240710103015
GT1|1|8291|DUPONT^JEAN^MARC^JR^M||123 RUE PRINCIPALE^^PARIS^^75001^FRA|(01)23456789||19610615|M|P/F|SLF|1234567890123||||
IN1|1|SECURITE SOCIALE|1|CPAM|||||||||||||||||||||||||||||||||||||||||||
2025-07-25 17:54:22 - INFO - respuesta recibida::

MSH|^~\&|IRISHL7|ISC|REGADT|MCM|202507251754||ACK^A01|000001|P|2.5.1|1
MSA|CA|000001



2025-07-25 17:54:22 - INFO - El puerto 2575 en 127.0.0.1 está abierto y accesible.
2025-07-25 17:54:22 - INFO - Mensaje HL7 generado::
MSH|^~\&|REGADT|MCM|IFENG||20250725175422||ADT^A01|000001|P|2.5.1|1||
EVN|A01|199601061000|199601101400|1
PID|||24445670^^^HOPITAL^MRN~FR123456^^^DLNUM^DL|253763|MUNRO^Alice||19310710|M|||77 Rue de Varenne^^PARIS^75^75007^||(01)554437765|(06)098866543|FRENCH|S|C|10199925|1641202898334566
NK1|1|DUPONT^MARIE^|EPOUSE||||ERSONNE A PREVENIR||
PV1|1|H|CARDIO^CHAMBRE201^LIT1||||004777^MARTIN^SOPHIE^DR|||CARDIO|||||ADM|A0|
PV2|||^Chirurgie Programmée||||||||||||||||||||||||||||||||||||||20240712
OBX|1|NM|21612-7^POIDS CORPOREL||52|kg|||||F
OBX|2|NM|8302-2^TAILLE||163|cm|||||F
OBX|3|NM|8480-6^PRESSION ARTERIELLE SYSTOLIQUE||154|mm[Hg]|||||F
OBX|4|NM|8462-4^PRESSION ARTERIELLE DIASTOLIQUE||87|mm[Hg]|||||F
OBX|5|NM|2339-0^GLUCOSE SANGUIN||6.2|mmol/L|3.5-5.7|H|||F
AL1|1||^AMOXICILLINE||URTICAIRE|
AL1|2||^ASPIRINE||OEDEME DE QUINCKE|
AL1|3||^ARACHIDES||CHOC ANAPHYLACTIQUE|
DG1|1|CIM10|I21.0^Infarctus transmural aigu du myocarde, de la paroi antérieure|Infarctus du myocarde||A
DG1|2|CIM10|I10^Hypertension essentielle (primitive)|Hypertension artérielle||C
DG1|3|CIM10|E11.9^Diabète sucré de type 2 sans complication|Diabète de type 2||C
PR1|1|CCAM|DDQH001^Coronarographie|Coronarographie||20240710103015
GT1|1|8291|DUPONT^JEAN^MARC^JR^M||123 RUE PRINCIPALE^^PARIS^^75001^FRA|(01)23456789||19610615|M|P/F|SLF|1234567890123||||
IN1|1|SECURITE SOCIALE|1|CPAM|||||||||||||||||||||||||||||||||||||||||||
2025-07-25 17:54:23 - INFO - respuesta recibida::

MSH|^~\&|IRISHL7|ISC|REGADT|MCM|202507251754||ACK^A01|000001|P|2.5.1|1
MSA|CA|000001



2025-07-25 17:54:23 - INFO - El puerto 2575 en 127.0.0.1 está abierto y accesible.
2025-07-25 17:54:23 - INFO - Mensaje HL7 generado::
MSH|^~\&|REGADT|MCM|IFENG||20250725175423||ADT^A01|000001|P|2.5.1|1||
EVN|A01|199601061000|199601101400|1
PID|||24445670^^^HOPITAL^MRN~FR123456^^^DLNUM^DL|253763|MUNRO^Alice||19310710|M|||77 Rue de Varenne^^PARIS^75^75007^||(01)554437765|(06)098866543|FRENCH|S|C|10199925|1641202898334566
NK1|1|DUPONT^MARIE^|EPOUSE||||ERSONNE A PREVENIR||
PV1|1|H|CARDIO^CHAMBRE201^LIT1||||004777^MARTIN^SOPHIE^DR|||CARDIO|||||ADM|A0|
PV2|||^Chirurgie Programmée||||||||||||||||||||||||||||||||||||||20240712
OBX|1|NM|21612-7^POIDS CORPOREL||52|kg|||||F
OBX|2|NM|8302-2^TAILLE||163|cm|||||F
OBX|3|NM|8480-6^PRESSION ARTERIELLE SYSTOLIQUE||154|mm[Hg]|||||F
OBX|4|NM|8462-4^PRESSION ARTERIELLE DIASTOLIQUE||87|mm[Hg]|||||F
OBX|5|NM|2339-0^GLUCOSE SANGUIN||6.2|mmol/L|3.5-5.7|H|||F
AL1|1||^AMOXICILLINE||URTICAIRE|
AL1|2||^ASPIRINE||OEDEME DE QUINCKE|
AL1|3||^ARACHIDES||CHOC ANAPHYLACTIQUE|
DG1|1|CIM10|I21.0^Infarctus transmural aigu du myocarde, de la paroi antérieure|Infarctus du myocarde||A
DG1|2|CIM10|I10^Hypertension essentielle (primitive)|Hypertension artérielle||C
DG1|3|CIM10|E11.9^Diabète sucré de type 2 sans complication|Diabète de type 2||C
PR1|1|CCAM|DDQH001^Coronarographie|Coronarographie||20240710103015
GT1|1|8291|DUPONT^JEAN^MARC^JR^M||123 RUE PRINCIPALE^^PARIS^^75001^FRA|(01)23456789||19610615|M|P/F|SLF|1234567890123||||
IN1|1|SECURITE SOCIALE|1|CPAM|||||||||||||||||||||||||||||||||||||||||||
2025-07-25 17:54:23 - INFO - respuesta recibida::

MSH|^~\&|IRISHL7|ISC|REGADT|MCM|202507251754||ACK^A01|000001|P|2.5.1|1
MSA|CA|000001



2025-07-25 17:54:23 - INFO - El puerto 2575 en 127.0.0.1 está abierto y accesible.
2025-07-25 17:54:23 - INFO - Mensaje HL7 generado::
MSH|^~\&|REGADT|MCM|IFENG||20250725175423||ADT^A01|000001|P|2.5.1|1||
EVN|A01|199601061000|199601101400|1
PID|||24445670^^^HOPITAL^MRN~FR123456^^^DLNUM^DL|253763|MUNRO^Alice||19310710|M|||77 Rue de Varenne^^PARIS^75^75007^||(01)554437765|(06)098866543|FRENCH|S|C|10199925|1641202898334566
NK1|1|DUPONT^MARIE^|EPOUSE||||ERSONNE A PREVENIR||
PV1|1|H|CARDIO^CHAMBRE201^LIT1||||004777^MARTIN^SOPHIE^DR|||CARDIO|||||ADM|A0|
PV2|||^Chirurgie Programmée||||||||||||||||||||||||||||||||||||||20240712
OBX|1|NM|21612-7^POIDS CORPOREL||52|kg|||||F
OBX|2|NM|8302-2^TAILLE||163|cm|||||F
OBX|3|NM|8480-6^PRESSION ARTERIELLE SYSTOLIQUE||154|mm[Hg]|||||F
OBX|4|NM|8462-4^PRESSION ARTERIELLE DIASTOLIQUE||87|mm[Hg]|||||F
OBX|5|NM|2339-0^GLUCOSE SANGUIN||6.2|mmol/L|3.5-5.7|H|||F
AL1|1||^AMOXICILLINE||URTICAIRE|
AL1|2||^ASPIRINE||OEDEME DE QUINCKE|
AL1|3||^ARACHIDES||CHOC ANAPHYLACTIQUE|
DG1|1|CIM10|I21.0^Infarctus transmural aigu du myocarde, de la paroi antérieure|Infarctus du myocarde||A
DG1|2|CIM10|I10^Hypertension essentielle (primitive)|Hypertension artérielle||C
DG1|3|CIM10|E11.9^Diabète sucré de type 2 sans complication|Diabète de type 2||C
PR1|1|CCAM|DDQH001^Coronarographie|Coronarographie||20240710103015
GT1|1|8291|DUPONT^JEAN^MARC^JR^M||123 RUE PRINCIPALE^^PARIS^^75001^FRA|(01)23456789||19610615|M|P/F|SLF|1234567890123||||
IN1|1|SECURITE SOCIALE|1|CPAM|||||||||||||||||||||||||||||||||||||||||||
2025-07-25 17:54:23 - INFO - respuesta recibida::

MSH|^~\&|IRISHL7|ISC|REGADT|MCM|202507251754||ACK^A01|000001|P|2.5.1|1
MSA|CA|000001



2025-07-25 17:54:24 - INFO - El puerto 2575 en 127.0.0.1 está abierto y accesible.
2025-07-25 17:54:24 - INFO - Mensaje HL7 generado::
MSH|^~\&|REGADT|MCM|IFENG||20250725175424||ADT^A01|000001|P|2.5.1|1||
EVN|A01|199601061000|199601101400|1
PID|||24445670^^^HOPITAL^MRN~FR123456^^^DLNUM^DL|253763|MUNRO^Alice||19310710|M|||77 Rue de Varenne^^PARIS^75^75007^||(01)554437765|(06)098866543|FRENCH|S|C|10199925|1641202898334566
NK1|1|DUPONT^MARIE^|EPOUSE||||ERSONNE A PREVENIR||
PV1|1|H|CARDIO^CHAMBRE201^LIT1||||004777^MARTIN^SOPHIE^DR|||CARDIO|||||ADM|A0|
PV2|||^Chirurgie Programmée||||||||||||||||||||||||||||||||||||||20240712
OBX|1|NM|21612-7^POIDS CORPOREL||52|kg|||||F
OBX|2|NM|8302-2^TAILLE||163|cm|||||F
OBX|3|NM|8480-6^PRESSION ARTERIELLE SYSTOLIQUE||154|mm[Hg]|||||F
OBX|4|NM|8462-4^PRESSION ARTERIELLE DIASTOLIQUE||87|mm[Hg]|||||F
OBX|5|NM|2339-0^GLUCOSE SANGUIN||6.2|mmol/L|3.5-5.7|H|||F
AL1|1||^AMOXICILLINE||URTICAIRE|
AL1|2||^ASPIRINE||OEDEME DE QUINCKE|
AL1|3||^ARACHIDES||CHOC ANAPHYLACTIQUE|
DG1|1|CIM10|I21.0^Infarctus transmural aigu du myocarde, de la paroi antérieure|Infarctus du myocarde||A
DG1|2|CIM10|I10^Hypertension essentielle (primitive)|Hypertension artérielle||C
DG1|3|CIM10|E11.9^Diabète sucré de type 2 sans complication|Diabète de type 2||C
PR1|1|CCAM|DDQH001^Coronarographie|Coronarographie||20240710103015
GT1|1|8291|DUPONT^JEAN^MARC^JR^M||123 RUE PRINCIPALE^^PARIS^^75001^FRA|(01)23456789||19610615|M|P/F|SLF|1234567890123||||
IN1|1|SECURITE SOCIALE|1|CPAM|||||||||||||||||||||||||||||||||||||||||||
2025-07-25 17:54:24 - INFO - respuesta recibida::

MSH|^~\&|IRISHL7|ISC|REGADT|MCM|202507251754||ACK^A01|000001|P|2.5.1|1
MSA|CA|000001



2025-07-25 17:54:24 - INFO - El puerto 2575 en 127.0.0.1 está abierto y accesible.
2025-07-25 17:54:24 - INFO - Mensaje HL7 generado::
MSH|^~\&|REGADT|MCM|IFENG||20250725175424||ADT^A01|000001|P|2.5.1|1||
EVN|A01|199601061000|199601101400|1
PID|||24445670^^^HOPITAL^MRN~FR123456^^^DLNUM^DL|253763|MUNRO^Alice||19310710|M|||77 Rue de Varenne^^PARIS^75^75007^||(01)554437765|(06)098866543|FRENCH|S|C|10199925|1641202898334566
NK1|1|DUPONT^MARIE^|EPOUSE||||ERSONNE A PREVENIR||
PV1|1|H|CARDIO^CHAMBRE201^LIT1||||004777^MARTIN^SOPHIE^DR|||CARDIO|||||ADM|A0|
PV2|||^Chirurgie Programmée||||||||||||||||||||||||||||||||||||||20240712
OBX|1|NM|21612-7^POIDS CORPOREL||52|kg|||||F
OBX|2|NM|8302-2^TAILLE||163|cm|||||F
OBX|3|NM|8480-6^PRESSION ARTERIELLE SYSTOLIQUE||154|mm[Hg]|||||F
OBX|4|NM|8462-4^PRESSION ARTERIELLE DIASTOLIQUE||87|mm[Hg]|||||F
OBX|5|NM|2339-0^GLUCOSE SANGUIN||6.2|mmol/L|3.5-5.7|H|||F
AL1|1||^AMOXICILLINE||URTICAIRE|
AL1|2||^ASPIRINE||OEDEME DE QUINCKE|
AL1|3||^ARACHIDES||CHOC ANAPHYLACTIQUE|
DG1|1|CIM10|I21.0^Infarctus transmural aigu du myocarde, de la paroi antérieure|Infarctus du myocarde||A
DG1|2|CIM10|I10^Hypertension essentielle (primitive)|Hypertension artérielle||C
DG1|3|CIM10|E11.9^Diabète sucré de type 2 sans complication|Diabète de type 2||C
PR1|1|CCAM|DDQH001^Coronarographie|Coronarographie||20240710103015
GT1|1|8291|DUPONT^JEAN^MARC^JR^M||123 RUE PRINCIPALE^^PARIS^^75001^FRA|(01)23456789||19610615|M|P/F|SLF|1234567890123||||
IN1|1|SECURITE SOCIALE|1|CPAM|||||||||||||||||||||||||||||||||||||||||||
2025-07-25 17:54:24 - INFO - respuesta recibida::

MSH|^~\&|IRISHL7|ISC|REGADT|MCM|202507251754||ACK^A01|000001|P|2.5.1|1
MSA|CA|000001



2025-07-25 17:54:24 - INFO - El puerto 2575 en 127.0.0.1 está abierto y accesible.
2025-07-25 17:54:24 - INFO - Mensaje HL7 generado::
MSH|^~\&|REGADT|MCM|IFENG||20250725175424||ADT^A01|000001|P|2.5.1|1||
EVN|A01|199601061000|199601101400|1
PID|||24445670^^^HOPITAL^MRN~FR123456^^^DLNUM^DL|253763|MUNRO^Alice||19310710|M|||77 Rue de Varenne^^PARIS^75^75007^||(01)554437765|(06)098866543|FRENCH|S|C|10199925|1641202898334566
NK1|1|DUPONT^MARIE^|EPOUSE||||ERSONNE A PREVENIR||
PV1|1|H|CARDIO^CHAMBRE201^LIT1||||004777^MARTIN^SOPHIE^DR|||CARDIO|||||ADM|A0|
PV2|||^Chirurgie Programmée||||||||||||||||||||||||||||||||||||||20240712
OBX|1|NM|21612-7^POIDS CORPOREL||52|kg|||||F
OBX|2|NM|8302-2^TAILLE||163|cm|||||F
OBX|3|NM|8480-6^PRESSION ARTERIELLE SYSTOLIQUE||154|mm[Hg]|||||F
OBX|4|NM|8462-4^PRESSION ARTERIELLE DIASTOLIQUE||87|mm[Hg]|||||F
OBX|5|NM|2339-0^GLUCOSE SANGUIN||6.2|mmol/L|3.5-5.7|H|||F
AL1|1||^AMOXICILLINE||URTICAIRE|
AL1|2||^ASPIRINE||OEDEME DE QUINCKE|
AL1|3||^ARACHIDES||CHOC ANAPHYLACTIQUE|
DG1|1|CIM10|I21.0^Infarctus transmural aigu du myocarde, de la paroi antérieure|Infarctus du myocarde||A
DG1|2|CIM10|I10^Hypertension essentielle (primitive)|Hypertension artérielle||C
DG1|3|CIM10|E11.9^Diabète sucré de type 2 sans complication|Diabète de type 2||C
PR1|1|CCAM|DDQH001^Coronarographie|Coronarographie||20240710103015
GT1|1|8291|DUPONT^JEAN^MARC^JR^M||123 RUE PRINCIPALE^^PARIS^^75001^FRA|(01)23456789||19610615|M|P/F|SLF|1234567890123||||
IN1|1|SECURITE SOCIALE|1|CPAM|||||||||||||||||||||||||||||||||||||||||||
2025-07-25 17:54:24 - INFO - respuesta recibida::

MSH|^~\&|IRISHL7|ISC|REGADT|MCM|202507251754||ACK^A01|000001|P|2.5.1|1
MSA|CA|000001



2025-07-25 17:54:25 - INFO - El puerto 2575 en 127.0.0.1 está abierto y accesible.
2025-07-25 17:54:25 - INFO - Mensaje HL7 generado::
MSH|^~\&|REGADT|MCM|IFENG||20250725175425||ADT^A01|000001|P|2.5.1|1||
EVN|A01|199601061000|199601101400|1
PID|||24445670^^^HOPITAL^MRN~FR123456^^^DLNUM^DL|253763|MUNRO^Alice||19310710|M|||77 Rue de Varenne^^PARIS^75^75007^||(01)554437765|(06)098866543|FRENCH|S|C|10199925|1641202898334566
NK1|1|DUPONT^MARIE^|EPOUSE||||ERSONNE A PREVENIR||
PV1|1|H|CARDIO^CHAMBRE201^LIT1||||004777^MARTIN^SOPHIE^DR|||CARDIO|||||ADM|A0|
PV2|||^Chirurgie Programmée||||||||||||||||||||||||||||||||||||||20240712
OBX|1|NM|21612-7^POIDS CORPOREL||52|kg|||||F
OBX|2|NM|8302-2^TAILLE||163|cm|||||F
OBX|3|NM|8480-6^PRESSION ARTERIELLE SYSTOLIQUE||154|mm[Hg]|||||F
OBX|4|NM|8462-4^PRESSION ARTERIELLE DIASTOLIQUE||87|mm[Hg]|||||F
OBX|5|NM|2339-0^GLUCOSE SANGUIN||6.2|mmol/L|3.5-5.7|H|||F
AL1|1||^AMOXICILLINE||URTICAIRE|
AL1|2||^ASPIRINE||OEDEME DE QUINCKE|
AL1|3||^ARACHIDES||CHOC ANAPHYLACTIQUE|
DG1|1|CIM10|I21.0^Infarctus transmural aigu du myocarde, de la paroi antérieure|Infarctus du myocarde||A
DG1|2|CIM10|I10^Hypertension essentielle (primitive)|Hypertension artérielle||C
DG1|3|CIM10|E11.9^Diabète sucré de type 2 sans complication|Diabète de type 2||C
PR1|1|CCAM|DDQH001^Coronarographie|Coronarographie||20240710103015
GT1|1|8291|DUPONT^JEAN^MARC^JR^M||123 RUE PRINCIPALE^^PARIS^^75001^FRA|(01)23456789||19610615|M|P/F|SLF|1234567890123||||
IN1|1|SECURITE SOCIALE|1|CPAM|||||||||||||||||||||||||||||||||||||||||||
2025-07-25 17:54:25 - INFO - respuesta recibida::

MSH|^~\&|IRISHL7|ISC|REGADT|MCM|202507251754||ACK^A01|000001|P|2.5.1|1
MSA|CA|000001



2025-07-25 17:54:25 - INFO - El puerto 2575 en 127.0.0.1 está abierto y accesible.
2025-07-25 17:54:25 - INFO - Mensaje HL7 generado::
MSH|^~\&|REGADT|MCM|IFENG||20250725175425||ADT^A01|000001|P|2.5.1|1||
EVN|A01|199601061000|199601101400|1
PID|||24445670^^^HOPITAL^MRN~FR123456^^^DLNUM^DL|253763|MUNRO^Alice||19310710|M|||77 Rue de Varenne^^PARIS^75^75007^||(01)554437765|(06)098866543|FRENCH|S|C|10199925|1641202898334566
NK1|1|DUPONT^MARIE^|EPOUSE||||ERSONNE A PREVENIR||
PV1|1|H|CARDIO^CHAMBRE201^LIT1||||004777^MARTIN^SOPHIE^DR|||CARDIO|||||ADM|A0|
PV2|||^Chirurgie Programmée||||||||||||||||||||||||||||||||||||||20240712
OBX|1|NM|21612-7^POIDS CORPOREL||52|kg|||||F
OBX|2|NM|8302-2^TAILLE||163|cm|||||F
OBX|3|NM|8480-6^PRESSION ARTERIELLE SYSTOLIQUE||154|mm[Hg]|||||F
OBX|4|NM|8462-4^PRESSION ARTERIELLE DIASTOLIQUE||87|mm[Hg]|||||F
OBX|5|NM|2339-0^GLUCOSE SANGUIN||6.2|mmol/L|3.5-5.7|H|||F
AL1|1||^AMOXICILLINE||URTICAIRE|
AL1|2||^ASPIRINE||OEDEME DE QUINCKE|
AL1|3||^ARACHIDES||CHOC ANAPHYLACTIQUE|
DG1|1|CIM10|I21.0^Infarctus transmural aigu du myocarde, de la paroi antérieure|Infarctus du myocarde||A
DG1|2|CIM10|I10^Hypertension essentielle (primitive)|Hypertension artérielle||C
DG1|3|CIM10|E11.9^Diabète sucré de type 2 sans complication|Diabète de type 2||C
PR1|1|CCAM|DDQH001^Coronarographie|Coronarographie||20240710103015
GT1|1|8291|DUPONT^JEAN^MARC^JR^M||123 RUE PRINCIPALE^^PARIS^^75001^FRA|(01)23456789||19610615|M|P/F|SLF|1234567890123||||
IN1|1|SECURITE SOCIALE|1|CPAM|||||||||||||||||||||||||||||||||||||||||||
2025-07-25 17:54:25 - INFO - respuesta recibida::

MSH|^~\&|IRISHL7|ISC|REGADT|MCM|202507251754||ACK^A01|000001|P|2.5.1|1
MSA|CA|000001



2025-07-25 17:54:25 - INFO - El puerto 2575 en 127.0.0.1 está abierto y accesible.
2025-07-25 17:54:25 - INFO - Mensaje HL7 generado::
MSH|^~\&|REGADT|MCM|IFENG||20250725175425||ADT^A01|000001|P|2.5.1|1||
EVN|A01|199601061000|199601101400|1
PID|||24445670^^^HOPITAL^MRN~FR123456^^^DLNUM^DL|253763|MUNRO^Alice||19310710|M|||77 Rue de Varenne^^PARIS^75^75007^||(01)554437765|(06)098866543|FRENCH|S|C|10199925|1641202898334566
NK1|1|DUPONT^MARIE^|EPOUSE||||ERSONNE A PREVENIR||
PV1|1|H|CARDIO^CHAMBRE201^LIT1||||004777^MARTIN^SOPHIE^DR|||CARDIO|||||ADM|A0|
PV2|||^Chirurgie Programmée||||||||||||||||||||||||||||||||||||||20240712
OBX|1|NM|21612-7^POIDS CORPOREL||52|kg|||||F
OBX|2|NM|8302-2^TAILLE||163|cm|||||F
OBX|3|NM|8480-6^PRESSION ARTERIELLE SYSTOLIQUE||154|mm[Hg]|||||F
OBX|4|NM|8462-4^PRESSION ARTERIELLE DIASTOLIQUE||87|mm[Hg]|||||F
OBX|5|NM|2339-0^GLUCOSE SANGUIN||6.2|mmol/L|3.5-5.7|H|||F
AL1|1||^AMOXICILLINE||URTICAIRE|
AL1|2||^ASPIRINE||OEDEME DE QUINCKE|
AL1|3||^ARACHIDES||CHOC ANAPHYLACTIQUE|
DG1|1|CIM10|I21.0^Infarctus transmural aigu du myocarde, de la paroi antérieure|Infarctus du myocarde||A
DG1|2|CIM10|I10^Hypertension essentielle (primitive)|Hypertension artérielle||C
DG1|3|CIM10|E11.9^Diabète sucré de type 2 sans complication|Diabète de type 2||C
PR1|1|CCAM|DDQH001^Coronarographie|Coronarographie||20240710103015
GT1|1|8291|DUPONT^JEAN^MARC^JR^M||123 RUE PRINCIPALE^^PARIS^^75001^FRA|(01)23456789||19610615|M|P/F|SLF|1234567890123||||
IN1|1|SECURITE SOCIALE|1|CPAM|||||||||||||||||||||||||||||||||||||||||||
2025-07-25 17:54:25 - INFO - respuesta recibida::

MSH|^~\&|IRISHL7|ISC|REGADT|MCM|202507251754||ACK^A01|000001|P|2.5.1|1
MSA|CA|000001



2025-07-25 17:54:26 - INFO - El puerto 2575 en 127.0.0.1 está abierto y accesible.
2025-07-25 17:54:26 - INFO - Mensaje HL7 generado::
MSH|^~\&|REGADT|MCM|IFENG||20250725175426||ADT^A01|000001|P|2.5.1|1||
EVN|A01|199601061000|199601101400|1
PID|||24445670^^^HOPITAL^MRN~FR123456^^^DLNUM^DL|253763|MUNRO^Alice||19310710|M|||77 Rue de Varenne^^PARIS^75^75007^||(01)554437765|(06)098866543|FRENCH|S|C|10199925|1641202898334566
NK1|1|DUPONT^MARIE^|EPOUSE||||ERSONNE A PREVENIR||
PV1|1|H|CARDIO^CHAMBRE201^LIT1||||004777^MARTIN^SOPHIE^DR|||CARDIO|||||ADM|A0|
PV2|||^Chirurgie Programmée||||||||||||||||||||||||||||||||||||||20240712
OBX|1|NM|21612-7^POIDS CORPOREL||52|kg|||||F
OBX|2|NM|8302-2^TAILLE||163|cm|||||F
OBX|3|NM|8480-6^PRESSION ARTERIELLE SYSTOLIQUE||154|mm[Hg]|||||F
OBX|4|NM|8462-4^PRESSION ARTERIELLE DIASTOLIQUE||87|mm[Hg]|||||F
OBX|5|NM|2339-0^GLUCOSE SANGUIN||6.2|mmol/L|3.5-5.7|H|||F
AL1|1||^AMOXICILLINE||URTICAIRE|
AL1|2||^ASPIRINE||OEDEME DE QUINCKE|
AL1|3||^ARACHIDES||CHOC ANAPHYLACTIQUE|
DG1|1|CIM10|I21.0^Infarctus transmural aigu du myocarde, de la paroi antérieure|Infarctus du myocarde||A
DG1|2|CIM10|I10^Hypertension essentielle (primitive)|Hypertension artérielle||C
DG1|3|CIM10|E11.9^Diabète sucré de type 2 sans complication|Diabète de type 2||C
PR1|1|CCAM|DDQH001^Coronarographie|Coronarographie||20240710103015
GT1|1|8291|DUPONT^JEAN^MARC^JR^M||123 RUE PRINCIPALE^^PARIS^^75001^FRA|(01)23456789||19610615|M|P/F|SLF|1234567890123||||
IN1|1|SECURITE SOCIALE|1|CPAM|||||||||||||||||||||||||||||||||||||||||||
2025-07-25 17:54:26 - INFO - respuesta recibida::

MSH|^~\&|IRISHL7|ISC|REGADT|MCM|202507251754||ACK^A01|000001|P|2.5.1|1
MSA|CA|000001



2025-07-25 17:54:26 - INFO - El puerto 2575 en 127.0.0.1 está abierto y accesible.
2025-07-25 17:54:26 - INFO - Mensaje HL7 generado::
MSH|^~\&|REGADT|MCM|IFENG||20250725175426||ADT^A01|000001|P|2.5.1|1||
EVN|A01|199601061000|199601101400|1
PID|||24445670^^^HOPITAL^MRN~FR123456^^^DLNUM^DL|253763|MUNRO^Alice||19310710|M|||77 Rue de Varenne^^PARIS^75^75007^||(01)554437765|(06)098866543|FRENCH|S|C|10199925|1641202898334566
NK1|1|DUPONT^MARIE^|EPOUSE||||ERSONNE A PREVENIR||
PV1|1|H|CARDIO^CHAMBRE201^LIT1||||004777^MARTIN^SOPHIE^DR|||CARDIO|||||ADM|A0|
PV2|||^Chirurgie Programmée||||||||||||||||||||||||||||||||||||||20240712
OBX|1|NM|21612-7^POIDS CORPOREL||52|kg|||||F
OBX|2|NM|8302-2^TAILLE||163|cm|||||F
OBX|3|NM|8480-6^PRESSION ARTERIELLE SYSTOLIQUE||154|mm[Hg]|||||F
OBX|4|NM|8462-4^PRESSION ARTERIELLE DIASTOLIQUE||87|mm[Hg]|||||F
OBX|5|NM|2339-0^GLUCOSE SANGUIN||6.2|mmol/L|3.5-5.7|H|||F
AL1|1||^AMOXICILLINE||URTICAIRE|
AL1|2||^ASPIRINE||OEDEME DE QUINCKE|
AL1|3||^ARACHIDES||CHOC ANAPHYLACTIQUE|
DG1|1|CIM10|I21.0^Infarctus transmural aigu du myocarde, de la paroi antérieure|Infarctus du myocarde||A
DG1|2|CIM10|I10^Hypertension essentielle (primitive)|Hypertension artérielle||C
DG1|3|CIM10|E11.9^Diabète sucré de type 2 sans complication|Diabète de type 2||C
PR1|1|CCAM|DDQH001^Coronarographie|Coronarographie||20240710103015
GT1|1|8291|DUPONT^JEAN^MARC^JR^M||123 RUE PRINCIPALE^^PARIS^^75001^FRA|(01)23456789||19610615|M|P/F|SLF|1234567890123||||
IN1|1|SECURITE SOCIALE|1|CPAM|||||||||||||||||||||||||||||||||||||||||||
2025-07-25 17:54:26 - INFO - respuesta recibida::

MSH|^~\&|IRISHL7|ISC|REGADT|MCM|202507251754||ACK^A01|000001|P|2.5.1|1
MSA|CA|000001



2025-07-25 17:54:26 - INFO - El puerto 2575 en 127.0.0.1 está abierto y accesible.
2025-07-25 17:54:26 - INFO - Mensaje HL7 generado::
MSH|^~\&|REGADT|MCM|IFENG||20250725175426||ADT^A01|000001|P|2.5.1|1||
EVN|A01|199601061000|199601101400|1
PID|||24445670^^^HOPITAL^MRN~FR123456^^^DLNUM^DL|253763|MUNRO^Alice||19310710|M|||77 Rue de Varenne^^PARIS^75^75007^||(01)554437765|(06)098866543|FRENCH|S|C|10199925|1641202898334566
NK1|1|DUPONT^MARIE^|EPOUSE||||ERSONNE A PREVENIR||
PV1|1|H|CARDIO^CHAMBRE201^LIT1||||004777^MARTIN^SOPHIE^DR|||CARDIO|||||ADM|A0|
PV2|||^Chirurgie Programmée||||||||||||||||||||||||||||||||||||||20240712
OBX|1|NM|21612-7^POIDS CORPOREL||52|kg|||||F
OBX|2|NM|8302-2^TAILLE||163|cm|||||F
OBX|3|NM|8480-6^PRESSION ARTERIELLE SYSTOLIQUE||154|mm[Hg]|||||F
OBX|4|NM|8462-4^PRESSION ARTERIELLE DIASTOLIQUE||87|mm[Hg]|||||F
OBX|5|NM|2339-0^GLUCOSE SANGUIN||6.2|mmol/L|3.5-5.7|H|||F
AL1|1||^AMOXICILLINE||URTICAIRE|
AL1|2||^ASPIRINE||OEDEME DE QUINCKE|
AL1|3||^ARACHIDES||CHOC ANAPHYLACTIQUE|
DG1|1|CIM10|I21.0^Infarctus transmural aigu du myocarde, de la paroi antérieure|Infarctus du myocarde||A
DG1|2|CIM10|I10^Hypertension essentielle (primitive)|Hypertension artérielle||C
DG1|3|CIM10|E11.9^Diabète sucré de type 2 sans complication|Diabète de type 2||C
PR1|1|CCAM|DDQH001^Coronarographie|Coronarographie||20240710103015
GT1|1|8291|DUPONT^JEAN^MARC^JR^M||123 RUE PRINCIPALE^^PARIS^^75001^FRA|(01)23456789||19610615|M|P/F|SLF|1234567890123||||
IN1|1|SECURITE SOCIALE|1|CPAM|||||||||||||||||||||||||||||||||||||||||||
2025-07-25 17:54:26 - INFO - respuesta recibida::

MSH|^~\&|IRISHL7|ISC|REGADT|MCM|202507251754||ACK^A01|000001|P|2.5.1|1
MSA|CA|000001



2025-07-25 17:54:27 - INFO - El puerto 2575 en 127.0.0.1 está abierto y accesible.
2025-07-25 17:54:27 - INFO - Mensaje HL7 generado::
MSH|^~\&|REGADT|MCM|IFENG||20250725175427||ADT^A01|000001|P|2.5.1|1||
EVN|A01|199601061000|199601101400|1
PID|||24445670^^^HOPITAL^MRN~FR123456^^^DLNUM^DL|253763|MUNRO^Alice||19310710|M|||77 Rue de Varenne^^PARIS^75^75007^||(01)554437765|(06)098866543|FRENCH|S|C|10199925|1641202898334566
NK1|1|DUPONT^MARIE^|EPOUSE||||ERSONNE A PREVENIR||
PV1|1|H|CARDIO^CHAMBRE201^LIT1||||004777^MARTIN^SOPHIE^DR|||CARDIO|||||ADM|A0|
PV2|||^Chirurgie Programmée||||||||||||||||||||||||||||||||||||||20240712
OBX|1|NM|21612-7^POIDS CORPOREL||52|kg|||||F
OBX|2|NM|8302-2^TAILLE||163|cm|||||F
OBX|3|NM|8480-6^PRESSION ARTERIELLE SYSTOLIQUE||154|mm[Hg]|||||F
OBX|4|NM|8462-4^PRESSION ARTERIELLE DIASTOLIQUE||87|mm[Hg]|||||F
OBX|5|NM|2339-0^GLUCOSE SANGUIN||6.2|mmol/L|3.5-5.7|H|||F
AL1|1||^AMOXICILLINE||URTICAIRE|
AL1|2||^ASPIRINE||OEDEME DE QUINCKE|
AL1|3||^ARACHIDES||CHOC ANAPHYLACTIQUE|
DG1|1|CIM10|I21.0^Infarctus transmural aigu du myocarde, de la paroi antérieure|Infarctus du myocarde||A
DG1|2|CIM10|I10^Hypertension essentielle (primitive)|Hypertension artérielle||C
DG1|3|CIM10|E11.9^Diabète sucré de type 2 sans complication|Diabète de type 2||C
PR1|1|CCAM|DDQH001^Coronarographie|Coronarographie||20240710103015
GT1|1|8291|DUPONT^JEAN^MARC^JR^M||123 RUE PRINCIPALE^^PARIS^^75001^FRA|(01)23456789||19610615|M|P/F|SLF|1234567890123||||
IN1|1|SECURITE SOCIALE|1|CPAM|||||||||||||||||||||||||||||||||||||||||||
2025-07-25 17:54:27 - INFO - respuesta recibida::

MSH|^~\&|IRISHL7|ISC|REGADT|MCM|202507251754||ACK^A01|000001|P|2.5.1|1
MSA|CA|000001



2025-07-25 17:54:27 - INFO - El puerto 2575 en 127.0.0.1 está abierto y accesible.
2025-07-25 17:54:27 - INFO - Mensaje HL7 generado::
MSH|^~\&|REGADT|MCM|IFENG||20250725175427||ADT^A01|000001|P|2.5.1|1||
EVN|A01|199601061000|199601101400|1
PID|||24445670^^^HOPITAL^MRN~FR123456^^^DLNUM^DL|253763|MUNRO^Alice||19310710|M|||77 Rue de Varenne^^PARIS^75^75007^||(01)554437765|(06)098866543|FRENCH|S|C|10199925|1641202898334566
NK1|1|DUPONT^MARIE^|EPOUSE||||ERSONNE A PREVENIR||
PV1|1|H|CARDIO^CHAMBRE201^LIT1||||004777^MARTIN^SOPHIE^DR|||CARDIO|||||ADM|A0|
PV2|||^Chirurgie Programmée||||||||||||||||||||||||||||||||||||||20240712
OBX|1|NM|21612-7^POIDS CORPOREL||52|kg|||||F
OBX|2|NM|8302-2^TAILLE||163|cm|||||F
OBX|3|NM|8480-6^PRESSION ARTERIELLE SYSTOLIQUE||154|mm[Hg]|||||F
OBX|4|NM|8462-4^PRESSION ARTERIELLE DIASTOLIQUE||87|mm[Hg]|||||F
OBX|5|NM|2339-0^GLUCOSE SANGUIN||6.2|mmol/L|3.5-5.7|H|||F
AL1|1||^AMOXICILLINE||URTICAIRE|
AL1|2||^ASPIRINE||OEDEME DE QUINCKE|
AL1|3||^ARACHIDES||CHOC ANAPHYLACTIQUE|
DG1|1|CIM10|I21.0^Infarctus transmural aigu du myocarde, de la paroi antérieure|Infarctus du myocarde||A
DG1|2|CIM10|I10^Hypertension essentielle (primitive)|Hypertension artérielle||C
DG1|3|CIM10|E11.9^Diabète sucré de type 2 sans complication|Diabète de type 2||C
PR1|1|CCAM|DDQH001^Coronarographie|Coronarographie||20240710103015
GT1|1|8291|DUPONT^JEAN^MARC^JR^M||123 RUE PRINCIPALE^^PARIS^^75001^FRA|(01)23456789||19610615|M|P/F|SLF|1234567890123||||
IN1|1|SECURITE SOCIALE|1|CPAM|||||||||||||||||||||||||||||||||||||||||||
2025-07-25 17:54:27 - INFO - respuesta recibida::

MSH|^~\&|IRISHL7|ISC|REGADT|MCM|202507251754||ACK^A01|000001|P|2.5.1|1
MSA|CA|000001



2025-07-25 17:54:27 - INFO - El puerto 2575 en 127.0.0.1 está abierto y accesible.
2025-07-25 17:54:27 - INFO - Mensaje HL7 generado::
MSH|^~\&|REGADT|MCM|IFENG||20250725175427||ADT^A01|000001|P|2.5.1|1||
EVN|A01|199601061000|199601101400|1
PID|||24445670^^^HOPITAL^MRN~FR123456^^^DLNUM^DL|253763|MUNRO^Alice||19310710|M|||77 Rue de Varenne^^PARIS^75^75007^||(01)554437765|(06)098866543|FRENCH|S|C|10199925|1641202898334566
NK1|1|DUPONT^MARIE^|EPOUSE||||ERSONNE A PREVENIR||
PV1|1|H|CARDIO^CHAMBRE201^LIT1||||004777^MARTIN^SOPHIE^DR|||CARDIO|||||ADM|A0|
PV2|||^Chirurgie Programmée||||||||||||||||||||||||||||||||||||||20240712
OBX|1|NM|21612-7^POIDS CORPOREL||52|kg|||||F
OBX|2|NM|8302-2^TAILLE||163|cm|||||F
OBX|3|NM|8480-6^PRESSION ARTERIELLE SYSTOLIQUE||154|mm[Hg]|||||F
OBX|4|NM|8462-4^PRESSION ARTERIELLE DIASTOLIQUE||87|mm[Hg]|||||F
OBX|5|NM|2339-0^GLUCOSE SANGUIN||6.2|mmol/L|3.5-5.7|H|||F
AL1|1||^AMOXICILLINE||URTICAIRE|
AL1|2||^ASPIRINE||OEDEME DE QUINCKE|
AL1|3||^ARACHIDES||CHOC ANAPHYLACTIQUE|
DG1|1|CIM10|I21.0^Infarctus transmural aigu du myocarde, de la paroi antérieure|Infarctus du myocarde||A
DG1|2|CIM10|I10^Hypertension essentielle (primitive)|Hypertension artérielle||C
DG1|3|CIM10|E11.9^Diabète sucré de type 2 sans complication|Diabète de type 2||C
PR1|1|CCAM|DDQH001^Coronarographie|Coronarographie||20240710103015
GT1|1|8291|DUPONT^JEAN^MARC^JR^M||123 RUE PRINCIPALE^^PARIS^^75001^FRA|(01)23456789||19610615|M|P/F|SLF|1234567890123||||
IN1|1|SECURITE SOCIALE|1|CPAM|||||||||||||||||||||||||||||||||||||||||||
2025-07-25 17:54:27 - INFO - respuesta recibida::

MSH|^~\&|IRISHL7|ISC|REGADT|MCM|202507251754||ACK^A01|000001|P|2.5.1|1
MSA|CA|000001



2025-07-25 17:54:28 - INFO - El puerto 2575 en 127.0.0.1 está abierto y accesible.
2025-07-25 17:54:28 - INFO - Mensaje HL7 generado::
MSH|^~\&|REGADT|MCM|IFENG||20250725175428||ADT^A01|000001|P|2.5.1|1||
EVN|A01|199601061000|199601101400|1
PID|||24445670^^^HOPITAL^MRN~FR123456^^^DLNUM^DL|253763|MUNRO^Alice||19310710|M|||77 Rue de Varenne^^PARIS^75^75007^||(01)554437765|(06)098866543|FRENCH|S|C|10199925|1641202898334566
NK1|1|DUPONT^MARIE^|EPOUSE||||ERSONNE A PREVENIR||
PV1|1|H|CARDIO^CHAMBRE201^LIT1||||004777^MARTIN^SOPHIE^DR|||CARDIO|||||ADM|A0|
PV2|||^Chirurgie Programmée||||||||||||||||||||||||||||||||||||||20240712
OBX|1|NM|21612-7^POIDS CORPOREL||52|kg|||||F
OBX|2|NM|8302-2^TAILLE||163|cm|||||F
OBX|3|NM|8480-6^PRESSION ARTERIELLE SYSTOLIQUE||154|mm[Hg]|||||F
OBX|4|NM|8462-4^PRESSION ARTERIELLE DIASTOLIQUE||87|mm[Hg]|||||F
OBX|5|NM|2339-0^GLUCOSE SANGUIN||6.2|mmol/L|3.5-5.7|H|||F
AL1|1||^AMOXICILLINE||URTICAIRE|
AL1|2||^ASPIRINE||OEDEME DE QUINCKE|
AL1|3||^ARACHIDES||CHOC ANAPHYLACTIQUE|
DG1|1|CIM10|I21.0^Infarctus transmural aigu du myocarde, de la paroi antérieure|Infarctus du myocarde||A
DG1|2|CIM10|I10^Hypertension essentielle (primitive)|Hypertension artérielle||C
DG1|3|CIM10|E11.9^Diabète sucré de type 2 sans complication|Diabète de type 2||C
PR1|1|CCAM|DDQH001^Coronarographie|Coronarographie||20240710103015
GT1|1|8291|DUPONT^JEAN^MARC^JR^M||123 RUE PRINCIPALE^^PARIS^^75001^FRA|(01)23456789||19610615|M|P/F|SLF|1234567890123||||
IN1|1|SECURITE SOCIALE|1|CPAM|||||||||||||||||||||||||||||||||||||||||||
2025-07-25 17:54:28 - INFO - respuesta recibida::

MSH|^~\&|IRISHL7|ISC|REGADT|MCM|202507251754||ACK^A01|000001|P|2.5.1|1
MSA|CA|000001



2025-07-25 17:54:28 - INFO - El puerto 2575 en 127.0.0.1 está abierto y accesible.
2025-07-25 17:54:28 - INFO - Mensaje HL7 generado::
MSH|^~\&|REGADT|MCM|IFENG||20250725175428||ADT^A01|000001|P|2.5.1|1||
EVN|A01|199601061000|199601101400|1
PID|||24445670^^^HOPITAL^MRN~FR123456^^^DLNUM^DL|253763|MUNRO^Alice||19310710|M|||77 Rue de Varenne^^PARIS^75^75007^||(01)554437765|(06)098866543|FRENCH|S|C|10199925|1641202898334566
NK1|1|DUPONT^MARIE^|EPOUSE||||ERSONNE A PREVENIR||
PV1|1|H|CARDIO^CHAMBRE201^LIT1||||004777^MARTIN^SOPHIE^DR|||CARDIO|||||ADM|A0|
PV2|||^Chirurgie Programmée||||||||||||||||||||||||||||||||||||||20240712
OBX|1|NM|21612-7^POIDS CORPOREL||52|kg|||||F
OBX|2|NM|8302-2^TAILLE||163|cm|||||F
OBX|3|NM|8480-6^PRESSION ARTERIELLE SYSTOLIQUE||154|mm[Hg]|||||F
OBX|4|NM|8462-4^PRESSION ARTERIELLE DIASTOLIQUE||87|mm[Hg]|||||F
OBX|5|NM|2339-0^GLUCOSE SANGUIN||6.2|mmol/L|3.5-5.7|H|||F
AL1|1||^AMOXICILLINE||URTICAIRE|
AL1|2||^ASPIRINE||OEDEME DE QUINCKE|
AL1|3||^ARACHIDES||CHOC ANAPHYLACTIQUE|
DG1|1|CIM10|I21.0^Infarctus transmural aigu du myocarde, de la paroi antérieure|Infarctus du myocarde||A
DG1|2|CIM10|I10^Hypertension essentielle (primitive)|Hypertension artérielle||C
DG1|3|CIM10|E11.9^Diabète sucré de type 2 sans complication|Diabète de type 2||C
PR1|1|CCAM|DDQH001^Coronarographie|Coronarographie||20240710103015
GT1|1|8291|DUPONT^JEAN^MARC^JR^M||123 RUE PRINCIPALE^^PARIS^^75001^FRA|(01)23456789||19610615|M|P/F|SLF|1234567890123||||
IN1|1|SECURITE SOCIALE|1|CPAM|||||||||||||||||||||||||||||||||||||||||||
2025-07-25 17:54:28 - INFO - respuesta recibida::

MSH|^~\&|IRISHL7|ISC|REGADT|MCM|202507251754||ACK^A01|000001|P|2.5.1|1
MSA|CA|000001



2025-07-25 17:54:28 - INFO - El puerto 2575 en 127.0.0.1 está abierto y accesible.
2025-07-25 17:54:28 - INFO - Mensaje HL7 generado::
MSH|^~\&|REGADT|MCM|IFENG||20250725175428||ADT^A01|000001|P|2.5.1|1||
EVN|A01|199601061000|199601101400|1
PID|||24445670^^^HOPITAL^MRN~FR123456^^^DLNUM^DL|253763|MUNRO^Alice||19310710|M|||77 Rue de Varenne^^PARIS^75^75007^||(01)554437765|(06)098866543|FRENCH|S|C|10199925|1641202898334566
NK1|1|DUPONT^MARIE^|EPOUSE||||ERSONNE A PREVENIR||
PV1|1|H|CARDIO^CHAMBRE201^LIT1||||004777^MARTIN^SOPHIE^DR|||CARDIO|||||ADM|A0|
PV2|||^Chirurgie Programmée||||||||||||||||||||||||||||||||||||||20240712
OBX|1|NM|21612-7^POIDS CORPOREL||52|kg|||||F
OBX|2|NM|8302-2^TAILLE||163|cm|||||F
OBX|3|NM|8480-6^PRESSION ARTERIELLE SYSTOLIQUE||154|mm[Hg]|||||F
OBX|4|NM|8462-4^PRESSION ARTERIELLE DIASTOLIQUE||87|mm[Hg]|||||F
OBX|5|NM|2339-0^GLUCOSE SANGUIN||6.2|mmol/L|3.5-5.7|H|||F
AL1|1||^AMOXICILLINE||URTICAIRE|
AL1|2||^ASPIRINE||OEDEME DE QUINCKE|
AL1|3||^ARACHIDES||CHOC ANAPHYLACTIQUE|
DG1|1|CIM10|I21.0^Infarctus transmural aigu du myocarde, de la paroi antérieure|Infarctus du myocarde||A
DG1|2|CIM10|I10^Hypertension essentielle (primitive)|Hypertension artérielle||C
DG1|3|CIM10|E11.9^Diabète sucré de type 2 sans complication|Diabète de type 2||C
PR1|1|CCAM|DDQH001^Coronarographie|Coronarographie||20240710103015
GT1|1|8291|DUPONT^JEAN^MARC^JR^M||123 RUE PRINCIPALE^^PARIS^^75001^FRA|(01)23456789||19610615|M|P/F|SLF|1234567890123||||
IN1|1|SECURITE SOCIALE|1|CPAM|||||||||||||||||||||||||||||||||||||||||||
2025-07-25 17:54:28 - INFO - respuesta recibida::

MSH|^~\&|IRISHL7|ISC|REGADT|MCM|202507251754||ACK^A01|000001|P|2.5.1|1
MSA|CA|000001



2025-07-25 17:54:29 - INFO - El puerto 2575 en 127.0.0.1 está abierto y accesible.
2025-07-25 17:54:29 - INFO - Mensaje HL7 generado::
MSH|^~\&|REGADT|MCM|IFENG||20250725175429||ADT^A01|000001|P|2.5.1|1||
EVN|A01|199601061000|199601101400|1
PID|||24445670^^^HOPITAL^MRN~FR123456^^^DLNUM^DL|253763|MUNRO^Alice||19310710|M|||77 Rue de Varenne^^PARIS^75^75007^||(01)554437765|(06)098866543|FRENCH|S|C|10199925|1641202898334566
NK1|1|DUPONT^MARIE^|EPOUSE||||ERSONNE A PREVENIR||
PV1|1|H|CARDIO^CHAMBRE201^LIT1||||004777^MARTIN^SOPHIE^DR|||CARDIO|||||ADM|A0|
PV2|||^Chirurgie Programmée||||||||||||||||||||||||||||||||||||||20240712
OBX|1|NM|21612-7^POIDS CORPOREL||52|kg|||||F
OBX|2|NM|8302-2^TAILLE||163|cm|||||F
OBX|3|NM|8480-6^PRESSION ARTERIELLE SYSTOLIQUE||154|mm[Hg]|||||F
OBX|4|NM|8462-4^PRESSION ARTERIELLE DIASTOLIQUE||87|mm[Hg]|||||F
OBX|5|NM|2339-0^GLUCOSE SANGUIN||6.2|mmol/L|3.5-5.7|H|||F
AL1|1||^AMOXICILLINE||URTICAIRE|
AL1|2||^ASPIRINE||OEDEME DE QUINCKE|
AL1|3||^ARACHIDES||CHOC ANAPHYLACTIQUE|
DG1|1|CIM10|I21.0^Infarctus transmural aigu du myocarde, de la paroi antérieure|Infarctus du myocarde||A
DG1|2|CIM10|I10^Hypertension essentielle (primitive)|Hypertension artérielle||C
DG1|3|CIM10|E11.9^Diabète sucré de type 2 sans complication|Diabète de type 2||C
PR1|1|CCAM|DDQH001^Coronarographie|Coronarographie||20240710103015
GT1|1|8291|DUPONT^JEAN^MARC^JR^M||123 RUE PRINCIPALE^^PARIS^^75001^FRA|(01)23456789||19610615|M|P/F|SLF|1234567890123||||
IN1|1|SECURITE SOCIALE|1|CPAM|||||||||||||||||||||||||||||||||||||||||||
2025-07-25 17:54:29 - INFO - respuesta recibida::

MSH|^~\&|IRISHL7|ISC|REGADT|MCM|202507251754||ACK^A01|000001|P|2.5.1|1
MSA|CA|000001



2025-07-25 17:54:29 - INFO - El puerto 2575 en 127.0.0.1 está abierto y accesible.
2025-07-25 17:54:29 - INFO - Mensaje HL7 generado::
MSH|^~\&|REGADT|MCM|IFENG||20250725175429||ADT^A01|000001|P|2.5.1|1||
EVN|A01|199601061000|199601101400|1
PID|||24445670^^^HOPITAL^MRN~FR123456^^^DLNUM^DL|253763|MUNRO^Alice||19310710|M|||77 Rue de Varenne^^PARIS^75^75007^||(01)554437765|(06)098866543|FRENCH|S|C|10199925|1641202898334566
NK1|1|DUPONT^MARIE^|EPOUSE||||ERSONNE A PREVENIR||
PV1|1|H|CARDIO^CHAMBRE201^LIT1||||004777^MARTIN^SOPHIE^DR|||CARDIO|||||ADM|A0|
PV2|||^Chirurgie Programmée||||||||||||||||||||||||||||||||||||||20240712
OBX|1|NM|21612-7^POIDS CORPOREL||52|kg|||||F
OBX|2|NM|8302-2^TAILLE||163|cm|||||F
OBX|3|NM|8480-6^PRESSION ARTERIELLE SYSTOLIQUE||154|mm[Hg]|||||F
OBX|4|NM|8462-4^PRESSION ARTERIELLE DIASTOLIQUE||87|mm[Hg]|||||F
OBX|5|NM|2339-0^GLUCOSE SANGUIN||6.2|mmol/L|3.5-5.7|H|||F
AL1|1||^AMOXICILLINE||URTICAIRE|
AL1|2||^ASPIRINE||OEDEME DE QUINCKE|
AL1|3||^ARACHIDES||CHOC ANAPHYLACTIQUE|
DG1|1|CIM10|I21.0^Infarctus transmural aigu du myocarde, de la paroi antérieure|Infarctus du myocarde||A
DG1|2|CIM10|I10^Hypertension essentielle (primitive)|Hypertension artérielle||C
DG1|3|CIM10|E11.9^Diabète sucré de type 2 sans complication|Diabète de type 2||C
PR1|1|CCAM|DDQH001^Coronarographie|Coronarographie||20240710103015
GT1|1|8291|DUPONT^JEAN^MARC^JR^M||123 RUE PRINCIPALE^^PARIS^^75001^FRA|(01)23456789||19610615|M|P/F|SLF|1234567890123||||
IN1|1|SECURITE SOCIALE|1|CPAM|||||||||||||||||||||||||||||||||||||||||||
2025-07-25 17:54:29 - INFO - respuesta recibida::

MSH|^~\&|IRISHL7|ISC|REGADT|MCM|202507251754||ACK^A01|000001|P|2.5.1|1
MSA|CA|000001



2025-07-25 17:54:29 - INFO - El puerto 2575 en 127.0.0.1 está abierto y accesible.
2025-07-25 17:54:29 - INFO - Mensaje HL7 generado::
MSH|^~\&|REGADT|MCM|IFENG||20250725175429||ADT^A01|000001|P|2.5.1|1||
EVN|A01|199601061000|199601101400|1
PID|||24445670^^^HOPITAL^MRN~FR123456^^^DLNUM^DL|253763|MUNRO^Alice||19310710|M|||77 Rue de Varenne^^PARIS^75^75007^||(01)554437765|(06)098866543|FRENCH|S|C|10199925|1641202898334566
NK1|1|DUPONT^MARIE^|EPOUSE||||ERSONNE A PREVENIR||
PV1|1|H|CARDIO^CHAMBRE201^LIT1||||004777^MARTIN^SOPHIE^DR|||CARDIO|||||ADM|A0|
PV2|||^Chirurgie Programmée||||||||||||||||||||||||||||||||||||||20240712
OBX|1|NM|21612-7^POIDS CORPOREL||52|kg|||||F
OBX|2|NM|8302-2^TAILLE||163|cm|||||F
OBX|3|NM|8480-6^PRESSION ARTERIELLE SYSTOLIQUE||154|mm[Hg]|||||F
OBX|4|NM|8462-4^PRESSION ARTERIELLE DIASTOLIQUE||87|mm[Hg]|||||F
OBX|5|NM|2339-0^GLUCOSE SANGUIN||6.2|mmol/L|3.5-5.7|H|||F
AL1|1||^AMOXICILLINE||URTICAIRE|
AL1|2||^ASPIRINE||OEDEME DE QUINCKE|
AL1|3||^ARACHIDES||CHOC ANAPHYLACTIQUE|
DG1|1|CIM10|I21.0^Infarctus transmural aigu du myocarde, de la paroi antérieure|Infarctus du myocarde||A
DG1|2|CIM10|I10^Hypertension essentielle (primitive)|Hypertension artérielle||C
DG1|3|CIM10|E11.9^Diabète sucré de type 2 sans complication|Diabète de type 2||C
PR1|1|CCAM|DDQH001^Coronarographie|Coronarographie||20240710103015
GT1|1|8291|DUPONT^JEAN^MARC^JR^M||123 RUE PRINCIPALE^^PARIS^^75001^FRA|(01)23456789||19610615|M|P/F|SLF|1234567890123||||
IN1|1|SECURITE SOCIALE|1|CPAM|||||||||||||||||||||||||||||||||||||||||||
2025-07-25 17:54:29 - INFO - respuesta recibida::

MSH|^~\&|IRISHL7|ISC|REGADT|MCM|202507251754||ACK^A01|000001|P|2.5.1|1
MSA|CA|000001



2025-07-25 17:54:29 - INFO - El puerto 2575 en 127.0.0.1 está abierto y accesible.
2025-07-25 17:54:29 - INFO - Mensaje HL7 generado::
MSH|^~\&|REGADT|MCM|IFENG||20250725175429||ADT^A01|000001|P|2.5.1|1||
EVN|A01|199601061000|199601101400|1
PID|||24445670^^^HOPITAL^MRN~FR123456^^^DLNUM^DL|253763|MUNRO^Alice||19310710|M|||77 Rue de Varenne^^PARIS^75^75007^||(01)554437765|(06)098866543|FRENCH|S|C|10199925|1641202898334566
NK1|1|DUPONT^MARIE^|EPOUSE||||ERSONNE A PREVENIR||
PV1|1|H|CARDIO^CHAMBRE201^LIT1||||004777^MARTIN^SOPHIE^DR|||CARDIO|||||ADM|A0|
PV2|||^Chirurgie Programmée||||||||||||||||||||||||||||||||||||||20240712
OBX|1|NM|21612-7^POIDS CORPOREL||52|kg|||||F
OBX|2|NM|8302-2^TAILLE||163|cm|||||F
OBX|3|NM|8480-6^PRESSION ARTERIELLE SYSTOLIQUE||154|mm[Hg]|||||F
OBX|4|NM|8462-4^PRESSION ARTERIELLE DIASTOLIQUE||87|mm[Hg]|||||F
OBX|5|NM|2339-0^GLUCOSE SANGUIN||6.2|mmol/L|3.5-5.7|H|||F
AL1|1||^AMOXICILLINE||URTICAIRE|
AL1|2||^ASPIRINE||OEDEME DE QUINCKE|
AL1|3||^ARACHIDES||CHOC ANAPHYLACTIQUE|
DG1|1|CIM10|I21.0^Infarctus transmural aigu du myocarde, de la paroi antérieure|Infarctus du myocarde||A
DG1|2|CIM10|I10^Hypertension essentielle (primitive)|Hypertension artérielle||C
DG1|3|CIM10|E11.9^Diabète sucré de type 2 sans complication|Diabète de type 2||C
PR1|1|CCAM|DDQH001^Coronarographie|Coronarographie||20240710103015
GT1|1|8291|DUPONT^JEAN^MARC^JR^M||123 RUE PRINCIPALE^^PARIS^^75001^FRA|(01)23456789||19610615|M|P/F|SLF|1234567890123||||
IN1|1|SECURITE SOCIALE|1|CPAM|||||||||||||||||||||||||||||||||||||||||||
2025-07-25 17:54:29 - INFO - respuesta recibida::

MSH|^~\&|IRISHL7|ISC|REGADT|MCM|202507251754||ACK^A01|000001|P|2.5.1|1
MSA|CA|000001



2025-07-25 17:54:30 - INFO - El puerto 2575 en 127.0.0.1 está abierto y accesible.
2025-07-25 17:54:30 - INFO - Mensaje HL7 generado::
MSH|^~\&|REGADT|MCM|IFENG||20250725175430||ADT^A01|000001|P|2.5.1|1||
EVN|A01|199601061000|199601101400|1
PID|||24445670^^^HOPITAL^MRN~FR123456^^^DLNUM^DL|253763|MUNRO^Alice||19310710|M|||77 Rue de Varenne^^PARIS^75^75007^||(01)554437765|(06)098866543|FRENCH|S|C|10199925|1641202898334566
NK1|1|DUPONT^MARIE^|EPOUSE||||ERSONNE A PREVENIR||
PV1|1|H|CARDIO^CHAMBRE201^LIT1||||004777^MARTIN^SOPHIE^DR|||CARDIO|||||ADM|A0|
PV2|||^Chirurgie Programmée||||||||||||||||||||||||||||||||||||||20240712
OBX|1|NM|21612-7^POIDS CORPOREL||52|kg|||||F
OBX|2|NM|8302-2^TAILLE||163|cm|||||F
OBX|3|NM|8480-6^PRESSION ARTERIELLE SYSTOLIQUE||154|mm[Hg]|||||F
OBX|4|NM|8462-4^PRESSION ARTERIELLE DIASTOLIQUE||87|mm[Hg]|||||F
OBX|5|NM|2339-0^GLUCOSE SANGUIN||6.2|mmol/L|3.5-5.7|H|||F
AL1|1||^AMOXICILLINE||URTICAIRE|
AL1|2||^ASPIRINE||OEDEME DE QUINCKE|
AL1|3||^ARACHIDES||CHOC ANAPHYLACTIQUE|
DG1|1|CIM10|I21.0^Infarctus transmural aigu du myocarde, de la paroi antérieure|Infarctus du myocarde||A
DG1|2|CIM10|I10^Hypertension essentielle (primitive)|Hypertension artérielle||C
DG1|3|CIM10|E11.9^Diabète sucré de type 2 sans complication|Diabète de type 2||C
PR1|1|CCAM|DDQH001^Coronarographie|Coronarographie||20240710103015
GT1|1|8291|DUPONT^JEAN^MARC^JR^M||123 RUE PRINCIPALE^^PARIS^^75001^FRA|(01)23456789||19610615|M|P/F|SLF|1234567890123||||
IN1|1|SECURITE SOCIALE|1|CPAM|||||||||||||||||||||||||||||||||||||||||||
2025-07-25 17:54:30 - INFO - respuesta recibida::

MSH|^~\&|IRISHL7|ISC|REGADT|MCM|202507251754||ACK^A01|000001|P|2.5.1|1
MSA|CA|000001



2025-07-25 17:54:30 - INFO - El puerto 2575 en 127.0.0.1 está abierto y accesible.
2025-07-25 17:54:30 - INFO - Mensaje HL7 generado::
MSH|^~\&|REGADT|MCM|IFENG||20250725175430||ADT^A01|000001|P|2.5.1|1||
EVN|A01|199601061000|199601101400|1
PID|||24445670^^^HOPITAL^MRN~FR123456^^^DLNUM^DL|253763|MUNRO^Alice||19310710|M|||77 Rue de Varenne^^PARIS^75^75007^||(01)554437765|(06)098866543|FRENCH|S|C|10199925|1641202898334566
NK1|1|DUPONT^MARIE^|EPOUSE||||ERSONNE A PREVENIR||
PV1|1|H|CARDIO^CHAMBRE201^LIT1||||004777^MARTIN^SOPHIE^DR|||CARDIO|||||ADM|A0|
PV2|||^Chirurgie Programmée||||||||||||||||||||||||||||||||||||||20240712
OBX|1|NM|21612-7^POIDS CORPOREL||52|kg|||||F
OBX|2|NM|8302-2^TAILLE||163|cm|||||F
OBX|3|NM|8480-6^PRESSION ARTERIELLE SYSTOLIQUE||154|mm[Hg]|||||F
OBX|4|NM|8462-4^PRESSION ARTERIELLE DIASTOLIQUE||87|mm[Hg]|||||F
OBX|5|NM|2339-0^GLUCOSE SANGUIN||6.2|mmol/L|3.5-5.7|H|||F
AL1|1||^AMOXICILLINE||URTICAIRE|
AL1|2||^ASPIRINE||OEDEME DE QUINCKE|
AL1|3||^ARACHIDES||CHOC ANAPHYLACTIQUE|
DG1|1|CIM10|I21.0^Infarctus transmural aigu du myocarde, de la paroi antérieure|Infarctus du myocarde||A
DG1|2|CIM10|I10^Hypertension essentielle (primitive)|Hypertension artérielle||C
DG1|3|CIM10|E11.9^Diabète sucré de type 2 sans complication|Diabète de type 2||C
PR1|1|CCAM|DDQH001^Coronarographie|Coronarographie||20240710103015
GT1|1|8291|DUPONT^JEAN^MARC^JR^M||123 RUE PRINCIPALE^^PARIS^^75001^FRA|(01)23456789||19610615|M|P/F|SLF|1234567890123||||
IN1|1|SECURITE SOCIALE|1|CPAM|||||||||||||||||||||||||||||||||||||||||||
2025-07-25 17:54:30 - INFO - respuesta recibida::

MSH|^~\&|IRISHL7|ISC|REGADT|MCM|202507251754||ACK^A01|000001|P|2.5.1|1
MSA|CA|000001



2025-07-25 17:54:30 - INFO - El puerto 2575 en 127.0.0.1 está abierto y accesible.
2025-07-25 17:54:30 - INFO - Mensaje HL7 generado::
MSH|^~\&|REGADT|MCM|IFENG||20250725175430||ADT^A01|000001|P|2.5.1|1||
EVN|A01|199601061000|199601101400|1
PID|||24445670^^^HOPITAL^MRN~FR123456^^^DLNUM^DL|253763|MUNRO^Alice||19310710|M|||77 Rue de Varenne^^PARIS^75^75007^||(01)554437765|(06)098866543|FRENCH|S|C|10199925|1641202898334566
NK1|1|DUPONT^MARIE^|EPOUSE||||ERSONNE A PREVENIR||
PV1|1|H|CARDIO^CHAMBRE201^LIT1||||004777^MARTIN^SOPHIE^DR|||CARDIO|||||ADM|A0|
PV2|||^Chirurgie Programmée||||||||||||||||||||||||||||||||||||||20240712
OBX|1|NM|21612-7^POIDS CORPOREL||52|kg|||||F
OBX|2|NM|8302-2^TAILLE||163|cm|||||F
OBX|3|NM|8480-6^PRESSION ARTERIELLE SYSTOLIQUE||154|mm[Hg]|||||F
OBX|4|NM|8462-4^PRESSION ARTERIELLE DIASTOLIQUE||87|mm[Hg]|||||F
OBX|5|NM|2339-0^GLUCOSE SANGUIN||6.2|mmol/L|3.5-5.7|H|||F
AL1|1||^AMOXICILLINE||URTICAIRE|
AL1|2||^ASPIRINE||OEDEME DE QUINCKE|
AL1|3||^ARACHIDES||CHOC ANAPHYLACTIQUE|
DG1|1|CIM10|I21.0^Infarctus transmural aigu du myocarde, de la paroi antérieure|Infarctus du myocarde||A
DG1|2|CIM10|I10^Hypertension essentielle (primitive)|Hypertension artérielle||C
DG1|3|CIM10|E11.9^Diabète sucré de type 2 sans complication|Diabète de type 2||C
PR1|1|CCAM|DDQH001^Coronarographie|Coronarographie||20240710103015
GT1|1|8291|DUPONT^JEAN^MARC^JR^M||123 RUE PRINCIPALE^^PARIS^^75001^FRA|(01)23456789||19610615|M|P/F|SLF|1234567890123||||
IN1|1|SECURITE SOCIALE|1|CPAM|||||||||||||||||||||||||||||||||||||||||||
2025-07-25 17:54:30 - INFO - respuesta recibida::

MSH|^~\&|IRISHL7|ISC|REGADT|MCM|202507251754||ACK^A01|000001|P|2.5.1|1
MSA|CA|000001



2025-07-25 17:54:30 - INFO - El puerto 2575 en 127.0.0.1 está abierto y accesible.
2025-07-25 17:54:30 - INFO - Mensaje HL7 generado::
MSH|^~\&|REGADT|MCM|IFENG||20250725175430||ADT^A01|000001|P|2.5.1|1||
EVN|A01|199601061000|199601101400|1
PID|||24445670^^^HOPITAL^MRN~FR123456^^^DLNUM^DL|253763|MUNRO^Alice||19310710|M|||77 Rue de Varenne^^PARIS^75^75007^||(01)554437765|(06)098866543|FRENCH|S|C|10199925|1641202898334566
NK1|1|DUPONT^MARIE^|EPOUSE||||ERSONNE A PREVENIR||
PV1|1|H|CARDIO^CHAMBRE201^LIT1||||004777^MARTIN^SOPHIE^DR|||CARDIO|||||ADM|A0|
PV2|||^Chirurgie Programmée||||||||||||||||||||||||||||||||||||||20240712
OBX|1|NM|21612-7^POIDS CORPOREL||52|kg|||||F
OBX|2|NM|8302-2^TAILLE||163|cm|||||F
OBX|3|NM|8480-6^PRESSION ARTERIELLE SYSTOLIQUE||154|mm[Hg]|||||F
OBX|4|NM|8462-4^PRESSION ARTERIELLE DIASTOLIQUE||87|mm[Hg]|||||F
OBX|5|NM|2339-0^GLUCOSE SANGUIN||6.2|mmol/L|3.5-5.7|H|||F
AL1|1||^AMOXICILLINE||URTICAIRE|
AL1|2||^ASPIRINE||OEDEME DE QUINCKE|
AL1|3||^ARACHIDES||CHOC ANAPHYLACTIQUE|
DG1|1|CIM10|I21.0^Infarctus transmural aigu du myocarde, de la paroi antérieure|Infarctus du myocarde||A
DG1|2|CIM10|I10^Hypertension essentielle (primitive)|Hypertension artérielle||C
DG1|3|CIM10|E11.9^Diabète sucré de type 2 sans complication|Diabète de type 2||C
PR1|1|CCAM|DDQH001^Coronarographie|Coronarographie||20240710103015
GT1|1|8291|DUPONT^JEAN^MARC^JR^M||123 RUE PRINCIPALE^^PARIS^^75001^FRA|(01)23456789||19610615|M|P/F|SLF|1234567890123||||
IN1|1|SECURITE SOCIALE|1|CPAM|||||||||||||||||||||||||||||||||||||||||||
2025-07-25 17:54:30 - INFO - respuesta recibida::

MSH|^~\&|IRISHL7|ISC|REGADT|MCM|202507251754||ACK^A01|000001|P|2.5.1|1
MSA|CA|000001



2025-07-25 17:54:31 - INFO - El puerto 2575 en 127.0.0.1 está abierto y accesible.
2025-07-25 17:54:31 - INFO - Mensaje HL7 generado::
MSH|^~\&|REGADT|MCM|IFENG||20250725175431||ADT^A01|000001|P|2.5.1|1||
EVN|A01|199601061000|199601101400|1
PID|||24445670^^^HOPITAL^MRN~FR123456^^^DLNUM^DL|253763|MUNRO^Alice||19310710|M|||77 Rue de Varenne^^PARIS^75^75007^||(01)554437765|(06)098866543|FRENCH|S|C|10199925|1641202898334566
NK1|1|DUPONT^MARIE^|EPOUSE||||ERSONNE A PREVENIR||
PV1|1|H|CARDIO^CHAMBRE201^LIT1||||004777^MARTIN^SOPHIE^DR|||CARDIO|||||ADM|A0|
PV2|||^Chirurgie Programmée||||||||||||||||||||||||||||||||||||||20240712
OBX|1|NM|21612-7^POIDS CORPOREL||52|kg|||||F
OBX|2|NM|8302-2^TAILLE||163|cm|||||F
OBX|3|NM|8480-6^PRESSION ARTERIELLE SYSTOLIQUE||154|mm[Hg]|||||F
OBX|4|NM|8462-4^PRESSION ARTERIELLE DIASTOLIQUE||87|mm[Hg]|||||F
OBX|5|NM|2339-0^GLUCOSE SANGUIN||6.2|mmol/L|3.5-5.7|H|||F
AL1|1||^AMOXICILLINE||URTICAIRE|
AL1|2||^ASPIRINE||OEDEME DE QUINCKE|
AL1|3||^ARACHIDES||CHOC ANAPHYLACTIQUE|
DG1|1|CIM10|I21.0^Infarctus transmural aigu du myocarde, de la paroi antérieure|Infarctus du myocarde||A
DG1|2|CIM10|I10^Hypertension essentielle (primitive)|Hypertension artérielle||C
DG1|3|CIM10|E11.9^Diabète sucré de type 2 sans complication|Diabète de type 2||C
PR1|1|CCAM|DDQH001^Coronarographie|Coronarographie||20240710103015
GT1|1|8291|DUPONT^JEAN^MARC^JR^M||123 RUE PRINCIPALE^^PARIS^^75001^FRA|(01)23456789||19610615|M|P/F|SLF|1234567890123||||
IN1|1|SECURITE SOCIALE|1|CPAM|||||||||||||||||||||||||||||||||||||||||||
2025-07-25 17:54:31 - INFO - respuesta recibida::

MSH|^~\&|IRISHL7|ISC|REGADT|MCM|202507251754||ACK^A01|000001|P|2.5.1|1
MSA|CA|000001



2025-07-25 17:54:31 - INFO - El puerto 2575 en 127.0.0.1 está abierto y accesible.
2025-07-25 17:54:31 - INFO - Mensaje HL7 generado::
MSH|^~\&|REGADT|MCM|IFENG||20250725175431||ADT^A01|000001|P|2.5.1|1||
EVN|A01|199601061000|199601101400|1
PID|||24445670^^^HOPITAL^MRN~FR123456^^^DLNUM^DL|253763|MUNRO^Alice||19310710|M|||77 Rue de Varenne^^PARIS^75^75007^||(01)554437765|(06)098866543|FRENCH|S|C|10199925|1641202898334566
NK1|1|DUPONT^MARIE^|EPOUSE||||ERSONNE A PREVENIR||
PV1|1|H|CARDIO^CHAMBRE201^LIT1||||004777^MARTIN^SOPHIE^DR|||CARDIO|||||ADM|A0|
PV2|||^Chirurgie Programmée||||||||||||||||||||||||||||||||||||||20240712
OBX|1|NM|21612-7^POIDS CORPOREL||52|kg|||||F
OBX|2|NM|8302-2^TAILLE||163|cm|||||F
OBX|3|NM|8480-6^PRESSION ARTERIELLE SYSTOLIQUE||154|mm[Hg]|||||F
OBX|4|NM|8462-4^PRESSION ARTERIELLE DIASTOLIQUE||87|mm[Hg]|||||F
OBX|5|NM|2339-0^GLUCOSE SANGUIN||6.2|mmol/L|3.5-5.7|H|||F
AL1|1||^AMOXICILLINE||URTICAIRE|
AL1|2||^ASPIRINE||OEDEME DE QUINCKE|
AL1|3||^ARACHIDES||CHOC ANAPHYLACTIQUE|
DG1|1|CIM10|I21.0^Infarctus transmural aigu du myocarde, de la paroi antérieure|Infarctus du myocarde||A
DG1|2|CIM10|I10^Hypertension essentielle (primitive)|Hypertension artérielle||C
DG1|3|CIM10|E11.9^Diabète sucré de type 2 sans complication|Diabète de type 2||C
PR1|1|CCAM|DDQH001^Coronarographie|Coronarographie||20240710103015
GT1|1|8291|DUPONT^JEAN^MARC^JR^M||123 RUE PRINCIPALE^^PARIS^^75001^FRA|(01)23456789||19610615|M|P/F|SLF|1234567890123||||
IN1|1|SECURITE SOCIALE|1|CPAM|||||||||||||||||||||||||||||||||||||||||||
2025-07-25 17:54:31 - INFO - respuesta recibida::

MSH|^~\&|IRISHL7|ISC|REGADT|MCM|202507251754||ACK^A01|000001|P|2.5.1|1
MSA|CA|000001



2025-07-25 17:54:31 - INFO - El puerto 2575 en 127.0.0.1 está abierto y accesible.
2025-07-25 17:54:31 - INFO - Mensaje HL7 generado::
MSH|^~\&|REGADT|MCM|IFENG||20250725175431||ADT^A01|000001|P|2.5.1|1||
EVN|A01|199601061000|199601101400|1
PID|||24445670^^^HOPITAL^MRN~FR123456^^^DLNUM^DL|253763|MUNRO^Alice||19310710|M|||77 Rue de Varenne^^PARIS^75^75007^||(01)554437765|(06)098866543|FRENCH|S|C|10199925|1641202898334566
NK1|1|DUPONT^MARIE^|EPOUSE||||ERSONNE A PREVENIR||
PV1|1|H|CARDIO^CHAMBRE201^LIT1||||004777^MARTIN^SOPHIE^DR|||CARDIO|||||ADM|A0|
PV2|||^Chirurgie Programmée||||||||||||||||||||||||||||||||||||||20240712
OBX|1|NM|21612-7^POIDS CORPOREL||52|kg|||||F
OBX|2|NM|8302-2^TAILLE||163|cm|||||F
OBX|3|NM|8480-6^PRESSION ARTERIELLE SYSTOLIQUE||154|mm[Hg]|||||F
OBX|4|NM|8462-4^PRESSION ARTERIELLE DIASTOLIQUE||87|mm[Hg]|||||F
OBX|5|NM|2339-0^GLUCOSE SANGUIN||6.2|mmol/L|3.5-5.7|H|||F
AL1|1||^AMOXICILLINE||URTICAIRE|
AL1|2||^ASPIRINE||OEDEME DE QUINCKE|
AL1|3||^ARACHIDES||CHOC ANAPHYLACTIQUE|
DG1|1|CIM10|I21.0^Infarctus transmural aigu du myocarde, de la paroi antérieure|Infarctus du myocarde||A
DG1|2|CIM10|I10^Hypertension essentielle (primitive)|Hypertension artérielle||C
DG1|3|CIM10|E11.9^Diabète sucré de type 2 sans complication|Diabète de type 2||C
PR1|1|CCAM|DDQH001^Coronarographie|Coronarographie||20240710103015
GT1|1|8291|DUPONT^JEAN^MARC^JR^M||123 RUE PRINCIPALE^^PARIS^^75001^FRA|(01)23456789||19610615|M|P/F|SLF|1234567890123||||
IN1|1|SECURITE SOCIALE|1|CPAM|||||||||||||||||||||||||||||||||||||||||||
2025-07-25 17:54:31 - INFO - respuesta recibida::

MSH|^~\&|IRISHL7|ISC|REGADT|MCM|202507251754||ACK^A01|000001|P|2.5.1|1
MSA|CA|000001



2025-07-25 17:54:31 - INFO - El puerto 2575 en 127.0.0.1 está abierto y accesible.
2025-07-25 17:54:31 - INFO - Mensaje HL7 generado::
MSH|^~\&|REGADT|MCM|IFENG||20250725175431||ADT^A01|000001|P|2.5.1|1||
EVN|A01|199601061000|199601101400|1
PID|||24445670^^^HOPITAL^MRN~FR123456^^^DLNUM^DL|253763|MUNRO^Alice||19310710|M|||77 Rue de Varenne^^PARIS^75^75007^||(01)554437765|(06)098866543|FRENCH|S|C|10199925|1641202898334566
NK1|1|DUPONT^MARIE^|EPOUSE||||ERSONNE A PREVENIR||
PV1|1|H|CARDIO^CHAMBRE201^LIT1||||004777^MARTIN^SOPHIE^DR|||CARDIO|||||ADM|A0|
PV2|||^Chirurgie Programmée||||||||||||||||||||||||||||||||||||||20240712
OBX|1|NM|21612-7^POIDS CORPOREL||52|kg|||||F
OBX|2|NM|8302-2^TAILLE||163|cm|||||F
OBX|3|NM|8480-6^PRESSION ARTERIELLE SYSTOLIQUE||154|mm[Hg]|||||F
OBX|4|NM|8462-4^PRESSION ARTERIELLE DIASTOLIQUE||87|mm[Hg]|||||F
OBX|5|NM|2339-0^GLUCOSE SANGUIN||6.2|mmol/L|3.5-5.7|H|||F
AL1|1||^AMOXICILLINE||URTICAIRE|
AL1|2||^ASPIRINE||OEDEME DE QUINCKE|
AL1|3||^ARACHIDES||CHOC ANAPHYLACTIQUE|
DG1|1|CIM10|I21.0^Infarctus transmural aigu du myocarde, de la paroi antérieure|Infarctus du myocarde||A
DG1|2|CIM10|I10^Hypertension essentielle (primitive)|Hypertension artérielle||C
DG1|3|CIM10|E11.9^Diabète sucré de type 2 sans complication|Diabète de type 2||C
PR1|1|CCAM|DDQH001^Coronarographie|Coronarographie||20240710103015
GT1|1|8291|DUPONT^JEAN^MARC^JR^M||123 RUE PRINCIPALE^^PARIS^^75001^FRA|(01)23456789||19610615|M|P/F|SLF|1234567890123||||
IN1|1|SECURITE SOCIALE|1|CPAM|||||||||||||||||||||||||||||||||||||||||||
2025-07-25 17:54:31 - INFO - respuesta recibida::

MSH|^~\&|IRISHL7|ISC|REGADT|MCM|202507251754||ACK^A01|000001|P|2.5.1|1
MSA|CA|000001



2025-07-25 17:54:32 - INFO - El puerto 2575 en 127.0.0.1 está abierto y accesible.
2025-07-25 17:54:32 - INFO - Mensaje HL7 generado::
MSH|^~\&|REGADT|MCM|IFENG||20250725175432||ADT^A01|000001|P|2.5.1|1||
EVN|A01|199601061000|199601101400|1
PID|||24445670^^^HOPITAL^MRN~FR123456^^^DLNUM^DL|253763|MUNRO^Alice||19310710|M|||77 Rue de Varenne^^PARIS^75^75007^||(01)554437765|(06)098866543|FRENCH|S|C|10199925|1641202898334566
NK1|1|DUPONT^MARIE^|EPOUSE||||ERSONNE A PREVENIR||
PV1|1|H|CARDIO^CHAMBRE201^LIT1||||004777^MARTIN^SOPHIE^DR|||CARDIO|||||ADM|A0|
PV2|||^Chirurgie Programmée||||||||||||||||||||||||||||||||||||||20240712
OBX|1|NM|21612-7^POIDS CORPOREL||52|kg|||||F
OBX|2|NM|8302-2^TAILLE||163|cm|||||F
OBX|3|NM|8480-6^PRESSION ARTERIELLE SYSTOLIQUE||154|mm[Hg]|||||F
OBX|4|NM|8462-4^PRESSION ARTERIELLE DIASTOLIQUE||87|mm[Hg]|||||F
OBX|5|NM|2339-0^GLUCOSE SANGUIN||6.2|mmol/L|3.5-5.7|H|||F
AL1|1||^AMOXICILLINE||URTICAIRE|
AL1|2||^ASPIRINE||OEDEME DE QUINCKE|
AL1|3||^ARACHIDES||CHOC ANAPHYLACTIQUE|
DG1|1|CIM10|I21.0^Infarctus transmural aigu du myocarde, de la paroi antérieure|Infarctus du myocarde||A
DG1|2|CIM10|I10^Hypertension essentielle (primitive)|Hypertension artérielle||C
DG1|3|CIM10|E11.9^Diabète sucré de type 2 sans complication|Diabète de type 2||C
PR1|1|CCAM|DDQH001^Coronarographie|Coronarographie||20240710103015
GT1|1|8291|DUPONT^JEAN^MARC^JR^M||123 RUE PRINCIPALE^^PARIS^^75001^FRA|(01)23456789||19610615|M|P/F|SLF|1234567890123||||
IN1|1|SECURITE SOCIALE|1|CPAM|||||||||||||||||||||||||||||||||||||||||||
2025-07-25 17:54:32 - INFO - respuesta recibida::

MSH|^~\&|IRISHL7|ISC|REGADT|MCM|202507251754||ACK^A01|000001|P|2.5.1|1
MSA|CA|000001



2025-07-25 17:54:32 - INFO - El puerto 2575 en 127.0.0.1 está abierto y accesible.
2025-07-25 17:54:32 - INFO - Mensaje HL7 generado::
MSH|^~\&|REGADT|MCM|IFENG||20250725175432||ADT^A01|000001|P|2.5.1|1||
EVN|A01|199601061000|199601101400|1
PID|||24445670^^^HOPITAL^MRN~FR123456^^^DLNUM^DL|253763|MUNRO^Alice||19310710|M|||77 Rue de Varenne^^PARIS^75^75007^||(01)554437765|(06)098866543|FRENCH|S|C|10199925|1641202898334566
NK1|1|DUPONT^MARIE^|EPOUSE||||ERSONNE A PREVENIR||
PV1|1|H|CARDIO^CHAMBRE201^LIT1||||004777^MARTIN^SOPHIE^DR|||CARDIO|||||ADM|A0|
PV2|||^Chirurgie Programmée||||||||||||||||||||||||||||||||||||||20240712
OBX|1|NM|21612-7^POIDS CORPOREL||52|kg|||||F
OBX|2|NM|8302-2^TAILLE||163|cm|||||F
OBX|3|NM|8480-6^PRESSION ARTERIELLE SYSTOLIQUE||154|mm[Hg]|||||F
OBX|4|NM|8462-4^PRESSION ARTERIELLE DIASTOLIQUE||87|mm[Hg]|||||F
OBX|5|NM|2339-0^GLUCOSE SANGUIN||6.2|mmol/L|3.5-5.7|H|||F
AL1|1||^AMOXICILLINE||URTICAIRE|
AL1|2||^ASPIRINE||OEDEME DE QUINCKE|
AL1|3||^ARACHIDES||CHOC ANAPHYLACTIQUE|
DG1|1|CIM10|I21.0^Infarctus transmural aigu du myocarde, de la paroi antérieure|Infarctus du myocarde||A
DG1|2|CIM10|I10^Hypertension essentielle (primitive)|Hypertension artérielle||C
DG1|3|CIM10|E11.9^Diabète sucré de type 2 sans complication|Diabète de type 2||C
PR1|1|CCAM|DDQH001^Coronarographie|Coronarographie||20240710103015
GT1|1|8291|DUPONT^JEAN^MARC^JR^M||123 RUE PRINCIPALE^^PARIS^^75001^FRA|(01)23456789||19610615|M|P/F|SLF|1234567890123||||
IN1|1|SECURITE SOCIALE|1|CPAM|||||||||||||||||||||||||||||||||||||||||||
2025-07-25 17:54:32 - INFO - respuesta recibida::

MSH|^~\&|IRISHL7|ISC|REGADT|MCM|202507251754||ACK^A01|000001|P|2.5.1|1
MSA|CA|000001



2025-07-25 17:54:32 - INFO - El puerto 2575 en 127.0.0.1 está abierto y accesible.
2025-07-25 17:54:32 - INFO - Mensaje HL7 generado::
MSH|^~\&|REGADT|MCM|IFENG||20250725175432||ADT^A01|000001|P|2.5.1|1||
EVN|A01|199601061000|199601101400|1
PID|||24445670^^^HOPITAL^MRN~FR123456^^^DLNUM^DL|253763|MUNRO^Alice||19310710|M|||77 Rue de Varenne^^PARIS^75^75007^||(01)554437765|(06)098866543|FRENCH|S|C|10199925|1641202898334566
NK1|1|DUPONT^MARIE^|EPOUSE||||ERSONNE A PREVENIR||
PV1|1|H|CARDIO^CHAMBRE201^LIT1||||004777^MARTIN^SOPHIE^DR|||CARDIO|||||ADM|A0|
PV2|||^Chirurgie Programmée||||||||||||||||||||||||||||||||||||||20240712
OBX|1|NM|21612-7^POIDS CORPOREL||52|kg|||||F
OBX|2|NM|8302-2^TAILLE||163|cm|||||F
OBX|3|NM|8480-6^PRESSION ARTERIELLE SYSTOLIQUE||154|mm[Hg]|||||F
OBX|4|NM|8462-4^PRESSION ARTERIELLE DIASTOLIQUE||87|mm[Hg]|||||F
OBX|5|NM|2339-0^GLUCOSE SANGUIN||6.2|mmol/L|3.5-5.7|H|||F
AL1|1||^AMOXICILLINE||URTICAIRE|
AL1|2||^ASPIRINE||OEDEME DE QUINCKE|
AL1|3||^ARACHIDES||CHOC ANAPHYLACTIQUE|
DG1|1|CIM10|I21.0^Infarctus transmural aigu du myocarde, de la paroi antérieure|Infarctus du myocarde||A
DG1|2|CIM10|I10^Hypertension essentielle (primitive)|Hypertension artérielle||C
DG1|3|CIM10|E11.9^Diabète sucré de type 2 sans complication|Diabète de type 2||C
PR1|1|CCAM|DDQH001^Coronarographie|Coronarographie||20240710103015
GT1|1|8291|DUPONT^JEAN^MARC^JR^M||123 RUE PRINCIPALE^^PARIS^^75001^FRA|(01)23456789||19610615|M|P/F|SLF|1234567890123||||
IN1|1|SECURITE SOCIALE|1|CPAM|||||||||||||||||||||||||||||||||||||||||||
2025-07-25 17:54:32 - INFO - respuesta recibida::

MSH|^~\&|IRISHL7|ISC|REGADT|MCM|202507251754||ACK^A01|000001|P|2.5.1|1
MSA|CA|000001



2025-07-25 17:54:32 - INFO - El puerto 2575 en 127.0.0.1 está abierto y accesible.
2025-07-25 17:54:32 - INFO - Mensaje HL7 generado::
MSH|^~\&|REGADT|MCM|IFENG||20250725175432||ADT^A01|000001|P|2.5.1|1||
EVN|A01|199601061000|199601101400|1
PID|||24445670^^^HOPITAL^MRN~FR123456^^^DLNUM^DL|253763|MUNRO^Alice||19310710|M|||77 Rue de Varenne^^PARIS^75^75007^||(01)554437765|(06)098866543|FRENCH|S|C|10199925|1641202898334566
NK1|1|DUPONT^MARIE^|EPOUSE||||ERSONNE A PREVENIR||
PV1|1|H|CARDIO^CHAMBRE201^LIT1||||004777^MARTIN^SOPHIE^DR|||CARDIO|||||ADM|A0|
PV2|||^Chirurgie Programmée||||||||||||||||||||||||||||||||||||||20240712
OBX|1|NM|21612-7^POIDS CORPOREL||52|kg|||||F
OBX|2|NM|8302-2^TAILLE||163|cm|||||F
OBX|3|NM|8480-6^PRESSION ARTERIELLE SYSTOLIQUE||154|mm[Hg]|||||F
OBX|4|NM|8462-4^PRESSION ARTERIELLE DIASTOLIQUE||87|mm[Hg]|||||F
OBX|5|NM|2339-0^GLUCOSE SANGUIN||6.2|mmol/L|3.5-5.7|H|||F
AL1|1||^AMOXICILLINE||URTICAIRE|
AL1|2||^ASPIRINE||OEDEME DE QUINCKE|
AL1|3||^ARACHIDES||CHOC ANAPHYLACTIQUE|
DG1|1|CIM10|I21.0^Infarctus transmural aigu du myocarde, de la paroi antérieure|Infarctus du myocarde||A
DG1|2|CIM10|I10^Hypertension essentielle (primitive)|Hypertension artérielle||C
DG1|3|CIM10|E11.9^Diabète sucré de type 2 sans complication|Diabète de type 2||C
PR1|1|CCAM|DDQH001^Coronarographie|Coronarographie||20240710103015
GT1|1|8291|DUPONT^JEAN^MARC^JR^M||123 RUE PRINCIPALE^^PARIS^^75001^FRA|(01)23456789||19610615|M|P/F|SLF|1234567890123||||
IN1|1|SECURITE SOCIALE|1|CPAM|||||||||||||||||||||||||||||||||||||||||||
2025-07-25 17:54:32 - INFO - respuesta recibida::

MSH|^~\&|IRISHL7|ISC|REGADT|MCM|202507251754||ACK^A01|000001|P|2.5.1|1
MSA|CA|000001



2025-07-25 17:54:32 - INFO - El puerto 2575 en 127.0.0.1 está abierto y accesible.
2025-07-25 17:54:32 - INFO - Mensaje HL7 generado::
MSH|^~\&|REGADT|MCM|IFENG||20250725175432||ADT^A01|000001|P|2.5.1|1||
EVN|A01|199601061000|199601101400|1
PID|||24445670^^^HOPITAL^MRN~FR123456^^^DLNUM^DL|253763|MUNRO^Alice||19310710|M|||77 Rue de Varenne^^PARIS^75^75007^||(01)554437765|(06)098866543|FRENCH|S|C|10199925|1641202898334566
NK1|1|DUPONT^MARIE^|EPOUSE||||ERSONNE A PREVENIR||
PV1|1|H|CARDIO^CHAMBRE201^LIT1||||004777^MARTIN^SOPHIE^DR|||CARDIO|||||ADM|A0|
PV2|||^Chirurgie Programmée||||||||||||||||||||||||||||||||||||||20240712
OBX|1|NM|21612-7^POIDS CORPOREL||52|kg|||||F
OBX|2|NM|8302-2^TAILLE||163|cm|||||F
OBX|3|NM|8480-6^PRESSION ARTERIELLE SYSTOLIQUE||154|mm[Hg]|||||F
OBX|4|NM|8462-4^PRESSION ARTERIELLE DIASTOLIQUE||87|mm[Hg]|||||F
OBX|5|NM|2339-0^GLUCOSE SANGUIN||6.2|mmol/L|3.5-5.7|H|||F
AL1|1||^AMOXICILLINE||URTICAIRE|
AL1|2||^ASPIRINE||OEDEME DE QUINCKE|
AL1|3||^ARACHIDES||CHOC ANAPHYLACTIQUE|
DG1|1|CIM10|I21.0^Infarctus transmural aigu du myocarde, de la paroi antérieure|Infarctus du myocarde||A
DG1|2|CIM10|I10^Hypertension essentielle (primitive)|Hypertension artérielle||C
DG1|3|CIM10|E11.9^Diabète sucré de type 2 sans complication|Diabète de type 2||C
PR1|1|CCAM|DDQH001^Coronarographie|Coronarographie||20240710103015
GT1|1|8291|DUPONT^JEAN^MARC^JR^M||123 RUE PRINCIPALE^^PARIS^^75001^FRA|(01)23456789||19610615|M|P/F|SLF|1234567890123||||
IN1|1|SECURITE SOCIALE|1|CPAM|||||||||||||||||||||||||||||||||||||||||||
2025-07-25 17:54:32 - INFO - respuesta recibida::

MSH|^~\&|IRISHL7|ISC|REGADT|MCM|202507251754||ACK^A01|000001|P|2.5.1|1
MSA|CA|000001



2025-07-25 17:54:33 - INFO - El puerto 2575 en 127.0.0.1 está abierto y accesible.
2025-07-25 17:54:33 - INFO - Mensaje HL7 generado::
MSH|^~\&|REGADT|MCM|IFENG||20250725175433||ADT^A01|000001|P|2.5.1|1||
EVN|A01|199601061000|199601101400|1
PID|||24445670^^^HOPITAL^MRN~FR123456^^^DLNUM^DL|253763|MUNRO^Alice||19310710|M|||77 Rue de Varenne^^PARIS^75^75007^||(01)554437765|(06)098866543|FRENCH|S|C|10199925|1641202898334566
NK1|1|DUPONT^MARIE^|EPOUSE||||ERSONNE A PREVENIR||
PV1|1|H|CARDIO^CHAMBRE201^LIT1||||004777^MARTIN^SOPHIE^DR|||CARDIO|||||ADM|A0|
PV2|||^Chirurgie Programmée||||||||||||||||||||||||||||||||||||||20240712
OBX|1|NM|21612-7^POIDS CORPOREL||52|kg|||||F
OBX|2|NM|8302-2^TAILLE||163|cm|||||F
OBX|3|NM|8480-6^PRESSION ARTERIELLE SYSTOLIQUE||154|mm[Hg]|||||F
OBX|4|NM|8462-4^PRESSION ARTERIELLE DIASTOLIQUE||87|mm[Hg]|||||F
OBX|5|NM|2339-0^GLUCOSE SANGUIN||6.2|mmol/L|3.5-5.7|H|||F
AL1|1||^AMOXICILLINE||URTICAIRE|
AL1|2||^ASPIRINE||OEDEME DE QUINCKE|
AL1|3||^ARACHIDES||CHOC ANAPHYLACTIQUE|
DG1|1|CIM10|I21.0^Infarctus transmural aigu du myocarde, de la paroi antérieure|Infarctus du myocarde||A
DG1|2|CIM10|I10^Hypertension essentielle (primitive)|Hypertension artérielle||C
DG1|3|CIM10|E11.9^Diabète sucré de type 2 sans complication|Diabète de type 2||C
PR1|1|CCAM|DDQH001^Coronarographie|Coronarographie||20240710103015
GT1|1|8291|DUPONT^JEAN^MARC^JR^M||123 RUE PRINCIPALE^^PARIS^^75001^FRA|(01)23456789||19610615|M|P/F|SLF|1234567890123||||
IN1|1|SECURITE SOCIALE|1|CPAM|||||||||||||||||||||||||||||||||||||||||||
2025-07-25 17:54:33 - INFO - respuesta recibida::

MSH|^~\&|IRISHL7|ISC|REGADT|MCM|202507251754||ACK^A01|000001|P|2.5.1|1
MSA|CA|000001



2025-07-25 17:54:33 - INFO - El puerto 2575 en 127.0.0.1 está abierto y accesible.
2025-07-25 17:54:33 - INFO - Mensaje HL7 generado::
MSH|^~\&|REGADT|MCM|IFENG||20250725175433||ADT^A01|000001|P|2.5.1|1||
EVN|A01|199601061000|199601101400|1
PID|||24445670^^^HOPITAL^MRN~FR123456^^^DLNUM^DL|253763|MUNRO^Alice||19310710|M|||77 Rue de Varenne^^PARIS^75^75007^||(01)554437765|(06)098866543|FRENCH|S|C|10199925|1641202898334566
NK1|1|DUPONT^MARIE^|EPOUSE||||ERSONNE A PREVENIR||
PV1|1|H|CARDIO^CHAMBRE201^LIT1||||004777^MARTIN^SOPHIE^DR|||CARDIO|||||ADM|A0|
PV2|||^Chirurgie Programmée||||||||||||||||||||||||||||||||||||||20240712
OBX|1|NM|21612-7^POIDS CORPOREL||52|kg|||||F
OBX|2|NM|8302-2^TAILLE||163|cm|||||F
OBX|3|NM|8480-6^PRESSION ARTERIELLE SYSTOLIQUE||154|mm[Hg]|||||F
OBX|4|NM|8462-4^PRESSION ARTERIELLE DIASTOLIQUE||87|mm[Hg]|||||F
OBX|5|NM|2339-0^GLUCOSE SANGUIN||6.2|mmol/L|3.5-5.7|H|||F
AL1|1||^AMOXICILLINE||URTICAIRE|
AL1|2||^ASPIRINE||OEDEME DE QUINCKE|
AL1|3||^ARACHIDES||CHOC ANAPHYLACTIQUE|
DG1|1|CIM10|I21.0^Infarctus transmural aigu du myocarde, de la paroi antérieure|Infarctus du myocarde||A
DG1|2|CIM10|I10^Hypertension essentielle (primitive)|Hypertension artérielle||C
DG1|3|CIM10|E11.9^Diabète sucré de type 2 sans complication|Diabète de type 2||C
PR1|1|CCAM|DDQH001^Coronarographie|Coronarographie||20240710103015
GT1|1|8291|DUPONT^JEAN^MARC^JR^M||123 RUE PRINCIPALE^^PARIS^^75001^FRA|(01)23456789||19610615|M|P/F|SLF|1234567890123||||
IN1|1|SECURITE SOCIALE|1|CPAM|||||||||||||||||||||||||||||||||||||||||||
2025-07-25 17:54:33 - INFO - respuesta recibida::

MSH|^~\&|IRISHL7|ISC|REGADT|MCM|202507251754||ACK^A01|000001|P|2.5.1|1
MSA|CA|000001



2025-07-25 17:54:33 - INFO - El puerto 2575 en 127.0.0.1 está abierto y accesible.
2025-07-25 17:54:33 - INFO - Mensaje HL7 generado::
MSH|^~\&|REGADT|MCM|IFENG||20250725175433||ADT^A01|000001|P|2.5.1|1||
EVN|A01|199601061000|199601101400|1
PID|||24445670^^^HOPITAL^MRN~FR123456^^^DLNUM^DL|253763|MUNRO^Alice||19310710|M|||77 Rue de Varenne^^PARIS^75^75007^||(01)554437765|(06)098866543|FRENCH|S|C|10199925|1641202898334566
NK1|1|DUPONT^MARIE^|EPOUSE||||ERSONNE A PREVENIR||
PV1|1|H|CARDIO^CHAMBRE201^LIT1||||004777^MARTIN^SOPHIE^DR|||CARDIO|||||ADM|A0|
PV2|||^Chirurgie Programmée||||||||||||||||||||||||||||||||||||||20240712
OBX|1|NM|21612-7^POIDS CORPOREL||52|kg|||||F
OBX|2|NM|8302-2^TAILLE||163|cm|||||F
OBX|3|NM|8480-6^PRESSION ARTERIELLE SYSTOLIQUE||154|mm[Hg]|||||F
OBX|4|NM|8462-4^PRESSION ARTERIELLE DIASTOLIQUE||87|mm[Hg]|||||F
OBX|5|NM|2339-0^GLUCOSE SANGUIN||6.2|mmol/L|3.5-5.7|H|||F
AL1|1||^AMOXICILLINE||URTICAIRE|
AL1|2||^ASPIRINE||OEDEME DE QUINCKE|
AL1|3||^ARACHIDES||CHOC ANAPHYLACTIQUE|
DG1|1|CIM10|I21.0^Infarctus transmural aigu du myocarde, de la paroi antérieure|Infarctus du myocarde||A
DG1|2|CIM10|I10^Hypertension essentielle (primitive)|Hypertension artérielle||C
DG1|3|CIM10|E11.9^Diabète sucré de type 2 sans complication|Diabète de type 2||C
PR1|1|CCAM|DDQH001^Coronarographie|Coronarographie||20240710103015
GT1|1|8291|DUPONT^JEAN^MARC^JR^M||123 RUE PRINCIPALE^^PARIS^^75001^FRA|(01)23456789||19610615|M|P/F|SLF|1234567890123||||
IN1|1|SECURITE SOCIALE|1|CPAM|||||||||||||||||||||||||||||||||||||||||||
2025-07-25 17:54:33 - INFO - respuesta recibida::

MSH|^~\&|IRISHL7|ISC|REGADT|MCM|202507251754||ACK^A01|000001|P|2.5.1|1
MSA|CA|000001



2025-07-25 17:54:33 - INFO - El puerto 2575 en 127.0.0.1 está abierto y accesible.
2025-07-25 17:54:33 - INFO - Mensaje HL7 generado::
MSH|^~\&|REGADT|MCM|IFENG||20250725175433||ADT^A01|000001|P|2.5.1|1||
EVN|A01|199601061000|199601101400|1
PID|||24445670^^^HOPITAL^MRN~FR123456^^^DLNUM^DL|253763|MUNRO^Alice||19310710|M|||77 Rue de Varenne^^PARIS^75^75007^||(01)554437765|(06)098866543|FRENCH|S|C|10199925|1641202898334566
NK1|1|DUPONT^MARIE^|EPOUSE||||ERSONNE A PREVENIR||
PV1|1|H|CARDIO^CHAMBRE201^LIT1||||004777^MARTIN^SOPHIE^DR|||CARDIO|||||ADM|A0|
PV2|||^Chirurgie Programmée||||||||||||||||||||||||||||||||||||||20240712
OBX|1|NM|21612-7^POIDS CORPOREL||52|kg|||||F
OBX|2|NM|8302-2^TAILLE||163|cm|||||F
OBX|3|NM|8480-6^PRESSION ARTERIELLE SYSTOLIQUE||154|mm[Hg]|||||F
OBX|4|NM|8462-4^PRESSION ARTERIELLE DIASTOLIQUE||87|mm[Hg]|||||F
OBX|5|NM|2339-0^GLUCOSE SANGUIN||6.2|mmol/L|3.5-5.7|H|||F
AL1|1||^AMOXICILLINE||URTICAIRE|
AL1|2||^ASPIRINE||OEDEME DE QUINCKE|
AL1|3||^ARACHIDES||CHOC ANAPHYLACTIQUE|
DG1|1|CIM10|I21.0^Infarctus transmural aigu du myocarde, de la paroi antérieure|Infarctus du myocarde||A
DG1|2|CIM10|I10^Hypertension essentielle (primitive)|Hypertension artérielle||C
DG1|3|CIM10|E11.9^Diabète sucré de type 2 sans complication|Diabète de type 2||C
PR1|1|CCAM|DDQH001^Coronarographie|Coronarographie||20240710103015
GT1|1|8291|DUPONT^JEAN^MARC^JR^M||123 RUE PRINCIPALE^^PARIS^^75001^FRA|(01)23456789||19610615|M|P/F|SLF|1234567890123||||
IN1|1|SECURITE SOCIALE|1|CPAM|||||||||||||||||||||||||||||||||||||||||||
2025-07-25 17:54:33 - INFO - respuesta recibida::

MSH|^~\&|IRISHL7|ISC|REGADT|MCM|202507251754||ACK^A01|000001|P|2.5.1|1
MSA|CA|000001



2025-07-25 17:54:33 - INFO - El puerto 2575 en 127.0.0.1 está abierto y accesible.
2025-07-25 17:54:33 - INFO - Mensaje HL7 generado::
MSH|^~\&|REGADT|MCM|IFENG||20250725175433||ADT^A01|000001|P|2.5.1|1||
EVN|A01|199601061000|199601101400|1
PID|||24445670^^^HOPITAL^MRN~FR123456^^^DLNUM^DL|253763|MUNRO^Alice||19310710|M|||77 Rue de Varenne^^PARIS^75^75007^||(01)554437765|(06)098866543|FRENCH|S|C|10199925|1641202898334566
NK1|1|DUPONT^MARIE^|EPOUSE||||ERSONNE A PREVENIR||
PV1|1|H|CARDIO^CHAMBRE201^LIT1||||004777^MARTIN^SOPHIE^DR|||CARDIO|||||ADM|A0|
PV2|||^Chirurgie Programmée||||||||||||||||||||||||||||||||||||||20240712
OBX|1|NM|21612-7^POIDS CORPOREL||52|kg|||||F
OBX|2|NM|8302-2^TAILLE||163|cm|||||F
OBX|3|NM|8480-6^PRESSION ARTERIELLE SYSTOLIQUE||154|mm[Hg]|||||F
OBX|4|NM|8462-4^PRESSION ARTERIELLE DIASTOLIQUE||87|mm[Hg]|||||F
OBX|5|NM|2339-0^GLUCOSE SANGUIN||6.2|mmol/L|3.5-5.7|H|||F
AL1|1||^AMOXICILLINE||URTICAIRE|
AL1|2||^ASPIRINE||OEDEME DE QUINCKE|
AL1|3||^ARACHIDES||CHOC ANAPHYLACTIQUE|
DG1|1|CIM10|I21.0^Infarctus transmural aigu du myocarde, de la paroi antérieure|Infarctus du myocarde||A
DG1|2|CIM10|I10^Hypertension essentielle (primitive)|Hypertension artérielle||C
DG1|3|CIM10|E11.9^Diabète sucré de type 2 sans complication|Diabète de type 2||C
PR1|1|CCAM|DDQH001^Coronarographie|Coronarographie||20240710103015
GT1|1|8291|DUPONT^JEAN^MARC^JR^M||123 RUE PRINCIPALE^^PARIS^^75001^FRA|(01)23456789||19610615|M|P/F|SLF|1234567890123||||
IN1|1|SECURITE SOCIALE|1|CPAM|||||||||||||||||||||||||||||||||||||||||||
2025-07-25 17:54:33 - INFO - respuesta recibida::

MSH|^~\&|IRISHL7|ISC|REGADT|MCM|202507251754||ACK^A01|000001|P|2.5.1|1
MSA|CA|000001



2025-07-25 17:54:34 - INFO - El puerto 2575 en 127.0.0.1 está abierto y accesible.
2025-07-25 17:54:34 - INFO - Mensaje HL7 generado::
MSH|^~\&|REGADT|MCM|IFENG||20250725175433||ADT^A01|000001|P|2.5.1|1||
EVN|A01|199601061000|199601101400|1
PID|||24445670^^^HOPITAL^MRN~FR123456^^^DLNUM^DL|253763|MUNRO^Alice||19310710|M|||77 Rue de Varenne^^PARIS^75^75007^||(01)554437765|(06)098866543|FRENCH|S|C|10199925|1641202898334566
NK1|1|DUPONT^MARIE^|EPOUSE||||ERSONNE A PREVENIR||
PV1|1|H|CARDIO^CHAMBRE201^LIT1||||004777^MARTIN^SOPHIE^DR|||CARDIO|||||ADM|A0|
PV2|||^Chirurgie Programmée||||||||||||||||||||||||||||||||||||||20240712
OBX|1|NM|21612-7^POIDS CORPOREL||52|kg|||||F
OBX|2|NM|8302-2^TAILLE||163|cm|||||F
OBX|3|NM|8480-6^PRESSION ARTERIELLE SYSTOLIQUE||154|mm[Hg]|||||F
OBX|4|NM|8462-4^PRESSION ARTERIELLE DIASTOLIQUE||87|mm[Hg]|||||F
OBX|5|NM|2339-0^GLUCOSE SANGUIN||6.2|mmol/L|3.5-5.7|H|||F
AL1|1||^AMOXICILLINE||URTICAIRE|
AL1|2||^ASPIRINE||OEDEME DE QUINCKE|
AL1|3||^ARACHIDES||CHOC ANAPHYLACTIQUE|
DG1|1|CIM10|I21.0^Infarctus transmural aigu du myocarde, de la paroi antérieure|Infarctus du myocarde||A
DG1|2|CIM10|I10^Hypertension essentielle (primitive)|Hypertension artérielle||C
DG1|3|CIM10|E11.9^Diabète sucré de type 2 sans complication|Diabète de type 2||C
PR1|1|CCAM|DDQH001^Coronarographie|Coronarographie||20240710103015
GT1|1|8291|DUPONT^JEAN^MARC^JR^M||123 RUE PRINCIPALE^^PARIS^^75001^FRA|(01)23456789||19610615|M|P/F|SLF|1234567890123||||
IN1|1|SECURITE SOCIALE|1|CPAM|||||||||||||||||||||||||||||||||||||||||||
2025-07-25 17:54:34 - INFO - respuesta recibida::

MSH|^~\&|IRISHL7|ISC|REGADT|MCM|202507251754||ACK^A01|000001|P|2.5.1|1
MSA|CA|000001



2025-07-25 17:54:34 - INFO - El puerto 2575 en 127.0.0.1 está abierto y accesible.
2025-07-25 17:54:34 - INFO - Mensaje HL7 generado::
MSH|^~\&|REGADT|MCM|IFENG||20250725175434||ADT^A01|000001|P|2.5.1|1||
EVN|A01|199601061000|199601101400|1
PID|||24445670^^^HOPITAL^MRN~FR123456^^^DLNUM^DL|253763|MUNRO^Alice||19310710|M|||77 Rue de Varenne^^PARIS^75^75007^||(01)554437765|(06)098866543|FRENCH|S|C|10199925|1641202898334566
NK1|1|DUPONT^MARIE^|EPOUSE||||ERSONNE A PREVENIR||
PV1|1|H|CARDIO^CHAMBRE201^LIT1||||004777^MARTIN^SOPHIE^DR|||CARDIO|||||ADM|A0|
PV2|||^Chirurgie Programmée||||||||||||||||||||||||||||||||||||||20240712
OBX|1|NM|21612-7^POIDS CORPOREL||52|kg|||||F
OBX|2|NM|8302-2^TAILLE||163|cm|||||F
OBX|3|NM|8480-6^PRESSION ARTERIELLE SYSTOLIQUE||154|mm[Hg]|||||F
OBX|4|NM|8462-4^PRESSION ARTERIELLE DIASTOLIQUE||87|mm[Hg]|||||F
OBX|5|NM|2339-0^GLUCOSE SANGUIN||6.2|mmol/L|3.5-5.7|H|||F
AL1|1||^AMOXICILLINE||URTICAIRE|
AL1|2||^ASPIRINE||OEDEME DE QUINCKE|
AL1|3||^ARACHIDES||CHOC ANAPHYLACTIQUE|
DG1|1|CIM10|I21.0^Infarctus transmural aigu du myocarde, de la paroi antérieure|Infarctus du myocarde||A
DG1|2|CIM10|I10^Hypertension essentielle (primitive)|Hypertension artérielle||C
DG1|3|CIM10|E11.9^Diabète sucré de type 2 sans complication|Diabète de type 2||C
PR1|1|CCAM|DDQH001^Coronarographie|Coronarographie||20240710103015
GT1|1|8291|DUPONT^JEAN^MARC^JR^M||123 RUE PRINCIPALE^^PARIS^^75001^FRA|(01)23456789||19610615|M|P/F|SLF|1234567890123||||
IN1|1|SECURITE SOCIALE|1|CPAM|||||||||||||||||||||||||||||||||||||||||||
2025-07-25 17:54:34 - INFO - respuesta recibida::

MSH|^~\&|IRISHL7|ISC|REGADT|MCM|202507251754||ACK^A01|000001|P|2.5.1|1
MSA|CA|000001



2025-07-25 17:54:34 - INFO - El puerto 2575 en 127.0.0.1 está abierto y accesible.
2025-07-25 17:54:34 - INFO - Mensaje HL7 generado::
MSH|^~\&|REGADT|MCM|IFENG||20250725175434||ADT^A01|000001|P|2.5.1|1||
EVN|A01|199601061000|199601101400|1
PID|||24445670^^^HOPITAL^MRN~FR123456^^^DLNUM^DL|253763|MUNRO^Alice||19310710|M|||77 Rue de Varenne^^PARIS^75^75007^||(01)554437765|(06)098866543|FRENCH|S|C|10199925|1641202898334566
NK1|1|DUPONT^MARIE^|EPOUSE||||ERSONNE A PREVENIR||
PV1|1|H|CARDIO^CHAMBRE201^LIT1||||004777^MARTIN^SOPHIE^DR|||CARDIO|||||ADM|A0|
PV2|||^Chirurgie Programmée||||||||||||||||||||||||||||||||||||||20240712
OBX|1|NM|21612-7^POIDS CORPOREL||52|kg|||||F
OBX|2|NM|8302-2^TAILLE||163|cm|||||F
OBX|3|NM|8480-6^PRESSION ARTERIELLE SYSTOLIQUE||154|mm[Hg]|||||F
OBX|4|NM|8462-4^PRESSION ARTERIELLE DIASTOLIQUE||87|mm[Hg]|||||F
OBX|5|NM|2339-0^GLUCOSE SANGUIN||6.2|mmol/L|3.5-5.7|H|||F
AL1|1||^AMOXICILLINE||URTICAIRE|
AL1|2||^ASPIRINE||OEDEME DE QUINCKE|
AL1|3||^ARACHIDES||CHOC ANAPHYLACTIQUE|
DG1|1|CIM10|I21.0^Infarctus transmural aigu du myocarde, de la paroi antérieure|Infarctus du myocarde||A
DG1|2|CIM10|I10^Hypertension essentielle (primitive)|Hypertension artérielle||C
DG1|3|CIM10|E11.9^Diabète sucré de type 2 sans complication|Diabète de type 2||C
PR1|1|CCAM|DDQH001^Coronarographie|Coronarographie||20240710103015
GT1|1|8291|DUPONT^JEAN^MARC^JR^M||123 RUE PRINCIPALE^^PARIS^^75001^FRA|(01)23456789||19610615|M|P/F|SLF|1234567890123||||
IN1|1|SECURITE SOCIALE|1|CPAM|||||||||||||||||||||||||||||||||||||||||||
2025-07-25 17:54:34 - INFO - respuesta recibida::

MSH|^~\&|IRISHL7|ISC|REGADT|MCM|202507251754||ACK^A01|000001|P|2.5.1|1
MSA|CA|000001



2025-07-25 17:54:34 - INFO - El puerto 2575 en 127.0.0.1 está abierto y accesible.
2025-07-25 17:54:34 - INFO - Mensaje HL7 generado::
MSH|^~\&|REGADT|MCM|IFENG||20250725175434||ADT^A01|000001|P|2.5.1|1||
EVN|A01|199601061000|199601101400|1
PID|||24445670^^^HOPITAL^MRN~FR123456^^^DLNUM^DL|253763|MUNRO^Alice||19310710|M|||77 Rue de Varenne^^PARIS^75^75007^||(01)554437765|(06)098866543|FRENCH|S|C|10199925|1641202898334566
NK1|1|DUPONT^MARIE^|EPOUSE||||ERSONNE A PREVENIR||
PV1|1|H|CARDIO^CHAMBRE201^LIT1||||004777^MARTIN^SOPHIE^DR|||CARDIO|||||ADM|A0|
PV2|||^Chirurgie Programmée||||||||||||||||||||||||||||||||||||||20240712
OBX|1|NM|21612-7^POIDS CORPOREL||52|kg|||||F
OBX|2|NM|8302-2^TAILLE||163|cm|||||F
OBX|3|NM|8480-6^PRESSION ARTERIELLE SYSTOLIQUE||154|mm[Hg]|||||F
OBX|4|NM|8462-4^PRESSION ARTERIELLE DIASTOLIQUE||87|mm[Hg]|||||F
OBX|5|NM|2339-0^GLUCOSE SANGUIN||6.2|mmol/L|3.5-5.7|H|||F
AL1|1||^AMOXICILLINE||URTICAIRE|
AL1|2||^ASPIRINE||OEDEME DE QUINCKE|
AL1|3||^ARACHIDES||CHOC ANAPHYLACTIQUE|
DG1|1|CIM10|I21.0^Infarctus transmural aigu du myocarde, de la paroi antérieure|Infarctus du myocarde||A
DG1|2|CIM10|I10^Hypertension essentielle (primitive)|Hypertension artérielle||C
DG1|3|CIM10|E11.9^Diabète sucré de type 2 sans complication|Diabète de type 2||C
PR1|1|CCAM|DDQH001^Coronarographie|Coronarographie||20240710103015
GT1|1|8291|DUPONT^JEAN^MARC^JR^M||123 RUE PRINCIPALE^^PARIS^^75001^FRA|(01)23456789||19610615|M|P/F|SLF|1234567890123||||
IN1|1|SECURITE SOCIALE|1|CPAM|||||||||||||||||||||||||||||||||||||||||||
2025-07-25 17:54:34 - INFO - respuesta recibida::

MSH|^~\&|IRISHL7|ISC|REGADT|MCM|202507251754||ACK^A01|000001|P|2.5.1|1
MSA|CA|000001



2025-07-25 17:54:34 - INFO - El puerto 2575 en 127.0.0.1 está abierto y accesible.
2025-07-25 17:54:34 - INFO - Mensaje HL7 generado::
MSH|^~\&|REGADT|MCM|IFENG||20250725175434||ADT^A01|000001|P|2.5.1|1||
EVN|A01|199601061000|199601101400|1
PID|||24445670^^^HOPITAL^MRN~FR123456^^^DLNUM^DL|253763|MUNRO^Alice||19310710|M|||77 Rue de Varenne^^PARIS^75^75007^||(01)554437765|(06)098866543|FRENCH|S|C|10199925|1641202898334566
NK1|1|DUPONT^MARIE^|EPOUSE||||ERSONNE A PREVENIR||
PV1|1|H|CARDIO^CHAMBRE201^LIT1||||004777^MARTIN^SOPHIE^DR|||CARDIO|||||ADM|A0|
PV2|||^Chirurgie Programmée||||||||||||||||||||||||||||||||||||||20240712
OBX|1|NM|21612-7^POIDS CORPOREL||52|kg|||||F
OBX|2|NM|8302-2^TAILLE||163|cm|||||F
OBX|3|NM|8480-6^PRESSION ARTERIELLE SYSTOLIQUE||154|mm[Hg]|||||F
OBX|4|NM|8462-4^PRESSION ARTERIELLE DIASTOLIQUE||87|mm[Hg]|||||F
OBX|5|NM|2339-0^GLUCOSE SANGUIN||6.2|mmol/L|3.5-5.7|H|||F
AL1|1||^AMOXICILLINE||URTICAIRE|
AL1|2||^ASPIRINE||OEDEME DE QUINCKE|
AL1|3||^ARACHIDES||CHOC ANAPHYLACTIQUE|
DG1|1|CIM10|I21.0^Infarctus transmural aigu du myocarde, de la paroi antérieure|Infarctus du myocarde||A
DG1|2|CIM10|I10^Hypertension essentielle (primitive)|Hypertension artérielle||C
DG1|3|CIM10|E11.9^Diabète sucré de type 2 sans complication|Diabète de type 2||C
PR1|1|CCAM|DDQH001^Coronarographie|Coronarographie||20240710103015
GT1|1|8291|DUPONT^JEAN^MARC^JR^M||123 RUE PRINCIPALE^^PARIS^^75001^FRA|(01)23456789||19610615|M|P/F|SLF|1234567890123||||
IN1|1|SECURITE SOCIALE|1|CPAM|||||||||||||||||||||||||||||||||||||||||||
2025-07-25 17:54:34 - INFO - respuesta recibida::

MSH|^~\&|IRISHL7|ISC|REGADT|MCM|202507251754||ACK^A01|000001|P|2.5.1|1
MSA|CA|000001



2025-07-25 17:54:34 - INFO - El puerto 2575 en 127.0.0.1 está abierto y accesible.
2025-07-25 17:54:34 - INFO - Mensaje HL7 generado::
MSH|^~\&|REGADT|MCM|IFENG||20250725175434||ADT^A01|000001|P|2.5.1|1||
EVN|A01|199601061000|199601101400|1
PID|||24445670^^^HOPITAL^MRN~FR123456^^^DLNUM^DL|253763|MUNRO^Alice||19310710|M|||77 Rue de Varenne^^PARIS^75^75007^||(01)554437765|(06)098866543|FRENCH|S|C|10199925|1641202898334566
NK1|1|DUPONT^MARIE^|EPOUSE||||ERSONNE A PREVENIR||
PV1|1|H|CARDIO^CHAMBRE201^LIT1||||004777^MARTIN^SOPHIE^DR|||CARDIO|||||ADM|A0|
PV2|||^Chirurgie Programmée||||||||||||||||||||||||||||||||||||||20240712
OBX|1|NM|21612-7^POIDS CORPOREL||52|kg|||||F
OBX|2|NM|8302-2^TAILLE||163|cm|||||F
OBX|3|NM|8480-6^PRESSION ARTERIELLE SYSTOLIQUE||154|mm[Hg]|||||F
OBX|4|NM|8462-4^PRESSION ARTERIELLE DIASTOLIQUE||87|mm[Hg]|||||F
OBX|5|NM|2339-0^GLUCOSE SANGUIN||6.2|mmol/L|3.5-5.7|H|||F
AL1|1||^AMOXICILLINE||URTICAIRE|
AL1|2||^ASPIRINE||OEDEME DE QUINCKE|
AL1|3||^ARACHIDES||CHOC ANAPHYLACTIQUE|
DG1|1|CIM10|I21.0^Infarctus transmural aigu du myocarde, de la paroi antérieure|Infarctus du myocarde||A
DG1|2|CIM10|I10^Hypertension essentielle (primitive)|Hypertension artérielle||C
DG1|3|CIM10|E11.9^Diabète sucré de type 2 sans complication|Diabète de type 2||C
PR1|1|CCAM|DDQH001^Coronarographie|Coronarographie||20240710103015
GT1|1|8291|DUPONT^JEAN^MARC^JR^M||123 RUE PRINCIPALE^^PARIS^^75001^FRA|(01)23456789||19610615|M|P/F|SLF|1234567890123||||
IN1|1|SECURITE SOCIALE|1|CPAM|||||||||||||||||||||||||||||||||||||||||||
2025-07-25 17:54:34 - INFO - respuesta recibida::

MSH|^~\&|IRISHL7|ISC|REGADT|MCM|202507251754||ACK^A01|000001|P|2.5.1|1
MSA|CA|000001



2025-07-25 17:54:35 - INFO - El puerto 2575 en 127.0.0.1 está abierto y accesible.
2025-07-25 17:54:35 - INFO - Mensaje HL7 generado::
MSH|^~\&|REGADT|MCM|IFENG||20250725175435||ADT^A01|000001|P|2.5.1|1||
EVN|A01|199601061000|199601101400|1
PID|||24445670^^^HOPITAL^MRN~FR123456^^^DLNUM^DL|253763|MUNRO^Alice||19310710|M|||77 Rue de Varenne^^PARIS^75^75007^||(01)554437765|(06)098866543|FRENCH|S|C|10199925|1641202898334566
NK1|1|DUPONT^MARIE^|EPOUSE||||ERSONNE A PREVENIR||
PV1|1|H|CARDIO^CHAMBRE201^LIT1||||004777^MARTIN^SOPHIE^DR|||CARDIO|||||ADM|A0|
PV2|||^Chirurgie Programmée||||||||||||||||||||||||||||||||||||||20240712
OBX|1|NM|21612-7^POIDS CORPOREL||52|kg|||||F
OBX|2|NM|8302-2^TAILLE||163|cm|||||F
OBX|3|NM|8480-6^PRESSION ARTERIELLE SYSTOLIQUE||154|mm[Hg]|||||F
OBX|4|NM|8462-4^PRESSION ARTERIELLE DIASTOLIQUE||87|mm[Hg]|||||F
OBX|5|NM|2339-0^GLUCOSE SANGUIN||6.2|mmol/L|3.5-5.7|H|||F
AL1|1||^AMOXICILLINE||URTICAIRE|
AL1|2||^ASPIRINE||OEDEME DE QUINCKE|
AL1|3||^ARACHIDES||CHOC ANAPHYLACTIQUE|
DG1|1|CIM10|I21.0^Infarctus transmural aigu du myocarde, de la paroi antérieure|Infarctus du myocarde||A
DG1|2|CIM10|I10^Hypertension essentielle (primitive)|Hypertension artérielle||C
DG1|3|CIM10|E11.9^Diabète sucré de type 2 sans complication|Diabète de type 2||C
PR1|1|CCAM|DDQH001^Coronarographie|Coronarographie||20240710103015
GT1|1|8291|DUPONT^JEAN^MARC^JR^M||123 RUE PRINCIPALE^^PARIS^^75001^FRA|(01)23456789||19610615|M|P/F|SLF|1234567890123||||
IN1|1|SECURITE SOCIALE|1|CPAM|||||||||||||||||||||||||||||||||||||||||||
2025-07-25 17:54:35 - INFO - respuesta recibida::

MSH|^~\&|IRISHL7|ISC|REGADT|MCM|202507251754||ACK^A01|000001|P|2.5.1|1
MSA|CA|000001



2025-07-25 17:54:35 - INFO - El puerto 2575 en 127.0.0.1 está abierto y accesible.
2025-07-25 17:54:35 - INFO - Mensaje HL7 generado::
MSH|^~\&|REGADT|MCM|IFENG||20250725175435||ADT^A01|000001|P|2.5.1|1||
EVN|A01|199601061000|199601101400|1
PID|||24445670^^^HOPITAL^MRN~FR123456^^^DLNUM^DL|253763|MUNRO^Alice||19310710|M|||77 Rue de Varenne^^PARIS^75^75007^||(01)554437765|(06)098866543|FRENCH|S|C|10199925|1641202898334566
NK1|1|DUPONT^MARIE^|EPOUSE||||ERSONNE A PREVENIR||
PV1|1|H|CARDIO^CHAMBRE201^LIT1||||004777^MARTIN^SOPHIE^DR|||CARDIO|||||ADM|A0|
PV2|||^Chirurgie Programmée||||||||||||||||||||||||||||||||||||||20240712
OBX|1|NM|21612-7^POIDS CORPOREL||52|kg|||||F
OBX|2|NM|8302-2^TAILLE||163|cm|||||F
OBX|3|NM|8480-6^PRESSION ARTERIELLE SYSTOLIQUE||154|mm[Hg]|||||F
OBX|4|NM|8462-4^PRESSION ARTERIELLE DIASTOLIQUE||87|mm[Hg]|||||F
OBX|5|NM|2339-0^GLUCOSE SANGUIN||6.2|mmol/L|3.5-5.7|H|||F
AL1|1||^AMOXICILLINE||URTICAIRE|
AL1|2||^ASPIRINE||OEDEME DE QUINCKE|
AL1|3||^ARACHIDES||CHOC ANAPHYLACTIQUE|
DG1|1|CIM10|I21.0^Infarctus transmural aigu du myocarde, de la paroi antérieure|Infarctus du myocarde||A
DG1|2|CIM10|I10^Hypertension essentielle (primitive)|Hypertension artérielle||C
DG1|3|CIM10|E11.9^Diabète sucré de type 2 sans complication|Diabète de type 2||C
PR1|1|CCAM|DDQH001^Coronarographie|Coronarographie||20240710103015
GT1|1|8291|DUPONT^JEAN^MARC^JR^M||123 RUE PRINCIPALE^^PARIS^^75001^FRA|(01)23456789||19610615|M|P/F|SLF|1234567890123||||
IN1|1|SECURITE SOCIALE|1|CPAM|||||||||||||||||||||||||||||||||||||||||||
2025-07-25 17:54:35 - INFO - respuesta recibida::

MSH|^~\&|IRISHL7|ISC|REGADT|MCM|202507251754||ACK^A01|000001|P|2.5.1|1
MSA|CA|000001



2025-07-25 17:54:35 - INFO - El puerto 2575 en 127.0.0.1 está abierto y accesible.
2025-07-25 17:54:35 - INFO - Mensaje HL7 generado::
MSH|^~\&|REGADT|MCM|IFENG||20250725175435||ADT^A01|000001|P|2.5.1|1||
EVN|A01|199601061000|199601101400|1
PID|||24445670^^^HOPITAL^MRN~FR123456^^^DLNUM^DL|253763|MUNRO^Alice||19310710|M|||77 Rue de Varenne^^PARIS^75^75007^||(01)554437765|(06)098866543|FRENCH|S|C|10199925|1641202898334566
NK1|1|DUPONT^MARIE^|EPOUSE||||ERSONNE A PREVENIR||
PV1|1|H|CARDIO^CHAMBRE201^LIT1||||004777^MARTIN^SOPHIE^DR|||CARDIO|||||ADM|A0|
PV2|||^Chirurgie Programmée||||||||||||||||||||||||||||||||||||||20240712
OBX|1|NM|21612-7^POIDS CORPOREL||52|kg|||||F
OBX|2|NM|8302-2^TAILLE||163|cm|||||F
OBX|3|NM|8480-6^PRESSION ARTERIELLE SYSTOLIQUE||154|mm[Hg]|||||F
OBX|4|NM|8462-4^PRESSION ARTERIELLE DIASTOLIQUE||87|mm[Hg]|||||F
OBX|5|NM|2339-0^GLUCOSE SANGUIN||6.2|mmol/L|3.5-5.7|H|||F
AL1|1||^AMOXICILLINE||URTICAIRE|
AL1|2||^ASPIRINE||OEDEME DE QUINCKE|
AL1|3||^ARACHIDES||CHOC ANAPHYLACTIQUE|
DG1|1|CIM10|I21.0^Infarctus transmural aigu du myocarde, de la paroi antérieure|Infarctus du myocarde||A
DG1|2|CIM10|I10^Hypertension essentielle (primitive)|Hypertension artérielle||C
DG1|3|CIM10|E11.9^Diabète sucré de type 2 sans complication|Diabète de type 2||C
PR1|1|CCAM|DDQH001^Coronarographie|Coronarographie||20240710103015
GT1|1|8291|DUPONT^JEAN^MARC^JR^M||123 RUE PRINCIPALE^^PARIS^^75001^FRA|(01)23456789||19610615|M|P/F|SLF|1234567890123||||
IN1|1|SECURITE SOCIALE|1|CPAM|||||||||||||||||||||||||||||||||||||||||||
2025-07-25 17:54:35 - INFO - respuesta recibida::

MSH|^~\&|IRISHL7|ISC|REGADT|MCM|202507251754||ACK^A01|000001|P|2.5.1|1
MSA|CA|000001



2025-07-25 17:54:35 - INFO - El puerto 2575 en 127.0.0.1 está abierto y accesible.
2025-07-25 17:54:35 - INFO - Mensaje HL7 generado::
MSH|^~\&|REGADT|MCM|IFENG||20250725175435||ADT^A01|000001|P|2.5.1|1||
EVN|A01|199601061000|199601101400|1
PID|||24445670^^^HOPITAL^MRN~FR123456^^^DLNUM^DL|253763|MUNRO^Alice||19310710|M|||77 Rue de Varenne^^PARIS^75^75007^||(01)554437765|(06)098866543|FRENCH|S|C|10199925|1641202898334566
NK1|1|DUPONT^MARIE^|EPOUSE||||ERSONNE A PREVENIR||
PV1|1|H|CARDIO^CHAMBRE201^LIT1||||004777^MARTIN^SOPHIE^DR|||CARDIO|||||ADM|A0|
PV2|||^Chirurgie Programmée||||||||||||||||||||||||||||||||||||||20240712
OBX|1|NM|21612-7^POIDS CORPOREL||52|kg|||||F
OBX|2|NM|8302-2^TAILLE||163|cm|||||F
OBX|3|NM|8480-6^PRESSION ARTERIELLE SYSTOLIQUE||154|mm[Hg]|||||F
OBX|4|NM|8462-4^PRESSION ARTERIELLE DIASTOLIQUE||87|mm[Hg]|||||F
OBX|5|NM|2339-0^GLUCOSE SANGUIN||6.2|mmol/L|3.5-5.7|H|||F
AL1|1||^AMOXICILLINE||URTICAIRE|
AL1|2||^ASPIRINE||OEDEME DE QUINCKE|
AL1|3||^ARACHIDES||CHOC ANAPHYLACTIQUE|
DG1|1|CIM10|I21.0^Infarctus transmural aigu du myocarde, de la paroi antérieure|Infarctus du myocarde||A
DG1|2|CIM10|I10^Hypertension essentielle (primitive)|Hypertension artérielle||C
DG1|3|CIM10|E11.9^Diabète sucré de type 2 sans complication|Diabète de type 2||C
PR1|1|CCAM|DDQH001^Coronarographie|Coronarographie||20240710103015
GT1|1|8291|DUPONT^JEAN^MARC^JR^M||123 RUE PRINCIPALE^^PARIS^^75001^FRA|(01)23456789||19610615|M|P/F|SLF|1234567890123||||
IN1|1|SECURITE SOCIALE|1|CPAM|||||||||||||||||||||||||||||||||||||||||||
2025-07-25 17:54:35 - INFO - respuesta recibida::

MSH|^~\&|IRISHL7|ISC|REGADT|MCM|202507251754||ACK^A01|000001|P|2.5.1|1
MSA|CA|000001



2025-07-25 17:54:35 - INFO - El puerto 2575 en 127.0.0.1 está abierto y accesible.
2025-07-25 17:54:35 - INFO - Mensaje HL7 generado::
MSH|^~\&|REGADT|MCM|IFENG||20250725175435||ADT^A01|000001|P|2.5.1|1||
EVN|A01|199601061000|199601101400|1
PID|||24445670^^^HOPITAL^MRN~FR123456^^^DLNUM^DL|253763|MUNRO^Alice||19310710|M|||77 Rue de Varenne^^PARIS^75^75007^||(01)554437765|(06)098866543|FRENCH|S|C|10199925|1641202898334566
NK1|1|DUPONT^MARIE^|EPOUSE||||ERSONNE A PREVENIR||
PV1|1|H|CARDIO^CHAMBRE201^LIT1||||004777^MARTIN^SOPHIE^DR|||CARDIO|||||ADM|A0|
PV2|||^Chirurgie Programmée||||||||||||||||||||||||||||||||||||||20240712
OBX|1|NM|21612-7^POIDS CORPOREL||52|kg|||||F
OBX|2|NM|8302-2^TAILLE||163|cm|||||F
OBX|3|NM|8480-6^PRESSION ARTERIELLE SYSTOLIQUE||154|mm[Hg]|||||F
OBX|4|NM|8462-4^PRESSION ARTERIELLE DIASTOLIQUE||87|mm[Hg]|||||F
OBX|5|NM|2339-0^GLUCOSE SANGUIN||6.2|mmol/L|3.5-5.7|H|||F
AL1|1||^AMOXICILLINE||URTICAIRE|
AL1|2||^ASPIRINE||OEDEME DE QUINCKE|
AL1|3||^ARACHIDES||CHOC ANAPHYLACTIQUE|
DG1|1|CIM10|I21.0^Infarctus transmural aigu du myocarde, de la paroi antérieure|Infarctus du myocarde||A
DG1|2|CIM10|I10^Hypertension essentielle (primitive)|Hypertension artérielle||C
DG1|3|CIM10|E11.9^Diabète sucré de type 2 sans complication|Diabète de type 2||C
PR1|1|CCAM|DDQH001^Coronarographie|Coronarographie||20240710103015
GT1|1|8291|DUPONT^JEAN^MARC^JR^M||123 RUE PRINCIPALE^^PARIS^^75001^FRA|(01)23456789||19610615|M|P/F|SLF|1234567890123||||
IN1|1|SECURITE SOCIALE|1|CPAM|||||||||||||||||||||||||||||||||||||||||||
2025-07-25 17:54:35 - INFO - respuesta recibida::

MSH|^~\&|IRISHL7|ISC|REGADT|MCM|202507251754||ACK^A01|000001|P|2.5.1|1
MSA|CA|000001



2025-07-25 17:54:36 - INFO - El puerto 2575 en 127.0.0.1 está abierto y accesible.
2025-07-25 17:54:36 - INFO - Mensaje HL7 generado::
MSH|^~\&|REGADT|MCM|IFENG||20250725175436||ADT^A01|000001|P|2.5.1|1||
EVN|A01|199601061000|199601101400|1
PID|||24445670^^^HOPITAL^MRN~FR123456^^^DLNUM^DL|253763|MUNRO^Alice||19310710|M|||77 Rue de Varenne^^PARIS^75^75007^||(01)554437765|(06)098866543|FRENCH|S|C|10199925|1641202898334566
NK1|1|DUPONT^MARIE^|EPOUSE||||ERSONNE A PREVENIR||
PV1|1|H|CARDIO^CHAMBRE201^LIT1||||004777^MARTIN^SOPHIE^DR|||CARDIO|||||ADM|A0|
PV2|||^Chirurgie Programmée||||||||||||||||||||||||||||||||||||||20240712
OBX|1|NM|21612-7^POIDS CORPOREL||52|kg|||||F
OBX|2|NM|8302-2^TAILLE||163|cm|||||F
OBX|3|NM|8480-6^PRESSION ARTERIELLE SYSTOLIQUE||154|mm[Hg]|||||F
OBX|4|NM|8462-4^PRESSION ARTERIELLE DIASTOLIQUE||87|mm[Hg]|||||F
OBX|5|NM|2339-0^GLUCOSE SANGUIN||6.2|mmol/L|3.5-5.7|H|||F
AL1|1||^AMOXICILLINE||URTICAIRE|
AL1|2||^ASPIRINE||OEDEME DE QUINCKE|
AL1|3||^ARACHIDES||CHOC ANAPHYLACTIQUE|
DG1|1|CIM10|I21.0^Infarctus transmural aigu du myocarde, de la paroi antérieure|Infarctus du myocarde||A
DG1|2|CIM10|I10^Hypertension essentielle (primitive)|Hypertension artérielle||C
DG1|3|CIM10|E11.9^Diabète sucré de type 2 sans complication|Diabète de type 2||C
PR1|1|CCAM|DDQH001^Coronarographie|Coronarographie||20240710103015
GT1|1|8291|DUPONT^JEAN^MARC^JR^M||123 RUE PRINCIPALE^^PARIS^^75001^FRA|(01)23456789||19610615|M|P/F|SLF|1234567890123||||
IN1|1|SECURITE SOCIALE|1|CPAM|||||||||||||||||||||||||||||||||||||||||||
2025-07-25 17:54:36 - INFO - respuesta recibida::

MSH|^~\&|IRISHL7|ISC|REGADT|MCM|202507251754||ACK^A01|000001|P|2.5.1|1
MSA|CA|000001



2025-07-25 17:54:36 - INFO - El puerto 2575 en 127.0.0.1 está abierto y accesible.
2025-07-25 17:54:36 - INFO - Mensaje HL7 generado::
MSH|^~\&|REGADT|MCM|IFENG||20250725175436||ADT^A01|000001|P|2.5.1|1||
EVN|A01|199601061000|199601101400|1
PID|||24445670^^^HOPITAL^MRN~FR123456^^^DLNUM^DL|253763|MUNRO^Alice||19310710|M|||77 Rue de Varenne^^PARIS^75^75007^||(01)554437765|(06)098866543|FRENCH|S|C|10199925|1641202898334566
NK1|1|DUPONT^MARIE^|EPOUSE||||ERSONNE A PREVENIR||
PV1|1|H|CARDIO^CHAMBRE201^LIT1||||004777^MARTIN^SOPHIE^DR|||CARDIO|||||ADM|A0|
PV2|||^Chirurgie Programmée||||||||||||||||||||||||||||||||||||||20240712
OBX|1|NM|21612-7^POIDS CORPOREL||52|kg|||||F
OBX|2|NM|8302-2^TAILLE||163|cm|||||F
OBX|3|NM|8480-6^PRESSION ARTERIELLE SYSTOLIQUE||154|mm[Hg]|||||F
OBX|4|NM|8462-4^PRESSION ARTERIELLE DIASTOLIQUE||87|mm[Hg]|||||F
OBX|5|NM|2339-0^GLUCOSE SANGUIN||6.2|mmol/L|3.5-5.7|H|||F
AL1|1||^AMOXICILLINE||URTICAIRE|
AL1|2||^ASPIRINE||OEDEME DE QUINCKE|
AL1|3||^ARACHIDES||CHOC ANAPHYLACTIQUE|
DG1|1|CIM10|I21.0^Infarctus transmural aigu du myocarde, de la paroi antérieure|Infarctus du myocarde||A
DG1|2|CIM10|I10^Hypertension essentielle (primitive)|Hypertension artérielle||C
DG1|3|CIM10|E11.9^Diabète sucré de type 2 sans complication|Diabète de type 2||C
PR1|1|CCAM|DDQH001^Coronarographie|Coronarographie||20240710103015
GT1|1|8291|DUPONT^JEAN^MARC^JR^M||123 RUE PRINCIPALE^^PARIS^^75001^FRA|(01)23456789||19610615|M|P/F|SLF|1234567890123||||
IN1|1|SECURITE SOCIALE|1|CPAM|||||||||||||||||||||||||||||||||||||||||||
2025-07-25 17:54:36 - INFO - respuesta recibida::

MSH|^~\&|IRISHL7|ISC|REGADT|MCM|202507251754||ACK^A01|000001|P|2.5.1|1
MSA|CA|000001



2025-07-25 17:54:36 - INFO - El puerto 2575 en 127.0.0.1 está abierto y accesible.
2025-07-25 17:54:36 - INFO - Mensaje HL7 generado::
MSH|^~\&|REGADT|MCM|IFENG||20250725175436||ADT^A01|000001|P|2.5.1|1||
EVN|A01|199601061000|199601101400|1
PID|||24445670^^^HOPITAL^MRN~FR123456^^^DLNUM^DL|253763|MUNRO^Alice||19310710|M|||77 Rue de Varenne^^PARIS^75^75007^||(01)554437765|(06)098866543|FRENCH|S|C|10199925|1641202898334566
NK1|1|DUPONT^MARIE^|EPOUSE||||ERSONNE A PREVENIR||
PV1|1|H|CARDIO^CHAMBRE201^LIT1||||004777^MARTIN^SOPHIE^DR|||CARDIO|||||ADM|A0|
PV2|||^Chirurgie Programmée||||||||||||||||||||||||||||||||||||||20240712
OBX|1|NM|21612-7^POIDS CORPOREL||52|kg|||||F
OBX|2|NM|8302-2^TAILLE||163|cm|||||F
OBX|3|NM|8480-6^PRESSION ARTERIELLE SYSTOLIQUE||154|mm[Hg]|||||F
OBX|4|NM|8462-4^PRESSION ARTERIELLE DIASTOLIQUE||87|mm[Hg]|||||F
OBX|5|NM|2339-0^GLUCOSE SANGUIN||6.2|mmol/L|3.5-5.7|H|||F
AL1|1||^AMOXICILLINE||URTICAIRE|
AL1|2||^ASPIRINE||OEDEME DE QUINCKE|
AL1|3||^ARACHIDES||CHOC ANAPHYLACTIQUE|
DG1|1|CIM10|I21.0^Infarctus transmural aigu du myocarde, de la paroi antérieure|Infarctus du myocarde||A
DG1|2|CIM10|I10^Hypertension essentielle (primitive)|Hypertension artérielle||C
DG1|3|CIM10|E11.9^Diabète sucré de type 2 sans complication|Diabète de type 2||C
PR1|1|CCAM|DDQH001^Coronarographie|Coronarographie||20240710103015
GT1|1|8291|DUPONT^JEAN^MARC^JR^M||123 RUE PRINCIPALE^^PARIS^^75001^FRA|(01)23456789||19610615|M|P/F|SLF|1234567890123||||
IN1|1|SECURITE SOCIALE|1|CPAM|||||||||||||||||||||||||||||||||||||||||||
2025-07-25 17:54:36 - INFO - respuesta recibida::

MSH|^~\&|IRISHL7|ISC|REGADT|MCM|202507251754||ACK^A01|000001|P|2.5.1|1
MSA|CA|000001



2025-07-25 17:54:36 - INFO - El puerto 2575 en 127.0.0.1 está abierto y accesible.
2025-07-25 17:54:36 - INFO - Mensaje HL7 generado::
MSH|^~\&|REGADT|MCM|IFENG||20250725175436||ADT^A01|000001|P|2.5.1|1||
EVN|A01|199601061000|199601101400|1
PID|||24445670^^^HOPITAL^MRN~FR123456^^^DLNUM^DL|253763|MUNRO^Alice||19310710|M|||77 Rue de Varenne^^PARIS^75^75007^||(01)554437765|(06)098866543|FRENCH|S|C|10199925|1641202898334566
NK1|1|DUPONT^MARIE^|EPOUSE||||ERSONNE A PREVENIR||
PV1|1|H|CARDIO^CHAMBRE201^LIT1||||004777^MARTIN^SOPHIE^DR|||CARDIO|||||ADM|A0|
PV2|||^Chirurgie Programmée||||||||||||||||||||||||||||||||||||||20240712
OBX|1|NM|21612-7^POIDS CORPOREL||52|kg|||||F
OBX|2|NM|8302-2^TAILLE||163|cm|||||F
OBX|3|NM|8480-6^PRESSION ARTERIELLE SYSTOLIQUE||154|mm[Hg]|||||F
OBX|4|NM|8462-4^PRESSION ARTERIELLE DIASTOLIQUE||87|mm[Hg]|||||F
OBX|5|NM|2339-0^GLUCOSE SANGUIN||6.2|mmol/L|3.5-5.7|H|||F
AL1|1||^AMOXICILLINE||URTICAIRE|
AL1|2||^ASPIRINE||OEDEME DE QUINCKE|
AL1|3||^ARACHIDES||CHOC ANAPHYLACTIQUE|
DG1|1|CIM10|I21.0^Infarctus transmural aigu du myocarde, de la paroi antérieure|Infarctus du myocarde||A
DG1|2|CIM10|I10^Hypertension essentielle (primitive)|Hypertension artérielle||C
DG1|3|CIM10|E11.9^Diabète sucré de type 2 sans complication|Diabète de type 2||C
PR1|1|CCAM|DDQH001^Coronarographie|Coronarographie||20240710103015
GT1|1|8291|DUPONT^JEAN^MARC^JR^M||123 RUE PRINCIPALE^^PARIS^^75001^FRA|(01)23456789||19610615|M|P/F|SLF|1234567890123||||
IN1|1|SECURITE SOCIALE|1|CPAM|||||||||||||||||||||||||||||||||||||||||||
2025-07-25 17:54:36 - ERROR - Error al enviar HL7 ::
[Errno 54] Connection reset by peer
2025-07-25 17:54:36 - INFO - El puerto 2575 en 127.0.0.1 está abierto y accesible.
2025-07-25 17:54:36 - INFO - Mensaje HL7 generado::
MSH|^~\&|REGADT|MCM|IFENG||20250725175436||ADT^A01|000001|P|2.5.1|1||
EVN|A01|199601061000|199601101400|1
PID|||24445670^^^HOPITAL^MRN~FR123456^^^DLNUM^DL|253763|MUNRO^Alice||19310710|M|||77 Rue de Varenne^^PARIS^75^75007^||(01)554437765|(06)098866543|FRENCH|S|C|10199925|1641202898334566
NK1|1|DUPONT^MARIE^|EPOUSE||||ERSONNE A PREVENIR||
PV1|1|H|CARDIO^CHAMBRE201^LIT1||||004777^MARTIN^SOPHIE^DR|||CARDIO|||||ADM|A0|
PV2|||^Chirurgie Programmée||||||||||||||||||||||||||||||||||||||20240712
OBX|1|NM|21612-7^POIDS CORPOREL||52|kg|||||F
OBX|2|NM|8302-2^TAILLE||163|cm|||||F
OBX|3|NM|8480-6^PRESSION ARTERIELLE SYSTOLIQUE||154|mm[Hg]|||||F
OBX|4|NM|8462-4^PRESSION ARTERIELLE DIASTOLIQUE||87|mm[Hg]|||||F
OBX|5|NM|2339-0^GLUCOSE SANGUIN||6.2|mmol/L|3.5-5.7|H|||F
AL1|1||^AMOXICILLINE||URTICAIRE|
AL1|2||^ASPIRINE||OEDEME DE QUINCKE|
AL1|3||^ARACHIDES||CHOC ANAPHYLACTIQUE|
DG1|1|CIM10|I21.0^Infarctus transmural aigu du myocarde, de la paroi antérieure|Infarctus du myocarde||A
DG1|2|CIM10|I10^Hypertension essentielle (primitive)|Hypertension artérielle||C
DG1|3|CIM10|E11.9^Diabète sucré de type 2 sans complication|Diabète de type 2||C
PR1|1|CCAM|DDQH001^Coronarographie|Coronarographie||20240710103015
GT1|1|8291|DUPONT^JEAN^MARC^JR^M||123 RUE PRINCIPALE^^PARIS^^75001^FRA|(01)23456789||19610615|M|P/F|SLF|1234567890123||||
IN1|1|SECURITE SOCIALE|1|CPAM|||||||||||||||||||||||||||||||||||||||||||
2025-07-25 17:54:36 - INFO - respuesta recibida::

MSH|^~\&|IRISHL7|ISC|REGADT|MCM|202507251754||ACK^A01|000001|P|2.5.1|1
MSA|CA|000001



2025-07-25 17:54:36 - INFO - El puerto 2575 en 127.0.0.1 está abierto y accesible.
2025-07-25 17:54:36 - INFO - Mensaje HL7 generado::
MSH|^~\&|REGADT|MCM|IFENG||20250725175436||ADT^A01|000001|P|2.5.1|1||
EVN|A01|199601061000|199601101400|1
PID|||24445670^^^HOPITAL^MRN~FR123456^^^DLNUM^DL|253763|MUNRO^Alice||19310710|M|||77 Rue de Varenne^^PARIS^75^75007^||(01)554437765|(06)098866543|FRENCH|S|C|10199925|1641202898334566
NK1|1|DUPONT^MARIE^|EPOUSE||||ERSONNE A PREVENIR||
PV1|1|H|CARDIO^CHAMBRE201^LIT1||||004777^MARTIN^SOPHIE^DR|||CARDIO|||||ADM|A0|
PV2|||^Chirurgie Programmée||||||||||||||||||||||||||||||||||||||20240712
OBX|1|NM|21612-7^POIDS CORPOREL||52|kg|||||F
OBX|2|NM|8302-2^TAILLE||163|cm|||||F
OBX|3|NM|8480-6^PRESSION ARTERIELLE SYSTOLIQUE||154|mm[Hg]|||||F
OBX|4|NM|8462-4^PRESSION ARTERIELLE DIASTOLIQUE||87|mm[Hg]|||||F
OBX|5|NM|2339-0^GLUCOSE SANGUIN||6.2|mmol/L|3.5-5.7|H|||F
AL1|1||^AMOXICILLINE||URTICAIRE|
AL1|2||^ASPIRINE||OEDEME DE QUINCKE|
AL1|3||^ARACHIDES||CHOC ANAPHYLACTIQUE|
DG1|1|CIM10|I21.0^Infarctus transmural aigu du myocarde, de la paroi antérieure|Infarctus du myocarde||A
DG1|2|CIM10|I10^Hypertension essentielle (primitive)|Hypertension artérielle||C
DG1|3|CIM10|E11.9^Diabète sucré de type 2 sans complication|Diabète de type 2||C
PR1|1|CCAM|DDQH001^Coronarographie|Coronarographie||20240710103015
GT1|1|8291|DUPONT^JEAN^MARC^JR^M||123 RUE PRINCIPALE^^PARIS^^75001^FRA|(01)23456789||19610615|M|P/F|SLF|1234567890123||||
IN1|1|SECURITE SOCIALE|1|CPAM|||||||||||||||||||||||||||||||||||||||||||
2025-07-25 17:54:36 - INFO - respuesta recibida::

MSH|^~\&|IRISHL7|ISC|REGADT|MCM|202507251754||ACK^A01|000001|P|2.5.1|1
MSA|CA|000001



2025-07-25 17:55:11 - INFO - Le port 2575 sur 127.0.0.1 est ouvert et accessible.
2025-07-25 17:55:11 - INFO - Message HL7 généré::
MSH|^~\&|REGADT|MCM|IFENG||20250725175511||ADT^A01|000001|P|2.5.1|1||
EVN|A01|199601061000|199601101400|1
PID|||24445670^^^HOPITAL^MRN~FR123456^^^DLNUM^DL|253763|MUNRO^Alice||19310710|M|||77 Rue de Varenne^^PARIS^75^75007^||(01)554437765|(06)098866543|FRENCH|S|C|10199925|1641202898334566
NK1|1|DUPONT^MARIE^|EPOUSE||||ERSONNE A PREVENIR||
PV1|1|H|CARDIO^CHAMBRE201^LIT1||||004777^MARTIN^SOPHIE^DR|||CARDIO|||||ADM|A0|
PV2|||^Chirurgie Programmée||||||||||||||||||||||||||||||||||||||20240712
OBX|1|NM|21612-7^POIDS CORPOREL||52|kg|||||F
OBX|2|NM|8302-2^TAILLE||163|cm|||||F
OBX|3|NM|8480-6^PRESSION ARTERIELLE SYSTOLIQUE||154|mm[Hg]|||||F
OBX|4|NM|8462-4^PRESSION ARTERIELLE DIASTOLIQUE||87|mm[Hg]|||||F
OBX|5|NM|2339-0^GLUCOSE SANGUIN||6.2|mmol/L|3.5-5.7|H|||F
AL1|1||^AMOXICILLINE||URTICAIRE|
AL1|2||^ASPIRINE||OEDEME DE QUINCKE|
AL1|3||^ARACHIDES||CHOC ANAPHYLACTIQUE|
DG1|1|CIM10|I21.0^Infarctus transmural aigu du myocarde, de la paroi antérieure|Infarctus du myocarde||A
DG1|2|CIM10|I10^Hypertension essentielle (primitive)|Hypertension artérielle||C
DG1|3|CIM10|E11.9^Diabète sucré de type 2 sans complication|Diabète de type 2||C
PR1|1|CCAM|DDQH001^Coronarographie|Coronarographie||20240710103015
GT1|1|8291|DUPONT^JEAN^MARC^JR^M||123 RUE PRINCIPALE^^PARIS^^75001^FRA|(01)23456789||19610615|M|P/F|SLF|1234567890123||||
IN1|1|SECURITE SOCIALE|1|CPAM|||||||||||||||||||||||||||||||||||||||||||
2025-07-25 17:55:11 - INFO - réponse reçue::

MSH|^~\&|IRISHL7|ISC|REGADT|MCM|202507251755||ACK^A01|000001|P|2.5.1|1
MSA|CA|000001



2025-07-25 17:55:12 - INFO - Le port 2575 sur 127.0.0.1 est ouvert et accessible.
2025-07-25 17:55:12 - INFO - Message HL7 généré::
MSH|^~\&|REGADT|MCM|IFENG||20250725175512||ADT^A01|000001|P|2.5.1|1||
EVN|A01|199601061000|199601101400|1
PID|||24445670^^^HOPITAL^MRN~FR123456^^^DLNUM^DL|253763|MUNRO^Alice||19310710|M|||77 Rue de Varenne^^PARIS^75^75007^||(01)554437765|(06)098866543|FRENCH|S|C|10199925|1641202898334566
NK1|1|DUPONT^MARIE^|EPOUSE||||ERSONNE A PREVENIR||
PV1|1|H|CARDIO^CHAMBRE201^LIT1||||004777^MARTIN^SOPHIE^DR|||CARDIO|||||ADM|A0|
PV2|||^Chirurgie Programmée||||||||||||||||||||||||||||||||||||||20240712
OBX|1|NM|21612-7^POIDS CORPOREL||52|kg|||||F
OBX|2|NM|8302-2^TAILLE||163|cm|||||F
OBX|3|NM|8480-6^PRESSION ARTERIELLE SYSTOLIQUE||154|mm[Hg]|||||F
OBX|4|NM|8462-4^PRESSION ARTERIELLE DIASTOLIQUE||87|mm[Hg]|||||F
OBX|5|NM|2339-0^GLUCOSE SANGUIN||6.2|mmol/L|3.5-5.7|H|||F
AL1|1||^AMOXICILLINE||URTICAIRE|
AL1|2||^ASPIRINE||OEDEME DE QUINCKE|
AL1|3||^ARACHIDES||CHOC ANAPHYLACTIQUE|
DG1|1|CIM10|I21.0^Infarctus transmural aigu du myocarde, de la paroi antérieure|Infarctus du myocarde||A
DG1|2|CIM10|I10^Hypertension essentielle (primitive)|Hypertension artérielle||C
DG1|3|CIM10|E11.9^Diabète sucré de type 2 sans complication|Diabète de type 2||C
PR1|1|CCAM|DDQH001^Coronarographie|Coronarographie||20240710103015
GT1|1|8291|DUPONT^JEAN^MARC^JR^M||123 RUE PRINCIPALE^^PARIS^^75001^FRA|(01)23456789||19610615|M|P/F|SLF|1234567890123||||
IN1|1|SECURITE SOCIALE|1|CPAM|||||||||||||||||||||||||||||||||||||||||||
2025-07-25 17:55:12 - INFO - réponse reçue::

MSH|^~\&|IRISHL7|ISC|REGADT|MCM|202507251755||ACK^A01|000001|P|2.5.1|1
MSA|CA|000001



2025-07-25 17:55:12 - INFO - Le port 2575 sur 127.0.0.1 est ouvert et accessible.
2025-07-25 17:55:12 - INFO - Message HL7 généré::
MSH|^~\&|REGADT|MCM|IFENG||20250725175512||ADT^A01|000001|P|2.5.1|1||
EVN|A01|199601061000|199601101400|1
PID|||24445670^^^HOPITAL^MRN~FR123456^^^DLNUM^DL|253763|MUNRO^Alice||19310710|M|||77 Rue de Varenne^^PARIS^75^75007^||(01)554437765|(06)098866543|FRENCH|S|C|10199925|1641202898334566
NK1|1|DUPONT^MARIE^|EPOUSE||||ERSONNE A PREVENIR||
PV1|1|H|CARDIO^CHAMBRE201^LIT1||||004777^MARTIN^SOPHIE^DR|||CARDIO|||||ADM|A0|
PV2|||^Chirurgie Programmée||||||||||||||||||||||||||||||||||||||20240712
OBX|1|NM|21612-7^POIDS CORPOREL||52|kg|||||F
OBX|2|NM|8302-2^TAILLE||163|cm|||||F
OBX|3|NM|8480-6^PRESSION ARTERIELLE SYSTOLIQUE||154|mm[Hg]|||||F
OBX|4|NM|8462-4^PRESSION ARTERIELLE DIASTOLIQUE||87|mm[Hg]|||||F
OBX|5|NM|2339-0^GLUCOSE SANGUIN||6.2|mmol/L|3.5-5.7|H|||F
AL1|1||^AMOXICILLINE||URTICAIRE|
AL1|2||^ASPIRINE||OEDEME DE QUINCKE|
AL1|3||^ARACHIDES||CHOC ANAPHYLACTIQUE|
DG1|1|CIM10|I21.0^Infarctus transmural aigu du myocarde, de la paroi antérieure|Infarctus du myocarde||A
DG1|2|CIM10|I10^Hypertension essentielle (primitive)|Hypertension artérielle||C
DG1|3|CIM10|E11.9^Diabète sucré de type 2 sans complication|Diabète de type 2||C
PR1|1|CCAM|DDQH001^Coronarographie|Coronarographie||20240710103015
GT1|1|8291|DUPONT^JEAN^MARC^JR^M||123 RUE PRINCIPALE^^PARIS^^75001^FRA|(01)23456789||19610615|M|P/F|SLF|1234567890123||||
IN1|1|SECURITE SOCIALE|1|CPAM|||||||||||||||||||||||||||||||||||||||||||
2025-07-25 17:55:12 - ERROR - Erreur lors de l'envoi HL7 ::
[Errno 54] Connection reset by peer
2025-07-25 17:55:13 - INFO - Le port 2575 sur 127.0.0.1 est ouvert et accessible.
2025-07-25 17:55:13 - INFO - Message HL7 généré::
MSH|^~\&|REGADT|MCM|IFENG||20250725175513||ADT^A01|000001|P|2.5.1|1||
EVN|A01|199601061000|199601101400|1
PID|||24445670^^^HOPITAL^MRN~FR123456^^^DLNUM^DL|253763|MUNRO^Alice||19310710|M|||77 Rue de Varenne^^PARIS^75^75007^||(01)554437765|(06)098866543|FRENCH|S|C|10199925|1641202898334566
NK1|1|DUPONT^MARIE^|EPOUSE||||ERSONNE A PREVENIR||
PV1|1|H|CARDIO^CHAMBRE201^LIT1||||004777^MARTIN^SOPHIE^DR|||CARDIO|||||ADM|A0|
PV2|||^Chirurgie Programmée||||||||||||||||||||||||||||||||||||||20240712
OBX|1|NM|21612-7^POIDS CORPOREL||52|kg|||||F
OBX|2|NM|8302-2^TAILLE||163|cm|||||F
OBX|3|NM|8480-6^PRESSION ARTERIELLE SYSTOLIQUE||154|mm[Hg]|||||F
OBX|4|NM|8462-4^PRESSION ARTERIELLE DIASTOLIQUE||87|mm[Hg]|||||F
OBX|5|NM|2339-0^GLUCOSE SANGUIN||6.2|mmol/L|3.5-5.7|H|||F
AL1|1||^AMOXICILLINE||URTICAIRE|
AL1|2||^ASPIRINE||OEDEME DE QUINCKE|
AL1|3||^ARACHIDES||CHOC ANAPHYLACTIQUE|
DG1|1|CIM10|I21.0^Infarctus transmural aigu du myocarde, de la paroi antérieure|Infarctus du myocarde||A
DG1|2|CIM10|I10^Hypertension essentielle (primitive)|Hypertension artérielle||C
DG1|3|CIM10|E11.9^Diabète sucré de type 2 sans complication|Diabète de type 2||C
PR1|1|CCAM|DDQH001^Coronarographie|Coronarographie||20240710103015
GT1|1|8291|DUPONT^JEAN^MARC^JR^M||123 RUE PRINCIPALE^^PARIS^^75001^FRA|(01)23456789||19610615|M|P/F|SLF|1234567890123||||
IN1|1|SECURITE SOCIALE|1|CPAM|||||||||||||||||||||||||||||||||||||||||||
2025-07-25 17:55:13 - INFO - réponse reçue::

MSH|^~\&|IRISHL7|ISC|REGADT|MCM|202507251755||ACK^A01|000001|P|2.5.1|1
MSA|CA|000001



2025-07-25 17:55:13 - INFO - Le port 2575 sur 127.0.0.1 est ouvert et accessible.
2025-07-25 17:55:13 - INFO - Message HL7 généré::
MSH|^~\&|REGADT|MCM|IFENG||20250725175513||ADT^A01|000001|P|2.5.1|1||
EVN|A01|199601061000|199601101400|1
PID|||24445670^^^HOPITAL^MRN~FR123456^^^DLNUM^DL|253763|MUNRO^Alice||19310710|M|||77 Rue de Varenne^^PARIS^75^75007^||(01)554437765|(06)098866543|FRENCH|S|C|10199925|1641202898334566
NK1|1|DUPONT^MARIE^|EPOUSE||||ERSONNE A PREVENIR||
PV1|1|H|CARDIO^CHAMBRE201^LIT1||||004777^MARTIN^SOPHIE^DR|||CARDIO|||||ADM|A0|
PV2|||^Chirurgie Programmée||||||||||||||||||||||||||||||||||||||20240712
OBX|1|NM|21612-7^POIDS CORPOREL||52|kg|||||F
OBX|2|NM|8302-2^TAILLE||163|cm|||||F
OBX|3|NM|8480-6^PRESSION ARTERIELLE SYSTOLIQUE||154|mm[Hg]|||||F
OBX|4|NM|8462-4^PRESSION ARTERIELLE DIASTOLIQUE||87|mm[Hg]|||||F
OBX|5|NM|2339-0^GLUCOSE SANGUIN||6.2|mmol/L|3.5-5.7|H|||F
AL1|1||^AMOXICILLINE||URTICAIRE|
AL1|2||^ASPIRINE||OEDEME DE QUINCKE|
AL1|3||^ARACHIDES||CHOC ANAPHYLACTIQUE|
DG1|1|CIM10|I21.0^Infarctus transmural aigu du myocarde, de la paroi antérieure|Infarctus du myocarde||A
DG1|2|CIM10|I10^Hypertension essentielle (primitive)|Hypertension artérielle||C
DG1|3|CIM10|E11.9^Diabète sucré de type 2 sans complication|Diabète de type 2||C
PR1|1|CCAM|DDQH001^Coronarographie|Coronarographie||20240710103015
GT1|1|8291|DUPONT^JEAN^MARC^JR^M||123 RUE PRINCIPALE^^PARIS^^75001^FRA|(01)23456789||19610615|M|P/F|SLF|1234567890123||||
IN1|1|SECURITE SOCIALE|1|CPAM|||||||||||||||||||||||||||||||||||||||||||
2025-07-25 17:55:13 - INFO - réponse reçue::

MSH|^~\&|IRISHL7|ISC|REGADT|MCM|202507251755||ACK^A01|000001|P|2.5.1|1
MSA|CA|000001



2025-07-25 17:55:13 - INFO - Le port 2575 sur 127.0.0.1 est ouvert et accessible.
2025-07-25 17:55:13 - INFO - Message HL7 généré::
MSH|^~\&|REGADT|MCM|IFENG||20250725175513||ADT^A01|000001|P|2.5.1|1||
EVN|A01|199601061000|199601101400|1
PID|||24445670^^^HOPITAL^MRN~FR123456^^^DLNUM^DL|253763|MUNRO^Alice||19310710|M|||77 Rue de Varenne^^PARIS^75^75007^||(01)554437765|(06)098866543|FRENCH|S|C|10199925|1641202898334566
NK1|1|DUPONT^MARIE^|EPOUSE||||ERSONNE A PREVENIR||
PV1|1|H|CARDIO^CHAMBRE201^LIT1||||004777^MARTIN^SOPHIE^DR|||CARDIO|||||ADM|A0|
PV2|||^Chirurgie Programmée||||||||||||||||||||||||||||||||||||||20240712
OBX|1|NM|21612-7^POIDS CORPOREL||52|kg|||||F
OBX|2|NM|8302-2^TAILLE||163|cm|||||F
OBX|3|NM|8480-6^PRESSION ARTERIELLE SYSTOLIQUE||154|mm[Hg]|||||F
OBX|4|NM|8462-4^PRESSION ARTERIELLE DIASTOLIQUE||87|mm[Hg]|||||F
OBX|5|NM|2339-0^GLUCOSE SANGUIN||6.2|mmol/L|3.5-5.7|H|||F
AL1|1||^AMOXICILLINE||URTICAIRE|
AL1|2||^ASPIRINE||OEDEME DE QUINCKE|
AL1|3||^ARACHIDES||CHOC ANAPHYLACTIQUE|
DG1|1|CIM10|I21.0^Infarctus transmural aigu du myocarde, de la paroi antérieure|Infarctus du myocarde||A
DG1|2|CIM10|I10^Hypertension essentielle (primitive)|Hypertension artérielle||C
DG1|3|CIM10|E11.9^Diabète sucré de type 2 sans complication|Diabète de type 2||C
PR1|1|CCAM|DDQH001^Coronarographie|Coronarographie||20240710103015
GT1|1|8291|DUPONT^JEAN^MARC^JR^M||123 RUE PRINCIPALE^^PARIS^^75001^FRA|(01)23456789||19610615|M|P/F|SLF|1234567890123||||
IN1|1|SECURITE SOCIALE|1|CPAM|||||||||||||||||||||||||||||||||||||||||||
2025-07-25 17:55:13 - ERROR - Erreur lors de l'envoi HL7 ::
[Errno 54] Connection reset by peer
2025-07-25 17:55:14 - INFO - Le port 2575 sur 127.0.0.1 est ouvert et accessible.
2025-07-25 17:55:14 - INFO - Message HL7 généré::
MSH|^~\&|REGADT|MCM|IFENG||20250725175514||ADT^A01|000001|P|2.5.1|1||
EVN|A01|199601061000|199601101400|1
PID|||24445670^^^HOPITAL^MRN~FR123456^^^DLNUM^DL|253763|MUNRO^Alice||19310710|M|||77 Rue de Varenne^^PARIS^75^75007^||(01)554437765|(06)098866543|FRENCH|S|C|10199925|1641202898334566
NK1|1|DUPONT^MARIE^|EPOUSE||||ERSONNE A PREVENIR||
PV1|1|H|CARDIO^CHAMBRE201^LIT1||||004777^MARTIN^SOPHIE^DR|||CARDIO|||||ADM|A0|
PV2|||^Chirurgie Programmée||||||||||||||||||||||||||||||||||||||20240712
OBX|1|NM|21612-7^POIDS CORPOREL||52|kg|||||F
OBX|2|NM|8302-2^TAILLE||163|cm|||||F
OBX|3|NM|8480-6^PRESSION ARTERIELLE SYSTOLIQUE||154|mm[Hg]|||||F
OBX|4|NM|8462-4^PRESSION ARTERIELLE DIASTOLIQUE||87|mm[Hg]|||||F
OBX|5|NM|2339-0^GLUCOSE SANGUIN||6.2|mmol/L|3.5-5.7|H|||F
AL1|1||^AMOXICILLINE||URTICAIRE|
AL1|2||^ASPIRINE||OEDEME DE QUINCKE|
AL1|3||^ARACHIDES||CHOC ANAPHYLACTIQUE|
DG1|1|CIM10|I21.0^Infarctus transmural aigu du myocarde, de la paroi antérieure|Infarctus du myocarde||A
DG1|2|CIM10|I10^Hypertension essentielle (primitive)|Hypertension artérielle||C
DG1|3|CIM10|E11.9^Diabète sucré de type 2 sans complication|Diabète de type 2||C
PR1|1|CCAM|DDQH001^Coronarographie|Coronarographie||20240710103015
GT1|1|8291|DUPONT^JEAN^MARC^JR^M||123 RUE PRINCIPALE^^PARIS^^75001^FRA|(01)23456789||19610615|M|P/F|SLF|1234567890123||||
IN1|1|SECURITE SOCIALE|1|CPAM|||||||||||||||||||||||||||||||||||||||||||
2025-07-25 17:55:14 - INFO - réponse reçue::

MSH|^~\&|IRISHL7|ISC|REGADT|MCM|202507251755||ACK^A01|000001|P|2.5.1|1
MSA|CA|000001



2025-07-25 17:55:14 - INFO - Le port 2575 sur 127.0.0.1 est ouvert et accessible.
2025-07-25 17:55:14 - INFO - Message HL7 généré::
MSH|^~\&|REGADT|MCM|IFENG||20250725175514||ADT^A01|000001|P|2.5.1|1||
EVN|A01|199601061000|199601101400|1
PID|||24445670^^^HOPITAL^MRN~FR123456^^^DLNUM^DL|253763|MUNRO^Alice||19310710|M|||77 Rue de Varenne^^PARIS^75^75007^||(01)554437765|(06)098866543|FRENCH|S|C|10199925|1641202898334566
NK1|1|DUPONT^MARIE^|EPOUSE||||ERSONNE A PREVENIR||
PV1|1|H|CARDIO^CHAMBRE201^LIT1||||004777^MARTIN^SOPHIE^DR|||CARDIO|||||ADM|A0|
PV2|||^Chirurgie Programmée||||||||||||||||||||||||||||||||||||||20240712
OBX|1|NM|21612-7^POIDS CORPOREL||52|kg|||||F
OBX|2|NM|8302-2^TAILLE||163|cm|||||F
OBX|3|NM|8480-6^PRESSION ARTERIELLE SYSTOLIQUE||154|mm[Hg]|||||F
OBX|4|NM|8462-4^PRESSION ARTERIELLE DIASTOLIQUE||87|mm[Hg]|||||F
OBX|5|NM|2339-0^GLUCOSE SANGUIN||6.2|mmol/L|3.5-5.7|H|||F
AL1|1||^AMOXICILLINE||URTICAIRE|
AL1|2||^ASPIRINE||OEDEME DE QUINCKE|
AL1|3||^ARACHIDES||CHOC ANAPHYLACTIQUE|
DG1|1|CIM10|I21.0^Infarctus transmural aigu du myocarde, de la paroi antérieure|Infarctus du myocarde||A
DG1|2|CIM10|I10^Hypertension essentielle (primitive)|Hypertension artérielle||C
DG1|3|CIM10|E11.9^Diabète sucré de type 2 sans complication|Diabète de type 2||C
PR1|1|CCAM|DDQH001^Coronarographie|Coronarographie||20240710103015
GT1|1|8291|DUPONT^JEAN^MARC^JR^M||123 RUE PRINCIPALE^^PARIS^^75001^FRA|(01)23456789||19610615|M|P/F|SLF|1234567890123||||
IN1|1|SECURITE SOCIALE|1|CPAM|||||||||||||||||||||||||||||||||||||||||||
2025-07-25 17:55:14 - INFO - réponse reçue::

MSH|^~\&|IRISHL7|ISC|REGADT|MCM|202507251755||ACK^A01|000001|P|2.5.1|1
MSA|CA|000001



2025-07-25 17:55:15 - INFO - Le port 2575 sur 127.0.0.1 est ouvert et accessible.
2025-07-25 17:55:15 - INFO - Message HL7 généré::
MSH|^~\&|REGADT|MCM|IFENG||20250725175515||ADT^A01|000001|P|2.5.1|1||
EVN|A01|199601061000|199601101400|1
PID|||24445670^^^HOPITAL^MRN~FR123456^^^DLNUM^DL|253763|MUNRO^Alice||19310710|M|||77 Rue de Varenne^^PARIS^75^75007^||(01)554437765|(06)098866543|FRENCH|S|C|10199925|1641202898334566
NK1|1|DUPONT^MARIE^|EPOUSE||||ERSONNE A PREVENIR||
PV1|1|H|CARDIO^CHAMBRE201^LIT1||||004777^MARTIN^SOPHIE^DR|||CARDIO|||||ADM|A0|
PV2|||^Chirurgie Programmée||||||||||||||||||||||||||||||||||||||20240712
OBX|1|NM|21612-7^POIDS CORPOREL||52|kg|||||F
OBX|2|NM|8302-2^TAILLE||163|cm|||||F
OBX|3|NM|8480-6^PRESSION ARTERIELLE SYSTOLIQUE||154|mm[Hg]|||||F
OBX|4|NM|8462-4^PRESSION ARTERIELLE DIASTOLIQUE||87|mm[Hg]|||||F
OBX|5|NM|2339-0^GLUCOSE SANGUIN||6.2|mmol/L|3.5-5.7|H|||F
AL1|1||^AMOXICILLINE||URTICAIRE|
AL1|2||^ASPIRINE||OEDEME DE QUINCKE|
AL1|3||^ARACHIDES||CHOC ANAPHYLACTIQUE|
DG1|1|CIM10|I21.0^Infarctus transmural aigu du myocarde, de la paroi antérieure|Infarctus du myocarde||A
DG1|2|CIM10|I10^Hypertension essentielle (primitive)|Hypertension artérielle||C
DG1|3|CIM10|E11.9^Diabète sucré de type 2 sans complication|Diabète de type 2||C
PR1|1|CCAM|DDQH001^Coronarographie|Coronarographie||20240710103015
GT1|1|8291|DUPONT^JEAN^MARC^JR^M||123 RUE PRINCIPALE^^PARIS^^75001^FRA|(01)23456789||19610615|M|P/F|SLF|1234567890123||||
IN1|1|SECURITE SOCIALE|1|CPAM|||||||||||||||||||||||||||||||||||||||||||
2025-07-25 17:55:15 - INFO - réponse reçue::

MSH|^~\&|IRISHL7|ISC|REGADT|MCM|202507251755||ACK^A01|000001|P|2.5.1|1
MSA|CA|000001



2025-07-25 17:55:15 - INFO - Le port 2575 sur 127.0.0.1 est ouvert et accessible.
2025-07-25 17:55:15 - INFO - Message HL7 généré::
MSH|^~\&|REGADT|MCM|IFENG||20250725175515||ADT^A01|000001|P|2.5.1|1||
EVN|A01|199601061000|199601101400|1
PID|||24445670^^^HOPITAL^MRN~FR123456^^^DLNUM^DL|253763|MUNRO^Alice||19310710|M|||77 Rue de Varenne^^PARIS^75^75007^||(01)554437765|(06)098866543|FRENCH|S|C|10199925|1641202898334566
NK1|1|DUPONT^MARIE^|EPOUSE||||ERSONNE A PREVENIR||
PV1|1|H|CARDIO^CHAMBRE201^LIT1||||004777^MARTIN^SOPHIE^DR|||CARDIO|||||ADM|A0|
PV2|||^Chirurgie Programmée||||||||||||||||||||||||||||||||||||||20240712
OBX|1|NM|21612-7^POIDS CORPOREL||52|kg|||||F
OBX|2|NM|8302-2^TAILLE||163|cm|||||F
OBX|3|NM|8480-6^PRESSION ARTERIELLE SYSTOLIQUE||154|mm[Hg]|||||F
OBX|4|NM|8462-4^PRESSION ARTERIELLE DIASTOLIQUE||87|mm[Hg]|||||F
OBX|5|NM|2339-0^GLUCOSE SANGUIN||6.2|mmol/L|3.5-5.7|H|||F
AL1|1||^AMOXICILLINE||URTICAIRE|
AL1|2||^ASPIRINE||OEDEME DE QUINCKE|
AL1|3||^ARACHIDES||CHOC ANAPHYLACTIQUE|
DG1|1|CIM10|I21.0^Infarctus transmural aigu du myocarde, de la paroi antérieure|Infarctus du myocarde||A
DG1|2|CIM10|I10^Hypertension essentielle (primitive)|Hypertension artérielle||C
DG1|3|CIM10|E11.9^Diabète sucré de type 2 sans complication|Diabète de type 2||C
PR1|1|CCAM|DDQH001^Coronarographie|Coronarographie||20240710103015
GT1|1|8291|DUPONT^JEAN^MARC^JR^M||123 RUE PRINCIPALE^^PARIS^^75001^FRA|(01)23456789||19610615|M|P/F|SLF|1234567890123||||
IN1|1|SECURITE SOCIALE|1|CPAM|||||||||||||||||||||||||||||||||||||||||||
2025-07-25 17:55:15 - INFO - réponse reçue::

MSH|^~\&|IRISHL7|ISC|REGADT|MCM|202507251755||ACK^A01|000001|P|2.5.1|1
MSA|CA|000001



2025-07-25 17:55:15 - INFO - Le port 2575 sur 127.0.0.1 est ouvert et accessible.
2025-07-25 17:55:15 - INFO - Message HL7 généré::
MSH|^~\&|REGADT|MCM|IFENG||20250725175515||ADT^A01|000001|P|2.5.1|1||
EVN|A01|199601061000|199601101400|1
PID|||24445670^^^HOPITAL^MRN~FR123456^^^DLNUM^DL|253763|MUNRO^Alice||19310710|M|||77 Rue de Varenne^^PARIS^75^75007^||(01)554437765|(06)098866543|FRENCH|S|C|10199925|1641202898334566
NK1|1|DUPONT^MARIE^|EPOUSE||||ERSONNE A PREVENIR||
PV1|1|H|CARDIO^CHAMBRE201^LIT1||||004777^MARTIN^SOPHIE^DR|||CARDIO|||||ADM|A0|
PV2|||^Chirurgie Programmée||||||||||||||||||||||||||||||||||||||20240712
OBX|1|NM|21612-7^POIDS CORPOREL||52|kg|||||F
OBX|2|NM|8302-2^TAILLE||163|cm|||||F
OBX|3|NM|8480-6^PRESSION ARTERIELLE SYSTOLIQUE||154|mm[Hg]|||||F
OBX|4|NM|8462-4^PRESSION ARTERIELLE DIASTOLIQUE||87|mm[Hg]|||||F
OBX|5|NM|2339-0^GLUCOSE SANGUIN||6.2|mmol/L|3.5-5.7|H|||F
AL1|1||^AMOXICILLINE||URTICAIRE|
AL1|2||^ASPIRINE||OEDEME DE QUINCKE|
AL1|3||^ARACHIDES||CHOC ANAPHYLACTIQUE|
DG1|1|CIM10|I21.0^Infarctus transmural aigu du myocarde, de la paroi antérieure|Infarctus du myocarde||A
DG1|2|CIM10|I10^Hypertension essentielle (primitive)|Hypertension artérielle||C
DG1|3|CIM10|E11.9^Diabète sucré de type 2 sans complication|Diabète de type 2||C
PR1|1|CCAM|DDQH001^Coronarographie|Coronarographie||20240710103015
GT1|1|8291|DUPONT^JEAN^MARC^JR^M||123 RUE PRINCIPALE^^PARIS^^75001^FRA|(01)23456789||19610615|M|P/F|SLF|1234567890123||||
IN1|1|SECURITE SOCIALE|1|CPAM|||||||||||||||||||||||||||||||||||||||||||
2025-07-25 17:55:15 - INFO - réponse reçue::

MSH|^~\&|IRISHL7|ISC|REGADT|MCM|202507251755||ACK^A01|000001|P|2.5.1|1
MSA|CA|000001



2025-07-25 17:55:16 - INFO - Le port 2575 sur 127.0.0.1 est ouvert et accessible.
2025-07-25 17:55:16 - INFO - Message HL7 généré::
MSH|^~\&|REGADT|MCM|IFENG||20250725175516||ADT^A01|000001|P|2.5.1|1||
EVN|A01|199601061000|199601101400|1
PID|||24445670^^^HOPITAL^MRN~FR123456^^^DLNUM^DL|253763|MUNRO^Alice||19310710|M|||77 Rue de Varenne^^PARIS^75^75007^||(01)554437765|(06)098866543|FRENCH|S|C|10199925|1641202898334566
NK1|1|DUPONT^MARIE^|EPOUSE||||ERSONNE A PREVENIR||
PV1|1|H|CARDIO^CHAMBRE201^LIT1||||004777^MARTIN^SOPHIE^DR|||CARDIO|||||ADM|A0|
PV2|||^Chirurgie Programmée||||||||||||||||||||||||||||||||||||||20240712
OBX|1|NM|21612-7^POIDS CORPOREL||52|kg|||||F
OBX|2|NM|8302-2^TAILLE||163|cm|||||F
OBX|3|NM|8480-6^PRESSION ARTERIELLE SYSTOLIQUE||154|mm[Hg]|||||F
OBX|4|NM|8462-4^PRESSION ARTERIELLE DIASTOLIQUE||87|mm[Hg]|||||F
OBX|5|NM|2339-0^GLUCOSE SANGUIN||6.2|mmol/L|3.5-5.7|H|||F
AL1|1||^AMOXICILLINE||URTICAIRE|
AL1|2||^ASPIRINE||OEDEME DE QUINCKE|
AL1|3||^ARACHIDES||CHOC ANAPHYLACTIQUE|
DG1|1|CIM10|I21.0^Infarctus transmural aigu du myocarde, de la paroi antérieure|Infarctus du myocarde||A
DG1|2|CIM10|I10^Hypertension essentielle (primitive)|Hypertension artérielle||C
DG1|3|CIM10|E11.9^Diabète sucré de type 2 sans complication|Diabète de type 2||C
PR1|1|CCAM|DDQH001^Coronarographie|Coronarographie||20240710103015
GT1|1|8291|DUPONT^JEAN^MARC^JR^M||123 RUE PRINCIPALE^^PARIS^^75001^FRA|(01)23456789||19610615|M|P/F|SLF|1234567890123||||
IN1|1|SECURITE SOCIALE|1|CPAM|||||||||||||||||||||||||||||||||||||||||||
2025-07-25 17:55:16 - INFO - réponse reçue::

MSH|^~\&|IRISHL7|ISC|REGADT|MCM|202507251755||ACK^A01|000001|P|2.5.1|1
MSA|CA|000001



2025-07-25 17:55:16 - INFO - Le port 2575 sur 127.0.0.1 est ouvert et accessible.
2025-07-25 17:55:16 - INFO - Message HL7 généré::
MSH|^~\&|REGADT|MCM|IFENG||20250725175516||ADT^A01|000001|P|2.5.1|1||
EVN|A01|199601061000|199601101400|1
PID|||24445670^^^HOPITAL^MRN~FR123456^^^DLNUM^DL|253763|MUNRO^Alice||19310710|M|||77 Rue de Varenne^^PARIS^75^75007^||(01)554437765|(06)098866543|FRENCH|S|C|10199925|1641202898334566
NK1|1|DUPONT^MARIE^|EPOUSE||||ERSONNE A PREVENIR||
PV1|1|H|CARDIO^CHAMBRE201^LIT1||||004777^MARTIN^SOPHIE^DR|||CARDIO|||||ADM|A0|
PV2|||^Chirurgie Programmée||||||||||||||||||||||||||||||||||||||20240712
OBX|1|NM|21612-7^POIDS CORPOREL||52|kg|||||F
OBX|2|NM|8302-2^TAILLE||163|cm|||||F
OBX|3|NM|8480-6^PRESSION ARTERIELLE SYSTOLIQUE||154|mm[Hg]|||||F
OBX|4|NM|8462-4^PRESSION ARTERIELLE DIASTOLIQUE||87|mm[Hg]|||||F
OBX|5|NM|2339-0^GLUCOSE SANGUIN||6.2|mmol/L|3.5-5.7|H|||F
AL1|1||^AMOXICILLINE||URTICAIRE|
AL1|2||^ASPIRINE||OEDEME DE QUINCKE|
AL1|3||^ARACHIDES||CHOC ANAPHYLACTIQUE|
DG1|1|CIM10|I21.0^Infarctus transmural aigu du myocarde, de la paroi antérieure|Infarctus du myocarde||A
DG1|2|CIM10|I10^Hypertension essentielle (primitive)|Hypertension artérielle||C
DG1|3|CIM10|E11.9^Diabète sucré de type 2 sans complication|Diabète de type 2||C
PR1|1|CCAM|DDQH001^Coronarographie|Coronarographie||20240710103015
GT1|1|8291|DUPONT^JEAN^MARC^JR^M||123 RUE PRINCIPALE^^PARIS^^75001^FRA|(01)23456789||19610615|M|P/F|SLF|1234567890123||||
IN1|1|SECURITE SOCIALE|1|CPAM|||||||||||||||||||||||||||||||||||||||||||
2025-07-25 17:55:16 - INFO - réponse reçue::

MSH|^~\&|IRISHL7|ISC|REGADT|MCM|202507251755||ACK^A01|000001|P|2.5.1|1
MSA|CA|000001



2025-07-25 17:55:16 - INFO - Le port 2575 sur 127.0.0.1 est ouvert et accessible.
2025-07-25 17:55:16 - INFO - Message HL7 généré::
MSH|^~\&|REGADT|MCM|IFENG||20250725175516||ADT^A01|000001|P|2.5.1|1||
EVN|A01|199601061000|199601101400|1
PID|||24445670^^^HOPITAL^MRN~FR123456^^^DLNUM^DL|253763|MUNRO^Alice||19310710|M|||77 Rue de Varenne^^PARIS^75^75007^||(01)554437765|(06)098866543|FRENCH|S|C|10199925|1641202898334566
NK1|1|DUPONT^MARIE^|EPOUSE||||ERSONNE A PREVENIR||
PV1|1|H|CARDIO^CHAMBRE201^LIT1||||004777^MARTIN^SOPHIE^DR|||CARDIO|||||ADM|A0|
PV2|||^Chirurgie Programmée||||||||||||||||||||||||||||||||||||||20240712
OBX|1|NM|21612-7^POIDS CORPOREL||52|kg|||||F
OBX|2|NM|8302-2^TAILLE||163|cm|||||F
OBX|3|NM|8480-6^PRESSION ARTERIELLE SYSTOLIQUE||154|mm[Hg]|||||F
OBX|4|NM|8462-4^PRESSION ARTERIELLE DIASTOLIQUE||87|mm[Hg]|||||F
OBX|5|NM|2339-0^GLUCOSE SANGUIN||6.2|mmol/L|3.5-5.7|H|||F
AL1|1||^AMOXICILLINE||URTICAIRE|
AL1|2||^ASPIRINE||OEDEME DE QUINCKE|
AL1|3||^ARACHIDES||CHOC ANAPHYLACTIQUE|
DG1|1|CIM10|I21.0^Infarctus transmural aigu du myocarde, de la paroi antérieure|Infarctus du myocarde||A
DG1|2|CIM10|I10^Hypertension essentielle (primitive)|Hypertension artérielle||C
DG1|3|CIM10|E11.9^Diabète sucré de type 2 sans complication|Diabète de type 2||C
PR1|1|CCAM|DDQH001^Coronarographie|Coronarographie||20240710103015
GT1|1|8291|DUPONT^JEAN^MARC^JR^M||123 RUE PRINCIPALE^^PARIS^^75001^FRA|(01)23456789||19610615|M|P/F|SLF|1234567890123||||
IN1|1|SECURITE SOCIALE|1|CPAM|||||||||||||||||||||||||||||||||||||||||||
2025-07-25 17:55:16 - INFO - réponse reçue::

MSH|^~\&|IRISHL7|ISC|REGADT|MCM|202507251755||ACK^A01|000001|P|2.5.1|1
MSA|CA|000001



2025-07-25 17:55:16 - INFO - Le port 2575 sur 127.0.0.1 est ouvert et accessible.
2025-07-25 17:55:16 - INFO - Message HL7 généré::
MSH|^~\&|REGADT|MCM|IFENG||20250725175516||ADT^A01|000001|P|2.5.1|1||
EVN|A01|199601061000|199601101400|1
PID|||24445670^^^HOPITAL^MRN~FR123456^^^DLNUM^DL|253763|MUNRO^Alice||19310710|M|||77 Rue de Varenne^^PARIS^75^75007^||(01)554437765|(06)098866543|FRENCH|S|C|10199925|1641202898334566
NK1|1|DUPONT^MARIE^|EPOUSE||||ERSONNE A PREVENIR||
PV1|1|H|CARDIO^CHAMBRE201^LIT1||||004777^MARTIN^SOPHIE^DR|||CARDIO|||||ADM|A0|
PV2|||^Chirurgie Programmée||||||||||||||||||||||||||||||||||||||20240712
OBX|1|NM|21612-7^POIDS CORPOREL||52|kg|||||F
OBX|2|NM|8302-2^TAILLE||163|cm|||||F
OBX|3|NM|8480-6^PRESSION ARTERIELLE SYSTOLIQUE||154|mm[Hg]|||||F
OBX|4|NM|8462-4^PRESSION ARTERIELLE DIASTOLIQUE||87|mm[Hg]|||||F
OBX|5|NM|2339-0^GLUCOSE SANGUIN||6.2|mmol/L|3.5-5.7|H|||F
AL1|1||^AMOXICILLINE||URTICAIRE|
AL1|2||^ASPIRINE||OEDEME DE QUINCKE|
AL1|3||^ARACHIDES||CHOC ANAPHYLACTIQUE|
DG1|1|CIM10|I21.0^Infarctus transmural aigu du myocarde, de la paroi antérieure|Infarctus du myocarde||A
DG1|2|CIM10|I10^Hypertension essentielle (primitive)|Hypertension artérielle||C
DG1|3|CIM10|E11.9^Diabète sucré de type 2 sans complication|Diabète de type 2||C
PR1|1|CCAM|DDQH001^Coronarographie|Coronarographie||20240710103015
GT1|1|8291|DUPONT^JEAN^MARC^JR^M||123 RUE PRINCIPALE^^PARIS^^75001^FRA|(01)23456789||19610615|M|P/F|SLF|1234567890123||||
IN1|1|SECURITE SOCIALE|1|CPAM|||||||||||||||||||||||||||||||||||||||||||
2025-07-25 17:55:16 - INFO - réponse reçue::

MSH|^~\&|IRISHL7|ISC|REGADT|MCM|202507251755||ACK^A01|000001|P|2.5.1|1
MSA|CA|000001



2025-07-25 17:55:17 - INFO - Le port 2575 sur 127.0.0.1 est ouvert et accessible.
2025-07-25 17:55:17 - INFO - Message HL7 généré::
MSH|^~\&|REGADT|MCM|IFENG||20250725175517||ADT^A01|000001|P|2.5.1|1||
EVN|A01|199601061000|199601101400|1
PID|||24445670^^^HOPITAL^MRN~FR123456^^^DLNUM^DL|253763|MUNRO^Alice||19310710|M|||77 Rue de Varenne^^PARIS^75^75007^||(01)554437765|(06)098866543|FRENCH|S|C|10199925|1641202898334566
NK1|1|DUPONT^MARIE^|EPOUSE||||ERSONNE A PREVENIR||
PV1|1|H|CARDIO^CHAMBRE201^LIT1||||004777^MARTIN^SOPHIE^DR|||CARDIO|||||ADM|A0|
PV2|||^Chirurgie Programmée||||||||||||||||||||||||||||||||||||||20240712
OBX|1|NM|21612-7^POIDS CORPOREL||52|kg|||||F
OBX|2|NM|8302-2^TAILLE||163|cm|||||F
OBX|3|NM|8480-6^PRESSION ARTERIELLE SYSTOLIQUE||154|mm[Hg]|||||F
OBX|4|NM|8462-4^PRESSION ARTERIELLE DIASTOLIQUE||87|mm[Hg]|||||F
OBX|5|NM|2339-0^GLUCOSE SANGUIN||6.2|mmol/L|3.5-5.7|H|||F
AL1|1||^AMOXICILLINE||URTICAIRE|
AL1|2||^ASPIRINE||OEDEME DE QUINCKE|
AL1|3||^ARACHIDES||CHOC ANAPHYLACTIQUE|
DG1|1|CIM10|I21.0^Infarctus transmural aigu du myocarde, de la paroi antérieure|Infarctus du myocarde||A
DG1|2|CIM10|I10^Hypertension essentielle (primitive)|Hypertension artérielle||C
DG1|3|CIM10|E11.9^Diabète sucré de type 2 sans complication|Diabète de type 2||C
PR1|1|CCAM|DDQH001^Coronarographie|Coronarographie||20240710103015
GT1|1|8291|DUPONT^JEAN^MARC^JR^M||123 RUE PRINCIPALE^^PARIS^^75001^FRA|(01)23456789||19610615|M|P/F|SLF|1234567890123||||
IN1|1|SECURITE SOCIALE|1|CPAM|||||||||||||||||||||||||||||||||||||||||||
2025-07-25 17:55:17 - INFO - réponse reçue::

MSH|^~\&|IRISHL7|ISC|REGADT|MCM|202507251755||ACK^A01|000001|P|2.5.1|1
MSA|CA|000001



2025-07-25 17:55:17 - INFO - Le port 2575 sur 127.0.0.1 est ouvert et accessible.
2025-07-25 17:55:17 - INFO - Message HL7 généré::
MSH|^~\&|REGADT|MCM|IFENG||20250725175517||ADT^A01|000001|P|2.5.1|1||
EVN|A01|199601061000|199601101400|1
PID|||24445670^^^HOPITAL^MRN~FR123456^^^DLNUM^DL|253763|MUNRO^Alice||19310710|M|||77 Rue de Varenne^^PARIS^75^75007^||(01)554437765|(06)098866543|FRENCH|S|C|10199925|1641202898334566
NK1|1|DUPONT^MARIE^|EPOUSE||||ERSONNE A PREVENIR||
PV1|1|H|CARDIO^CHAMBRE201^LIT1||||004777^MARTIN^SOPHIE^DR|||CARDIO|||||ADM|A0|
PV2|||^Chirurgie Programmée||||||||||||||||||||||||||||||||||||||20240712
OBX|1|NM|21612-7^POIDS CORPOREL||52|kg|||||F
OBX|2|NM|8302-2^TAILLE||163|cm|||||F
OBX|3|NM|8480-6^PRESSION ARTERIELLE SYSTOLIQUE||154|mm[Hg]|||||F
OBX|4|NM|8462-4^PRESSION ARTERIELLE DIASTOLIQUE||87|mm[Hg]|||||F
OBX|5|NM|2339-0^GLUCOSE SANGUIN||6.2|mmol/L|3.5-5.7|H|||F
AL1|1||^AMOXICILLINE||URTICAIRE|
AL1|2||^ASPIRINE||OEDEME DE QUINCKE|
AL1|3||^ARACHIDES||CHOC ANAPHYLACTIQUE|
DG1|1|CIM10|I21.0^Infarctus transmural aigu du myocarde, de la paroi antérieure|Infarctus du myocarde||A
DG1|2|CIM10|I10^Hypertension essentielle (primitive)|Hypertension artérielle||C
DG1|3|CIM10|E11.9^Diabète sucré de type 2 sans complication|Diabète de type 2||C
PR1|1|CCAM|DDQH001^Coronarographie|Coronarographie||20240710103015
GT1|1|8291|DUPONT^JEAN^MARC^JR^M||123 RUE PRINCIPALE^^PARIS^^75001^FRA|(01)23456789||19610615|M|P/F|SLF|1234567890123||||
IN1|1|SECURITE SOCIALE|1|CPAM|||||||||||||||||||||||||||||||||||||||||||
2025-07-25 17:55:17 - INFO - réponse reçue::

MSH|^~\&|IRISHL7|ISC|REGADT|MCM|202507251755||ACK^A01|000001|P|2.5.1|1
MSA|CA|000001



2025-07-25 17:55:19 - INFO - Port 2575 on 127.0.0.1 is open and accessible.
2025-07-25 17:55:19 - INFO - HL7 message generated::
MSH|^~\&|REGADT|MCM|IFENG||20250725175519||ADT^A01|000001|P|2.5.1|1||
EVN|A01|199601061000|199601101400|1
PID|||24445670^^^HOPITAL^MRN~FR123456^^^DLNUM^DL|253763|MUNRO^Alice||19310710|M|||77 Rue de Varenne^^PARIS^75^75007^||(01)554437765|(06)098866543|FRENCH|S|C|10199925|1641202898334566
NK1|1|DUPONT^MARIE^|EPOUSE||||ERSONNE A PREVENIR||
PV1|1|H|CARDIO^CHAMBRE201^LIT1||||004777^MARTIN^SOPHIE^DR|||CARDIO|||||ADM|A0|
PV2|||^Chirurgie Programmée||||||||||||||||||||||||||||||||||||||20240712
OBX|1|NM|21612-7^POIDS CORPOREL||52|kg|||||F
OBX|2|NM|8302-2^TAILLE||163|cm|||||F
OBX|3|NM|8480-6^PRESSION ARTERIELLE SYSTOLIQUE||154|mm[Hg]|||||F
OBX|4|NM|8462-4^PRESSION ARTERIELLE DIASTOLIQUE||87|mm[Hg]|||||F
OBX|5|NM|2339-0^GLUCOSE SANGUIN||6.2|mmol/L|3.5-5.7|H|||F
AL1|1||^AMOXICILLINE||URTICAIRE|
AL1|2||^ASPIRINE||OEDEME DE QUINCKE|
AL1|3||^ARACHIDES||CHOC ANAPHYLACTIQUE|
DG1|1|CIM10|I21.0^Infarctus transmural aigu du myocarde, de la paroi antérieure|Infarctus du myocarde||A
DG1|2|CIM10|I10^Hypertension essentielle (primitive)|Hypertension artérielle||C
DG1|3|CIM10|E11.9^Diabète sucré de type 2 sans complication|Diabète de type 2||C
PR1|1|CCAM|DDQH001^Coronarographie|Coronarographie||20240710103015
GT1|1|8291|DUPONT^JEAN^MARC^JR^M||123 RUE PRINCIPALE^^PARIS^^75001^FRA|(01)23456789||19610615|M|P/F|SLF|1234567890123||||
IN1|1|SECURITE SOCIALE|1|CPAM|||||||||||||||||||||||||||||||||||||||||||
2025-07-25 17:55:19 - INFO - response received::

MSH|^~\&|IRISHL7|ISC|REGADT|MCM|202507251755||ACK^A01|000001|P|2.5.1|1
MSA|CA|000001



2025-07-25 17:55:19 - INFO - Port 2575 on 127.0.0.1 is open and accessible.
2025-07-25 17:55:19 - INFO - HL7 message generated::
MSH|^~\&|REGADT|MCM|IFENG||20250725175519||ADT^A01|000001|P|2.5.1|1||
EVN|A01|199601061000|199601101400|1
PID|||24445670^^^HOPITAL^MRN~FR123456^^^DLNUM^DL|253763|MUNRO^Alice||19310710|M|||77 Rue de Varenne^^PARIS^75^75007^||(01)554437765|(06)098866543|FRENCH|S|C|10199925|1641202898334566
NK1|1|DUPONT^MARIE^|EPOUSE||||ERSONNE A PREVENIR||
PV1|1|H|CARDIO^CHAMBRE201^LIT1||||004777^MARTIN^SOPHIE^DR|||CARDIO|||||ADM|A0|
PV2|||^Chirurgie Programmée||||||||||||||||||||||||||||||||||||||20240712
OBX|1|NM|21612-7^POIDS CORPOREL||52|kg|||||F
OBX|2|NM|8302-2^TAILLE||163|cm|||||F
OBX|3|NM|8480-6^PRESSION ARTERIELLE SYSTOLIQUE||154|mm[Hg]|||||F
OBX|4|NM|8462-4^PRESSION ARTERIELLE DIASTOLIQUE||87|mm[Hg]|||||F
OBX|5|NM|2339-0^GLUCOSE SANGUIN||6.2|mmol/L|3.5-5.7|H|||F
AL1|1||^AMOXICILLINE||URTICAIRE|
AL1|2||^ASPIRINE||OEDEME DE QUINCKE|
AL1|3||^ARACHIDES||CHOC ANAPHYLACTIQUE|
DG1|1|CIM10|I21.0^Infarctus transmural aigu du myocarde, de la paroi antérieure|Infarctus du myocarde||A
DG1|2|CIM10|I10^Hypertension essentielle (primitive)|Hypertension artérielle||C
DG1|3|CIM10|E11.9^Diabète sucré de type 2 sans complication|Diabète de type 2||C
PR1|1|CCAM|DDQH001^Coronarographie|Coronarographie||20240710103015
GT1|1|8291|DUPONT^JEAN^MARC^JR^M||123 RUE PRINCIPALE^^PARIS^^75001^FRA|(01)23456789||19610615|M|P/F|SLF|1234567890123||||
IN1|1|SECURITE SOCIALE|1|CPAM|||||||||||||||||||||||||||||||||||||||||||
2025-07-25 17:55:20 - INFO - response received::

MSH|^~\&|IRISHL7|ISC|REGADT|MCM|202507251755||ACK^A01|000001|P|2.5.1|1
MSA|CA|000001



2025-07-25 17:55:20 - INFO - Port 2575 on 127.0.0.1 is open and accessible.
2025-07-25 17:55:20 - INFO - HL7 message generated::
MSH|^~\&|REGADT|MCM|IFENG||20250725175520||ADT^A01|000001|P|2.5.1|1||
EVN|A01|199601061000|199601101400|1
PID|||24445670^^^HOPITAL^MRN~FR123456^^^DLNUM^DL|253763|MUNRO^Alice||19310710|M|||77 Rue de Varenne^^PARIS^75^75007^||(01)554437765|(06)098866543|FRENCH|S|C|10199925|1641202898334566
NK1|1|DUPONT^MARIE^|EPOUSE||||ERSONNE A PREVENIR||
PV1|1|H|CARDIO^CHAMBRE201^LIT1||||004777^MARTIN^SOPHIE^DR|||CARDIO|||||ADM|A0|
PV2|||^Chirurgie Programmée||||||||||||||||||||||||||||||||||||||20240712
OBX|1|NM|21612-7^POIDS CORPOREL||52|kg|||||F
OBX|2|NM|8302-2^TAILLE||163|cm|||||F
OBX|3|NM|8480-6^PRESSION ARTERIELLE SYSTOLIQUE||154|mm[Hg]|||||F
OBX|4|NM|8462-4^PRESSION ARTERIELLE DIASTOLIQUE||87|mm[Hg]|||||F
OBX|5|NM|2339-0^GLUCOSE SANGUIN||6.2|mmol/L|3.5-5.7|H|||F
AL1|1||^AMOXICILLINE||URTICAIRE|
AL1|2||^ASPIRINE||OEDEME DE QUINCKE|
AL1|3||^ARACHIDES||CHOC ANAPHYLACTIQUE|
DG1|1|CIM10|I21.0^Infarctus transmural aigu du myocarde, de la paroi antérieure|Infarctus du myocarde||A
DG1|2|CIM10|I10^Hypertension essentielle (primitive)|Hypertension artérielle||C
DG1|3|CIM10|E11.9^Diabète sucré de type 2 sans complication|Diabète de type 2||C
PR1|1|CCAM|DDQH001^Coronarographie|Coronarographie||20240710103015
GT1|1|8291|DUPONT^JEAN^MARC^JR^M||123 RUE PRINCIPALE^^PARIS^^75001^FRA|(01)23456789||19610615|M|P/F|SLF|1234567890123||||
IN1|1|SECURITE SOCIALE|1|CPAM|||||||||||||||||||||||||||||||||||||||||||
2025-07-25 17:55:20 - INFO - response received::

MSH|^~\&|IRISHL7|ISC|REGADT|MCM|202507251755||ACK^A01|000001|P|2.5.1|1
MSA|CA|000001



2025-07-25 17:55:20 - INFO - Port 2575 on 127.0.0.1 is open and accessible.
2025-07-25 17:55:20 - INFO - HL7 message generated::
MSH|^~\&|REGADT|MCM|IFENG||20250725175520||ADT^A01|000001|P|2.5.1|1||
EVN|A01|199601061000|199601101400|1
PID|||24445670^^^HOPITAL^MRN~FR123456^^^DLNUM^DL|253763|MUNRO^Alice||19310710|M|||77 Rue de Varenne^^PARIS^75^75007^||(01)554437765|(06)098866543|FRENCH|S|C|10199925|1641202898334566
NK1|1|DUPONT^MARIE^|EPOUSE||||ERSONNE A PREVENIR||
PV1|1|H|CARDIO^CHAMBRE201^LIT1||||004777^MARTIN^SOPHIE^DR|||CARDIO|||||ADM|A0|
PV2|||^Chirurgie Programmée||||||||||||||||||||||||||||||||||||||20240712
OBX|1|NM|21612-7^POIDS CORPOREL||52|kg|||||F
OBX|2|NM|8302-2^TAILLE||163|cm|||||F
OBX|3|NM|8480-6^PRESSION ARTERIELLE SYSTOLIQUE||154|mm[Hg]|||||F
OBX|4|NM|8462-4^PRESSION ARTERIELLE DIASTOLIQUE||87|mm[Hg]|||||F
OBX|5|NM|2339-0^GLUCOSE SANGUIN||6.2|mmol/L|3.5-5.7|H|||F
AL1|1||^AMOXICILLINE||URTICAIRE|
AL1|2||^ASPIRINE||OEDEME DE QUINCKE|
AL1|3||^ARACHIDES||CHOC ANAPHYLACTIQUE|
DG1|1|CIM10|I21.0^Infarctus transmural aigu du myocarde, de la paroi antérieure|Infarctus du myocarde||A
DG1|2|CIM10|I10^Hypertension essentielle (primitive)|Hypertension artérielle||C
DG1|3|CIM10|E11.9^Diabète sucré de type 2 sans complication|Diabète de type 2||C
PR1|1|CCAM|DDQH001^Coronarographie|Coronarographie||20240710103015
GT1|1|8291|DUPONT^JEAN^MARC^JR^M||123 RUE PRINCIPALE^^PARIS^^75001^FRA|(01)23456789||19610615|M|P/F|SLF|1234567890123||||
IN1|1|SECURITE SOCIALE|1|CPAM|||||||||||||||||||||||||||||||||||||||||||
2025-07-25 17:55:20 - INFO - response received::

MSH|^~\&|IRISHL7|ISC|REGADT|MCM|202507251755||ACK^A01|000001|P|2.5.1|1
MSA|CA|000001



2025-07-25 17:55:20 - INFO - Port 2575 on 127.0.0.1 is open and accessible.
2025-07-25 17:55:20 - INFO - HL7 message generated::
MSH|^~\&|REGADT|MCM|IFENG||20250725175520||ADT^A01|000001|P|2.5.1|1||
EVN|A01|199601061000|199601101400|1
PID|||24445670^^^HOPITAL^MRN~FR123456^^^DLNUM^DL|253763|MUNRO^Alice||19310710|M|||77 Rue de Varenne^^PARIS^75^75007^||(01)554437765|(06)098866543|FRENCH|S|C|10199925|1641202898334566
NK1|1|DUPONT^MARIE^|EPOUSE||||ERSONNE A PREVENIR||
PV1|1|H|CARDIO^CHAMBRE201^LIT1||||004777^MARTIN^SOPHIE^DR|||CARDIO|||||ADM|A0|
PV2|||^Chirurgie Programmée||||||||||||||||||||||||||||||||||||||20240712
OBX|1|NM|21612-7^POIDS CORPOREL||52|kg|||||F
OBX|2|NM|8302-2^TAILLE||163|cm|||||F
OBX|3|NM|8480-6^PRESSION ARTERIELLE SYSTOLIQUE||154|mm[Hg]|||||F
OBX|4|NM|8462-4^PRESSION ARTERIELLE DIASTOLIQUE||87|mm[Hg]|||||F
OBX|5|NM|2339-0^GLUCOSE SANGUIN||6.2|mmol/L|3.5-5.7|H|||F
AL1|1||^AMOXICILLINE||URTICAIRE|
AL1|2||^ASPIRINE||OEDEME DE QUINCKE|
AL1|3||^ARACHIDES||CHOC ANAPHYLACTIQUE|
DG1|1|CIM10|I21.0^Infarctus transmural aigu du myocarde, de la paroi antérieure|Infarctus du myocarde||A
DG1|2|CIM10|I10^Hypertension essentielle (primitive)|Hypertension artérielle||C
DG1|3|CIM10|E11.9^Diabète sucré de type 2 sans complication|Diabète de type 2||C
PR1|1|CCAM|DDQH001^Coronarographie|Coronarographie||20240710103015
GT1|1|8291|DUPONT^JEAN^MARC^JR^M||123 RUE PRINCIPALE^^PARIS^^75001^FRA|(01)23456789||19610615|M|P/F|SLF|1234567890123||||
IN1|1|SECURITE SOCIALE|1|CPAM|||||||||||||||||||||||||||||||||||||||||||
2025-07-25 17:55:20 - INFO - response received::

MSH|^~\&|IRISHL7|ISC|REGADT|MCM|202507251755||ACK^A01|000001|P|2.5.1|1
MSA|CA|000001



2025-07-25 17:55:20 - INFO - Port 2575 on 127.0.0.1 is open and accessible.
2025-07-25 17:55:20 - INFO - HL7 message generated::
MSH|^~\&|REGADT|MCM|IFENG||20250725175520||ADT^A01|000001|P|2.5.1|1||
EVN|A01|199601061000|199601101400|1
PID|||24445670^^^HOPITAL^MRN~FR123456^^^DLNUM^DL|253763|MUNRO^Alice||19310710|M|||77 Rue de Varenne^^PARIS^75^75007^||(01)554437765|(06)098866543|FRENCH|S|C|10199925|1641202898334566
NK1|1|DUPONT^MARIE^|EPOUSE||||ERSONNE A PREVENIR||
PV1|1|H|CARDIO^CHAMBRE201^LIT1||||004777^MARTIN^SOPHIE^DR|||CARDIO|||||ADM|A0|
PV2|||^Chirurgie Programmée||||||||||||||||||||||||||||||||||||||20240712
OBX|1|NM|21612-7^POIDS CORPOREL||52|kg|||||F
OBX|2|NM|8302-2^TAILLE||163|cm|||||F
OBX|3|NM|8480-6^PRESSION ARTERIELLE SYSTOLIQUE||154|mm[Hg]|||||F
OBX|4|NM|8462-4^PRESSION ARTERIELLE DIASTOLIQUE||87|mm[Hg]|||||F
OBX|5|NM|2339-0^GLUCOSE SANGUIN||6.2|mmol/L|3.5-5.7|H|||F
AL1|1||^AMOXICILLINE||URTICAIRE|
AL1|2||^ASPIRINE||OEDEME DE QUINCKE|
AL1|3||^ARACHIDES||CHOC ANAPHYLACTIQUE|
DG1|1|CIM10|I21.0^Infarctus transmural aigu du myocarde, de la paroi antérieure|Infarctus du myocarde||A
DG1|2|CIM10|I10^Hypertension essentielle (primitive)|Hypertension artérielle||C
DG1|3|CIM10|E11.9^Diabète sucré de type 2 sans complication|Diabète de type 2||C
PR1|1|CCAM|DDQH001^Coronarographie|Coronarographie||20240710103015
GT1|1|8291|DUPONT^JEAN^MARC^JR^M||123 RUE PRINCIPALE^^PARIS^^75001^FRA|(01)23456789||19610615|M|P/F|SLF|1234567890123||||
IN1|1|SECURITE SOCIALE|1|CPAM|||||||||||||||||||||||||||||||||||||||||||
2025-07-25 17:55:20 - INFO - response received::

MSH|^~\&|IRISHL7|ISC|REGADT|MCM|202507251755||ACK^A01|000001|P|2.5.1|1
MSA|CA|000001



2025-07-25 17:55:21 - INFO - Port 2575 on 127.0.0.1 is open and accessible.
2025-07-25 17:55:21 - INFO - HL7 message generated::
MSH|^~\&|REGADT|MCM|IFENG||20250725175521||ADT^A01|000001|P|2.5.1|1||
EVN|A01|199601061000|199601101400|1
PID|||24445670^^^HOPITAL^MRN~FR123456^^^DLNUM^DL|253763|MUNRO^Alice||19310710|M|||77 Rue de Varenne^^PARIS^75^75007^||(01)554437765|(06)098866543|FRENCH|S|C|10199925|1641202898334566
NK1|1|DUPONT^MARIE^|EPOUSE||||ERSONNE A PREVENIR||
PV1|1|H|CARDIO^CHAMBRE201^LIT1||||004777^MARTIN^SOPHIE^DR|||CARDIO|||||ADM|A0|
PV2|||^Chirurgie Programmée||||||||||||||||||||||||||||||||||||||20240712
OBX|1|NM|21612-7^POIDS CORPOREL||52|kg|||||F
OBX|2|NM|8302-2^TAILLE||163|cm|||||F
OBX|3|NM|8480-6^PRESSION ARTERIELLE SYSTOLIQUE||154|mm[Hg]|||||F
OBX|4|NM|8462-4^PRESSION ARTERIELLE DIASTOLIQUE||87|mm[Hg]|||||F
OBX|5|NM|2339-0^GLUCOSE SANGUIN||6.2|mmol/L|3.5-5.7|H|||F
AL1|1||^AMOXICILLINE||URTICAIRE|
AL1|2||^ASPIRINE||OEDEME DE QUINCKE|
AL1|3||^ARACHIDES||CHOC ANAPHYLACTIQUE|
DG1|1|CIM10|I21.0^Infarctus transmural aigu du myocarde, de la paroi antérieure|Infarctus du myocarde||A
DG1|2|CIM10|I10^Hypertension essentielle (primitive)|Hypertension artérielle||C
DG1|3|CIM10|E11.9^Diabète sucré de type 2 sans complication|Diabète de type 2||C
PR1|1|CCAM|DDQH001^Coronarographie|Coronarographie||20240710103015
GT1|1|8291|DUPONT^JEAN^MARC^JR^M||123 RUE PRINCIPALE^^PARIS^^75001^FRA|(01)23456789||19610615|M|P/F|SLF|1234567890123||||
IN1|1|SECURITE SOCIALE|1|CPAM|||||||||||||||||||||||||||||||||||||||||||
2025-07-25 17:55:21 - INFO - response received::

MSH|^~\&|IRISHL7|ISC|REGADT|MCM|202507251755||ACK^A01|000001|P|2.5.1|1
MSA|CA|000001



2025-07-25 17:55:21 - INFO - Port 2575 on 127.0.0.1 is open and accessible.
2025-07-25 17:55:21 - INFO - HL7 message generated::
MSH|^~\&|REGADT|MCM|IFENG||20250725175521||ADT^A01|000001|P|2.5.1|1||
EVN|A01|199601061000|199601101400|1
PID|||24445670^^^HOPITAL^MRN~FR123456^^^DLNUM^DL|253763|MUNRO^Alice||19310710|M|||77 Rue de Varenne^^PARIS^75^75007^||(01)554437765|(06)098866543|FRENCH|S|C|10199925|1641202898334566
NK1|1|DUPONT^MARIE^|EPOUSE||||ERSONNE A PREVENIR||
PV1|1|H|CARDIO^CHAMBRE201^LIT1||||004777^MARTIN^SOPHIE^DR|||CARDIO|||||ADM|A0|
PV2|||^Chirurgie Programmée||||||||||||||||||||||||||||||||||||||20240712
OBX|1|NM|21612-7^POIDS CORPOREL||52|kg|||||F
OBX|2|NM|8302-2^TAILLE||163|cm|||||F
OBX|3|NM|8480-6^PRESSION ARTERIELLE SYSTOLIQUE||154|mm[Hg]|||||F
OBX|4|NM|8462-4^PRESSION ARTERIELLE DIASTOLIQUE||87|mm[Hg]|||||F
OBX|5|NM|2339-0^GLUCOSE SANGUIN||6.2|mmol/L|3.5-5.7|H|||F
AL1|1||^AMOXICILLINE||URTICAIRE|
AL1|2||^ASPIRINE||OEDEME DE QUINCKE|
AL1|3||^ARACHIDES||CHOC ANAPHYLACTIQUE|
DG1|1|CIM10|I21.0^Infarctus transmural aigu du myocarde, de la paroi antérieure|Infarctus du myocarde||A
DG1|2|CIM10|I10^Hypertension essentielle (primitive)|Hypertension artérielle||C
DG1|3|CIM10|E11.9^Diabète sucré de type 2 sans complication|Diabète de type 2||C
PR1|1|CCAM|DDQH001^Coronarographie|Coronarographie||20240710103015
GT1|1|8291|DUPONT^JEAN^MARC^JR^M||123 RUE PRINCIPALE^^PARIS^^75001^FRA|(01)23456789||19610615|M|P/F|SLF|1234567890123||||
IN1|1|SECURITE SOCIALE|1|CPAM|||||||||||||||||||||||||||||||||||||||||||
2025-07-25 17:55:21 - INFO - response received::

MSH|^~\&|IRISHL7|ISC|REGADT|MCM|202507251755||ACK^A01|000001|P|2.5.1|1
MSA|CA|000001



2025-07-25 17:55:21 - INFO - Port 2575 on 127.0.0.1 is open and accessible.
2025-07-25 17:55:21 - INFO - HL7 message generated::
MSH|^~\&|REGADT|MCM|IFENG||20250725175521||ADT^A01|000001|P|2.5.1|1||
EVN|A01|199601061000|199601101400|1
PID|||24445670^^^HOPITAL^MRN~FR123456^^^DLNUM^DL|253763|MUNRO^Alice||19310710|M|||77 Rue de Varenne^^PARIS^75^75007^||(01)554437765|(06)098866543|FRENCH|S|C|10199925|1641202898334566
NK1|1|DUPONT^MARIE^|EPOUSE||||ERSONNE A PREVENIR||
PV1|1|H|CARDIO^CHAMBRE201^LIT1||||004777^MARTIN^SOPHIE^DR|||CARDIO|||||ADM|A0|
PV2|||^Chirurgie Programmée||||||||||||||||||||||||||||||||||||||20240712
OBX|1|NM|21612-7^POIDS CORPOREL||52|kg|||||F
OBX|2|NM|8302-2^TAILLE||163|cm|||||F
OBX|3|NM|8480-6^PRESSION ARTERIELLE SYSTOLIQUE||154|mm[Hg]|||||F
OBX|4|NM|8462-4^PRESSION ARTERIELLE DIASTOLIQUE||87|mm[Hg]|||||F
OBX|5|NM|2339-0^GLUCOSE SANGUIN||6.2|mmol/L|3.5-5.7|H|||F
AL1|1||^AMOXICILLINE||URTICAIRE|
AL1|2||^ASPIRINE||OEDEME DE QUINCKE|
AL1|3||^ARACHIDES||CHOC ANAPHYLACTIQUE|
DG1|1|CIM10|I21.0^Infarctus transmural aigu du myocarde, de la paroi antérieure|Infarctus du myocarde||A
DG1|2|CIM10|I10^Hypertension essentielle (primitive)|Hypertension artérielle||C
DG1|3|CIM10|E11.9^Diabète sucré de type 2 sans complication|Diabète de type 2||C
PR1|1|CCAM|DDQH001^Coronarographie|Coronarographie||20240710103015
GT1|1|8291|DUPONT^JEAN^MARC^JR^M||123 RUE PRINCIPALE^^PARIS^^75001^FRA|(01)23456789||19610615|M|P/F|SLF|1234567890123||||
IN1|1|SECURITE SOCIALE|1|CPAM|||||||||||||||||||||||||||||||||||||||||||
2025-07-25 17:55:21 - INFO - response received::

MSH|^~\&|IRISHL7|ISC|REGADT|MCM|202507251755||ACK^A01|000001|P|2.5.1|1
MSA|CA|000001



2025-07-25 17:55:21 - INFO - Port 2575 on 127.0.0.1 is open and accessible.
2025-07-25 17:55:21 - INFO - HL7 message generated::
MSH|^~\&|REGADT|MCM|IFENG||20250725175521||ADT^A01|000001|P|2.5.1|1||
EVN|A01|199601061000|199601101400|1
PID|||24445670^^^HOPITAL^MRN~FR123456^^^DLNUM^DL|253763|MUNRO^Alice||19310710|M|||77 Rue de Varenne^^PARIS^75^75007^||(01)554437765|(06)098866543|FRENCH|S|C|10199925|1641202898334566
NK1|1|DUPONT^MARIE^|EPOUSE||||ERSONNE A PREVENIR||
PV1|1|H|CARDIO^CHAMBRE201^LIT1||||004777^MARTIN^SOPHIE^DR|||CARDIO|||||ADM|A0|
PV2|||^Chirurgie Programmée||||||||||||||||||||||||||||||||||||||20240712
OBX|1|NM|21612-7^POIDS CORPOREL||52|kg|||||F
OBX|2|NM|8302-2^TAILLE||163|cm|||||F
OBX|3|NM|8480-6^PRESSION ARTERIELLE SYSTOLIQUE||154|mm[Hg]|||||F
OBX|4|NM|8462-4^PRESSION ARTERIELLE DIASTOLIQUE||87|mm[Hg]|||||F
OBX|5|NM|2339-0^GLUCOSE SANGUIN||6.2|mmol/L|3.5-5.7|H|||F
AL1|1||^AMOXICILLINE||URTICAIRE|
AL1|2||^ASPIRINE||OEDEME DE QUINCKE|
AL1|3||^ARACHIDES||CHOC ANAPHYLACTIQUE|
DG1|1|CIM10|I21.0^Infarctus transmural aigu du myocarde, de la paroi antérieure|Infarctus du myocarde||A
DG1|2|CIM10|I10^Hypertension essentielle (primitive)|Hypertension artérielle||C
DG1|3|CIM10|E11.9^Diabète sucré de type 2 sans complication|Diabète de type 2||C
PR1|1|CCAM|DDQH001^Coronarographie|Coronarographie||20240710103015
GT1|1|8291|DUPONT^JEAN^MARC^JR^M||123 RUE PRINCIPALE^^PARIS^^75001^FRA|(01)23456789||19610615|M|P/F|SLF|1234567890123||||
IN1|1|SECURITE SOCIALE|1|CPAM|||||||||||||||||||||||||||||||||||||||||||
2025-07-25 17:55:21 - INFO - response received::

MSH|^~\&|IRISHL7|ISC|REGADT|MCM|202507251755||ACK^A01|000001|P|2.5.1|1
MSA|CA|000001



2025-07-25 17:55:21 - INFO - Port 2575 on 127.0.0.1 is open and accessible.
2025-07-25 17:55:21 - INFO - HL7 message generated::
MSH|^~\&|REGADT|MCM|IFENG||20250725175521||ADT^A01|000001|P|2.5.1|1||
EVN|A01|199601061000|199601101400|1
PID|||24445670^^^HOPITAL^MRN~FR123456^^^DLNUM^DL|253763|MUNRO^Alice||19310710|M|||77 Rue de Varenne^^PARIS^75^75007^||(01)554437765|(06)098866543|FRENCH|S|C|10199925|1641202898334566
NK1|1|DUPONT^MARIE^|EPOUSE||||ERSONNE A PREVENIR||
PV1|1|H|CARDIO^CHAMBRE201^LIT1||||004777^MARTIN^SOPHIE^DR|||CARDIO|||||ADM|A0|
PV2|||^Chirurgie Programmée||||||||||||||||||||||||||||||||||||||20240712
OBX|1|NM|21612-7^POIDS CORPOREL||52|kg|||||F
OBX|2|NM|8302-2^TAILLE||163|cm|||||F
OBX|3|NM|8480-6^PRESSION ARTERIELLE SYSTOLIQUE||154|mm[Hg]|||||F
OBX|4|NM|8462-4^PRESSION ARTERIELLE DIASTOLIQUE||87|mm[Hg]|||||F
OBX|5|NM|2339-0^GLUCOSE SANGUIN||6.2|mmol/L|3.5-5.7|H|||F
AL1|1||^AMOXICILLINE||URTICAIRE|
AL1|2||^ASPIRINE||OEDEME DE QUINCKE|
AL1|3||^ARACHIDES||CHOC ANAPHYLACTIQUE|
DG1|1|CIM10|I21.0^Infarctus transmural aigu du myocarde, de la paroi antérieure|Infarctus du myocarde||A
DG1|2|CIM10|I10^Hypertension essentielle (primitive)|Hypertension artérielle||C
DG1|3|CIM10|E11.9^Diabète sucré de type 2 sans complication|Diabète de type 2||C
PR1|1|CCAM|DDQH001^Coronarographie|Coronarographie||20240710103015
GT1|1|8291|DUPONT^JEAN^MARC^JR^M||123 RUE PRINCIPALE^^PARIS^^75001^FRA|(01)23456789||19610615|M|P/F|SLF|1234567890123||||
IN1|1|SECURITE SOCIALE|1|CPAM|||||||||||||||||||||||||||||||||||||||||||
2025-07-25 17:55:21 - INFO - response received::

MSH|^~\&|IRISHL7|ISC|REGADT|MCM|202507251755||ACK^A01|000001|P|2.5.1|1
MSA|CA|000001



2025-07-25 17:55:24 - INFO - El puerto 2575 en 127.0.0.1 está abierto y accesible.
2025-07-25 17:55:24 - INFO - Mensaje HL7 generado::
MSH|^~\&|REGADT|MCM|IFENG||20250725175524||ADT^A01|000001|P|2.5.1|1||
EVN|A01|199601061000|199601101400|1
PID|||24445670^^^HOPITAL^MRN~FR123456^^^DLNUM^DL|253763|MUNRO^Alice||19310710|M|||77 Rue de Varenne^^PARIS^75^75007^||(01)554437765|(06)098866543|FRENCH|S|C|10199925|1641202898334566
NK1|1|DUPONT^MARIE^|EPOUSE||||ERSONNE A PREVENIR||
PV1|1|H|CARDIO^CHAMBRE201^LIT1||||004777^MARTIN^SOPHIE^DR|||CARDIO|||||ADM|A0|
PV2|||^Chirurgie Programmée||||||||||||||||||||||||||||||||||||||20240712
OBX|1|NM|21612-7^POIDS CORPOREL||52|kg|||||F
OBX|2|NM|8302-2^TAILLE||163|cm|||||F
OBX|3|NM|8480-6^PRESSION ARTERIELLE SYSTOLIQUE||154|mm[Hg]|||||F
OBX|4|NM|8462-4^PRESSION ARTERIELLE DIASTOLIQUE||87|mm[Hg]|||||F
OBX|5|NM|2339-0^GLUCOSE SANGUIN||6.2|mmol/L|3.5-5.7|H|||F
AL1|1||^AMOXICILLINE||URTICAIRE|
AL1|2||^ASPIRINE||OEDEME DE QUINCKE|
AL1|3||^ARACHIDES||CHOC ANAPHYLACTIQUE|
DG1|1|CIM10|I21.0^Infarctus transmural aigu du myocarde, de la paroi antérieure|Infarctus du myocarde||A
DG1|2|CIM10|I10^Hypertension essentielle (primitive)|Hypertension artérielle||C
DG1|3|CIM10|E11.9^Diabète sucré de type 2 sans complication|Diabète de type 2||C
PR1|1|CCAM|DDQH001^Coronarographie|Coronarographie||20240710103015
GT1|1|8291|DUPONT^JEAN^MARC^JR^M||123 RUE PRINCIPALE^^PARIS^^75001^FRA|(01)23456789||19610615|M|P/F|SLF|1234567890123||||
IN1|1|SECURITE SOCIALE|1|CPAM|||||||||||||||||||||||||||||||||||||||||||
2025-07-25 17:55:24 - INFO - respuesta recibida::

MSH|^~\&|IRISHL7|ISC|REGADT|MCM|202507251755||ACK^A01|000001|P|2.5.1|1
MSA|CA|000001



2025-07-25 17:55:24 - INFO - El puerto 2575 en 127.0.0.1 está abierto y accesible.
2025-07-25 17:55:24 - INFO - Mensaje HL7 generado::
MSH|^~\&|REGADT|MCM|IFENG||20250725175524||ADT^A01|000001|P|2.5.1|1||
EVN|A01|199601061000|199601101400|1
PID|||24445670^^^HOPITAL^MRN~FR123456^^^DLNUM^DL|253763|MUNRO^Alice||19310710|M|||77 Rue de Varenne^^PARIS^75^75007^||(01)554437765|(06)098866543|FRENCH|S|C|10199925|1641202898334566
NK1|1|DUPONT^MARIE^|EPOUSE||||ERSONNE A PREVENIR||
PV1|1|H|CARDIO^CHAMBRE201^LIT1||||004777^MARTIN^SOPHIE^DR|||CARDIO|||||ADM|A0|
PV2|||^Chirurgie Programmée||||||||||||||||||||||||||||||||||||||20240712
OBX|1|NM|21612-7^POIDS CORPOREL||52|kg|||||F
OBX|2|NM|8302-2^TAILLE||163|cm|||||F
OBX|3|NM|8480-6^PRESSION ARTERIELLE SYSTOLIQUE||154|mm[Hg]|||||F
OBX|4|NM|8462-4^PRESSION ARTERIELLE DIASTOLIQUE||87|mm[Hg]|||||F
OBX|5|NM|2339-0^GLUCOSE SANGUIN||6.2|mmol/L|3.5-5.7|H|||F
AL1|1||^AMOXICILLINE||URTICAIRE|
AL1|2||^ASPIRINE||OEDEME DE QUINCKE|
AL1|3||^ARACHIDES||CHOC ANAPHYLACTIQUE|
DG1|1|CIM10|I21.0^Infarctus transmural aigu du myocarde, de la paroi antérieure|Infarctus du myocarde||A
DG1|2|CIM10|I10^Hypertension essentielle (primitive)|Hypertension artérielle||C
DG1|3|CIM10|E11.9^Diabète sucré de type 2 sans complication|Diabète de type 2||C
PR1|1|CCAM|DDQH001^Coronarographie|Coronarographie||20240710103015
GT1|1|8291|DUPONT^JEAN^MARC^JR^M||123 RUE PRINCIPALE^^PARIS^^75001^FRA|(01)23456789||19610615|M|P/F|SLF|1234567890123||||
IN1|1|SECURITE SOCIALE|1|CPAM|||||||||||||||||||||||||||||||||||||||||||
2025-07-25 17:55:24 - INFO - respuesta recibida::

MSH|^~\&|IRISHL7|ISC|REGADT|MCM|202507251755||ACK^A01|000001|P|2.5.1|1
MSA|CA|000001



2025-07-25 17:55:24 - INFO - El puerto 2575 en 127.0.0.1 está abierto y accesible.
2025-07-25 17:55:24 - INFO - Mensaje HL7 generado::
MSH|^~\&|REGADT|MCM|IFENG||20250725175524||ADT^A01|000001|P|2.5.1|1||
EVN|A01|199601061000|199601101400|1
PID|||24445670^^^HOPITAL^MRN~FR123456^^^DLNUM^DL|253763|MUNRO^Alice||19310710|M|||77 Rue de Varenne^^PARIS^75^75007^||(01)554437765|(06)098866543|FRENCH|S|C|10199925|1641202898334566
NK1|1|DUPONT^MARIE^|EPOUSE||||ERSONNE A PREVENIR||
PV1|1|H|CARDIO^CHAMBRE201^LIT1||||004777^MARTIN^SOPHIE^DR|||CARDIO|||||ADM|A0|
PV2|||^Chirurgie Programmée||||||||||||||||||||||||||||||||||||||20240712
OBX|1|NM|21612-7^POIDS CORPOREL||52|kg|||||F
OBX|2|NM|8302-2^TAILLE||163|cm|||||F
OBX|3|NM|8480-6^PRESSION ARTERIELLE SYSTOLIQUE||154|mm[Hg]|||||F
OBX|4|NM|8462-4^PRESSION ARTERIELLE DIASTOLIQUE||87|mm[Hg]|||||F
OBX|5|NM|2339-0^GLUCOSE SANGUIN||6.2|mmol/L|3.5-5.7|H|||F
AL1|1||^AMOXICILLINE||URTICAIRE|
AL1|2||^ASPIRINE||OEDEME DE QUINCKE|
AL1|3||^ARACHIDES||CHOC ANAPHYLACTIQUE|
DG1|1|CIM10|I21.0^Infarctus transmural aigu du myocarde, de la paroi antérieure|Infarctus du myocarde||A
DG1|2|CIM10|I10^Hypertension essentielle (primitive)|Hypertension artérielle||C
DG1|3|CIM10|E11.9^Diabète sucré de type 2 sans complication|Diabète de type 2||C
PR1|1|CCAM|DDQH001^Coronarographie|Coronarographie||20240710103015
GT1|1|8291|DUPONT^JEAN^MARC^JR^M||123 RUE PRINCIPALE^^PARIS^^75001^FRA|(01)23456789||19610615|M|P/F|SLF|1234567890123||||
IN1|1|SECURITE SOCIALE|1|CPAM|||||||||||||||||||||||||||||||||||||||||||
2025-07-25 17:55:24 - INFO - respuesta recibida::

MSH|^~\&|IRISHL7|ISC|REGADT|MCM|202507251755||ACK^A01|000001|P|2.5.1|1
MSA|CA|000001



2025-07-25 17:55:24 - INFO - El puerto 2575 en 127.0.0.1 está abierto y accesible.
2025-07-25 17:55:24 - INFO - Mensaje HL7 generado::
MSH|^~\&|REGADT|MCM|IFENG||20250725175524||ADT^A01|000001|P|2.5.1|1||
EVN|A01|199601061000|199601101400|1
PID|||24445670^^^HOPITAL^MRN~FR123456^^^DLNUM^DL|253763|MUNRO^Alice||19310710|M|||77 Rue de Varenne^^PARIS^75^75007^||(01)554437765|(06)098866543|FRENCH|S|C|10199925|1641202898334566
NK1|1|DUPONT^MARIE^|EPOUSE||||ERSONNE A PREVENIR||
PV1|1|H|CARDIO^CHAMBRE201^LIT1||||004777^MARTIN^SOPHIE^DR|||CARDIO|||||ADM|A0|
PV2|||^Chirurgie Programmée||||||||||||||||||||||||||||||||||||||20240712
OBX|1|NM|21612-7^POIDS CORPOREL||52|kg|||||F
OBX|2|NM|8302-2^TAILLE||163|cm|||||F
OBX|3|NM|8480-6^PRESSION ARTERIELLE SYSTOLIQUE||154|mm[Hg]|||||F
OBX|4|NM|8462-4^PRESSION ARTERIELLE DIASTOLIQUE||87|mm[Hg]|||||F
OBX|5|NM|2339-0^GLUCOSE SANGUIN||6.2|mmol/L|3.5-5.7|H|||F
AL1|1||^AMOXICILLINE||URTICAIRE|
AL1|2||^ASPIRINE||OEDEME DE QUINCKE|
AL1|3||^ARACHIDES||CHOC ANAPHYLACTIQUE|
DG1|1|CIM10|I21.0^Infarctus transmural aigu du myocarde, de la paroi antérieure|Infarctus du myocarde||A
DG1|2|CIM10|I10^Hypertension essentielle (primitive)|Hypertension artérielle||C
DG1|3|CIM10|E11.9^Diabète sucré de type 2 sans complication|Diabète de type 2||C
PR1|1|CCAM|DDQH001^Coronarographie|Coronarographie||20240710103015
GT1|1|8291|DUPONT^JEAN^MARC^JR^M||123 RUE PRINCIPALE^^PARIS^^75001^FRA|(01)23456789||19610615|M|P/F|SLF|1234567890123||||
IN1|1|SECURITE SOCIALE|1|CPAM|||||||||||||||||||||||||||||||||||||||||||
2025-07-25 17:55:24 - INFO - respuesta recibida::

MSH|^~\&|IRISHL7|ISC|REGADT|MCM|202507251755||ACK^A01|000001|P|2.5.1|1
MSA|CA|000001



2025-07-25 17:55:25 - INFO - El puerto 2575 en 127.0.0.1 está abierto y accesible.
2025-07-25 17:55:25 - INFO - Mensaje HL7 generado::
MSH|^~\&|REGADT|MCM|IFENG||20250725175525||ADT^A01|000001|P|2.5.1|1||
EVN|A01|199601061000|199601101400|1
PID|||24445670^^^HOPITAL^MRN~FR123456^^^DLNUM^DL|253763|MUNRO^Alice||19310710|M|||77 Rue de Varenne^^PARIS^75^75007^||(01)554437765|(06)098866543|FRENCH|S|C|10199925|1641202898334566
NK1|1|DUPONT^MARIE^|EPOUSE||||ERSONNE A PREVENIR||
PV1|1|H|CARDIO^CHAMBRE201^LIT1||||004777^MARTIN^SOPHIE^DR|||CARDIO|||||ADM|A0|
PV2|||^Chirurgie Programmée||||||||||||||||||||||||||||||||||||||20240712
OBX|1|NM|21612-7^POIDS CORPOREL||52|kg|||||F
OBX|2|NM|8302-2^TAILLE||163|cm|||||F
OBX|3|NM|8480-6^PRESSION ARTERIELLE SYSTOLIQUE||154|mm[Hg]|||||F
OBX|4|NM|8462-4^PRESSION ARTERIELLE DIASTOLIQUE||87|mm[Hg]|||||F
OBX|5|NM|2339-0^GLUCOSE SANGUIN||6.2|mmol/L|3.5-5.7|H|||F
AL1|1||^AMOXICILLINE||URTICAIRE|
AL1|2||^ASPIRINE||OEDEME DE QUINCKE|
AL1|3||^ARACHIDES||CHOC ANAPHYLACTIQUE|
DG1|1|CIM10|I21.0^Infarctus transmural aigu du myocarde, de la paroi antérieure|Infarctus du myocarde||A
DG1|2|CIM10|I10^Hypertension essentielle (primitive)|Hypertension artérielle||C
DG1|3|CIM10|E11.9^Diabète sucré de type 2 sans complication|Diabète de type 2||C
PR1|1|CCAM|DDQH001^Coronarographie|Coronarographie||20240710103015
GT1|1|8291|DUPONT^JEAN^MARC^JR^M||123 RUE PRINCIPALE^^PARIS^^75001^FRA|(01)23456789||19610615|M|P/F|SLF|1234567890123||||
IN1|1|SECURITE SOCIALE|1|CPAM|||||||||||||||||||||||||||||||||||||||||||
2025-07-25 17:55:25 - INFO - respuesta recibida::

MSH|^~\&|IRISHL7|ISC|REGADT|MCM|202507251755||ACK^A01|000001|P|2.5.1|1
MSA|CA|000001



2025-07-25 17:55:25 - INFO - El puerto 2575 en 127.0.0.1 está abierto y accesible.
2025-07-25 17:55:25 - INFO - Mensaje HL7 generado::
MSH|^~\&|REGADT|MCM|IFENG||20250725175525||ADT^A01|000001|P|2.5.1|1||
EVN|A01|199601061000|199601101400|1
PID|||24445670^^^HOPITAL^MRN~FR123456^^^DLNUM^DL|253763|MUNRO^Alice||19310710|M|||77 Rue de Varenne^^PARIS^75^75007^||(01)554437765|(06)098866543|FRENCH|S|C|10199925|1641202898334566
NK1|1|DUPONT^MARIE^|EPOUSE||||ERSONNE A PREVENIR||
PV1|1|H|CARDIO^CHAMBRE201^LIT1||||004777^MARTIN^SOPHIE^DR|||CARDIO|||||ADM|A0|
PV2|||^Chirurgie Programmée||||||||||||||||||||||||||||||||||||||20240712
OBX|1|NM|21612-7^POIDS CORPOREL||52|kg|||||F
OBX|2|NM|8302-2^TAILLE||163|cm|||||F
OBX|3|NM|8480-6^PRESSION ARTERIELLE SYSTOLIQUE||154|mm[Hg]|||||F
OBX|4|NM|8462-4^PRESSION ARTERIELLE DIASTOLIQUE||87|mm[Hg]|||||F
OBX|5|NM|2339-0^GLUCOSE SANGUIN||6.2|mmol/L|3.5-5.7|H|||F
AL1|1||^AMOXICILLINE||URTICAIRE|
AL1|2||^ASPIRINE||OEDEME DE QUINCKE|
AL1|3||^ARACHIDES||CHOC ANAPHYLACTIQUE|
DG1|1|CIM10|I21.0^Infarctus transmural aigu du myocarde, de la paroi antérieure|Infarctus du myocarde||A
DG1|2|CIM10|I10^Hypertension essentielle (primitive)|Hypertension artérielle||C
DG1|3|CIM10|E11.9^Diabète sucré de type 2 sans complication|Diabète de type 2||C
PR1|1|CCAM|DDQH001^Coronarographie|Coronarographie||20240710103015
GT1|1|8291|DUPONT^JEAN^MARC^JR^M||123 RUE PRINCIPALE^^PARIS^^75001^FRA|(01)23456789||19610615|M|P/F|SLF|1234567890123||||
IN1|1|SECURITE SOCIALE|1|CPAM|||||||||||||||||||||||||||||||||||||||||||
2025-07-25 17:55:25 - INFO - respuesta recibida::

MSH|^~\&|IRISHL7|ISC|REGADT|MCM|202507251755||ACK^A01|000001|P|2.5.1|1
MSA|CA|000001



2025-07-25 17:55:25 - INFO - El puerto 2575 en 127.0.0.1 está abierto y accesible.
2025-07-25 17:55:25 - INFO - Mensaje HL7 generado::
MSH|^~\&|REGADT|MCM|IFENG||20250725175525||ADT^A01|000001|P|2.5.1|1||
EVN|A01|199601061000|199601101400|1
PID|||24445670^^^HOPITAL^MRN~FR123456^^^DLNUM^DL|253763|MUNRO^Alice||19310710|M|||77 Rue de Varenne^^PARIS^75^75007^||(01)554437765|(06)098866543|FRENCH|S|C|10199925|1641202898334566
NK1|1|DUPONT^MARIE^|EPOUSE||||ERSONNE A PREVENIR||
PV1|1|H|CARDIO^CHAMBRE201^LIT1||||004777^MARTIN^SOPHIE^DR|||CARDIO|||||ADM|A0|
PV2|||^Chirurgie Programmée||||||||||||||||||||||||||||||||||||||20240712
OBX|1|NM|21612-7^POIDS CORPOREL||52|kg|||||F
OBX|2|NM|8302-2^TAILLE||163|cm|||||F
OBX|3|NM|8480-6^PRESSION ARTERIELLE SYSTOLIQUE||154|mm[Hg]|||||F
OBX|4|NM|8462-4^PRESSION ARTERIELLE DIASTOLIQUE||87|mm[Hg]|||||F
OBX|5|NM|2339-0^GLUCOSE SANGUIN||6.2|mmol/L|3.5-5.7|H|||F
AL1|1||^AMOXICILLINE||URTICAIRE|
AL1|2||^ASPIRINE||OEDEME DE QUINCKE|
AL1|3||^ARACHIDES||CHOC ANAPHYLACTIQUE|
DG1|1|CIM10|I21.0^Infarctus transmural aigu du myocarde, de la paroi antérieure|Infarctus du myocarde||A
DG1|2|CIM10|I10^Hypertension essentielle (primitive)|Hypertension artérielle||C
DG1|3|CIM10|E11.9^Diabète sucré de type 2 sans complication|Diabète de type 2||C
PR1|1|CCAM|DDQH001^Coronarographie|Coronarographie||20240710103015
GT1|1|8291|DUPONT^JEAN^MARC^JR^M||123 RUE PRINCIPALE^^PARIS^^75001^FRA|(01)23456789||19610615|M|P/F|SLF|1234567890123||||
IN1|1|SECURITE SOCIALE|1|CPAM|||||||||||||||||||||||||||||||||||||||||||
2025-07-25 17:55:25 - INFO - respuesta recibida::

MSH|^~\&|IRISHL7|ISC|REGADT|MCM|202507251755||ACK^A01|000001|P|2.5.1|1
MSA|CA|000001



2025-07-25 17:55:25 - INFO - El puerto 2575 en 127.0.0.1 está abierto y accesible.
2025-07-25 17:55:25 - INFO - Mensaje HL7 generado::
MSH|^~\&|REGADT|MCM|IFENG||20250725175525||ADT^A01|000001|P|2.5.1|1||
EVN|A01|199601061000|199601101400|1
PID|||24445670^^^HOPITAL^MRN~FR123456^^^DLNUM^DL|253763|MUNRO^Alice||19310710|M|||77 Rue de Varenne^^PARIS^75^75007^||(01)554437765|(06)098866543|FRENCH|S|C|10199925|1641202898334566
NK1|1|DUPONT^MARIE^|EPOUSE||||ERSONNE A PREVENIR||
PV1|1|H|CARDIO^CHAMBRE201^LIT1||||004777^MARTIN^SOPHIE^DR|||CARDIO|||||ADM|A0|
PV2|||^Chirurgie Programmée||||||||||||||||||||||||||||||||||||||20240712
OBX|1|NM|21612-7^POIDS CORPOREL||52|kg|||||F
OBX|2|NM|8302-2^TAILLE||163|cm|||||F
OBX|3|NM|8480-6^PRESSION ARTERIELLE SYSTOLIQUE||154|mm[Hg]|||||F
OBX|4|NM|8462-4^PRESSION ARTERIELLE DIASTOLIQUE||87|mm[Hg]|||||F
OBX|5|NM|2339-0^GLUCOSE SANGUIN||6.2|mmol/L|3.5-5.7|H|||F
AL1|1||^AMOXICILLINE||URTICAIRE|
AL1|2||^ASPIRINE||OEDEME DE QUINCKE|
AL1|3||^ARACHIDES||CHOC ANAPHYLACTIQUE|
DG1|1|CIM10|I21.0^Infarctus transmural aigu du myocarde, de la paroi antérieure|Infarctus du myocarde||A
DG1|2|CIM10|I10^Hypertension essentielle (primitive)|Hypertension artérielle||C
DG1|3|CIM10|E11.9^Diabète sucré de type 2 sans complication|Diabète de type 2||C
PR1|1|CCAM|DDQH001^Coronarographie|Coronarographie||20240710103015
GT1|1|8291|DUPONT^JEAN^MARC^JR^M||123 RUE PRINCIPALE^^PARIS^^75001^FRA|(01)23456789||19610615|M|P/F|SLF|1234567890123||||
IN1|1|SECURITE SOCIALE|1|CPAM|||||||||||||||||||||||||||||||||||||||||||
2025-07-25 17:55:25 - INFO - respuesta recibida::

MSH|^~\&|IRISHL7|ISC|REGADT|MCM|202507251755||ACK^A01|000001|P|2.5.1|1
MSA|CA|000001



2025-07-25 17:55:26 - INFO - El puerto 2575 en 127.0.0.1 está abierto y accesible.
2025-07-25 17:55:26 - INFO - Mensaje HL7 generado::
MSH|^~\&|REGADT|MCM|IFENG||20250725175526||ADT^A01|000001|P|2.5.1|1||
EVN|A01|199601061000|199601101400|1
PID|||24445670^^^HOPITAL^MRN~FR123456^^^DLNUM^DL|253763|MUNRO^Alice||19310710|M|||77 Rue de Varenne^^PARIS^75^75007^||(01)554437765|(06)098866543|FRENCH|S|C|10199925|1641202898334566
NK1|1|DUPONT^MARIE^|EPOUSE||||ERSONNE A PREVENIR||
PV1|1|H|CARDIO^CHAMBRE201^LIT1||||004777^MARTIN^SOPHIE^DR|||CARDIO|||||ADM|A0|
PV2|||^Chirurgie Programmée||||||||||||||||||||||||||||||||||||||20240712
OBX|1|NM|21612-7^POIDS CORPOREL||52|kg|||||F
OBX|2|NM|8302-2^TAILLE||163|cm|||||F
OBX|3|NM|8480-6^PRESSION ARTERIELLE SYSTOLIQUE||154|mm[Hg]|||||F
OBX|4|NM|8462-4^PRESSION ARTERIELLE DIASTOLIQUE||87|mm[Hg]|||||F
OBX|5|NM|2339-0^GLUCOSE SANGUIN||6.2|mmol/L|3.5-5.7|H|||F
AL1|1||^AMOXICILLINE||URTICAIRE|
AL1|2||^ASPIRINE||OEDEME DE QUINCKE|
AL1|3||^ARACHIDES||CHOC ANAPHYLACTIQUE|
DG1|1|CIM10|I21.0^Infarctus transmural aigu du myocarde, de la paroi antérieure|Infarctus du myocarde||A
DG1|2|CIM10|I10^Hypertension essentielle (primitive)|Hypertension artérielle||C
DG1|3|CIM10|E11.9^Diabète sucré de type 2 sans complication|Diabète de type 2||C
PR1|1|CCAM|DDQH001^Coronarographie|Coronarographie||20240710103015
GT1|1|8291|DUPONT^JEAN^MARC^JR^M||123 RUE PRINCIPALE^^PARIS^^75001^FRA|(01)23456789||19610615|M|P/F|SLF|1234567890123||||
IN1|1|SECURITE SOCIALE|1|CPAM|||||||||||||||||||||||||||||||||||||||||||
2025-07-25 17:55:26 - INFO - respuesta recibida::

MSH|^~\&|IRISHL7|ISC|REGADT|MCM|202507251755||ACK^A01|000001|P|2.5.1|1
MSA|CA|000001



2025-07-25 17:55:26 - INFO - El puerto 2575 en 127.0.0.1 está abierto y accesible.
2025-07-25 17:55:26 - INFO - Mensaje HL7 generado::
MSH|^~\&|REGADT|MCM|IFENG||20250725175526||ADT^A01|000001|P|2.5.1|1||
EVN|A01|199601061000|199601101400|1
PID|||24445670^^^HOPITAL^MRN~FR123456^^^DLNUM^DL|253763|MUNRO^Alice||19310710|M|||77 Rue de Varenne^^PARIS^75^75007^||(01)554437765|(06)098866543|FRENCH|S|C|10199925|1641202898334566
NK1|1|DUPONT^MARIE^|EPOUSE||||ERSONNE A PREVENIR||
PV1|1|H|CARDIO^CHAMBRE201^LIT1||||004777^MARTIN^SOPHIE^DR|||CARDIO|||||ADM|A0|
PV2|||^Chirurgie Programmée||||||||||||||||||||||||||||||||||||||20240712
OBX|1|NM|21612-7^POIDS CORPOREL||52|kg|||||F
OBX|2|NM|8302-2^TAILLE||163|cm|||||F
OBX|3|NM|8480-6^PRESSION ARTERIELLE SYSTOLIQUE||154|mm[Hg]|||||F
OBX|4|NM|8462-4^PRESSION ARTERIELLE DIASTOLIQUE||87|mm[Hg]|||||F
OBX|5|NM|2339-0^GLUCOSE SANGUIN||6.2|mmol/L|3.5-5.7|H|||F
AL1|1||^AMOXICILLINE||URTICAIRE|
AL1|2||^ASPIRINE||OEDEME DE QUINCKE|
AL1|3||^ARACHIDES||CHOC ANAPHYLACTIQUE|
DG1|1|CIM10|I21.0^Infarctus transmural aigu du myocarde, de la paroi antérieure|Infarctus du myocarde||A
DG1|2|CIM10|I10^Hypertension essentielle (primitive)|Hypertension artérielle||C
DG1|3|CIM10|E11.9^Diabète sucré de type 2 sans complication|Diabète de type 2||C
PR1|1|CCAM|DDQH001^Coronarographie|Coronarographie||20240710103015
GT1|1|8291|DUPONT^JEAN^MARC^JR^M||123 RUE PRINCIPALE^^PARIS^^75001^FRA|(01)23456789||19610615|M|P/F|SLF|1234567890123||||
IN1|1|SECURITE SOCIALE|1|CPAM|||||||||||||||||||||||||||||||||||||||||||
2025-07-25 17:55:26 - INFO - respuesta recibida::

MSH|^~\&|IRISHL7|ISC|REGADT|MCM|202507251755||ACK^A01|000001|P|2.5.1|1
MSA|CA|000001



2025-07-25 17:55:26 - INFO - El puerto 2575 en 127.0.0.1 está abierto y accesible.
2025-07-25 17:55:26 - INFO - Mensaje HL7 generado::
MSH|^~\&|REGADT|MCM|IFENG||20250725175526||ADT^A01|000001|P|2.5.1|1||
EVN|A01|199601061000|199601101400|1
PID|||24445670^^^HOPITAL^MRN~FR123456^^^DLNUM^DL|253763|MUNRO^Alice||19310710|M|||77 Rue de Varenne^^PARIS^75^75007^||(01)554437765|(06)098866543|FRENCH|S|C|10199925|1641202898334566
NK1|1|DUPONT^MARIE^|EPOUSE||||ERSONNE A PREVENIR||
PV1|1|H|CARDIO^CHAMBRE201^LIT1||||004777^MARTIN^SOPHIE^DR|||CARDIO|||||ADM|A0|
PV2|||^Chirurgie Programmée||||||||||||||||||||||||||||||||||||||20240712
OBX|1|NM|21612-7^POIDS CORPOREL||52|kg|||||F
OBX|2|NM|8302-2^TAILLE||163|cm|||||F
OBX|3|NM|8480-6^PRESSION ARTERIELLE SYSTOLIQUE||154|mm[Hg]|||||F
OBX|4|NM|8462-4^PRESSION ARTERIELLE DIASTOLIQUE||87|mm[Hg]|||||F
OBX|5|NM|2339-0^GLUCOSE SANGUIN||6.2|mmol/L|3.5-5.7|H|||F
AL1|1||^AMOXICILLINE||URTICAIRE|
AL1|2||^ASPIRINE||OEDEME DE QUINCKE|
AL1|3||^ARACHIDES||CHOC ANAPHYLACTIQUE|
DG1|1|CIM10|I21.0^Infarctus transmural aigu du myocarde, de la paroi antérieure|Infarctus du myocarde||A
DG1|2|CIM10|I10^Hypertension essentielle (primitive)|Hypertension artérielle||C
DG1|3|CIM10|E11.9^Diabète sucré de type 2 sans complication|Diabète de type 2||C
PR1|1|CCAM|DDQH001^Coronarographie|Coronarographie||20240710103015
GT1|1|8291|DUPONT^JEAN^MARC^JR^M||123 RUE PRINCIPALE^^PARIS^^75001^FRA|(01)23456789||19610615|M|P/F|SLF|1234567890123||||
IN1|1|SECURITE SOCIALE|1|CPAM|||||||||||||||||||||||||||||||||||||||||||
2025-07-25 17:55:26 - ERROR - Error al enviar HL7 ::
[Errno 54] Connection reset by peer
2025-07-25 17:55:26 - INFO - El puerto 2575 en 127.0.0.1 está abierto y accesible.
2025-07-25 17:55:26 - INFO - Mensaje HL7 generado::
MSH|^~\&|REGADT|MCM|IFENG||20250725175526||ADT^A01|000001|P|2.5.1|1||
EVN|A01|199601061000|199601101400|1
PID|||24445670^^^HOPITAL^MRN~FR123456^^^DLNUM^DL|253763|MUNRO^Alice||19310710|M|||77 Rue de Varenne^^PARIS^75^75007^||(01)554437765|(06)098866543|FRENCH|S|C|10199925|1641202898334566
NK1|1|DUPONT^MARIE^|EPOUSE||||ERSONNE A PREVENIR||
PV1|1|H|CARDIO^CHAMBRE201^LIT1||||004777^MARTIN^SOPHIE^DR|||CARDIO|||||ADM|A0|
PV2|||^Chirurgie Programmée||||||||||||||||||||||||||||||||||||||20240712
OBX|1|NM|21612-7^POIDS CORPOREL||52|kg|||||F
OBX|2|NM|8302-2^TAILLE||163|cm|||||F
OBX|3|NM|8480-6^PRESSION ARTERIELLE SYSTOLIQUE||154|mm[Hg]|||||F
OBX|4|NM|8462-4^PRESSION ARTERIELLE DIASTOLIQUE||87|mm[Hg]|||||F
OBX|5|NM|2339-0^GLUCOSE SANGUIN||6.2|mmol/L|3.5-5.7|H|||F
AL1|1||^AMOXICILLINE||URTICAIRE|
AL1|2||^ASPIRINE||OEDEME DE QUINCKE|
AL1|3||^ARACHIDES||CHOC ANAPHYLACTIQUE|
DG1|1|CIM10|I21.0^Infarctus transmural aigu du myocarde, de la paroi antérieure|Infarctus du myocarde||A
DG1|2|CIM10|I10^Hypertension essentielle (primitive)|Hypertension artérielle||C
DG1|3|CIM10|E11.9^Diabète sucré de type 2 sans complication|Diabète de type 2||C
PR1|1|CCAM|DDQH001^Coronarographie|Coronarographie||20240710103015
GT1|1|8291|DUPONT^JEAN^MARC^JR^M||123 RUE PRINCIPALE^^PARIS^^75001^FRA|(01)23456789||19610615|M|P/F|SLF|1234567890123||||
IN1|1|SECURITE SOCIALE|1|CPAM|||||||||||||||||||||||||||||||||||||||||||
2025-07-25 17:55:26 - INFO - respuesta recibida::

MSH|^~\&|IRISHL7|ISC|REGADT|MCM|202507251755||ACK^A01|000001|P|2.5.1|1
MSA|CA|000001



2025-07-25 17:55:26 - INFO - El puerto 2575 en 127.0.0.1 está abierto y accesible.
2025-07-25 17:55:26 - INFO - Mensaje HL7 generado::
MSH|^~\&|REGADT|MCM|IFENG||20250725175526||ADT^A01|000001|P|2.5.1|1||
EVN|A01|199601061000|199601101400|1
PID|||24445670^^^HOPITAL^MRN~FR123456^^^DLNUM^DL|253763|MUNRO^Alice||19310710|M|||77 Rue de Varenne^^PARIS^75^75007^||(01)554437765|(06)098866543|FRENCH|S|C|10199925|1641202898334566
NK1|1|DUPONT^MARIE^|EPOUSE||||ERSONNE A PREVENIR||
PV1|1|H|CARDIO^CHAMBRE201^LIT1||||004777^MARTIN^SOPHIE^DR|||CARDIO|||||ADM|A0|
PV2|||^Chirurgie Programmée||||||||||||||||||||||||||||||||||||||20240712
OBX|1|NM|21612-7^POIDS CORPOREL||52|kg|||||F
OBX|2|NM|8302-2^TAILLE||163|cm|||||F
OBX|3|NM|8480-6^PRESSION ARTERIELLE SYSTOLIQUE||154|mm[Hg]|||||F
OBX|4|NM|8462-4^PRESSION ARTERIELLE DIASTOLIQUE||87|mm[Hg]|||||F
OBX|5|NM|2339-0^GLUCOSE SANGUIN||6.2|mmol/L|3.5-5.7|H|||F
AL1|1||^AMOXICILLINE||URTICAIRE|
AL1|2||^ASPIRINE||OEDEME DE QUINCKE|
AL1|3||^ARACHIDES||CHOC ANAPHYLACTIQUE|
DG1|1|CIM10|I21.0^Infarctus transmural aigu du myocarde, de la paroi antérieure|Infarctus du myocarde||A
DG1|2|CIM10|I10^Hypertension essentielle (primitive)|Hypertension artérielle||C
DG1|3|CIM10|E11.9^Diabète sucré de type 2 sans complication|Diabète de type 2||C
PR1|1|CCAM|DDQH001^Coronarographie|Coronarographie||20240710103015
GT1|1|8291|DUPONT^JEAN^MARC^JR^M||123 RUE PRINCIPALE^^PARIS^^75001^FRA|(01)23456789||19610615|M|P/F|SLF|1234567890123||||
IN1|1|SECURITE SOCIALE|1|CPAM|||||||||||||||||||||||||||||||||||||||||||
2025-07-25 17:55:26 - INFO - respuesta recibida::

MSH|^~\&|IRISHL7|ISC|REGADT|MCM|202507251755||ACK^A01|000001|P|2.5.1|1
MSA|CA|000001



2025-07-25 17:55:27 - INFO - El puerto 2575 en 127.0.0.1 está abierto y accesible.
2025-07-25 17:55:27 - INFO - Mensaje HL7 generado::
MSH|^~\&|REGADT|MCM|IFENG||20250725175527||ADT^A01|000001|P|2.5.1|1||
EVN|A01|199601061000|199601101400|1
PID|||24445670^^^HOPITAL^MRN~FR123456^^^DLNUM^DL|253763|MUNRO^Alice||19310710|M|||77 Rue de Varenne^^PARIS^75^75007^||(01)554437765|(06)098866543|FRENCH|S|C|10199925|1641202898334566
NK1|1|DUPONT^MARIE^|EPOUSE||||ERSONNE A PREVENIR||
PV1|1|H|CARDIO^CHAMBRE201^LIT1||||004777^MARTIN^SOPHIE^DR|||CARDIO|||||ADM|A0|
PV2|||^Chirurgie Programmée||||||||||||||||||||||||||||||||||||||20240712
OBX|1|NM|21612-7^POIDS CORPOREL||52|kg|||||F
OBX|2|NM|8302-2^TAILLE||163|cm|||||F
OBX|3|NM|8480-6^PRESSION ARTERIELLE SYSTOLIQUE||154|mm[Hg]|||||F
OBX|4|NM|8462-4^PRESSION ARTERIELLE DIASTOLIQUE||87|mm[Hg]|||||F
OBX|5|NM|2339-0^GLUCOSE SANGUIN||6.2|mmol/L|3.5-5.7|H|||F
AL1|1||^AMOXICILLINE||URTICAIRE|
AL1|2||^ASPIRINE||OEDEME DE QUINCKE|
AL1|3||^ARACHIDES||CHOC ANAPHYLACTIQUE|
DG1|1|CIM10|I21.0^Infarctus transmural aigu du myocarde, de la paroi antérieure|Infarctus du myocarde||A
DG1|2|CIM10|I10^Hypertension essentielle (primitive)|Hypertension artérielle||C
DG1|3|CIM10|E11.9^Diabète sucré de type 2 sans complication|Diabète de type 2||C
PR1|1|CCAM|DDQH001^Coronarographie|Coronarographie||20240710103015
GT1|1|8291|DUPONT^JEAN^MARC^JR^M||123 RUE PRINCIPALE^^PARIS^^75001^FRA|(01)23456789||19610615|M|P/F|SLF|1234567890123||||
IN1|1|SECURITE SOCIALE|1|CPAM|||||||||||||||||||||||||||||||||||||||||||
2025-07-25 17:55:27 - INFO - respuesta recibida::

MSH|^~\&|IRISHL7|ISC|REGADT|MCM|202507251755||ACK^A01|000001|P|2.5.1|1
MSA|CA|000001



2025-07-25 17:55:27 - INFO - El puerto 2575 en 127.0.0.1 está abierto y accesible.
2025-07-25 17:55:27 - INFO - Mensaje HL7 generado::
MSH|^~\&|REGADT|MCM|IFENG||20250725175527||ADT^A01|000001|P|2.5.1|1||
EVN|A01|199601061000|199601101400|1
PID|||24445670^^^HOPITAL^MRN~FR123456^^^DLNUM^DL|253763|MUNRO^Alice||19310710|M|||77 Rue de Varenne^^PARIS^75^75007^||(01)554437765|(06)098866543|FRENCH|S|C|10199925|1641202898334566
NK1|1|DUPONT^MARIE^|EPOUSE||||ERSONNE A PREVENIR||
PV1|1|H|CARDIO^CHAMBRE201^LIT1||||004777^MARTIN^SOPHIE^DR|||CARDIO|||||ADM|A0|
PV2|||^Chirurgie Programmée||||||||||||||||||||||||||||||||||||||20240712
OBX|1|NM|21612-7^POIDS CORPOREL||52|kg|||||F
OBX|2|NM|8302-2^TAILLE||163|cm|||||F
OBX|3|NM|8480-6^PRESSION ARTERIELLE SYSTOLIQUE||154|mm[Hg]|||||F
OBX|4|NM|8462-4^PRESSION ARTERIELLE DIASTOLIQUE||87|mm[Hg]|||||F
OBX|5|NM|2339-0^GLUCOSE SANGUIN||6.2|mmol/L|3.5-5.7|H|||F
AL1|1||^AMOXICILLINE||URTICAIRE|
AL1|2||^ASPIRINE||OEDEME DE QUINCKE|
AL1|3||^ARACHIDES||CHOC ANAPHYLACTIQUE|
DG1|1|CIM10|I21.0^Infarctus transmural aigu du myocarde, de la paroi antérieure|Infarctus du myocarde||A
DG1|2|CIM10|I10^Hypertension essentielle (primitive)|Hypertension artérielle||C
DG1|3|CIM10|E11.9^Diabète sucré de type 2 sans complication|Diabète de type 2||C
PR1|1|CCAM|DDQH001^Coronarographie|Coronarographie||20240710103015
GT1|1|8291|DUPONT^JEAN^MARC^JR^M||123 RUE PRINCIPALE^^PARIS^^75001^FRA|(01)23456789||19610615|M|P/F|SLF|1234567890123||||
IN1|1|SECURITE SOCIALE|1|CPAM|||||||||||||||||||||||||||||||||||||||||||
2025-07-25 17:55:27 - INFO - respuesta recibida::

MSH|^~\&|IRISHL7|ISC|REGADT|MCM|202507251755||ACK^A01|000001|P|2.5.1|1
MSA|CA|000001



2025-07-25 17:55:28 - INFO - El puerto 2575 en 127.0.0.1 está abierto y accesible.
2025-07-25 17:55:28 - INFO - Mensaje HL7 generado::
MSH|^~\&|REGADT|MCM|IFENG||20250725175528||ADT^A01|000001|P|2.5.1|1||
EVN|A01|199601061000|199601101400|1
PID|||24445670^^^HOPITAL^MRN~FR123456^^^DLNUM^DL|253763|MUNRO^Alice||19310710|M|||77 Rue de Varenne^^PARIS^75^75007^||(01)554437765|(06)098866543|FRENCH|S|C|10199925|1641202898334566
NK1|1|DUPONT^MARIE^|EPOUSE||||ERSONNE A PREVENIR||
PV1|1|H|CARDIO^CHAMBRE201^LIT1||||004777^MARTIN^SOPHIE^DR|||CARDIO|||||ADM|A0|
PV2|||^Chirurgie Programmée||||||||||||||||||||||||||||||||||||||20240712
OBX|1|NM|21612-7^POIDS CORPOREL||52|kg|||||F
OBX|2|NM|8302-2^TAILLE||163|cm|||||F
OBX|3|NM|8480-6^PRESSION ARTERIELLE SYSTOLIQUE||154|mm[Hg]|||||F
OBX|4|NM|8462-4^PRESSION ARTERIELLE DIASTOLIQUE||87|mm[Hg]|||||F
OBX|5|NM|2339-0^GLUCOSE SANGUIN||6.2|mmol/L|3.5-5.7|H|||F
AL1|1||^AMOXICILLINE||URTICAIRE|
AL1|2||^ASPIRINE||OEDEME DE QUINCKE|
AL1|3||^ARACHIDES||CHOC ANAPHYLACTIQUE|
DG1|1|CIM10|I21.0^Infarctus transmural aigu du myocarde, de la paroi antérieure|Infarctus du myocarde||A
DG1|2|CIM10|I10^Hypertension essentielle (primitive)|Hypertension artérielle||C
DG1|3|CIM10|E11.9^Diabète sucré de type 2 sans complication|Diabète de type 2||C
PR1|1|CCAM|DDQH001^Coronarographie|Coronarographie||20240710103015
GT1|1|8291|DUPONT^JEAN^MARC^JR^M||123 RUE PRINCIPALE^^PARIS^^75001^FRA|(01)23456789||19610615|M|P/F|SLF|1234567890123||||
IN1|1|SECURITE SOCIALE|1|CPAM|||||||||||||||||||||||||||||||||||||||||||
2025-07-25 17:55:28 - INFO - respuesta recibida::

MSH|^~\&|IRISHL7|ISC|REGADT|MCM|202507251755||ACK^A01|000001|P|2.5.1|1
MSA|CA|000001



2025-07-25 17:55:28 - INFO - El puerto 2575 en 127.0.0.1 está abierto y accesible.
2025-07-25 17:55:28 - INFO - Mensaje HL7 generado::
MSH|^~\&|REGADT|MCM|IFENG||20250725175528||ADT^A01|000001|P|2.5.1|1||
EVN|A01|199601061000|199601101400|1
PID|||24445670^^^HOPITAL^MRN~FR123456^^^DLNUM^DL|253763|MUNRO^Alice||19310710|M|||77 Rue de Varenne^^PARIS^75^75007^||(01)554437765|(06)098866543|FRENCH|S|C|10199925|1641202898334566
NK1|1|DUPONT^MARIE^|EPOUSE||||ERSONNE A PREVENIR||
PV1|1|H|CARDIO^CHAMBRE201^LIT1||||004777^MARTIN^SOPHIE^DR|||CARDIO|||||ADM|A0|
PV2|||^Chirurgie Programmée||||||||||||||||||||||||||||||||||||||20240712
OBX|1|NM|21612-7^POIDS CORPOREL||52|kg|||||F
OBX|2|NM|8302-2^TAILLE||163|cm|||||F
OBX|3|NM|8480-6^PRESSION ARTERIELLE SYSTOLIQUE||154|mm[Hg]|||||F
OBX|4|NM|8462-4^PRESSION ARTERIELLE DIASTOLIQUE||87|mm[Hg]|||||F
OBX|5|NM|2339-0^GLUCOSE SANGUIN||6.2|mmol/L|3.5-5.7|H|||F
AL1|1||^AMOXICILLINE||URTICAIRE|
AL1|2||^ASPIRINE||OEDEME DE QUINCKE|
AL1|3||^ARACHIDES||CHOC ANAPHYLACTIQUE|
DG1|1|CIM10|I21.0^Infarctus transmural aigu du myocarde, de la paroi antérieure|Infarctus du myocarde||A
DG1|2|CIM10|I10^Hypertension essentielle (primitive)|Hypertension artérielle||C
DG1|3|CIM10|E11.9^Diabète sucré de type 2 sans complication|Diabète de type 2||C
PR1|1|CCAM|DDQH001^Coronarographie|Coronarographie||20240710103015
GT1|1|8291|DUPONT^JEAN^MARC^JR^M||123 RUE PRINCIPALE^^PARIS^^75001^FRA|(01)23456789||19610615|M|P/F|SLF|1234567890123||||
IN1|1|SECURITE SOCIALE|1|CPAM|||||||||||||||||||||||||||||||||||||||||||
2025-07-25 17:55:28 - INFO - respuesta recibida::

MSH|^~\&|IRISHL7|ISC|REGADT|MCM|202507251755||ACK^A01|000001|P|2.5.1|1
MSA|CA|000001



2025-07-25 17:55:28 - INFO - El puerto 2575 en 127.0.0.1 está abierto y accesible.
2025-07-25 17:55:28 - INFO - Mensaje HL7 generado::
MSH|^~\&|REGADT|MCM|IFENG||20250725175528||ADT^A01|000001|P|2.5.1|1||
EVN|A01|199601061000|199601101400|1
PID|||24445670^^^HOPITAL^MRN~FR123456^^^DLNUM^DL|253763|MUNRO^Alice||19310710|M|||77 Rue de Varenne^^PARIS^75^75007^||(01)554437765|(06)098866543|FRENCH|S|C|10199925|1641202898334566
NK1|1|DUPONT^MARIE^|EPOUSE||||ERSONNE A PREVENIR||
PV1|1|H|CARDIO^CHAMBRE201^LIT1||||004777^MARTIN^SOPHIE^DR|||CARDIO|||||ADM|A0|
PV2|||^Chirurgie Programmée||||||||||||||||||||||||||||||||||||||20240712
OBX|1|NM|21612-7^POIDS CORPOREL||52|kg|||||F
OBX|2|NM|8302-2^TAILLE||163|cm|||||F
OBX|3|NM|8480-6^PRESSION ARTERIELLE SYSTOLIQUE||154|mm[Hg]|||||F
OBX|4|NM|8462-4^PRESSION ARTERIELLE DIASTOLIQUE||87|mm[Hg]|||||F
OBX|5|NM|2339-0^GLUCOSE SANGUIN||6.2|mmol/L|3.5-5.7|H|||F
AL1|1||^AMOXICILLINE||URTICAIRE|
AL1|2||^ASPIRINE||OEDEME DE QUINCKE|
AL1|3||^ARACHIDES||CHOC ANAPHYLACTIQUE|
DG1|1|CIM10|I21.0^Infarctus transmural aigu du myocarde, de la paroi antérieure|Infarctus du myocarde||A
DG1|2|CIM10|I10^Hypertension essentielle (primitive)|Hypertension artérielle||C
DG1|3|CIM10|E11.9^Diabète sucré de type 2 sans complication|Diabète de type 2||C
PR1|1|CCAM|DDQH001^Coronarographie|Coronarographie||20240710103015
GT1|1|8291|DUPONT^JEAN^MARC^JR^M||123 RUE PRINCIPALE^^PARIS^^75001^FRA|(01)23456789||19610615|M|P/F|SLF|1234567890123||||
IN1|1|SECURITE SOCIALE|1|CPAM|||||||||||||||||||||||||||||||||||||||||||
2025-07-25 17:55:28 - INFO - respuesta recibida::

MSH|^~\&|IRISHL7|ISC|REGADT|MCM|202507251755||ACK^A01|000001|P|2.5.1|1
MSA|CA|000001



2025-07-25 17:55:28 - INFO - El puerto 2575 en 127.0.0.1 está abierto y accesible.
2025-07-25 17:55:28 - INFO - Mensaje HL7 generado::
MSH|^~\&|REGADT|MCM|IFENG||20250725175528||ADT^A01|000001|P|2.5.1|1||
EVN|A01|199601061000|199601101400|1
PID|||24445670^^^HOPITAL^MRN~FR123456^^^DLNUM^DL|253763|MUNRO^Alice||19310710|M|||77 Rue de Varenne^^PARIS^75^75007^||(01)554437765|(06)098866543|FRENCH|S|C|10199925|1641202898334566
NK1|1|DUPONT^MARIE^|EPOUSE||||ERSONNE A PREVENIR||
PV1|1|H|CARDIO^CHAMBRE201^LIT1||||004777^MARTIN^SOPHIE^DR|||CARDIO|||||ADM|A0|
PV2|||^Chirurgie Programmée||||||||||||||||||||||||||||||||||||||20240712
OBX|1|NM|21612-7^POIDS CORPOREL||52|kg|||||F
OBX|2|NM|8302-2^TAILLE||163|cm|||||F
OBX|3|NM|8480-6^PRESSION ARTERIELLE SYSTOLIQUE||154|mm[Hg]|||||F
OBX|4|NM|8462-4^PRESSION ARTERIELLE DIASTOLIQUE||87|mm[Hg]|||||F
OBX|5|NM|2339-0^GLUCOSE SANGUIN||6.2|mmol/L|3.5-5.7|H|||F
AL1|1||^AMOXICILLINE||URTICAIRE|
AL1|2||^ASPIRINE||OEDEME DE QUINCKE|
AL1|3||^ARACHIDES||CHOC ANAPHYLACTIQUE|
DG1|1|CIM10|I21.0^Infarctus transmural aigu du myocarde, de la paroi antérieure|Infarctus du myocarde||A
DG1|2|CIM10|I10^Hypertension essentielle (primitive)|Hypertension artérielle||C
DG1|3|CIM10|E11.9^Diabète sucré de type 2 sans complication|Diabète de type 2||C
PR1|1|CCAM|DDQH001^Coronarographie|Coronarographie||20240710103015
GT1|1|8291|DUPONT^JEAN^MARC^JR^M||123 RUE PRINCIPALE^^PARIS^^75001^FRA|(01)23456789||19610615|M|P/F|SLF|1234567890123||||
IN1|1|SECURITE SOCIALE|1|CPAM|||||||||||||||||||||||||||||||||||||||||||
2025-07-25 17:55:28 - INFO - respuesta recibida::

MSH|^~\&|IRISHL7|ISC|REGADT|MCM|202507251755||ACK^A01|000001|P|2.5.1|1
MSA|CA|000001



2025-07-25 17:55:31 - INFO - Le port 2575 sur 127.0.0.1 est ouvert et accessible.
2025-07-25 17:55:31 - INFO - Message HL7 généré::
MSH|^~\&|REGADT|MCM|IFENG||20250725175531||ADT^A01|000001|P|2.5.1|1||
EVN|A01|199601061000|199601101400|1
PID|||24445670^^^HOPITAL^MRN~FR123456^^^DLNUM^DL|253763|MUNRO^Alice||19310710|M|||77 Rue de Varenne^^PARIS^75^75007^||(01)554437765|(06)098866543|FRENCH|S|C|10199925|1641202898334566
NK1|1|DUPONT^MARIE^|EPOUSE||||ERSONNE A PREVENIR||
PV1|1|H|CARDIO^CHAMBRE201^LIT1||||004777^MARTIN^SOPHIE^DR|||CARDIO|||||ADM|A0|
PV2|||^Chirurgie Programmée||||||||||||||||||||||||||||||||||||||20240712
OBX|1|NM|21612-7^POIDS CORPOREL||52|kg|||||F
OBX|2|NM|8302-2^TAILLE||163|cm|||||F
OBX|3|NM|8480-6^PRESSION ARTERIELLE SYSTOLIQUE||154|mm[Hg]|||||F
OBX|4|NM|8462-4^PRESSION ARTERIELLE DIASTOLIQUE||87|mm[Hg]|||||F
OBX|5|NM|2339-0^GLUCOSE SANGUIN||6.2|mmol/L|3.5-5.7|H|||F
AL1|1||^AMOXICILLINE||URTICAIRE|
AL1|2||^ASPIRINE||OEDEME DE QUINCKE|
AL1|3||^ARACHIDES||CHOC ANAPHYLACTIQUE|
DG1|1|CIM10|I21.0^Infarctus transmural aigu du myocarde, de la paroi antérieure|Infarctus du myocarde||A
DG1|2|CIM10|I10^Hypertension essentielle (primitive)|Hypertension artérielle||C
DG1|3|CIM10|E11.9^Diabète sucré de type 2 sans complication|Diabète de type 2||C
PR1|1|CCAM|DDQH001^Coronarographie|Coronarographie||20240710103015
GT1|1|8291|DUPONT^JEAN^MARC^JR^M||123 RUE PRINCIPALE^^PARIS^^75001^FRA|(01)23456789||19610615|M|P/F|SLF|1234567890123||||
IN1|1|SECURITE SOCIALE|1|CPAM|||||||||||||||||||||||||||||||||||||||||||
2025-07-25 17:55:31 - INFO - réponse reçue::

MSH|^~\&|IRISHL7|ISC|REGADT|MCM|202507251755||ACK^A01|000001|P|2.5.1|1
MSA|CA|000001



2025-07-25 17:55:31 - INFO - Le port 2575 sur 127.0.0.1 est ouvert et accessible.
2025-07-25 17:55:31 - INFO - Message HL7 généré::
MSH|^~\&|REGADT|MCM|IFENG||20250725175531||ADT^A01|000001|P|2.5.1|1||
EVN|A01|199601061000|199601101400|1
PID|||24445670^^^HOPITAL^MRN~FR123456^^^DLNUM^DL|253763|MUNRO^Alice||19310710|M|||77 Rue de Varenne^^PARIS^75^75007^||(01)554437765|(06)098866543|FRENCH|S|C|10199925|1641202898334566
NK1|1|DUPONT^MARIE^|EPOUSE||||ERSONNE A PREVENIR||
PV1|1|H|CARDIO^CHAMBRE201^LIT1||||004777^MARTIN^SOPHIE^DR|||CARDIO|||||ADM|A0|
PV2|||^Chirurgie Programmée||||||||||||||||||||||||||||||||||||||20240712
OBX|1|NM|21612-7^POIDS CORPOREL||52|kg|||||F
OBX|2|NM|8302-2^TAILLE||163|cm|||||F
OBX|3|NM|8480-6^PRESSION ARTERIELLE SYSTOLIQUE||154|mm[Hg]|||||F
OBX|4|NM|8462-4^PRESSION ARTERIELLE DIASTOLIQUE||87|mm[Hg]|||||F
OBX|5|NM|2339-0^GLUCOSE SANGUIN||6.2|mmol/L|3.5-5.7|H|||F
AL1|1||^AMOXICILLINE||URTICAIRE|
AL1|2||^ASPIRINE||OEDEME DE QUINCKE|
AL1|3||^ARACHIDES||CHOC ANAPHYLACTIQUE|
DG1|1|CIM10|I21.0^Infarctus transmural aigu du myocarde, de la paroi antérieure|Infarctus du myocarde||A
DG1|2|CIM10|I10^Hypertension essentielle (primitive)|Hypertension artérielle||C
DG1|3|CIM10|E11.9^Diabète sucré de type 2 sans complication|Diabète de type 2||C
PR1|1|CCAM|DDQH001^Coronarographie|Coronarographie||20240710103015
GT1|1|8291|DUPONT^JEAN^MARC^JR^M||123 RUE PRINCIPALE^^PARIS^^75001^FRA|(01)23456789||19610615|M|P/F|SLF|1234567890123||||
IN1|1|SECURITE SOCIALE|1|CPAM|||||||||||||||||||||||||||||||||||||||||||
2025-07-25 17:55:31 - INFO - réponse reçue::

MSH|^~\&|IRISHL7|ISC|REGADT|MCM|202507251755||ACK^A01|000001|P|2.5.1|1
MSA|CA|000001



2025-07-25 17:55:31 - INFO - Le port 2575 sur 127.0.0.1 est ouvert et accessible.
2025-07-25 17:55:31 - INFO - Message HL7 généré::
MSH|^~\&|REGADT|MCM|IFENG||20250725175531||ADT^A01|000001|P|2.5.1|1||
EVN|A01|199601061000|199601101400|1
PID|||24445670^^^HOPITAL^MRN~FR123456^^^DLNUM^DL|253763|MUNRO^Alice||19310710|M|||77 Rue de Varenne^^PARIS^75^75007^||(01)554437765|(06)098866543|FRENCH|S|C|10199925|1641202898334566
NK1|1|DUPONT^MARIE^|EPOUSE||||ERSONNE A PREVENIR||
PV1|1|H|CARDIO^CHAMBRE201^LIT1||||004777^MARTIN^SOPHIE^DR|||CARDIO|||||ADM|A0|
PV2|||^Chirurgie Programmée||||||||||||||||||||||||||||||||||||||20240712
OBX|1|NM|21612-7^POIDS CORPOREL||52|kg|||||F
OBX|2|NM|8302-2^TAILLE||163|cm|||||F
OBX|3|NM|8480-6^PRESSION ARTERIELLE SYSTOLIQUE||154|mm[Hg]|||||F
OBX|4|NM|8462-4^PRESSION ARTERIELLE DIASTOLIQUE||87|mm[Hg]|||||F
OBX|5|NM|2339-0^GLUCOSE SANGUIN||6.2|mmol/L|3.5-5.7|H|||F
AL1|1||^AMOXICILLINE||URTICAIRE|
AL1|2||^ASPIRINE||OEDEME DE QUINCKE|
AL1|3||^ARACHIDES||CHOC ANAPHYLACTIQUE|
DG1|1|CIM10|I21.0^Infarctus transmural aigu du myocarde, de la paroi antérieure|Infarctus du myocarde||A
DG1|2|CIM10|I10^Hypertension essentielle (primitive)|Hypertension artérielle||C
DG1|3|CIM10|E11.9^Diabète sucré de type 2 sans complication|Diabète de type 2||C
PR1|1|CCAM|DDQH001^Coronarographie|Coronarographie||20240710103015
GT1|1|8291|DUPONT^JEAN^MARC^JR^M||123 RUE PRINCIPALE^^PARIS^^75001^FRA|(01)23456789||19610615|M|P/F|SLF|1234567890123||||
IN1|1|SECURITE SOCIALE|1|CPAM|||||||||||||||||||||||||||||||||||||||||||
2025-07-25 17:55:31 - INFO - réponse reçue::

MSH|^~\&|IRISHL7|ISC|REGADT|MCM|202507251755||ACK^A01|000001|P|2.5.1|1
MSA|CA|000001



2025-07-25 17:55:31 - INFO - Le port 2575 sur 127.0.0.1 est ouvert et accessible.
2025-07-25 17:55:31 - INFO - Message HL7 généré::
MSH|^~\&|REGADT|MCM|IFENG||20250725175531||ADT^A01|000001|P|2.5.1|1||
EVN|A01|199601061000|199601101400|1
PID|||24445670^^^HOPITAL^MRN~FR123456^^^DLNUM^DL|253763|MUNRO^Alice||19310710|M|||77 Rue de Varenne^^PARIS^75^75007^||(01)554437765|(06)098866543|FRENCH|S|C|10199925|1641202898334566
NK1|1|DUPONT^MARIE^|EPOUSE||||ERSONNE A PREVENIR||
PV1|1|H|CARDIO^CHAMBRE201^LIT1||||004777^MARTIN^SOPHIE^DR|||CARDIO|||||ADM|A0|
PV2|||^Chirurgie Programmée||||||||||||||||||||||||||||||||||||||20240712
OBX|1|NM|21612-7^POIDS CORPOREL||52|kg|||||F
OBX|2|NM|8302-2^TAILLE||163|cm|||||F
OBX|3|NM|8480-6^PRESSION ARTERIELLE SYSTOLIQUE||154|mm[Hg]|||||F
OBX|4|NM|8462-4^PRESSION ARTERIELLE DIASTOLIQUE||87|mm[Hg]|||||F
OBX|5|NM|2339-0^GLUCOSE SANGUIN||6.2|mmol/L|3.5-5.7|H|||F
AL1|1||^AMOXICILLINE||URTICAIRE|
AL1|2||^ASPIRINE||OEDEME DE QUINCKE|
AL1|3||^ARACHIDES||CHOC ANAPHYLACTIQUE|
DG1|1|CIM10|I21.0^Infarctus transmural aigu du myocarde, de la paroi antérieure|Infarctus du myocarde||A
DG1|2|CIM10|I10^Hypertension essentielle (primitive)|Hypertension artérielle||C
DG1|3|CIM10|E11.9^Diabète sucré de type 2 sans complication|Diabète de type 2||C
PR1|1|CCAM|DDQH001^Coronarographie|Coronarographie||20240710103015
GT1|1|8291|DUPONT^JEAN^MARC^JR^M||123 RUE PRINCIPALE^^PARIS^^75001^FRA|(01)23456789||19610615|M|P/F|SLF|1234567890123||||
IN1|1|SECURITE SOCIALE|1|CPAM|||||||||||||||||||||||||||||||||||||||||||
2025-07-25 17:55:31 - INFO - réponse reçue::

MSH|^~\&|IRISHL7|ISC|REGADT|MCM|202507251755||ACK^A01|000001|P|2.5.1|1
MSA|CA|000001



2025-07-25 17:55:32 - INFO - Le port 2575 sur 127.0.0.1 est ouvert et accessible.
2025-07-25 17:55:32 - INFO - Message HL7 généré::
MSH|^~\&|REGADT|MCM|IFENG||20250725175532||ADT^A01|000001|P|2.5.1|1||
EVN|A01|199601061000|199601101400|1
PID|||24445670^^^HOPITAL^MRN~FR123456^^^DLNUM^DL|253763|MUNRO^Alice||19310710|M|||77 Rue de Varenne^^PARIS^75^75007^||(01)554437765|(06)098866543|FRENCH|S|C|10199925|1641202898334566
NK1|1|DUPONT^MARIE^|EPOUSE||||ERSONNE A PREVENIR||
PV1|1|H|CARDIO^CHAMBRE201^LIT1||||004777^MARTIN^SOPHIE^DR|||CARDIO|||||ADM|A0|
PV2|||^Chirurgie Programmée||||||||||||||||||||||||||||||||||||||20240712
OBX|1|NM|21612-7^POIDS CORPOREL||52|kg|||||F
OBX|2|NM|8302-2^TAILLE||163|cm|||||F
OBX|3|NM|8480-6^PRESSION ARTERIELLE SYSTOLIQUE||154|mm[Hg]|||||F
OBX|4|NM|8462-4^PRESSION ARTERIELLE DIASTOLIQUE||87|mm[Hg]|||||F
OBX|5|NM|2339-0^GLUCOSE SANGUIN||6.2|mmol/L|3.5-5.7|H|||F
AL1|1||^AMOXICILLINE||URTICAIRE|
AL1|2||^ASPIRINE||OEDEME DE QUINCKE|
AL1|3||^ARACHIDES||CHOC ANAPHYLACTIQUE|
DG1|1|CIM10|I21.0^Infarctus transmural aigu du myocarde, de la paroi antérieure|Infarctus du myocarde||A
DG1|2|CIM10|I10^Hypertension essentielle (primitive)|Hypertension artérielle||C
DG1|3|CIM10|E11.9^Diabète sucré de type 2 sans complication|Diabète de type 2||C
PR1|1|CCAM|DDQH001^Coronarographie|Coronarographie||20240710103015
GT1|1|8291|DUPONT^JEAN^MARC^JR^M||123 RUE PRINCIPALE^^PARIS^^75001^FRA|(01)23456789||19610615|M|P/F|SLF|1234567890123||||
IN1|1|SECURITE SOCIALE|1|CPAM|||||||||||||||||||||||||||||||||||||||||||
2025-07-25 17:55:32 - INFO - réponse reçue::

MSH|^~\&|IRISHL7|ISC|REGADT|MCM|202507251755||ACK^A01|000001|P|2.5.1|1
MSA|CA|000001



2025-07-25 17:55:32 - INFO - Le port 2575 sur 127.0.0.1 est ouvert et accessible.
2025-07-25 17:55:32 - INFO - Message HL7 généré::
MSH|^~\&|REGADT|MCM|IFENG||20250725175532||ADT^A01|000001|P|2.5.1|1||
EVN|A01|199601061000|199601101400|1
PID|||24445670^^^HOPITAL^MRN~FR123456^^^DLNUM^DL|253763|MUNRO^Alice||19310710|M|||77 Rue de Varenne^^PARIS^75^75007^||(01)554437765|(06)098866543|FRENCH|S|C|10199925|1641202898334566
NK1|1|DUPONT^MARIE^|EPOUSE||||ERSONNE A PREVENIR||
PV1|1|H|CARDIO^CHAMBRE201^LIT1||||004777^MARTIN^SOPHIE^DR|||CARDIO|||||ADM|A0|
PV2|||^Chirurgie Programmée||||||||||||||||||||||||||||||||||||||20240712
OBX|1|NM|21612-7^POIDS CORPOREL||52|kg|||||F
OBX|2|NM|8302-2^TAILLE||163|cm|||||F
OBX|3|NM|8480-6^PRESSION ARTERIELLE SYSTOLIQUE||154|mm[Hg]|||||F
OBX|4|NM|8462-4^PRESSION ARTERIELLE DIASTOLIQUE||87|mm[Hg]|||||F
OBX|5|NM|2339-0^GLUCOSE SANGUIN||6.2|mmol/L|3.5-5.7|H|||F
AL1|1||^AMOXICILLINE||URTICAIRE|
AL1|2||^ASPIRINE||OEDEME DE QUINCKE|
AL1|3||^ARACHIDES||CHOC ANAPHYLACTIQUE|
DG1|1|CIM10|I21.0^Infarctus transmural aigu du myocarde, de la paroi antérieure|Infarctus du myocarde||A
DG1|2|CIM10|I10^Hypertension essentielle (primitive)|Hypertension artérielle||C
DG1|3|CIM10|E11.9^Diabète sucré de type 2 sans complication|Diabète de type 2||C
PR1|1|CCAM|DDQH001^Coronarographie|Coronarographie||20240710103015
GT1|1|8291|DUPONT^JEAN^MARC^JR^M||123 RUE PRINCIPALE^^PARIS^^75001^FRA|(01)23456789||19610615|M|P/F|SLF|1234567890123||||
IN1|1|SECURITE SOCIALE|1|CPAM|||||||||||||||||||||||||||||||||||||||||||
2025-07-25 17:55:32 - INFO - réponse reçue::

MSH|^~\&|IRISHL7|ISC|REGADT|MCM|202507251755||ACK^A01|000001|P|2.5.1|1
MSA|CA|000001



2025-07-25 17:55:32 - INFO - Le port 2575 sur 127.0.0.1 est ouvert et accessible.
2025-07-25 17:55:32 - INFO - Message HL7 généré::
MSH|^~\&|REGADT|MCM|IFENG||20250725175532||ADT^A01|000001|P|2.5.1|1||
EVN|A01|199601061000|199601101400|1
PID|||24445670^^^HOPITAL^MRN~FR123456^^^DLNUM^DL|253763|MUNRO^Alice||19310710|M|||77 Rue de Varenne^^PARIS^75^75007^||(01)554437765|(06)098866543|FRENCH|S|C|10199925|1641202898334566
NK1|1|DUPONT^MARIE^|EPOUSE||||ERSONNE A PREVENIR||
PV1|1|H|CARDIO^CHAMBRE201^LIT1||||004777^MARTIN^SOPHIE^DR|||CARDIO|||||ADM|A0|
PV2|||^Chirurgie Programmée||||||||||||||||||||||||||||||||||||||20240712
OBX|1|NM|21612-7^POIDS CORPOREL||52|kg|||||F
OBX|2|NM|8302-2^TAILLE||163|cm|||||F
OBX|3|NM|8480-6^PRESSION ARTERIELLE SYSTOLIQUE||154|mm[Hg]|||||F
OBX|4|NM|8462-4^PRESSION ARTERIELLE DIASTOLIQUE||87|mm[Hg]|||||F
OBX|5|NM|2339-0^GLUCOSE SANGUIN||6.2|mmol/L|3.5-5.7|H|||F
AL1|1||^AMOXICILLINE||URTICAIRE|
AL1|2||^ASPIRINE||OEDEME DE QUINCKE|
AL1|3||^ARACHIDES||CHOC ANAPHYLACTIQUE|
DG1|1|CIM10|I21.0^Infarctus transmural aigu du myocarde, de la paroi antérieure|Infarctus du myocarde||A
DG1|2|CIM10|I10^Hypertension essentielle (primitive)|Hypertension artérielle||C
DG1|3|CIM10|E11.9^Diabète sucré de type 2 sans complication|Diabète de type 2||C
PR1|1|CCAM|DDQH001^Coronarographie|Coronarographie||20240710103015
GT1|1|8291|DUPONT^JEAN^MARC^JR^M||123 RUE PRINCIPALE^^PARIS^^75001^FRA|(01)23456789||19610615|M|P/F|SLF|1234567890123||||
IN1|1|SECURITE SOCIALE|1|CPAM|||||||||||||||||||||||||||||||||||||||||||
2025-07-25 17:55:32 - INFO - réponse reçue::

MSH|^~\&|IRISHL7|ISC|REGADT|MCM|202507251755||ACK^A01|000001|P|2.5.1|1
MSA|CA|000001



2025-07-25 17:55:34 - INFO - Port 2575 on 127.0.0.1 is open and accessible.
2025-07-25 17:55:34 - INFO - HL7 message generated::
MSH|^~\&|REGADT|MCM|IFENG||20250725175534||ADT^A01|000001|P|2.5.1|1||
EVN|A01|199601061000|199601101400|1
PID|||24445670^^^HOPITAL^MRN~FR123456^^^DLNUM^DL|253763|MUNRO^Alice||19310710|M|||77 Rue de Varenne^^PARIS^75^75007^||(01)554437765|(06)098866543|FRENCH|S|C|10199925|1641202898334566
NK1|1|DUPONT^MARIE^|EPOUSE||||ERSONNE A PREVENIR||
PV1|1|H|CARDIO^CHAMBRE201^LIT1||||004777^MARTIN^SOPHIE^DR|||CARDIO|||||ADM|A0|
PV2|||^Chirurgie Programmée||||||||||||||||||||||||||||||||||||||20240712
OBX|1|NM|21612-7^POIDS CORPOREL||52|kg|||||F
OBX|2|NM|8302-2^TAILLE||163|cm|||||F
OBX|3|NM|8480-6^PRESSION ARTERIELLE SYSTOLIQUE||154|mm[Hg]|||||F
OBX|4|NM|8462-4^PRESSION ARTERIELLE DIASTOLIQUE||87|mm[Hg]|||||F
OBX|5|NM|2339-0^GLUCOSE SANGUIN||6.2|mmol/L|3.5-5.7|H|||F
AL1|1||^AMOXICILLINE||URTICAIRE|
AL1|2||^ASPIRINE||OEDEME DE QUINCKE|
AL1|3||^ARACHIDES||CHOC ANAPHYLACTIQUE|
DG1|1|CIM10|I21.0^Infarctus transmural aigu du myocarde, de la paroi antérieure|Infarctus du myocarde||A
DG1|2|CIM10|I10^Hypertension essentielle (primitive)|Hypertension artérielle||C
DG1|3|CIM10|E11.9^Diabète sucré de type 2 sans complication|Diabète de type 2||C
PR1|1|CCAM|DDQH001^Coronarographie|Coronarographie||20240710103015
GT1|1|8291|DUPONT^JEAN^MARC^JR^M||123 RUE PRINCIPALE^^PARIS^^75001^FRA|(01)23456789||19610615|M|P/F|SLF|1234567890123||||
IN1|1|SECURITE SOCIALE|1|CPAM|||||||||||||||||||||||||||||||||||||||||||
2025-07-25 17:55:34 - ERROR - Error sending HL7 ::
[Errno 54] Connection reset by peer
2025-07-25 17:55:34 - INFO - Port 2575 on 127.0.0.1 is open and accessible.
2025-07-25 17:55:34 - INFO - HL7 message generated::
MSH|^~\&|REGADT|MCM|IFENG||20250725175534||ADT^A01|000001|P|2.5.1|1||
EVN|A01|199601061000|199601101400|1
PID|||24445670^^^HOPITAL^MRN~FR123456^^^DLNUM^DL|253763|MUNRO^Alice||19310710|M|||77 Rue de Varenne^^PARIS^75^75007^||(01)554437765|(06)098866543|FRENCH|S|C|10199925|1641202898334566
NK1|1|DUPONT^MARIE^|EPOUSE||||ERSONNE A PREVENIR||
PV1|1|H|CARDIO^CHAMBRE201^LIT1||||004777^MARTIN^SOPHIE^DR|||CARDIO|||||ADM|A0|
PV2|||^Chirurgie Programmée||||||||||||||||||||||||||||||||||||||20240712
OBX|1|NM|21612-7^POIDS CORPOREL||52|kg|||||F
OBX|2|NM|8302-2^TAILLE||163|cm|||||F
OBX|3|NM|8480-6^PRESSION ARTERIELLE SYSTOLIQUE||154|mm[Hg]|||||F
OBX|4|NM|8462-4^PRESSION ARTERIELLE DIASTOLIQUE||87|mm[Hg]|||||F
OBX|5|NM|2339-0^GLUCOSE SANGUIN||6.2|mmol/L|3.5-5.7|H|||F
AL1|1||^AMOXICILLINE||URTICAIRE|
AL1|2||^ASPIRINE||OEDEME DE QUINCKE|
AL1|3||^ARACHIDES||CHOC ANAPHYLACTIQUE|
DG1|1|CIM10|I21.0^Infarctus transmural aigu du myocarde, de la paroi antérieure|Infarctus du myocarde||A
DG1|2|CIM10|I10^Hypertension essentielle (primitive)|Hypertension artérielle||C
DG1|3|CIM10|E11.9^Diabète sucré de type 2 sans complication|Diabète de type 2||C
PR1|1|CCAM|DDQH001^Coronarographie|Coronarographie||20240710103015
GT1|1|8291|DUPONT^JEAN^MARC^JR^M||123 RUE PRINCIPALE^^PARIS^^75001^FRA|(01)23456789||19610615|M|P/F|SLF|1234567890123||||
IN1|1|SECURITE SOCIALE|1|CPAM|||||||||||||||||||||||||||||||||||||||||||
2025-07-25 17:55:34 - INFO - response received::

MSH|^~\&|IRISHL7|ISC|REGADT|MCM|202507251755||ACK^A01|000001|P|2.5.1|1
MSA|CA|000001



2025-07-25 17:55:35 - INFO - Port 2575 on 127.0.0.1 is open and accessible.
2025-07-25 17:55:35 - INFO - HL7 message generated::
MSH|^~\&|REGADT|MCM|IFENG||20250725175535||ADT^A01|000001|P|2.5.1|1||
EVN|A01|199601061000|199601101400|1
PID|||24445670^^^HOPITAL^MRN~FR123456^^^DLNUM^DL|253763|MUNRO^Alice||19310710|M|||77 Rue de Varenne^^PARIS^75^75007^||(01)554437765|(06)098866543|FRENCH|S|C|10199925|1641202898334566
NK1|1|DUPONT^MARIE^|EPOUSE||||ERSONNE A PREVENIR||
PV1|1|H|CARDIO^CHAMBRE201^LIT1||||004777^MARTIN^SOPHIE^DR|||CARDIO|||||ADM|A0|
PV2|||^Chirurgie Programmée||||||||||||||||||||||||||||||||||||||20240712
OBX|1|NM|21612-7^POIDS CORPOREL||52|kg|||||F
OBX|2|NM|8302-2^TAILLE||163|cm|||||F
OBX|3|NM|8480-6^PRESSION ARTERIELLE SYSTOLIQUE||154|mm[Hg]|||||F
OBX|4|NM|8462-4^PRESSION ARTERIELLE DIASTOLIQUE||87|mm[Hg]|||||F
OBX|5|NM|2339-0^GLUCOSE SANGUIN||6.2|mmol/L|3.5-5.7|H|||F
AL1|1||^AMOXICILLINE||URTICAIRE|
AL1|2||^ASPIRINE||OEDEME DE QUINCKE|
AL1|3||^ARACHIDES||CHOC ANAPHYLACTIQUE|
DG1|1|CIM10|I21.0^Infarctus transmural aigu du myocarde, de la paroi antérieure|Infarctus du myocarde||A
DG1|2|CIM10|I10^Hypertension essentielle (primitive)|Hypertension artérielle||C
DG1|3|CIM10|E11.9^Diabète sucré de type 2 sans complication|Diabète de type 2||C
PR1|1|CCAM|DDQH001^Coronarographie|Coronarographie||20240710103015
GT1|1|8291|DUPONT^JEAN^MARC^JR^M||123 RUE PRINCIPALE^^PARIS^^75001^FRA|(01)23456789||19610615|M|P/F|SLF|1234567890123||||
IN1|1|SECURITE SOCIALE|1|CPAM|||||||||||||||||||||||||||||||||||||||||||
2025-07-25 17:55:35 - INFO - response received::

MSH|^~\&|IRISHL7|ISC|REGADT|MCM|202507251755||ACK^A01|000001|P|2.5.1|1
MSA|CA|000001



2025-07-25 17:55:35 - INFO - Port 2575 on 127.0.0.1 is open and accessible.
2025-07-25 17:55:35 - INFO - HL7 message generated::
MSH|^~\&|REGADT|MCM|IFENG||20250725175535||ADT^A01|000001|P|2.5.1|1||
EVN|A01|199601061000|199601101400|1
PID|||24445670^^^HOPITAL^MRN~FR123456^^^DLNUM^DL|253763|MUNRO^Alice||19310710|M|||77 Rue de Varenne^^PARIS^75^75007^||(01)554437765|(06)098866543|FRENCH|S|C|10199925|1641202898334566
NK1|1|DUPONT^MARIE^|EPOUSE||||ERSONNE A PREVENIR||
PV1|1|H|CARDIO^CHAMBRE201^LIT1||||004777^MARTIN^SOPHIE^DR|||CARDIO|||||ADM|A0|
PV2|||^Chirurgie Programmée||||||||||||||||||||||||||||||||||||||20240712
OBX|1|NM|21612-7^POIDS CORPOREL||52|kg|||||F
OBX|2|NM|8302-2^TAILLE||163|cm|||||F
OBX|3|NM|8480-6^PRESSION ARTERIELLE SYSTOLIQUE||154|mm[Hg]|||||F
OBX|4|NM|8462-4^PRESSION ARTERIELLE DIASTOLIQUE||87|mm[Hg]|||||F
OBX|5|NM|2339-0^GLUCOSE SANGUIN||6.2|mmol/L|3.5-5.7|H|||F
AL1|1||^AMOXICILLINE||URTICAIRE|
AL1|2||^ASPIRINE||OEDEME DE QUINCKE|
AL1|3||^ARACHIDES||CHOC ANAPHYLACTIQUE|
DG1|1|CIM10|I21.0^Infarctus transmural aigu du myocarde, de la paroi antérieure|Infarctus du myocarde||A
DG1|2|CIM10|I10^Hypertension essentielle (primitive)|Hypertension artérielle||C
DG1|3|CIM10|E11.9^Diabète sucré de type 2 sans complication|Diabète de type 2||C
PR1|1|CCAM|DDQH001^Coronarographie|Coronarographie||20240710103015
GT1|1|8291|DUPONT^JEAN^MARC^JR^M||123 RUE PRINCIPALE^^PARIS^^75001^FRA|(01)23456789||19610615|M|P/F|SLF|1234567890123||||
IN1|1|SECURITE SOCIALE|1|CPAM|||||||||||||||||||||||||||||||||||||||||||
2025-07-25 17:55:35 - INFO - response received::

MSH|^~\&|IRISHL7|ISC|REGADT|MCM|202507251755||ACK^A01|000001|P|2.5.1|1
MSA|CA|000001



2025-07-25 17:55:35 - INFO - Port 2575 on 127.0.0.1 is open and accessible.
2025-07-25 17:55:35 - INFO - HL7 message generated::
MSH|^~\&|REGADT|MCM|IFENG||20250725175535||ADT^A01|000001|P|2.5.1|1||
EVN|A01|199601061000|199601101400|1
PID|||24445670^^^HOPITAL^MRN~FR123456^^^DLNUM^DL|253763|MUNRO^Alice||19310710|M|||77 Rue de Varenne^^PARIS^75^75007^||(01)554437765|(06)098866543|FRENCH|S|C|10199925|1641202898334566
NK1|1|DUPONT^MARIE^|EPOUSE||||ERSONNE A PREVENIR||
PV1|1|H|CARDIO^CHAMBRE201^LIT1||||004777^MARTIN^SOPHIE^DR|||CARDIO|||||ADM|A0|
PV2|||^Chirurgie Programmée||||||||||||||||||||||||||||||||||||||20240712
OBX|1|NM|21612-7^POIDS CORPOREL||52|kg|||||F
OBX|2|NM|8302-2^TAILLE||163|cm|||||F
OBX|3|NM|8480-6^PRESSION ARTERIELLE SYSTOLIQUE||154|mm[Hg]|||||F
OBX|4|NM|8462-4^PRESSION ARTERIELLE DIASTOLIQUE||87|mm[Hg]|||||F
OBX|5|NM|2339-0^GLUCOSE SANGUIN||6.2|mmol/L|3.5-5.7|H|||F
AL1|1||^AMOXICILLINE||URTICAIRE|
AL1|2||^ASPIRINE||OEDEME DE QUINCKE|
AL1|3||^ARACHIDES||CHOC ANAPHYLACTIQUE|
DG1|1|CIM10|I21.0^Infarctus transmural aigu du myocarde, de la paroi antérieure|Infarctus du myocarde||A
DG1|2|CIM10|I10^Hypertension essentielle (primitive)|Hypertension artérielle||C
DG1|3|CIM10|E11.9^Diabète sucré de type 2 sans complication|Diabète de type 2||C
PR1|1|CCAM|DDQH001^Coronarographie|Coronarographie||20240710103015
GT1|1|8291|DUPONT^JEAN^MARC^JR^M||123 RUE PRINCIPALE^^PARIS^^75001^FRA|(01)23456789||19610615|M|P/F|SLF|1234567890123||||
IN1|1|SECURITE SOCIALE|1|CPAM|||||||||||||||||||||||||||||||||||||||||||
2025-07-25 17:55:35 - INFO - response received::

MSH|^~\&|IRISHL7|ISC|REGADT|MCM|202507251755||ACK^A01|000001|P|2.5.1|1
MSA|CA|000001



2025-07-25 17:55:35 - INFO - Port 2575 on 127.0.0.1 is open and accessible.
2025-07-25 17:55:35 - INFO - HL7 message generated::
MSH|^~\&|REGADT|MCM|IFENG||20250725175535||ADT^A01|000001|P|2.5.1|1||
EVN|A01|199601061000|199601101400|1
PID|||24445670^^^HOPITAL^MRN~FR123456^^^DLNUM^DL|253763|MUNRO^Alice||19310710|M|||77 Rue de Varenne^^PARIS^75^75007^||(01)554437765|(06)098866543|FRENCH|S|C|10199925|1641202898334566
NK1|1|DUPONT^MARIE^|EPOUSE||||ERSONNE A PREVENIR||
PV1|1|H|CARDIO^CHAMBRE201^LIT1||||004777^MARTIN^SOPHIE^DR|||CARDIO|||||ADM|A0|
PV2|||^Chirurgie Programmée||||||||||||||||||||||||||||||||||||||20240712
OBX|1|NM|21612-7^POIDS CORPOREL||52|kg|||||F
OBX|2|NM|8302-2^TAILLE||163|cm|||||F
OBX|3|NM|8480-6^PRESSION ARTERIELLE SYSTOLIQUE||154|mm[Hg]|||||F
OBX|4|NM|8462-4^PRESSION ARTERIELLE DIASTOLIQUE||87|mm[Hg]|||||F
OBX|5|NM|2339-0^GLUCOSE SANGUIN||6.2|mmol/L|3.5-5.7|H|||F
AL1|1||^AMOXICILLINE||URTICAIRE|
AL1|2||^ASPIRINE||OEDEME DE QUINCKE|
AL1|3||^ARACHIDES||CHOC ANAPHYLACTIQUE|
DG1|1|CIM10|I21.0^Infarctus transmural aigu du myocarde, de la paroi antérieure|Infarctus du myocarde||A
DG1|2|CIM10|I10^Hypertension essentielle (primitive)|Hypertension artérielle||C
DG1|3|CIM10|E11.9^Diabète sucré de type 2 sans complication|Diabète de type 2||C
PR1|1|CCAM|DDQH001^Coronarographie|Coronarographie||20240710103015
GT1|1|8291|DUPONT^JEAN^MARC^JR^M||123 RUE PRINCIPALE^^PARIS^^75001^FRA|(01)23456789||19610615|M|P/F|SLF|1234567890123||||
IN1|1|SECURITE SOCIALE|1|CPAM|||||||||||||||||||||||||||||||||||||||||||
2025-07-25 17:55:35 - INFO - response received::

MSH|^~\&|IRISHL7|ISC|REGADT|MCM|202507251755||ACK^A01|000001|P|2.5.1|1
MSA|CA|000001



2025-07-25 17:55:35 - INFO - Port 2575 on 127.0.0.1 is open and accessible.
2025-07-25 17:55:35 - INFO - HL7 message generated::
MSH|^~\&|REGADT|MCM|IFENG||20250725175535||ADT^A01|000001|P|2.5.1|1||
EVN|A01|199601061000|199601101400|1
PID|||24445670^^^HOPITAL^MRN~FR123456^^^DLNUM^DL|253763|MUNRO^Alice||19310710|M|||77 Rue de Varenne^^PARIS^75^75007^||(01)554437765|(06)098866543|FRENCH|S|C|10199925|1641202898334566
NK1|1|DUPONT^MARIE^|EPOUSE||||ERSONNE A PREVENIR||
PV1|1|H|CARDIO^CHAMBRE201^LIT1||||004777^MARTIN^SOPHIE^DR|||CARDIO|||||ADM|A0|
PV2|||^Chirurgie Programmée||||||||||||||||||||||||||||||||||||||20240712
OBX|1|NM|21612-7^POIDS CORPOREL||52|kg|||||F
OBX|2|NM|8302-2^TAILLE||163|cm|||||F
OBX|3|NM|8480-6^PRESSION ARTERIELLE SYSTOLIQUE||154|mm[Hg]|||||F
OBX|4|NM|8462-4^PRESSION ARTERIELLE DIASTOLIQUE||87|mm[Hg]|||||F
OBX|5|NM|2339-0^GLUCOSE SANGUIN||6.2|mmol/L|3.5-5.7|H|||F
AL1|1||^AMOXICILLINE||URTICAIRE|
AL1|2||^ASPIRINE||OEDEME DE QUINCKE|
AL1|3||^ARACHIDES||CHOC ANAPHYLACTIQUE|
DG1|1|CIM10|I21.0^Infarctus transmural aigu du myocarde, de la paroi antérieure|Infarctus du myocarde||A
DG1|2|CIM10|I10^Hypertension essentielle (primitive)|Hypertension artérielle||C
DG1|3|CIM10|E11.9^Diabète sucré de type 2 sans complication|Diabète de type 2||C
PR1|1|CCAM|DDQH001^Coronarographie|Coronarographie||20240710103015
GT1|1|8291|DUPONT^JEAN^MARC^JR^M||123 RUE PRINCIPALE^^PARIS^^75001^FRA|(01)23456789||19610615|M|P/F|SLF|1234567890123||||
IN1|1|SECURITE SOCIALE|1|CPAM|||||||||||||||||||||||||||||||||||||||||||
2025-07-25 17:55:35 - INFO - response received::

MSH|^~\&|IRISHL7|ISC|REGADT|MCM|202507251755||ACK^A01|000001|P|2.5.1|1
MSA|CA|000001



2025-07-25 17:55:35 - INFO - Port 2575 on 127.0.0.1 is open and accessible.
2025-07-25 17:55:35 - INFO - HL7 message generated::
MSH|^~\&|REGADT|MCM|IFENG||20250725175535||ADT^A01|000001|P|2.5.1|1||
EVN|A01|199601061000|199601101400|1
PID|||24445670^^^HOPITAL^MRN~FR123456^^^DLNUM^DL|253763|MUNRO^Alice||19310710|M|||77 Rue de Varenne^^PARIS^75^75007^||(01)554437765|(06)098866543|FRENCH|S|C|10199925|1641202898334566
NK1|1|DUPONT^MARIE^|EPOUSE||||ERSONNE A PREVENIR||
PV1|1|H|CARDIO^CHAMBRE201^LIT1||||004777^MARTIN^SOPHIE^DR|||CARDIO|||||ADM|A0|
PV2|||^Chirurgie Programmée||||||||||||||||||||||||||||||||||||||20240712
OBX|1|NM|21612-7^POIDS CORPOREL||52|kg|||||F
OBX|2|NM|8302-2^TAILLE||163|cm|||||F
OBX|3|NM|8480-6^PRESSION ARTERIELLE SYSTOLIQUE||154|mm[Hg]|||||F
OBX|4|NM|8462-4^PRESSION ARTERIELLE DIASTOLIQUE||87|mm[Hg]|||||F
OBX|5|NM|2339-0^GLUCOSE SANGUIN||6.2|mmol/L|3.5-5.7|H|||F
AL1|1||^AMOXICILLINE||URTICAIRE|
AL1|2||^ASPIRINE||OEDEME DE QUINCKE|
AL1|3||^ARACHIDES||CHOC ANAPHYLACTIQUE|
DG1|1|CIM10|I21.0^Infarctus transmural aigu du myocarde, de la paroi antérieure|Infarctus du myocarde||A
DG1|2|CIM10|I10^Hypertension essentielle (primitive)|Hypertension artérielle||C
DG1|3|CIM10|E11.9^Diabète sucré de type 2 sans complication|Diabète de type 2||C
PR1|1|CCAM|DDQH001^Coronarographie|Coronarographie||20240710103015
GT1|1|8291|DUPONT^JEAN^MARC^JR^M||123 RUE PRINCIPALE^^PARIS^^75001^FRA|(01)23456789||19610615|M|P/F|SLF|1234567890123||||
IN1|1|SECURITE SOCIALE|1|CPAM|||||||||||||||||||||||||||||||||||||||||||
2025-07-25 17:55:36 - INFO - response received::

MSH|^~\&|IRISHL7|ISC|REGADT|MCM|202507251755||ACK^A01|000001|P|2.5.1|1
MSA|CA|000001



2025-07-25 17:55:36 - INFO - Port 2575 on 127.0.0.1 is open and accessible.
2025-07-25 17:55:36 - INFO - HL7 message generated::
MSH|^~\&|REGADT|MCM|IFENG||20250725175536||ADT^A01|000001|P|2.5.1|1||
EVN|A01|199601061000|199601101400|1
PID|||24445670^^^HOPITAL^MRN~FR123456^^^DLNUM^DL|253763|MUNRO^Alice||19310710|M|||77 Rue de Varenne^^PARIS^75^75007^||(01)554437765|(06)098866543|FRENCH|S|C|10199925|1641202898334566
NK1|1|DUPONT^MARIE^|EPOUSE||||ERSONNE A PREVENIR||
PV1|1|H|CARDIO^CHAMBRE201^LIT1||||004777^MARTIN^SOPHIE^DR|||CARDIO|||||ADM|A0|
PV2|||^Chirurgie Programmée||||||||||||||||||||||||||||||||||||||20240712
OBX|1|NM|21612-7^POIDS CORPOREL||52|kg|||||F
OBX|2|NM|8302-2^TAILLE||163|cm|||||F
OBX|3|NM|8480-6^PRESSION ARTERIELLE SYSTOLIQUE||154|mm[Hg]|||||F
OBX|4|NM|8462-4^PRESSION ARTERIELLE DIASTOLIQUE||87|mm[Hg]|||||F
OBX|5|NM|2339-0^GLUCOSE SANGUIN||6.2|mmol/L|3.5-5.7|H|||F
AL1|1||^AMOXICILLINE||URTICAIRE|
AL1|2||^ASPIRINE||OEDEME DE QUINCKE|
AL1|3||^ARACHIDES||CHOC ANAPHYLACTIQUE|
DG1|1|CIM10|I21.0^Infarctus transmural aigu du myocarde, de la paroi antérieure|Infarctus du myocarde||A
DG1|2|CIM10|I10^Hypertension essentielle (primitive)|Hypertension artérielle||C
DG1|3|CIM10|E11.9^Diabète sucré de type 2 sans complication|Diabète de type 2||C
PR1|1|CCAM|DDQH001^Coronarographie|Coronarographie||20240710103015
GT1|1|8291|DUPONT^JEAN^MARC^JR^M||123 RUE PRINCIPALE^^PARIS^^75001^FRA|(01)23456789||19610615|M|P/F|SLF|1234567890123||||
IN1|1|SECURITE SOCIALE|1|CPAM|||||||||||||||||||||||||||||||||||||||||||
2025-07-25 17:55:36 - INFO - response received::

MSH|^~\&|IRISHL7|ISC|REGADT|MCM|202507251755||ACK^A01|000001|P|2.5.1|1
MSA|CA|000001



2025-07-25 17:55:36 - INFO - Port 2575 on 127.0.0.1 is open and accessible.
2025-07-25 17:55:36 - INFO - HL7 message generated::
MSH|^~\&|REGADT|MCM|IFENG||20250725175536||ADT^A01|000001|P|2.5.1|1||
EVN|A01|199601061000|199601101400|1
PID|||24445670^^^HOPITAL^MRN~FR123456^^^DLNUM^DL|253763|MUNRO^Alice||19310710|M|||77 Rue de Varenne^^PARIS^75^75007^||(01)554437765|(06)098866543|FRENCH|S|C|10199925|1641202898334566
NK1|1|DUPONT^MARIE^|EPOUSE||||ERSONNE A PREVENIR||
PV1|1|H|CARDIO^CHAMBRE201^LIT1||||004777^MARTIN^SOPHIE^DR|||CARDIO|||||ADM|A0|
PV2|||^Chirurgie Programmée||||||||||||||||||||||||||||||||||||||20240712
OBX|1|NM|21612-7^POIDS CORPOREL||52|kg|||||F
OBX|2|NM|8302-2^TAILLE||163|cm|||||F
OBX|3|NM|8480-6^PRESSION ARTERIELLE SYSTOLIQUE||154|mm[Hg]|||||F
OBX|4|NM|8462-4^PRESSION ARTERIELLE DIASTOLIQUE||87|mm[Hg]|||||F
OBX|5|NM|2339-0^GLUCOSE SANGUIN||6.2|mmol/L|3.5-5.7|H|||F
AL1|1||^AMOXICILLINE||URTICAIRE|
AL1|2||^ASPIRINE||OEDEME DE QUINCKE|
AL1|3||^ARACHIDES||CHOC ANAPHYLACTIQUE|
DG1|1|CIM10|I21.0^Infarctus transmural aigu du myocarde, de la paroi antérieure|Infarctus du myocarde||A
DG1|2|CIM10|I10^Hypertension essentielle (primitive)|Hypertension artérielle||C
DG1|3|CIM10|E11.9^Diabète sucré de type 2 sans complication|Diabète de type 2||C
PR1|1|CCAM|DDQH001^Coronarographie|Coronarographie||20240710103015
GT1|1|8291|DUPONT^JEAN^MARC^JR^M||123 RUE PRINCIPALE^^PARIS^^75001^FRA|(01)23456789||19610615|M|P/F|SLF|1234567890123||||
IN1|1|SECURITE SOCIALE|1|CPAM|||||||||||||||||||||||||||||||||||||||||||
2025-07-25 17:55:36 - INFO - response received::

MSH|^~\&|IRISHL7|ISC|REGADT|MCM|202507251755||ACK^A01|000001|P|2.5.1|1
MSA|CA|000001



2025-07-25 17:55:36 - INFO - Port 2575 on 127.0.0.1 is open and accessible.
2025-07-25 17:55:36 - INFO - HL7 message generated::
MSH|^~\&|REGADT|MCM|IFENG||20250725175536||ADT^A01|000001|P|2.5.1|1||
EVN|A01|199601061000|199601101400|1
PID|||24445670^^^HOPITAL^MRN~FR123456^^^DLNUM^DL|253763|MUNRO^Alice||19310710|M|||77 Rue de Varenne^^PARIS^75^75007^||(01)554437765|(06)098866543|FRENCH|S|C|10199925|1641202898334566
NK1|1|DUPONT^MARIE^|EPOUSE||||ERSONNE A PREVENIR||
PV1|1|H|CARDIO^CHAMBRE201^LIT1||||004777^MARTIN^SOPHIE^DR|||CARDIO|||||ADM|A0|
PV2|||^Chirurgie Programmée||||||||||||||||||||||||||||||||||||||20240712
OBX|1|NM|21612-7^POIDS CORPOREL||52|kg|||||F
OBX|2|NM|8302-2^TAILLE||163|cm|||||F
OBX|3|NM|8480-6^PRESSION ARTERIELLE SYSTOLIQUE||154|mm[Hg]|||||F
OBX|4|NM|8462-4^PRESSION ARTERIELLE DIASTOLIQUE||87|mm[Hg]|||||F
OBX|5|NM|2339-0^GLUCOSE SANGUIN||6.2|mmol/L|3.5-5.7|H|||F
AL1|1||^AMOXICILLINE||URTICAIRE|
AL1|2||^ASPIRINE||OEDEME DE QUINCKE|
AL1|3||^ARACHIDES||CHOC ANAPHYLACTIQUE|
DG1|1|CIM10|I21.0^Infarctus transmural aigu du myocarde, de la paroi antérieure|Infarctus du myocarde||A
DG1|2|CIM10|I10^Hypertension essentielle (primitive)|Hypertension artérielle||C
DG1|3|CIM10|E11.9^Diabète sucré de type 2 sans complication|Diabète de type 2||C
PR1|1|CCAM|DDQH001^Coronarographie|Coronarographie||20240710103015
GT1|1|8291|DUPONT^JEAN^MARC^JR^M||123 RUE PRINCIPALE^^PARIS^^75001^FRA|(01)23456789||19610615|M|P/F|SLF|1234567890123||||
IN1|1|SECURITE SOCIALE|1|CPAM|||||||||||||||||||||||||||||||||||||||||||
2025-07-25 17:55:36 - INFO - response received::

MSH|^~\&|IRISHL7|ISC|REGADT|MCM|202507251755||ACK^A01|000001|P|2.5.1|1
MSA|CA|000001



2025-07-25 17:55:36 - INFO - Port 2575 on 127.0.0.1 is open and accessible.
2025-07-25 17:55:36 - INFO - HL7 message generated::
MSH|^~\&|REGADT|MCM|IFENG||20250725175536||ADT^A01|000001|P|2.5.1|1||
EVN|A01|199601061000|199601101400|1
PID|||24445670^^^HOPITAL^MRN~FR123456^^^DLNUM^DL|253763|MUNRO^Alice||19310710|M|||77 Rue de Varenne^^PARIS^75^75007^||(01)554437765|(06)098866543|FRENCH|S|C|10199925|1641202898334566
NK1|1|DUPONT^MARIE^|EPOUSE||||ERSONNE A PREVENIR||
PV1|1|H|CARDIO^CHAMBRE201^LIT1||||004777^MARTIN^SOPHIE^DR|||CARDIO|||||ADM|A0|
PV2|||^Chirurgie Programmée||||||||||||||||||||||||||||||||||||||20240712
OBX|1|NM|21612-7^POIDS CORPOREL||52|kg|||||F
OBX|2|NM|8302-2^TAILLE||163|cm|||||F
OBX|3|NM|8480-6^PRESSION ARTERIELLE SYSTOLIQUE||154|mm[Hg]|||||F
OBX|4|NM|8462-4^PRESSION ARTERIELLE DIASTOLIQUE||87|mm[Hg]|||||F
OBX|5|NM|2339-0^GLUCOSE SANGUIN||6.2|mmol/L|3.5-5.7|H|||F
AL1|1||^AMOXICILLINE||URTICAIRE|
AL1|2||^ASPIRINE||OEDEME DE QUINCKE|
AL1|3||^ARACHIDES||CHOC ANAPHYLACTIQUE|
DG1|1|CIM10|I21.0^Infarctus transmural aigu du myocarde, de la paroi antérieure|Infarctus du myocarde||A
DG1|2|CIM10|I10^Hypertension essentielle (primitive)|Hypertension artérielle||C
DG1|3|CIM10|E11.9^Diabète sucré de type 2 sans complication|Diabète de type 2||C
PR1|1|CCAM|DDQH001^Coronarographie|Coronarographie||20240710103015
GT1|1|8291|DUPONT^JEAN^MARC^JR^M||123 RUE PRINCIPALE^^PARIS^^75001^FRA|(01)23456789||19610615|M|P/F|SLF|1234567890123||||
IN1|1|SECURITE SOCIALE|1|CPAM|||||||||||||||||||||||||||||||||||||||||||
2025-07-25 17:55:36 - INFO - response received::

MSH|^~\&|IRISHL7|ISC|REGADT|MCM|202507251755||ACK^A01|000001|P|2.5.1|1
MSA|CA|000001



2025-07-25 17:55:36 - INFO - Port 2575 on 127.0.0.1 is open and accessible.
2025-07-25 17:55:36 - INFO - HL7 message generated::
MSH|^~\&|REGADT|MCM|IFENG||20250725175536||ADT^A01|000001|P|2.5.1|1||
EVN|A01|199601061000|199601101400|1
PID|||24445670^^^HOPITAL^MRN~FR123456^^^DLNUM^DL|253763|MUNRO^Alice||19310710|M|||77 Rue de Varenne^^PARIS^75^75007^||(01)554437765|(06)098866543|FRENCH|S|C|10199925|1641202898334566
NK1|1|DUPONT^MARIE^|EPOUSE||||ERSONNE A PREVENIR||
PV1|1|H|CARDIO^CHAMBRE201^LIT1||||004777^MARTIN^SOPHIE^DR|||CARDIO|||||ADM|A0|
PV2|||^Chirurgie Programmée||||||||||||||||||||||||||||||||||||||20240712
OBX|1|NM|21612-7^POIDS CORPOREL||52|kg|||||F
OBX|2|NM|8302-2^TAILLE||163|cm|||||F
OBX|3|NM|8480-6^PRESSION ARTERIELLE SYSTOLIQUE||154|mm[Hg]|||||F
OBX|4|NM|8462-4^PRESSION ARTERIELLE DIASTOLIQUE||87|mm[Hg]|||||F
OBX|5|NM|2339-0^GLUCOSE SANGUIN||6.2|mmol/L|3.5-5.7|H|||F
AL1|1||^AMOXICILLINE||URTICAIRE|
AL1|2||^ASPIRINE||OEDEME DE QUINCKE|
AL1|3||^ARACHIDES||CHOC ANAPHYLACTIQUE|
DG1|1|CIM10|I21.0^Infarctus transmural aigu du myocarde, de la paroi antérieure|Infarctus du myocarde||A
DG1|2|CIM10|I10^Hypertension essentielle (primitive)|Hypertension artérielle||C
DG1|3|CIM10|E11.9^Diabète sucré de type 2 sans complication|Diabète de type 2||C
PR1|1|CCAM|DDQH001^Coronarographie|Coronarographie||20240710103015
GT1|1|8291|DUPONT^JEAN^MARC^JR^M||123 RUE PRINCIPALE^^PARIS^^75001^FRA|(01)23456789||19610615|M|P/F|SLF|1234567890123||||
IN1|1|SECURITE SOCIALE|1|CPAM|||||||||||||||||||||||||||||||||||||||||||
2025-07-25 17:55:36 - INFO - response received::

MSH|^~\&|IRISHL7|ISC|REGADT|MCM|202507251755||ACK^A01|000001|P|2.5.1|1
MSA|CA|000001



2025-07-25 17:55:36 - INFO - Port 2575 on 127.0.0.1 is open and accessible.
2025-07-25 17:55:36 - INFO - HL7 message generated::
MSH|^~\&|REGADT|MCM|IFENG||20250725175536||ADT^A01|000001|P|2.5.1|1||
EVN|A01|199601061000|199601101400|1
PID|||24445670^^^HOPITAL^MRN~FR123456^^^DLNUM^DL|253763|MUNRO^Alice||19310710|M|||77 Rue de Varenne^^PARIS^75^75007^||(01)554437765|(06)098866543|FRENCH|S|C|10199925|1641202898334566
NK1|1|DUPONT^MARIE^|EPOUSE||||ERSONNE A PREVENIR||
PV1|1|H|CARDIO^CHAMBRE201^LIT1||||004777^MARTIN^SOPHIE^DR|||CARDIO|||||ADM|A0|
PV2|||^Chirurgie Programmée||||||||||||||||||||||||||||||||||||||20240712
OBX|1|NM|21612-7^POIDS CORPOREL||52|kg|||||F
OBX|2|NM|8302-2^TAILLE||163|cm|||||F
OBX|3|NM|8480-6^PRESSION ARTERIELLE SYSTOLIQUE||154|mm[Hg]|||||F
OBX|4|NM|8462-4^PRESSION ARTERIELLE DIASTOLIQUE||87|mm[Hg]|||||F
OBX|5|NM|2339-0^GLUCOSE SANGUIN||6.2|mmol/L|3.5-5.7|H|||F
AL1|1||^AMOXICILLINE||URTICAIRE|
AL1|2||^ASPIRINE||OEDEME DE QUINCKE|
AL1|3||^ARACHIDES||CHOC ANAPHYLACTIQUE|
DG1|1|CIM10|I21.0^Infarctus transmural aigu du myocarde, de la paroi antérieure|Infarctus du myocarde||A
DG1|2|CIM10|I10^Hypertension essentielle (primitive)|Hypertension artérielle||C
DG1|3|CIM10|E11.9^Diabète sucré de type 2 sans complication|Diabète de type 2||C
PR1|1|CCAM|DDQH001^Coronarographie|Coronarographie||20240710103015
GT1|1|8291|DUPONT^JEAN^MARC^JR^M||123 RUE PRINCIPALE^^PARIS^^75001^FRA|(01)23456789||19610615|M|P/F|SLF|1234567890123||||
IN1|1|SECURITE SOCIALE|1|CPAM|||||||||||||||||||||||||||||||||||||||||||
2025-07-25 17:55:37 - INFO - response received::

MSH|^~\&|IRISHL7|ISC|REGADT|MCM|202507251755||ACK^A01|000001|P|2.5.1|1
MSA|CA|000001



2025-07-25 17:55:37 - INFO - Port 2575 on 127.0.0.1 is open and accessible.
2025-07-25 17:55:37 - INFO - HL7 message generated::
MSH|^~\&|REGADT|MCM|IFENG||20250725175537||ADT^A01|000001|P|2.5.1|1||
EVN|A01|199601061000|199601101400|1
PID|||24445670^^^HOPITAL^MRN~FR123456^^^DLNUM^DL|253763|MUNRO^Alice||19310710|M|||77 Rue de Varenne^^PARIS^75^75007^||(01)554437765|(06)098866543|FRENCH|S|C|10199925|1641202898334566
NK1|1|DUPONT^MARIE^|EPOUSE||||ERSONNE A PREVENIR||
PV1|1|H|CARDIO^CHAMBRE201^LIT1||||004777^MARTIN^SOPHIE^DR|||CARDIO|||||ADM|A0|
PV2|||^Chirurgie Programmée||||||||||||||||||||||||||||||||||||||20240712
OBX|1|NM|21612-7^POIDS CORPOREL||52|kg|||||F
OBX|2|NM|8302-2^TAILLE||163|cm|||||F
OBX|3|NM|8480-6^PRESSION ARTERIELLE SYSTOLIQUE||154|mm[Hg]|||||F
OBX|4|NM|8462-4^PRESSION ARTERIELLE DIASTOLIQUE||87|mm[Hg]|||||F
OBX|5|NM|2339-0^GLUCOSE SANGUIN||6.2|mmol/L|3.5-5.7|H|||F
AL1|1||^AMOXICILLINE||URTICAIRE|
AL1|2||^ASPIRINE||OEDEME DE QUINCKE|
AL1|3||^ARACHIDES||CHOC ANAPHYLACTIQUE|
DG1|1|CIM10|I21.0^Infarctus transmural aigu du myocarde, de la paroi antérieure|Infarctus du myocarde||A
DG1|2|CIM10|I10^Hypertension essentielle (primitive)|Hypertension artérielle||C
DG1|3|CIM10|E11.9^Diabète sucré de type 2 sans complication|Diabète de type 2||C
PR1|1|CCAM|DDQH001^Coronarographie|Coronarographie||20240710103015
GT1|1|8291|DUPONT^JEAN^MARC^JR^M||123 RUE PRINCIPALE^^PARIS^^75001^FRA|(01)23456789||19610615|M|P/F|SLF|1234567890123||||
IN1|1|SECURITE SOCIALE|1|CPAM|||||||||||||||||||||||||||||||||||||||||||
2025-07-25 17:55:37 - INFO - response received::

MSH|^~\&|IRISHL7|ISC|REGADT|MCM|202507251755||ACK^A01|000001|P|2.5.1|1
MSA|CA|000001



2025-07-25 17:55:39 - INFO - El puerto 2575 en 127.0.0.1 está abierto y accesible.
2025-07-25 17:55:39 - INFO - Mensaje HL7 generado::
MSH|^~\&|REGADT|MCM|IFENG||20250725175539||ADT^A01|000001|P|2.5.1|1||
EVN|A01|199601061000|199601101400|1
PID|||24445670^^^HOPITAL^MRN~FR123456^^^DLNUM^DL|253763|MUNRO^Alice||19310710|M|||77 Rue de Varenne^^PARIS^75^75007^||(01)554437765|(06)098866543|FRENCH|S|C|10199925|1641202898334566
NK1|1|DUPONT^MARIE^|EPOUSE||||ERSONNE A PREVENIR||
PV1|1|H|CARDIO^CHAMBRE201^LIT1||||004777^MARTIN^SOPHIE^DR|||CARDIO|||||ADM|A0|
PV2|||^Chirurgie Programmée||||||||||||||||||||||||||||||||||||||20240712
OBX|1|NM|21612-7^POIDS CORPOREL||52|kg|||||F
OBX|2|NM|8302-2^TAILLE||163|cm|||||F
OBX|3|NM|8480-6^PRESSION ARTERIELLE SYSTOLIQUE||154|mm[Hg]|||||F
OBX|4|NM|8462-4^PRESSION ARTERIELLE DIASTOLIQUE||87|mm[Hg]|||||F
OBX|5|NM|2339-0^GLUCOSE SANGUIN||6.2|mmol/L|3.5-5.7|H|||F
AL1|1||^AMOXICILLINE||URTICAIRE|
AL1|2||^ASPIRINE||OEDEME DE QUINCKE|
AL1|3||^ARACHIDES||CHOC ANAPHYLACTIQUE|
DG1|1|CIM10|I21.0^Infarctus transmural aigu du myocarde, de la paroi antérieure|Infarctus du myocarde||A
DG1|2|CIM10|I10^Hypertension essentielle (primitive)|Hypertension artérielle||C
DG1|3|CIM10|E11.9^Diabète sucré de type 2 sans complication|Diabète de type 2||C
PR1|1|CCAM|DDQH001^Coronarographie|Coronarographie||20240710103015
GT1|1|8291|DUPONT^JEAN^MARC^JR^M||123 RUE PRINCIPALE^^PARIS^^75001^FRA|(01)23456789||19610615|M|P/F|SLF|1234567890123||||
IN1|1|SECURITE SOCIALE|1|CPAM|||||||||||||||||||||||||||||||||||||||||||
2025-07-25 17:55:39 - INFO - respuesta recibida::

MSH|^~\&|IRISHL7|ISC|REGADT|MCM|202507251755||ACK^A01|000001|P|2.5.1|1
MSA|CA|000001



2025-07-25 17:55:39 - INFO - El puerto 2575 en 127.0.0.1 está abierto y accesible.
2025-07-25 17:55:39 - INFO - Mensaje HL7 generado::
MSH|^~\&|REGADT|MCM|IFENG||20250725175539||ADT^A01|000001|P|2.5.1|1||
EVN|A01|199601061000|199601101400|1
PID|||24445670^^^HOPITAL^MRN~FR123456^^^DLNUM^DL|253763|MUNRO^Alice||19310710|M|||77 Rue de Varenne^^PARIS^75^75007^||(01)554437765|(06)098866543|FRENCH|S|C|10199925|1641202898334566
NK1|1|DUPONT^MARIE^|EPOUSE||||ERSONNE A PREVENIR||
PV1|1|H|CARDIO^CHAMBRE201^LIT1||||004777^MARTIN^SOPHIE^DR|||CARDIO|||||ADM|A0|
PV2|||^Chirurgie Programmée||||||||||||||||||||||||||||||||||||||20240712
OBX|1|NM|21612-7^POIDS CORPOREL||52|kg|||||F
OBX|2|NM|8302-2^TAILLE||163|cm|||||F
OBX|3|NM|8480-6^PRESSION ARTERIELLE SYSTOLIQUE||154|mm[Hg]|||||F
OBX|4|NM|8462-4^PRESSION ARTERIELLE DIASTOLIQUE||87|mm[Hg]|||||F
OBX|5|NM|2339-0^GLUCOSE SANGUIN||6.2|mmol/L|3.5-5.7|H|||F
AL1|1||^AMOXICILLINE||URTICAIRE|
AL1|2||^ASPIRINE||OEDEME DE QUINCKE|
AL1|3||^ARACHIDES||CHOC ANAPHYLACTIQUE|
DG1|1|CIM10|I21.0^Infarctus transmural aigu du myocarde, de la paroi antérieure|Infarctus du myocarde||A
DG1|2|CIM10|I10^Hypertension essentielle (primitive)|Hypertension artérielle||C
DG1|3|CIM10|E11.9^Diabète sucré de type 2 sans complication|Diabète de type 2||C
PR1|1|CCAM|DDQH001^Coronarographie|Coronarographie||20240710103015
GT1|1|8291|DUPONT^JEAN^MARC^JR^M||123 RUE PRINCIPALE^^PARIS^^75001^FRA|(01)23456789||19610615|M|P/F|SLF|1234567890123||||
IN1|1|SECURITE SOCIALE|1|CPAM|||||||||||||||||||||||||||||||||||||||||||
2025-07-25 17:55:39 - INFO - respuesta recibida::

MSH|^~\&|IRISHL7|ISC|REGADT|MCM|202507251755||ACK^A01|000001|P|2.5.1|1
MSA|CA|000001



2025-07-25 17:55:40 - INFO - El puerto 2575 en 127.0.0.1 está abierto y accesible.
2025-07-25 17:55:40 - INFO - Mensaje HL7 generado::
MSH|^~\&|REGADT|MCM|IFENG||20250725175540||ADT^A01|000001|P|2.5.1|1||
EVN|A01|199601061000|199601101400|1
PID|||24445670^^^HOPITAL^MRN~FR123456^^^DLNUM^DL|253763|MUNRO^Alice||19310710|M|||77 Rue de Varenne^^PARIS^75^75007^||(01)554437765|(06)098866543|FRENCH|S|C|10199925|1641202898334566
NK1|1|DUPONT^MARIE^|EPOUSE||||ERSONNE A PREVENIR||
PV1|1|H|CARDIO^CHAMBRE201^LIT1||||004777^MARTIN^SOPHIE^DR|||CARDIO|||||ADM|A0|
PV2|||^Chirurgie Programmée||||||||||||||||||||||||||||||||||||||20240712
OBX|1|NM|21612-7^POIDS CORPOREL||52|kg|||||F
OBX|2|NM|8302-2^TAILLE||163|cm|||||F
OBX|3|NM|8480-6^PRESSION ARTERIELLE SYSTOLIQUE||154|mm[Hg]|||||F
OBX|4|NM|8462-4^PRESSION ARTERIELLE DIASTOLIQUE||87|mm[Hg]|||||F
OBX|5|NM|2339-0^GLUCOSE SANGUIN||6.2|mmol/L|3.5-5.7|H|||F
AL1|1||^AMOXICILLINE||URTICAIRE|
AL1|2||^ASPIRINE||OEDEME DE QUINCKE|
AL1|3||^ARACHIDES||CHOC ANAPHYLACTIQUE|
DG1|1|CIM10|I21.0^Infarctus transmural aigu du myocarde, de la paroi antérieure|Infarctus du myocarde||A
DG1|2|CIM10|I10^Hypertension essentielle (primitive)|Hypertension artérielle||C
DG1|3|CIM10|E11.9^Diabète sucré de type 2 sans complication|Diabète de type 2||C
PR1|1|CCAM|DDQH001^Coronarographie|Coronarographie||20240710103015
GT1|1|8291|DUPONT^JEAN^MARC^JR^M||123 RUE PRINCIPALE^^PARIS^^75001^FRA|(01)23456789||19610615|M|P/F|SLF|1234567890123||||
IN1|1|SECURITE SOCIALE|1|CPAM|||||||||||||||||||||||||||||||||||||||||||
2025-07-25 17:55:40 - INFO - respuesta recibida::

MSH|^~\&|IRISHL7|ISC|REGADT|MCM|202507251755||ACK^A01|000001|P|2.5.1|1
MSA|CA|000001



2025-07-25 17:55:40 - INFO - El puerto 2575 en 127.0.0.1 está abierto y accesible.
2025-07-25 17:55:40 - INFO - Mensaje HL7 generado::
MSH|^~\&|REGADT|MCM|IFENG||20250725175540||ADT^A01|000001|P|2.5.1|1||
EVN|A01|199601061000|199601101400|1
PID|||24445670^^^HOPITAL^MRN~FR123456^^^DLNUM^DL|253763|MUNRO^Alice||19310710|M|||77 Rue de Varenne^^PARIS^75^75007^||(01)554437765|(06)098866543|FRENCH|S|C|10199925|1641202898334566
NK1|1|DUPONT^MARIE^|EPOUSE||||ERSONNE A PREVENIR||
PV1|1|H|CARDIO^CHAMBRE201^LIT1||||004777^MARTIN^SOPHIE^DR|||CARDIO|||||ADM|A0|
PV2|||^Chirurgie Programmée||||||||||||||||||||||||||||||||||||||20240712
OBX|1|NM|21612-7^POIDS CORPOREL||52|kg|||||F
OBX|2|NM|8302-2^TAILLE||163|cm|||||F
OBX|3|NM|8480-6^PRESSION ARTERIELLE SYSTOLIQUE||154|mm[Hg]|||||F
OBX|4|NM|8462-4^PRESSION ARTERIELLE DIASTOLIQUE||87|mm[Hg]|||||F
OBX|5|NM|2339-0^GLUCOSE SANGUIN||6.2|mmol/L|3.5-5.7|H|||F
AL1|1||^AMOXICILLINE||URTICAIRE|
AL1|2||^ASPIRINE||OEDEME DE QUINCKE|
AL1|3||^ARACHIDES||CHOC ANAPHYLACTIQUE|
DG1|1|CIM10|I21.0^Infarctus transmural aigu du myocarde, de la paroi antérieure|Infarctus du myocarde||A
DG1|2|CIM10|I10^Hypertension essentielle (primitive)|Hypertension artérielle||C
DG1|3|CIM10|E11.9^Diabète sucré de type 2 sans complication|Diabète de type 2||C
PR1|1|CCAM|DDQH001^Coronarographie|Coronarographie||20240710103015
GT1|1|8291|DUPONT^JEAN^MARC^JR^M||123 RUE PRINCIPALE^^PARIS^^75001^FRA|(01)23456789||19610615|M|P/F|SLF|1234567890123||||
IN1|1|SECURITE SOCIALE|1|CPAM|||||||||||||||||||||||||||||||||||||||||||
2025-07-25 17:55:40 - INFO - respuesta recibida::

MSH|^~\&|IRISHL7|ISC|REGADT|MCM|202507251755||ACK^A01|000001|P|2.5.1|1
MSA|CA|000001



2025-07-25 17:55:40 - INFO - El puerto 2575 en 127.0.0.1 está abierto y accesible.
2025-07-25 17:55:40 - INFO - Mensaje HL7 generado::
MSH|^~\&|REGADT|MCM|IFENG||20250725175540||ADT^A01|000001|P|2.5.1|1||
EVN|A01|199601061000|199601101400|1
PID|||24445670^^^HOPITAL^MRN~FR123456^^^DLNUM^DL|253763|MUNRO^Alice||19310710|M|||77 Rue de Varenne^^PARIS^75^75007^||(01)554437765|(06)098866543|FRENCH|S|C|10199925|1641202898334566
NK1|1|DUPONT^MARIE^|EPOUSE||||ERSONNE A PREVENIR||
PV1|1|H|CARDIO^CHAMBRE201^LIT1||||004777^MARTIN^SOPHIE^DR|||CARDIO|||||ADM|A0|
PV2|||^Chirurgie Programmée||||||||||||||||||||||||||||||||||||||20240712
OBX|1|NM|21612-7^POIDS CORPOREL||52|kg|||||F
OBX|2|NM|8302-2^TAILLE||163|cm|||||F
OBX|3|NM|8480-6^PRESSION ARTERIELLE SYSTOLIQUE||154|mm[Hg]|||||F
OBX|4|NM|8462-4^PRESSION ARTERIELLE DIASTOLIQUE||87|mm[Hg]|||||F
OBX|5|NM|2339-0^GLUCOSE SANGUIN||6.2|mmol/L|3.5-5.7|H|||F
AL1|1||^AMOXICILLINE||URTICAIRE|
AL1|2||^ASPIRINE||OEDEME DE QUINCKE|
AL1|3||^ARACHIDES||CHOC ANAPHYLACTIQUE|
DG1|1|CIM10|I21.0^Infarctus transmural aigu du myocarde, de la paroi antérieure|Infarctus du myocarde||A
DG1|2|CIM10|I10^Hypertension essentielle (primitive)|Hypertension artérielle||C
DG1|3|CIM10|E11.9^Diabète sucré de type 2 sans complication|Diabète de type 2||C
PR1|1|CCAM|DDQH001^Coronarographie|Coronarographie||20240710103015
GT1|1|8291|DUPONT^JEAN^MARC^JR^M||123 RUE PRINCIPALE^^PARIS^^75001^FRA|(01)23456789||19610615|M|P/F|SLF|1234567890123||||
IN1|1|SECURITE SOCIALE|1|CPAM|||||||||||||||||||||||||||||||||||||||||||
2025-07-25 17:55:40 - INFO - respuesta recibida::

MSH|^~\&|IRISHL7|ISC|REGADT|MCM|202507251755||ACK^A01|000001|P|2.5.1|1
MSA|CA|000001



2025-07-25 17:55:40 - INFO - El puerto 2575 en 127.0.0.1 está abierto y accesible.
2025-07-25 17:55:40 - INFO - Mensaje HL7 generado::
MSH|^~\&|REGADT|MCM|IFENG||20250725175540||ADT^A01|000001|P|2.5.1|1||
EVN|A01|199601061000|199601101400|1
PID|||24445670^^^HOPITAL^MRN~FR123456^^^DLNUM^DL|253763|MUNRO^Alice||19310710|M|||77 Rue de Varenne^^PARIS^75^75007^||(01)554437765|(06)098866543|FRENCH|S|C|10199925|1641202898334566
NK1|1|DUPONT^MARIE^|EPOUSE||||ERSONNE A PREVENIR||
PV1|1|H|CARDIO^CHAMBRE201^LIT1||||004777^MARTIN^SOPHIE^DR|||CARDIO|||||ADM|A0|
PV2|||^Chirurgie Programmée||||||||||||||||||||||||||||||||||||||20240712
OBX|1|NM|21612-7^POIDS CORPOREL||52|kg|||||F
OBX|2|NM|8302-2^TAILLE||163|cm|||||F
OBX|3|NM|8480-6^PRESSION ARTERIELLE SYSTOLIQUE||154|mm[Hg]|||||F
OBX|4|NM|8462-4^PRESSION ARTERIELLE DIASTOLIQUE||87|mm[Hg]|||||F
OBX|5|NM|2339-0^GLUCOSE SANGUIN||6.2|mmol/L|3.5-5.7|H|||F
AL1|1||^AMOXICILLINE||URTICAIRE|
AL1|2||^ASPIRINE||OEDEME DE QUINCKE|
AL1|3||^ARACHIDES||CHOC ANAPHYLACTIQUE|
DG1|1|CIM10|I21.0^Infarctus transmural aigu du myocarde, de la paroi antérieure|Infarctus du myocarde||A
DG1|2|CIM10|I10^Hypertension essentielle (primitive)|Hypertension artérielle||C
DG1|3|CIM10|E11.9^Diabète sucré de type 2 sans complication|Diabète de type 2||C
PR1|1|CCAM|DDQH001^Coronarographie|Coronarographie||20240710103015
GT1|1|8291|DUPONT^JEAN^MARC^JR^M||123 RUE PRINCIPALE^^PARIS^^75001^FRA|(01)23456789||19610615|M|P/F|SLF|1234567890123||||
IN1|1|SECURITE SOCIALE|1|CPAM|||||||||||||||||||||||||||||||||||||||||||
2025-07-25 17:55:40 - INFO - respuesta recibida::

MSH|^~\&|IRISHL7|ISC|REGADT|MCM|202507251755||ACK^A01|000001|P|2.5.1|1
MSA|CA|000001



2025-07-25 17:55:40 - INFO - El puerto 2575 en 127.0.0.1 está abierto y accesible.
2025-07-25 17:55:40 - INFO - Mensaje HL7 generado::
MSH|^~\&|REGADT|MCM|IFENG||20250725175540||ADT^A01|000001|P|2.5.1|1||
EVN|A01|199601061000|199601101400|1
PID|||24445670^^^HOPITAL^MRN~FR123456^^^DLNUM^DL|253763|MUNRO^Alice||19310710|M|||77 Rue de Varenne^^PARIS^75^75007^||(01)554437765|(06)098866543|FRENCH|S|C|10199925|1641202898334566
NK1|1|DUPONT^MARIE^|EPOUSE||||ERSONNE A PREVENIR||
PV1|1|H|CARDIO^CHAMBRE201^LIT1||||004777^MARTIN^SOPHIE^DR|||CARDIO|||||ADM|A0|
PV2|||^Chirurgie Programmée||||||||||||||||||||||||||||||||||||||20240712
OBX|1|NM|21612-7^POIDS CORPOREL||52|kg|||||F
OBX|2|NM|8302-2^TAILLE||163|cm|||||F
OBX|3|NM|8480-6^PRESSION ARTERIELLE SYSTOLIQUE||154|mm[Hg]|||||F
OBX|4|NM|8462-4^PRESSION ARTERIELLE DIASTOLIQUE||87|mm[Hg]|||||F
OBX|5|NM|2339-0^GLUCOSE SANGUIN||6.2|mmol/L|3.5-5.7|H|||F
AL1|1||^AMOXICILLINE||URTICAIRE|
AL1|2||^ASPIRINE||OEDEME DE QUINCKE|
AL1|3||^ARACHIDES||CHOC ANAPHYLACTIQUE|
DG1|1|CIM10|I21.0^Infarctus transmural aigu du myocarde, de la paroi antérieure|Infarctus du myocarde||A
DG1|2|CIM10|I10^Hypertension essentielle (primitive)|Hypertension artérielle||C
DG1|3|CIM10|E11.9^Diabète sucré de type 2 sans complication|Diabète de type 2||C
PR1|1|CCAM|DDQH001^Coronarographie|Coronarographie||20240710103015
GT1|1|8291|DUPONT^JEAN^MARC^JR^M||123 RUE PRINCIPALE^^PARIS^^75001^FRA|(01)23456789||19610615|M|P/F|SLF|1234567890123||||
IN1|1|SECURITE SOCIALE|1|CPAM|||||||||||||||||||||||||||||||||||||||||||
2025-07-25 17:55:40 - INFO - respuesta recibida::

MSH|^~\&|IRISHL7|ISC|REGADT|MCM|202507251755||ACK^A01|000001|P|2.5.1|1
MSA|CA|000001



2025-07-25 17:55:40 - INFO - El puerto 2575 en 127.0.0.1 está abierto y accesible.
2025-07-25 17:55:40 - INFO - Mensaje HL7 generado::
MSH|^~\&|REGADT|MCM|IFENG||20250725175540||ADT^A01|000001|P|2.5.1|1||
EVN|A01|199601061000|199601101400|1
PID|||24445670^^^HOPITAL^MRN~FR123456^^^DLNUM^DL|253763|MUNRO^Alice||19310710|M|||77 Rue de Varenne^^PARIS^75^75007^||(01)554437765|(06)098866543|FRENCH|S|C|10199925|1641202898334566
NK1|1|DUPONT^MARIE^|EPOUSE||||ERSONNE A PREVENIR||
PV1|1|H|CARDIO^CHAMBRE201^LIT1||||004777^MARTIN^SOPHIE^DR|||CARDIO|||||ADM|A0|
PV2|||^Chirurgie Programmée||||||||||||||||||||||||||||||||||||||20240712
OBX|1|NM|21612-7^POIDS CORPOREL||52|kg|||||F
OBX|2|NM|8302-2^TAILLE||163|cm|||||F
OBX|3|NM|8480-6^PRESSION ARTERIELLE SYSTOLIQUE||154|mm[Hg]|||||F
OBX|4|NM|8462-4^PRESSION ARTERIELLE DIASTOLIQUE||87|mm[Hg]|||||F
OBX|5|NM|2339-0^GLUCOSE SANGUIN||6.2|mmol/L|3.5-5.7|H|||F
AL1|1||^AMOXICILLINE||URTICAIRE|
AL1|2||^ASPIRINE||OEDEME DE QUINCKE|
AL1|3||^ARACHIDES||CHOC ANAPHYLACTIQUE|
DG1|1|CIM10|I21.0^Infarctus transmural aigu du myocarde, de la paroi antérieure|Infarctus du myocarde||A
DG1|2|CIM10|I10^Hypertension essentielle (primitive)|Hypertension artérielle||C
DG1|3|CIM10|E11.9^Diabète sucré de type 2 sans complication|Diabète de type 2||C
PR1|1|CCAM|DDQH001^Coronarographie|Coronarographie||20240710103015
GT1|1|8291|DUPONT^JEAN^MARC^JR^M||123 RUE PRINCIPALE^^PARIS^^75001^FRA|(01)23456789||19610615|M|P/F|SLF|1234567890123||||
IN1|1|SECURITE SOCIALE|1|CPAM|||||||||||||||||||||||||||||||||||||||||||
2025-07-25 17:55:40 - INFO - respuesta recibida::

MSH|^~\&|IRISHL7|ISC|REGADT|MCM|202507251755||ACK^A01|000001|P|2.5.1|1
MSA|CA|000001



2025-07-25 17:55:41 - INFO - El puerto 2575 en 127.0.0.1 está abierto y accesible.
2025-07-25 17:55:41 - INFO - Mensaje HL7 generado::
MSH|^~\&|REGADT|MCM|IFENG||20250725175541||ADT^A01|000001|P|2.5.1|1||
EVN|A01|199601061000|199601101400|1
PID|||24445670^^^HOPITAL^MRN~FR123456^^^DLNUM^DL|253763|MUNRO^Alice||19310710|M|||77 Rue de Varenne^^PARIS^75^75007^||(01)554437765|(06)098866543|FRENCH|S|C|10199925|1641202898334566
NK1|1|DUPONT^MARIE^|EPOUSE||||ERSONNE A PREVENIR||
PV1|1|H|CARDIO^CHAMBRE201^LIT1||||004777^MARTIN^SOPHIE^DR|||CARDIO|||||ADM|A0|
PV2|||^Chirurgie Programmée||||||||||||||||||||||||||||||||||||||20240712
OBX|1|NM|21612-7^POIDS CORPOREL||52|kg|||||F
OBX|2|NM|8302-2^TAILLE||163|cm|||||F
OBX|3|NM|8480-6^PRESSION ARTERIELLE SYSTOLIQUE||154|mm[Hg]|||||F
OBX|4|NM|8462-4^PRESSION ARTERIELLE DIASTOLIQUE||87|mm[Hg]|||||F
OBX|5|NM|2339-0^GLUCOSE SANGUIN||6.2|mmol/L|3.5-5.7|H|||F
AL1|1||^AMOXICILLINE||URTICAIRE|
AL1|2||^ASPIRINE||OEDEME DE QUINCKE|
AL1|3||^ARACHIDES||CHOC ANAPHYLACTIQUE|
DG1|1|CIM10|I21.0^Infarctus transmural aigu du myocarde, de la paroi antérieure|Infarctus du myocarde||A
DG1|2|CIM10|I10^Hypertension essentielle (primitive)|Hypertension artérielle||C
DG1|3|CIM10|E11.9^Diabète sucré de type 2 sans complication|Diabète de type 2||C
PR1|1|CCAM|DDQH001^Coronarographie|Coronarographie||20240710103015
GT1|1|8291|DUPONT^JEAN^MARC^JR^M||123 RUE PRINCIPALE^^PARIS^^75001^FRA|(01)23456789||19610615|M|P/F|SLF|1234567890123||||
IN1|1|SECURITE SOCIALE|1|CPAM|||||||||||||||||||||||||||||||||||||||||||
2025-07-25 17:55:41 - INFO - respuesta recibida::

MSH|^~\&|IRISHL7|ISC|REGADT|MCM|202507251755||ACK^A01|000001|P|2.5.1|1
MSA|CA|000001



2025-07-25 17:55:41 - INFO - El puerto 2575 en 127.0.0.1 está abierto y accesible.
2025-07-25 17:55:41 - INFO - Mensaje HL7 generado::
MSH|^~\&|REGADT|MCM|IFENG||20250725175541||ADT^A01|000001|P|2.5.1|1||
EVN|A01|199601061000|199601101400|1
PID|||24445670^^^HOPITAL^MRN~FR123456^^^DLNUM^DL|253763|MUNRO^Alice||19310710|M|||77 Rue de Varenne^^PARIS^75^75007^||(01)554437765|(06)098866543|FRENCH|S|C|10199925|1641202898334566
NK1|1|DUPONT^MARIE^|EPOUSE||||ERSONNE A PREVENIR||
PV1|1|H|CARDIO^CHAMBRE201^LIT1||||004777^MARTIN^SOPHIE^DR|||CARDIO|||||ADM|A0|
PV2|||^Chirurgie Programmée||||||||||||||||||||||||||||||||||||||20240712
OBX|1|NM|21612-7^POIDS CORPOREL||52|kg|||||F
OBX|2|NM|8302-2^TAILLE||163|cm|||||F
OBX|3|NM|8480-6^PRESSION ARTERIELLE SYSTOLIQUE||154|mm[Hg]|||||F
OBX|4|NM|8462-4^PRESSION ARTERIELLE DIASTOLIQUE||87|mm[Hg]|||||F
OBX|5|NM|2339-0^GLUCOSE SANGUIN||6.2|mmol/L|3.5-5.7|H|||F
AL1|1||^AMOXICILLINE||URTICAIRE|
AL1|2||^ASPIRINE||OEDEME DE QUINCKE|
AL1|3||^ARACHIDES||CHOC ANAPHYLACTIQUE|
DG1|1|CIM10|I21.0^Infarctus transmural aigu du myocarde, de la paroi antérieure|Infarctus du myocarde||A
DG1|2|CIM10|I10^Hypertension essentielle (primitive)|Hypertension artérielle||C
DG1|3|CIM10|E11.9^Diabète sucré de type 2 sans complication|Diabète de type 2||C
PR1|1|CCAM|DDQH001^Coronarographie|Coronarographie||20240710103015
GT1|1|8291|DUPONT^JEAN^MARC^JR^M||123 RUE PRINCIPALE^^PARIS^^75001^FRA|(01)23456789||19610615|M|P/F|SLF|1234567890123||||
IN1|1|SECURITE SOCIALE|1|CPAM|||||||||||||||||||||||||||||||||||||||||||
2025-07-25 17:55:41 - INFO - respuesta recibida::

MSH|^~\&|IRISHL7|ISC|REGADT|MCM|202507251755||ACK^A01|000001|P|2.5.1|1
MSA|CA|000001



2025-07-25 17:55:41 - INFO - El puerto 2575 en 127.0.0.1 está abierto y accesible.
2025-07-25 17:55:41 - INFO - Mensaje HL7 generado::
MSH|^~\&|REGADT|MCM|IFENG||20250725175541||ADT^A01|000001|P|2.5.1|1||
EVN|A01|199601061000|199601101400|1
PID|||24445670^^^HOPITAL^MRN~FR123456^^^DLNUM^DL|253763|MUNRO^Alice||19310710|M|||77 Rue de Varenne^^PARIS^75^75007^||(01)554437765|(06)098866543|FRENCH|S|C|10199925|1641202898334566
NK1|1|DUPONT^MARIE^|EPOUSE||||ERSONNE A PREVENIR||
PV1|1|H|CARDIO^CHAMBRE201^LIT1||||004777^MARTIN^SOPHIE^DR|||CARDIO|||||ADM|A0|
PV2|||^Chirurgie Programmée||||||||||||||||||||||||||||||||||||||20240712
OBX|1|NM|21612-7^POIDS CORPOREL||52|kg|||||F
OBX|2|NM|8302-2^TAILLE||163|cm|||||F
OBX|3|NM|8480-6^PRESSION ARTERIELLE SYSTOLIQUE||154|mm[Hg]|||||F
OBX|4|NM|8462-4^PRESSION ARTERIELLE DIASTOLIQUE||87|mm[Hg]|||||F
OBX|5|NM|2339-0^GLUCOSE SANGUIN||6.2|mmol/L|3.5-5.7|H|||F
AL1|1||^AMOXICILLINE||URTICAIRE|
AL1|2||^ASPIRINE||OEDEME DE QUINCKE|
AL1|3||^ARACHIDES||CHOC ANAPHYLACTIQUE|
DG1|1|CIM10|I21.0^Infarctus transmural aigu du myocarde, de la paroi antérieure|Infarctus du myocarde||A
DG1|2|CIM10|I10^Hypertension essentielle (primitive)|Hypertension artérielle||C
DG1|3|CIM10|E11.9^Diabète sucré de type 2 sans complication|Diabète de type 2||C
PR1|1|CCAM|DDQH001^Coronarographie|Coronarographie||20240710103015
GT1|1|8291|DUPONT^JEAN^MARC^JR^M||123 RUE PRINCIPALE^^PARIS^^75001^FRA|(01)23456789||19610615|M|P/F|SLF|1234567890123||||
IN1|1|SECURITE SOCIALE|1|CPAM|||||||||||||||||||||||||||||||||||||||||||
2025-07-25 17:55:41 - INFO - respuesta recibida::

MSH|^~\&|IRISHL7|ISC|REGADT|MCM|202507251755||ACK^A01|000001|P|2.5.1|1
MSA|CA|000001



2025-07-25 17:55:41 - INFO - El puerto 2575 en 127.0.0.1 está abierto y accesible.
2025-07-25 17:55:41 - INFO - Mensaje HL7 generado::
MSH|^~\&|REGADT|MCM|IFENG||20250725175541||ADT^A01|000001|P|2.5.1|1||
EVN|A01|199601061000|199601101400|1
PID|||24445670^^^HOPITAL^MRN~FR123456^^^DLNUM^DL|253763|MUNRO^Alice||19310710|M|||77 Rue de Varenne^^PARIS^75^75007^||(01)554437765|(06)098866543|FRENCH|S|C|10199925|1641202898334566
NK1|1|DUPONT^MARIE^|EPOUSE||||ERSONNE A PREVENIR||
PV1|1|H|CARDIO^CHAMBRE201^LIT1||||004777^MARTIN^SOPHIE^DR|||CARDIO|||||ADM|A0|
PV2|||^Chirurgie Programmée||||||||||||||||||||||||||||||||||||||20240712
OBX|1|NM|21612-7^POIDS CORPOREL||52|kg|||||F
OBX|2|NM|8302-2^TAILLE||163|cm|||||F
OBX|3|NM|8480-6^PRESSION ARTERIELLE SYSTOLIQUE||154|mm[Hg]|||||F
OBX|4|NM|8462-4^PRESSION ARTERIELLE DIASTOLIQUE||87|mm[Hg]|||||F
OBX|5|NM|2339-0^GLUCOSE SANGUIN||6.2|mmol/L|3.5-5.7|H|||F
AL1|1||^AMOXICILLINE||URTICAIRE|
AL1|2||^ASPIRINE||OEDEME DE QUINCKE|
AL1|3||^ARACHIDES||CHOC ANAPHYLACTIQUE|
DG1|1|CIM10|I21.0^Infarctus transmural aigu du myocarde, de la paroi antérieure|Infarctus du myocarde||A
DG1|2|CIM10|I10^Hypertension essentielle (primitive)|Hypertension artérielle||C
DG1|3|CIM10|E11.9^Diabète sucré de type 2 sans complication|Diabète de type 2||C
PR1|1|CCAM|DDQH001^Coronarographie|Coronarographie||20240710103015
GT1|1|8291|DUPONT^JEAN^MARC^JR^M||123 RUE PRINCIPALE^^PARIS^^75001^FRA|(01)23456789||19610615|M|P/F|SLF|1234567890123||||
IN1|1|SECURITE SOCIALE|1|CPAM|||||||||||||||||||||||||||||||||||||||||||
2025-07-25 17:55:41 - INFO - respuesta recibida::

MSH|^~\&|IRISHL7|ISC|REGADT|MCM|202507251755||ACK^A01|000001|P|2.5.1|1
MSA|CA|000001



2025-07-25 17:55:41 - INFO - El puerto 2575 en 127.0.0.1 está abierto y accesible.
2025-07-25 17:55:41 - INFO - Mensaje HL7 generado::
MSH|^~\&|REGADT|MCM|IFENG||20250725175541||ADT^A01|000001|P|2.5.1|1||
EVN|A01|199601061000|199601101400|1
PID|||24445670^^^HOPITAL^MRN~FR123456^^^DLNUM^DL|253763|MUNRO^Alice||19310710|M|||77 Rue de Varenne^^PARIS^75^75007^||(01)554437765|(06)098866543|FRENCH|S|C|10199925|1641202898334566
NK1|1|DUPONT^MARIE^|EPOUSE||||ERSONNE A PREVENIR||
PV1|1|H|CARDIO^CHAMBRE201^LIT1||||004777^MARTIN^SOPHIE^DR|||CARDIO|||||ADM|A0|
PV2|||^Chirurgie Programmée||||||||||||||||||||||||||||||||||||||20240712
OBX|1|NM|21612-7^POIDS CORPOREL||52|kg|||||F
OBX|2|NM|8302-2^TAILLE||163|cm|||||F
OBX|3|NM|8480-6^PRESSION ARTERIELLE SYSTOLIQUE||154|mm[Hg]|||||F
OBX|4|NM|8462-4^PRESSION ARTERIELLE DIASTOLIQUE||87|mm[Hg]|||||F
OBX|5|NM|2339-0^GLUCOSE SANGUIN||6.2|mmol/L|3.5-5.7|H|||F
AL1|1||^AMOXICILLINE||URTICAIRE|
AL1|2||^ASPIRINE||OEDEME DE QUINCKE|
AL1|3||^ARACHIDES||CHOC ANAPHYLACTIQUE|
DG1|1|CIM10|I21.0^Infarctus transmural aigu du myocarde, de la paroi antérieure|Infarctus du myocarde||A
DG1|2|CIM10|I10^Hypertension essentielle (primitive)|Hypertension artérielle||C
DG1|3|CIM10|E11.9^Diabète sucré de type 2 sans complication|Diabète de type 2||C
PR1|1|CCAM|DDQH001^Coronarographie|Coronarographie||20240710103015
GT1|1|8291|DUPONT^JEAN^MARC^JR^M||123 RUE PRINCIPALE^^PARIS^^75001^FRA|(01)23456789||19610615|M|P/F|SLF|1234567890123||||
IN1|1|SECURITE SOCIALE|1|CPAM|||||||||||||||||||||||||||||||||||||||||||
2025-07-25 17:55:41 - INFO - respuesta recibida::

MSH|^~\&|IRISHL7|ISC|REGADT|MCM|202507251755||ACK^A01|000001|P|2.5.1|1
MSA|CA|000001



2025-07-25 17:55:42 - INFO - El puerto 2575 en 127.0.0.1 está abierto y accesible.
2025-07-25 17:55:42 - INFO - Mensaje HL7 generado::
MSH|^~\&|REGADT|MCM|IFENG||20250725175542||ADT^A01|000001|P|2.5.1|1||
EVN|A01|199601061000|199601101400|1
PID|||24445670^^^HOPITAL^MRN~FR123456^^^DLNUM^DL|253763|MUNRO^Alice||19310710|M|||77 Rue de Varenne^^PARIS^75^75007^||(01)554437765|(06)098866543|FRENCH|S|C|10199925|1641202898334566
NK1|1|DUPONT^MARIE^|EPOUSE||||ERSONNE A PREVENIR||
PV1|1|H|CARDIO^CHAMBRE201^LIT1||||004777^MARTIN^SOPHIE^DR|||CARDIO|||||ADM|A0|
PV2|||^Chirurgie Programmée||||||||||||||||||||||||||||||||||||||20240712
OBX|1|NM|21612-7^POIDS CORPOREL||52|kg|||||F
OBX|2|NM|8302-2^TAILLE||163|cm|||||F
OBX|3|NM|8480-6^PRESSION ARTERIELLE SYSTOLIQUE||154|mm[Hg]|||||F
OBX|4|NM|8462-4^PRESSION ARTERIELLE DIASTOLIQUE||87|mm[Hg]|||||F
OBX|5|NM|2339-0^GLUCOSE SANGUIN||6.2|mmol/L|3.5-5.7|H|||F
AL1|1||^AMOXICILLINE||URTICAIRE|
AL1|2||^ASPIRINE||OEDEME DE QUINCKE|
AL1|3||^ARACHIDES||CHOC ANAPHYLACTIQUE|
DG1|1|CIM10|I21.0^Infarctus transmural aigu du myocarde, de la paroi antérieure|Infarctus du myocarde||A
DG1|2|CIM10|I10^Hypertension essentielle (primitive)|Hypertension artérielle||C
DG1|3|CIM10|E11.9^Diabète sucré de type 2 sans complication|Diabète de type 2||C
PR1|1|CCAM|DDQH001^Coronarographie|Coronarographie||20240710103015
GT1|1|8291|DUPONT^JEAN^MARC^JR^M||123 RUE PRINCIPALE^^PARIS^^75001^FRA|(01)23456789||19610615|M|P/F|SLF|1234567890123||||
IN1|1|SECURITE SOCIALE|1|CPAM|||||||||||||||||||||||||||||||||||||||||||
2025-07-25 17:55:42 - INFO - respuesta recibida::

MSH|^~\&|IRISHL7|ISC|REGADT|MCM|202507251755||ACK^A01|000001|P|2.5.1|1
MSA|CA|000001



2025-07-25 17:55:42 - INFO - El puerto 2575 en 127.0.0.1 está abierto y accesible.
2025-07-25 17:55:42 - INFO - Mensaje HL7 generado::
MSH|^~\&|REGADT|MCM|IFENG||20250725175542||ADT^A01|000001|P|2.5.1|1||
EVN|A01|199601061000|199601101400|1
PID|||24445670^^^HOPITAL^MRN~FR123456^^^DLNUM^DL|253763|MUNRO^Alice||19310710|M|||77 Rue de Varenne^^PARIS^75^75007^||(01)554437765|(06)098866543|FRENCH|S|C|10199925|1641202898334566
NK1|1|DUPONT^MARIE^|EPOUSE||||ERSONNE A PREVENIR||
PV1|1|H|CARDIO^CHAMBRE201^LIT1||||004777^MARTIN^SOPHIE^DR|||CARDIO|||||ADM|A0|
PV2|||^Chirurgie Programmée||||||||||||||||||||||||||||||||||||||20240712
OBX|1|NM|21612-7^POIDS CORPOREL||52|kg|||||F
OBX|2|NM|8302-2^TAILLE||163|cm|||||F
OBX|3|NM|8480-6^PRESSION ARTERIELLE SYSTOLIQUE||154|mm[Hg]|||||F
OBX|4|NM|8462-4^PRESSION ARTERIELLE DIASTOLIQUE||87|mm[Hg]|||||F
OBX|5|NM|2339-0^GLUCOSE SANGUIN||6.2|mmol/L|3.5-5.7|H|||F
AL1|1||^AMOXICILLINE||URTICAIRE|
AL1|2||^ASPIRINE||OEDEME DE QUINCKE|
AL1|3||^ARACHIDES||CHOC ANAPHYLACTIQUE|
DG1|1|CIM10|I21.0^Infarctus transmural aigu du myocarde, de la paroi antérieure|Infarctus du myocarde||A
DG1|2|CIM10|I10^Hypertension essentielle (primitive)|Hypertension artérielle||C
DG1|3|CIM10|E11.9^Diabète sucré de type 2 sans complication|Diabète de type 2||C
PR1|1|CCAM|DDQH001^Coronarographie|Coronarographie||20240710103015
GT1|1|8291|DUPONT^JEAN^MARC^JR^M||123 RUE PRINCIPALE^^PARIS^^75001^FRA|(01)23456789||19610615|M|P/F|SLF|1234567890123||||
IN1|1|SECURITE SOCIALE|1|CPAM|||||||||||||||||||||||||||||||||||||||||||
2025-07-25 17:55:42 - INFO - respuesta recibida::

MSH|^~\&|IRISHL7|ISC|REGADT|MCM|202507251755||ACK^A01|000001|P|2.5.1|1
MSA|CA|000001



2025-07-25 17:55:42 - INFO - El puerto 2575 en 127.0.0.1 está abierto y accesible.
2025-07-25 17:55:42 - INFO - Mensaje HL7 generado::
MSH|^~\&|REGADT|MCM|IFENG||20250725175542||ADT^A01|000001|P|2.5.1|1||
EVN|A01|199601061000|199601101400|1
PID|||24445670^^^HOPITAL^MRN~FR123456^^^DLNUM^DL|253763|MUNRO^Alice||19310710|M|||77 Rue de Varenne^^PARIS^75^75007^||(01)554437765|(06)098866543|FRENCH|S|C|10199925|1641202898334566
NK1|1|DUPONT^MARIE^|EPOUSE||||ERSONNE A PREVENIR||
PV1|1|H|CARDIO^CHAMBRE201^LIT1||||004777^MARTIN^SOPHIE^DR|||CARDIO|||||ADM|A0|
PV2|||^Chirurgie Programmée||||||||||||||||||||||||||||||||||||||20240712
OBX|1|NM|21612-7^POIDS CORPOREL||52|kg|||||F
OBX|2|NM|8302-2^TAILLE||163|cm|||||F
OBX|3|NM|8480-6^PRESSION ARTERIELLE SYSTOLIQUE||154|mm[Hg]|||||F
OBX|4|NM|8462-4^PRESSION ARTERIELLE DIASTOLIQUE||87|mm[Hg]|||||F
OBX|5|NM|2339-0^GLUCOSE SANGUIN||6.2|mmol/L|3.5-5.7|H|||F
AL1|1||^AMOXICILLINE||URTICAIRE|
AL1|2||^ASPIRINE||OEDEME DE QUINCKE|
AL1|3||^ARACHIDES||CHOC ANAPHYLACTIQUE|
DG1|1|CIM10|I21.0^Infarctus transmural aigu du myocarde, de la paroi antérieure|Infarctus du myocarde||A
DG1|2|CIM10|I10^Hypertension essentielle (primitive)|Hypertension artérielle||C
DG1|3|CIM10|E11.9^Diabète sucré de type 2 sans complication|Diabète de type 2||C
PR1|1|CCAM|DDQH001^Coronarographie|Coronarographie||20240710103015
GT1|1|8291|DUPONT^JEAN^MARC^JR^M||123 RUE PRINCIPALE^^PARIS^^75001^FRA|(01)23456789||19610615|M|P/F|SLF|1234567890123||||
IN1|1|SECURITE SOCIALE|1|CPAM|||||||||||||||||||||||||||||||||||||||||||
2025-07-25 17:55:42 - INFO - respuesta recibida::

MSH|^~\&|IRISHL7|ISC|REGADT|MCM|202507251755||ACK^A01|000001|P|2.5.1|1
MSA|CA|000001



2025-07-25 17:55:43 - INFO - El puerto 2575 en 127.0.0.1 está abierto y accesible.
2025-07-25 17:55:43 - INFO - Mensaje HL7 generado::
MSH|^~\&|REGADT|MCM|IFENG||20250725175542||ADT^A01|000001|P|2.5.1|1||
EVN|A01|199601061000|199601101400|1
PID|||24445670^^^HOPITAL^MRN~FR123456^^^DLNUM^DL|253763|MUNRO^Alice||19310710|M|||77 Rue de Varenne^^PARIS^75^75007^||(01)554437765|(06)098866543|FRENCH|S|C|10199925|1641202898334566
NK1|1|DUPONT^MARIE^|EPOUSE||||ERSONNE A PREVENIR||
PV1|1|H|CARDIO^CHAMBRE201^LIT1||||004777^MARTIN^SOPHIE^DR|||CARDIO|||||ADM|A0|
PV2|||^Chirurgie Programmée||||||||||||||||||||||||||||||||||||||20240712
OBX|1|NM|21612-7^POIDS CORPOREL||52|kg|||||F
OBX|2|NM|8302-2^TAILLE||163|cm|||||F
OBX|3|NM|8480-6^PRESSION ARTERIELLE SYSTOLIQUE||154|mm[Hg]|||||F
OBX|4|NM|8462-4^PRESSION ARTERIELLE DIASTOLIQUE||87|mm[Hg]|||||F
OBX|5|NM|2339-0^GLUCOSE SANGUIN||6.2|mmol/L|3.5-5.7|H|||F
AL1|1||^AMOXICILLINE||URTICAIRE|
AL1|2||^ASPIRINE||OEDEME DE QUINCKE|
AL1|3||^ARACHIDES||CHOC ANAPHYLACTIQUE|
DG1|1|CIM10|I21.0^Infarctus transmural aigu du myocarde, de la paroi antérieure|Infarctus du myocarde||A
DG1|2|CIM10|I10^Hypertension essentielle (primitive)|Hypertension artérielle||C
DG1|3|CIM10|E11.9^Diabète sucré de type 2 sans complication|Diabète de type 2||C
PR1|1|CCAM|DDQH001^Coronarographie|Coronarographie||20240710103015
GT1|1|8291|DUPONT^JEAN^MARC^JR^M||123 RUE PRINCIPALE^^PARIS^^75001^FRA|(01)23456789||19610615|M|P/F|SLF|1234567890123||||
IN1|1|SECURITE SOCIALE|1|CPAM|||||||||||||||||||||||||||||||||||||||||||
2025-07-25 17:55:43 - INFO - respuesta recibida::

MSH|^~\&|IRISHL7|ISC|REGADT|MCM|202507251755||ACK^A01|000001|P|2.5.1|1
MSA|CA|000001



2025-07-25 17:55:43 - INFO - El puerto 2575 en 127.0.0.1 está abierto y accesible.
2025-07-25 17:55:43 - INFO - Mensaje HL7 generado::
MSH|^~\&|REGADT|MCM|IFENG||20250725175543||ADT^A01|000001|P|2.5.1|1||
EVN|A01|199601061000|199601101400|1
PID|||24445670^^^HOPITAL^MRN~FR123456^^^DLNUM^DL|253763|MUNRO^Alice||19310710|M|||77 Rue de Varenne^^PARIS^75^75007^||(01)554437765|(06)098866543|FRENCH|S|C|10199925|1641202898334566
NK1|1|DUPONT^MARIE^|EPOUSE||||ERSONNE A PREVENIR||
PV1|1|H|CARDIO^CHAMBRE201^LIT1||||004777^MARTIN^SOPHIE^DR|||CARDIO|||||ADM|A0|
PV2|||^Chirurgie Programmée||||||||||||||||||||||||||||||||||||||20240712
OBX|1|NM|21612-7^POIDS CORPOREL||52|kg|||||F
OBX|2|NM|8302-2^TAILLE||163|cm|||||F
OBX|3|NM|8480-6^PRESSION ARTERIELLE SYSTOLIQUE||154|mm[Hg]|||||F
OBX|4|NM|8462-4^PRESSION ARTERIELLE DIASTOLIQUE||87|mm[Hg]|||||F
OBX|5|NM|2339-0^GLUCOSE SANGUIN||6.2|mmol/L|3.5-5.7|H|||F
AL1|1||^AMOXICILLINE||URTICAIRE|
AL1|2||^ASPIRINE||OEDEME DE QUINCKE|
AL1|3||^ARACHIDES||CHOC ANAPHYLACTIQUE|
DG1|1|CIM10|I21.0^Infarctus transmural aigu du myocarde, de la paroi antérieure|Infarctus du myocarde||A
DG1|2|CIM10|I10^Hypertension essentielle (primitive)|Hypertension artérielle||C
DG1|3|CIM10|E11.9^Diabète sucré de type 2 sans complication|Diabète de type 2||C
PR1|1|CCAM|DDQH001^Coronarographie|Coronarographie||20240710103015
GT1|1|8291|DUPONT^JEAN^MARC^JR^M||123 RUE PRINCIPALE^^PARIS^^75001^FRA|(01)23456789||19610615|M|P/F|SLF|1234567890123||||
IN1|1|SECURITE SOCIALE|1|CPAM|||||||||||||||||||||||||||||||||||||||||||
2025-07-25 17:55:43 - INFO - respuesta recibida::

MSH|^~\&|IRISHL7|ISC|REGADT|MCM|202507251755||ACK^A01|000001|P|2.5.1|1
MSA|CA|000001



2025-07-25 17:55:43 - INFO - El puerto 2575 en 127.0.0.1 está abierto y accesible.
2025-07-25 17:55:43 - INFO - Mensaje HL7 generado::
MSH|^~\&|REGADT|MCM|IFENG||20250725175543||ADT^A01|000001|P|2.5.1|1||
EVN|A01|199601061000|199601101400|1
PID|||24445670^^^HOPITAL^MRN~FR123456^^^DLNUM^DL|253763|MUNRO^Alice||19310710|M|||77 Rue de Varenne^^PARIS^75^75007^||(01)554437765|(06)098866543|FRENCH|S|C|10199925|1641202898334566
NK1|1|DUPONT^MARIE^|EPOUSE||||ERSONNE A PREVENIR||
PV1|1|H|CARDIO^CHAMBRE201^LIT1||||004777^MARTIN^SOPHIE^DR|||CARDIO|||||ADM|A0|
PV2|||^Chirurgie Programmée||||||||||||||||||||||||||||||||||||||20240712
OBX|1|NM|21612-7^POIDS CORPOREL||52|kg|||||F
OBX|2|NM|8302-2^TAILLE||163|cm|||||F
OBX|3|NM|8480-6^PRESSION ARTERIELLE SYSTOLIQUE||154|mm[Hg]|||||F
OBX|4|NM|8462-4^PRESSION ARTERIELLE DIASTOLIQUE||87|mm[Hg]|||||F
OBX|5|NM|2339-0^GLUCOSE SANGUIN||6.2|mmol/L|3.5-5.7|H|||F
AL1|1||^AMOXICILLINE||URTICAIRE|
AL1|2||^ASPIRINE||OEDEME DE QUINCKE|
AL1|3||^ARACHIDES||CHOC ANAPHYLACTIQUE|
DG1|1|CIM10|I21.0^Infarctus transmural aigu du myocarde, de la paroi antérieure|Infarctus du myocarde||A
DG1|2|CIM10|I10^Hypertension essentielle (primitive)|Hypertension artérielle||C
DG1|3|CIM10|E11.9^Diabète sucré de type 2 sans complication|Diabète de type 2||C
PR1|1|CCAM|DDQH001^Coronarographie|Coronarographie||20240710103015
GT1|1|8291|DUPONT^JEAN^MARC^JR^M||123 RUE PRINCIPALE^^PARIS^^75001^FRA|(01)23456789||19610615|M|P/F|SLF|1234567890123||||
IN1|1|SECURITE SOCIALE|1|CPAM|||||||||||||||||||||||||||||||||||||||||||
2025-07-25 17:55:43 - INFO - respuesta recibida::

MSH|^~\&|IRISHL7|ISC|REGADT|MCM|202507251755||ACK^A01|000001|P|2.5.1|1
MSA|CA|000001



2025-07-25 17:55:43 - INFO - El puerto 2575 en 127.0.0.1 está abierto y accesible.
2025-07-25 17:55:43 - INFO - Mensaje HL7 generado::
MSH|^~\&|REGADT|MCM|IFENG||20250725175543||ADT^A01|000001|P|2.5.1|1||
EVN|A01|199601061000|199601101400|1
PID|||24445670^^^HOPITAL^MRN~FR123456^^^DLNUM^DL|253763|MUNRO^Alice||19310710|M|||77 Rue de Varenne^^PARIS^75^75007^||(01)554437765|(06)098866543|FRENCH|S|C|10199925|1641202898334566
NK1|1|DUPONT^MARIE^|EPOUSE||||ERSONNE A PREVENIR||
PV1|1|H|CARDIO^CHAMBRE201^LIT1||||004777^MARTIN^SOPHIE^DR|||CARDIO|||||ADM|A0|
PV2|||^Chirurgie Programmée||||||||||||||||||||||||||||||||||||||20240712
OBX|1|NM|21612-7^POIDS CORPOREL||52|kg|||||F
OBX|2|NM|8302-2^TAILLE||163|cm|||||F
OBX|3|NM|8480-6^PRESSION ARTERIELLE SYSTOLIQUE||154|mm[Hg]|||||F
OBX|4|NM|8462-4^PRESSION ARTERIELLE DIASTOLIQUE||87|mm[Hg]|||||F
OBX|5|NM|2339-0^GLUCOSE SANGUIN||6.2|mmol/L|3.5-5.7|H|||F
AL1|1||^AMOXICILLINE||URTICAIRE|
AL1|2||^ASPIRINE||OEDEME DE QUINCKE|
AL1|3||^ARACHIDES||CHOC ANAPHYLACTIQUE|
DG1|1|CIM10|I21.0^Infarctus transmural aigu du myocarde, de la paroi antérieure|Infarctus du myocarde||A
DG1|2|CIM10|I10^Hypertension essentielle (primitive)|Hypertension artérielle||C
DG1|3|CIM10|E11.9^Diabète sucré de type 2 sans complication|Diabète de type 2||C
PR1|1|CCAM|DDQH001^Coronarographie|Coronarographie||20240710103015
GT1|1|8291|DUPONT^JEAN^MARC^JR^M||123 RUE PRINCIPALE^^PARIS^^75001^FRA|(01)23456789||19610615|M|P/F|SLF|1234567890123||||
IN1|1|SECURITE SOCIALE|1|CPAM|||||||||||||||||||||||||||||||||||||||||||
2025-07-25 17:55:43 - INFO - respuesta recibida::

MSH|^~\&|IRISHL7|ISC|REGADT|MCM|202507251755||ACK^A01|000001|P|2.5.1|1
MSA|CA|000001



2025-07-25 17:55:43 - INFO - El puerto 2575 en 127.0.0.1 está abierto y accesible.
2025-07-25 17:55:43 - INFO - Mensaje HL7 generado::
MSH|^~\&|REGADT|MCM|IFENG||20250725175543||ADT^A01|000001|P|2.5.1|1||
EVN|A01|199601061000|199601101400|1
PID|||24445670^^^HOPITAL^MRN~FR123456^^^DLNUM^DL|253763|MUNRO^Alice||19310710|M|||77 Rue de Varenne^^PARIS^75^75007^||(01)554437765|(06)098866543|FRENCH|S|C|10199925|1641202898334566
NK1|1|DUPONT^MARIE^|EPOUSE||||ERSONNE A PREVENIR||
PV1|1|H|CARDIO^CHAMBRE201^LIT1||||004777^MARTIN^SOPHIE^DR|||CARDIO|||||ADM|A0|
PV2|||^Chirurgie Programmée||||||||||||||||||||||||||||||||||||||20240712
OBX|1|NM|21612-7^POIDS CORPOREL||52|kg|||||F
OBX|2|NM|8302-2^TAILLE||163|cm|||||F
OBX|3|NM|8480-6^PRESSION ARTERIELLE SYSTOLIQUE||154|mm[Hg]|||||F
OBX|4|NM|8462-4^PRESSION ARTERIELLE DIASTOLIQUE||87|mm[Hg]|||||F
OBX|5|NM|2339-0^GLUCOSE SANGUIN||6.2|mmol/L|3.5-5.7|H|||F
AL1|1||^AMOXICILLINE||URTICAIRE|
AL1|2||^ASPIRINE||OEDEME DE QUINCKE|
AL1|3||^ARACHIDES||CHOC ANAPHYLACTIQUE|
DG1|1|CIM10|I21.0^Infarctus transmural aigu du myocarde, de la paroi antérieure|Infarctus du myocarde||A
DG1|2|CIM10|I10^Hypertension essentielle (primitive)|Hypertension artérielle||C
DG1|3|CIM10|E11.9^Diabète sucré de type 2 sans complication|Diabète de type 2||C
PR1|1|CCAM|DDQH001^Coronarographie|Coronarographie||20240710103015
GT1|1|8291|DUPONT^JEAN^MARC^JR^M||123 RUE PRINCIPALE^^PARIS^^75001^FRA|(01)23456789||19610615|M|P/F|SLF|1234567890123||||
IN1|1|SECURITE SOCIALE|1|CPAM|||||||||||||||||||||||||||||||||||||||||||
2025-07-25 17:55:43 - INFO - respuesta recibida::

MSH|^~\&|IRISHL7|ISC|REGADT|MCM|202507251755||ACK^A01|000001|P|2.5.1|1
MSA|CA|000001



2025-07-25 17:55:43 - INFO - El puerto 2575 en 127.0.0.1 está abierto y accesible.
2025-07-25 17:55:43 - INFO - Mensaje HL7 generado::
MSH|^~\&|REGADT|MCM|IFENG||20250725175543||ADT^A01|000001|P|2.5.1|1||
EVN|A01|199601061000|199601101400|1
PID|||24445670^^^HOPITAL^MRN~FR123456^^^DLNUM^DL|253763|MUNRO^Alice||19310710|M|||77 Rue de Varenne^^PARIS^75^75007^||(01)554437765|(06)098866543|FRENCH|S|C|10199925|1641202898334566
NK1|1|DUPONT^MARIE^|EPOUSE||||ERSONNE A PREVENIR||
PV1|1|H|CARDIO^CHAMBRE201^LIT1||||004777^MARTIN^SOPHIE^DR|||CARDIO|||||ADM|A0|
PV2|||^Chirurgie Programmée||||||||||||||||||||||||||||||||||||||20240712
OBX|1|NM|21612-7^POIDS CORPOREL||52|kg|||||F
OBX|2|NM|8302-2^TAILLE||163|cm|||||F
OBX|3|NM|8480-6^PRESSION ARTERIELLE SYSTOLIQUE||154|mm[Hg]|||||F
OBX|4|NM|8462-4^PRESSION ARTERIELLE DIASTOLIQUE||87|mm[Hg]|||||F
OBX|5|NM|2339-0^GLUCOSE SANGUIN||6.2|mmol/L|3.5-5.7|H|||F
AL1|1||^AMOXICILLINE||URTICAIRE|
AL1|2||^ASPIRINE||OEDEME DE QUINCKE|
AL1|3||^ARACHIDES||CHOC ANAPHYLACTIQUE|
DG1|1|CIM10|I21.0^Infarctus transmural aigu du myocarde, de la paroi antérieure|Infarctus du myocarde||A
DG1|2|CIM10|I10^Hypertension essentielle (primitive)|Hypertension artérielle||C
DG1|3|CIM10|E11.9^Diabète sucré de type 2 sans complication|Diabète de type 2||C
PR1|1|CCAM|DDQH001^Coronarographie|Coronarographie||20240710103015
GT1|1|8291|DUPONT^JEAN^MARC^JR^M||123 RUE PRINCIPALE^^PARIS^^75001^FRA|(01)23456789||19610615|M|P/F|SLF|1234567890123||||
IN1|1|SECURITE SOCIALE|1|CPAM|||||||||||||||||||||||||||||||||||||||||||
2025-07-25 17:55:43 - INFO - respuesta recibida::

MSH|^~\&|IRISHL7|ISC|REGADT|MCM|202507251755||ACK^A01|000001|P|2.5.1|1
MSA|CA|000001



2025-07-25 17:55:44 - INFO - El puerto 2575 en 127.0.0.1 está abierto y accesible.
2025-07-25 17:55:44 - INFO - Mensaje HL7 generado::
MSH|^~\&|REGADT|MCM|IFENG||20250725175544||ADT^A01|000001|P|2.5.1|1||
EVN|A01|199601061000|199601101400|1
PID|||24445670^^^HOPITAL^MRN~FR123456^^^DLNUM^DL|253763|MUNRO^Alice||19310710|M|||77 Rue de Varenne^^PARIS^75^75007^||(01)554437765|(06)098866543|FRENCH|S|C|10199925|1641202898334566
NK1|1|DUPONT^MARIE^|EPOUSE||||ERSONNE A PREVENIR||
PV1|1|H|CARDIO^CHAMBRE201^LIT1||||004777^MARTIN^SOPHIE^DR|||CARDIO|||||ADM|A0|
PV2|||^Chirurgie Programmée||||||||||||||||||||||||||||||||||||||20240712
OBX|1|NM|21612-7^POIDS CORPOREL||52|kg|||||F
OBX|2|NM|8302-2^TAILLE||163|cm|||||F
OBX|3|NM|8480-6^PRESSION ARTERIELLE SYSTOLIQUE||154|mm[Hg]|||||F
OBX|4|NM|8462-4^PRESSION ARTERIELLE DIASTOLIQUE||87|mm[Hg]|||||F
OBX|5|NM|2339-0^GLUCOSE SANGUIN||6.2|mmol/L|3.5-5.7|H|||F
AL1|1||^AMOXICILLINE||URTICAIRE|
AL1|2||^ASPIRINE||OEDEME DE QUINCKE|
AL1|3||^ARACHIDES||CHOC ANAPHYLACTIQUE|
DG1|1|CIM10|I21.0^Infarctus transmural aigu du myocarde, de la paroi antérieure|Infarctus du myocarde||A
DG1|2|CIM10|I10^Hypertension essentielle (primitive)|Hypertension artérielle||C
DG1|3|CIM10|E11.9^Diabète sucré de type 2 sans complication|Diabète de type 2||C
PR1|1|CCAM|DDQH001^Coronarographie|Coronarographie||20240710103015
GT1|1|8291|DUPONT^JEAN^MARC^JR^M||123 RUE PRINCIPALE^^PARIS^^75001^FRA|(01)23456789||19610615|M|P/F|SLF|1234567890123||||
IN1|1|SECURITE SOCIALE|1|CPAM|||||||||||||||||||||||||||||||||||||||||||
2025-07-25 17:55:44 - INFO - respuesta recibida::

MSH|^~\&|IRISHL7|ISC|REGADT|MCM|202507251755||ACK^A01|000001|P|2.5.1|1
MSA|CA|000001



2025-07-25 17:55:51 - INFO - El puerto 2575 en 127.0.0.1 está abierto y accesible.
2025-07-25 17:55:51 - INFO - Mensaje HL7 generado::
MSH|^~\&|REGADT|MCM|IFENG||20250725175551||ADT^A01|000001|P|2.5.1|1||
EVN|A01|199601061000|199601101400|1
PID|||24445670^^^HOPITAL^MRN~FR123456^^^DLNUM^DL|253763|MUNRO^Alice||19310710|M|||77 Rue de Varenne^^PARIS^75^75007^||(01)554437765|(06)098866543|FRENCH|S|C|10199925|1641202898334566
NK1|1|DUPONT^MARIE^|EPOUSE||||ERSONNE A PREVENIR||
PV1|1|H|CARDIO^CHAMBRE201^LIT1||||004777^MARTIN^SOPHIE^DR|||CARDIO|||||ADM|A0|
PV2|||^Chirurgie Programmée||||||||||||||||||||||||||||||||||||||20240712
OBX|1|NM|21612-7^POIDS CORPOREL||52|kg|||||F
OBX|2|NM|8302-2^TAILLE||163|cm|||||F
OBX|3|NM|8480-6^PRESSION ARTERIELLE SYSTOLIQUE||154|mm[Hg]|||||F
OBX|4|NM|8462-4^PRESSION ARTERIELLE DIASTOLIQUE||87|mm[Hg]|||||F
OBX|5|NM|2339-0^GLUCOSE SANGUIN||6.2|mmol/L|3.5-5.7|H|||F
AL1|1||^AMOXICILLINE||URTICAIRE|
AL1|2||^ASPIRINE||OEDEME DE QUINCKE|
AL1|3||^ARACHIDES||CHOC ANAPHYLACTIQUE|
DG1|1|CIM10|I21.0^Infarctus transmural aigu du myocarde, de la paroi antérieure|Infarctus du myocarde||A
DG1|2|CIM10|I10^Hypertension essentielle (primitive)|Hypertension artérielle||C
DG1|3|CIM10|E11.9^Diabète sucré de type 2 sans complication|Diabète de type 2||C
PR1|1|CCAM|DDQH001^Coronarographie|Coronarographie||20240710103015
GT1|1|8291|DUPONT^JEAN^MARC^JR^M||123 RUE PRINCIPALE^^PARIS^^75001^FRA|(01)23456789||19610615|M|P/F|SLF|1234567890123||||
IN1|1|SECURITE SOCIALE|1|CPAM|||||||||||||||||||||||||||||||||||||||||||
2025-07-25 17:55:51 - INFO - respuesta recibida::

MSH|^~\&|IRISHL7|ISC|REGADT|MCM|202507251755||ACK^A01|000001|P|2.5.1|1
MSA|CA|000001



2025-07-25 17:55:52 - INFO - El puerto 2575 en 127.0.0.1 está abierto y accesible.
2025-07-25 17:55:52 - INFO - Mensaje HL7 generado::
MSH|^~\&|REGADT|MCM|IFENG||20250725175552||ADT^A01|000001|P|2.5.1|1||
EVN|A01|199601061000|199601101400|1
PID|||24445670^^^HOPITAL^MRN~FR123456^^^DLNUM^DL|253763|MUNRO^Alice||19310710|M|||77 Rue de Varenne^^PARIS^75^75007^||(01)554437765|(06)098866543|FRENCH|S|C|10199925|1641202898334566
NK1|1|DUPONT^MARIE^|EPOUSE||||ERSONNE A PREVENIR||
PV1|1|H|CARDIO^CHAMBRE201^LIT1||||004777^MARTIN^SOPHIE^DR|||CARDIO|||||ADM|A0|
PV2|||^Chirurgie Programmée||||||||||||||||||||||||||||||||||||||20240712
OBX|1|NM|21612-7^POIDS CORPOREL||52|kg|||||F
OBX|2|NM|8302-2^TAILLE||163|cm|||||F
OBX|3|NM|8480-6^PRESSION ARTERIELLE SYSTOLIQUE||154|mm[Hg]|||||F
OBX|4|NM|8462-4^PRESSION ARTERIELLE DIASTOLIQUE||87|mm[Hg]|||||F
OBX|5|NM|2339-0^GLUCOSE SANGUIN||6.2|mmol/L|3.5-5.7|H|||F
AL1|1||^AMOXICILLINE||URTICAIRE|
AL1|2||^ASPIRINE||OEDEME DE QUINCKE|
AL1|3||^ARACHIDES||CHOC ANAPHYLACTIQUE|
DG1|1|CIM10|I21.0^Infarctus transmural aigu du myocarde, de la paroi antérieure|Infarctus du myocarde||A
DG1|2|CIM10|I10^Hypertension essentielle (primitive)|Hypertension artérielle||C
DG1|3|CIM10|E11.9^Diabète sucré de type 2 sans complication|Diabète de type 2||C
PR1|1|CCAM|DDQH001^Coronarographie|Coronarographie||20240710103015
GT1|1|8291|DUPONT^JEAN^MARC^JR^M||123 RUE PRINCIPALE^^PARIS^^75001^FRA|(01)23456789||19610615|M|P/F|SLF|1234567890123||||
IN1|1|SECURITE SOCIALE|1|CPAM|||||||||||||||||||||||||||||||||||||||||||
2025-07-25 17:55:52 - INFO - respuesta recibida::

MSH|^~\&|IRISHL7|ISC|REGADT|MCM|202507251755||ACK^A01|000001|P|2.5.1|1
MSA|CA|000001



2025-07-25 17:55:52 - INFO - El puerto 2575 en 127.0.0.1 está abierto y accesible.
2025-07-25 17:55:52 - INFO - Mensaje HL7 generado::
MSH|^~\&|REGADT|MCM|IFENG||20250725175552||ADT^A01|000001|P|2.5.1|1||
EVN|A01|199601061000|199601101400|1
PID|||24445670^^^HOPITAL^MRN~FR123456^^^DLNUM^DL|253763|MUNRO^Alice||19310710|M|||77 Rue de Varenne^^PARIS^75^75007^||(01)554437765|(06)098866543|FRENCH|S|C|10199925|1641202898334566
NK1|1|DUPONT^MARIE^|EPOUSE||||ERSONNE A PREVENIR||
PV1|1|H|CARDIO^CHAMBRE201^LIT1||||004777^MARTIN^SOPHIE^DR|||CARDIO|||||ADM|A0|
PV2|||^Chirurgie Programmée||||||||||||||||||||||||||||||||||||||20240712
OBX|1|NM|21612-7^POIDS CORPOREL||52|kg|||||F
OBX|2|NM|8302-2^TAILLE||163|cm|||||F
OBX|3|NM|8480-6^PRESSION ARTERIELLE SYSTOLIQUE||154|mm[Hg]|||||F
OBX|4|NM|8462-4^PRESSION ARTERIELLE DIASTOLIQUE||87|mm[Hg]|||||F
OBX|5|NM|2339-0^GLUCOSE SANGUIN||6.2|mmol/L|3.5-5.7|H|||F
AL1|1||^AMOXICILLINE||URTICAIRE|
AL1|2||^ASPIRINE||OEDEME DE QUINCKE|
AL1|3||^ARACHIDES||CHOC ANAPHYLACTIQUE|
DG1|1|CIM10|I21.0^Infarctus transmural aigu du myocarde, de la paroi antérieure|Infarctus du myocarde||A
DG1|2|CIM10|I10^Hypertension essentielle (primitive)|Hypertension artérielle||C
DG1|3|CIM10|E11.9^Diabète sucré de type 2 sans complication|Diabète de type 2||C
PR1|1|CCAM|DDQH001^Coronarographie|Coronarographie||20240710103015
GT1|1|8291|DUPONT^JEAN^MARC^JR^M||123 RUE PRINCIPALE^^PARIS^^75001^FRA|(01)23456789||19610615|M|P/F|SLF|1234567890123||||
IN1|1|SECURITE SOCIALE|1|CPAM|||||||||||||||||||||||||||||||||||||||||||
2025-07-25 17:55:52 - INFO - respuesta recibida::

MSH|^~\&|IRISHL7|ISC|REGADT|MCM|202507251755||ACK^A01|000001|P|2.5.1|1
MSA|CA|000001



2025-07-25 17:55:52 - INFO - El puerto 2575 en 127.0.0.1 está abierto y accesible.
2025-07-25 17:55:52 - INFO - Mensaje HL7 generado::
MSH|^~\&|REGADT|MCM|IFENG||20250725175552||ADT^A01|000001|P|2.5.1|1||
EVN|A01|199601061000|199601101400|1
PID|||24445670^^^HOPITAL^MRN~FR123456^^^DLNUM^DL|253763|MUNRO^Alice||19310710|M|||77 Rue de Varenne^^PARIS^75^75007^||(01)554437765|(06)098866543|FRENCH|S|C|10199925|1641202898334566
NK1|1|DUPONT^MARIE^|EPOUSE||||ERSONNE A PREVENIR||
PV1|1|H|CARDIO^CHAMBRE201^LIT1||||004777^MARTIN^SOPHIE^DR|||CARDIO|||||ADM|A0|
PV2|||^Chirurgie Programmée||||||||||||||||||||||||||||||||||||||20240712
OBX|1|NM|21612-7^POIDS CORPOREL||52|kg|||||F
OBX|2|NM|8302-2^TAILLE||163|cm|||||F
OBX|3|NM|8480-6^PRESSION ARTERIELLE SYSTOLIQUE||154|mm[Hg]|||||F
OBX|4|NM|8462-4^PRESSION ARTERIELLE DIASTOLIQUE||87|mm[Hg]|||||F
OBX|5|NM|2339-0^GLUCOSE SANGUIN||6.2|mmol/L|3.5-5.7|H|||F
AL1|1||^AMOXICILLINE||URTICAIRE|
AL1|2||^ASPIRINE||OEDEME DE QUINCKE|
AL1|3||^ARACHIDES||CHOC ANAPHYLACTIQUE|
DG1|1|CIM10|I21.0^Infarctus transmural aigu du myocarde, de la paroi antérieure|Infarctus du myocarde||A
DG1|2|CIM10|I10^Hypertension essentielle (primitive)|Hypertension artérielle||C
DG1|3|CIM10|E11.9^Diabète sucré de type 2 sans complication|Diabète de type 2||C
PR1|1|CCAM|DDQH001^Coronarographie|Coronarographie||20240710103015
GT1|1|8291|DUPONT^JEAN^MARC^JR^M||123 RUE PRINCIPALE^^PARIS^^75001^FRA|(01)23456789||19610615|M|P/F|SLF|1234567890123||||
IN1|1|SECURITE SOCIALE|1|CPAM|||||||||||||||||||||||||||||||||||||||||||
2025-07-25 17:55:52 - INFO - respuesta recibida::

MSH|^~\&|IRISHL7|ISC|REGADT|MCM|202507251755||ACK^A01|000001|P|2.5.1|1
MSA|CA|000001



2025-07-25 17:55:54 - INFO - Le port 2575 sur 127.0.0.1 est ouvert et accessible.
2025-07-25 17:55:54 - INFO - Message HL7 généré::
MSH|^~\&|REGADT|MCM|IFENG||20250725175554||ADT^A01|000001|P|2.5.1|1||
EVN|A01|199601061000|199601101400|1
PID|||24445670^^^HOPITAL^MRN~FR123456^^^DLNUM^DL|253763|MUNRO^Alice||19310710|M|||77 Rue de Varenne^^PARIS^75^75007^||(01)554437765|(06)098866543|FRENCH|S|C|10199925|1641202898334566
NK1|1|DUPONT^MARIE^|EPOUSE||||ERSONNE A PREVENIR||
PV1|1|H|CARDIO^CHAMBRE201^LIT1||||004777^MARTIN^SOPHIE^DR|||CARDIO|||||ADM|A0|
PV2|||^Chirurgie Programmée||||||||||||||||||||||||||||||||||||||20240712
OBX|1|NM|21612-7^POIDS CORPOREL||52|kg|||||F
OBX|2|NM|8302-2^TAILLE||163|cm|||||F
OBX|3|NM|8480-6^PRESSION ARTERIELLE SYSTOLIQUE||154|mm[Hg]|||||F
OBX|4|NM|8462-4^PRESSION ARTERIELLE DIASTOLIQUE||87|mm[Hg]|||||F
OBX|5|NM|2339-0^GLUCOSE SANGUIN||6.2|mmol/L|3.5-5.7|H|||F
AL1|1||^AMOXICILLINE||URTICAIRE|
AL1|2||^ASPIRINE||OEDEME DE QUINCKE|
AL1|3||^ARACHIDES||CHOC ANAPHYLACTIQUE|
DG1|1|CIM10|I21.0^Infarctus transmural aigu du myocarde, de la paroi antérieure|Infarctus du myocarde||A
DG1|2|CIM10|I10^Hypertension essentielle (primitive)|Hypertension artérielle||C
DG1|3|CIM10|E11.9^Diabète sucré de type 2 sans complication|Diabète de type 2||C
PR1|1|CCAM|DDQH001^Coronarographie|Coronarographie||20240710103015
GT1|1|8291|DUPONT^JEAN^MARC^JR^M||123 RUE PRINCIPALE^^PARIS^^75001^FRA|(01)23456789||19610615|M|P/F|SLF|1234567890123||||
IN1|1|SECURITE SOCIALE|1|CPAM|||||||||||||||||||||||||||||||||||||||||||
2025-07-25 17:55:54 - INFO - réponse reçue::

MSH|^~\&|IRISHL7|ISC|REGADT|MCM|202507251755||ACK^A01|000001|P|2.5.1|1
MSA|CA|000001



2025-07-25 17:55:55 - INFO - Le port 2575 sur 127.0.0.1 est ouvert et accessible.
2025-07-25 17:55:55 - INFO - Message HL7 généré::
MSH|^~\&|REGADT|MCM|IFENG||20250725175555||ADT^A01|000001|P|2.5.1|1||
EVN|A01|199601061000|199601101400|1
PID|||24445670^^^HOPITAL^MRN~FR123456^^^DLNUM^DL|253763|MUNRO^Alice||19310710|M|||77 Rue de Varenne^^PARIS^75^75007^||(01)554437765|(06)098866543|FRENCH|S|C|10199925|1641202898334566
NK1|1|DUPONT^MARIE^|EPOUSE||||ERSONNE A PREVENIR||
PV1|1|H|CARDIO^CHAMBRE201^LIT1||||004777^MARTIN^SOPHIE^DR|||CARDIO|||||ADM|A0|
PV2|||^Chirurgie Programmée||||||||||||||||||||||||||||||||||||||20240712
OBX|1|NM|21612-7^POIDS CORPOREL||52|kg|||||F
OBX|2|NM|8302-2^TAILLE||163|cm|||||F
OBX|3|NM|8480-6^PRESSION ARTERIELLE SYSTOLIQUE||154|mm[Hg]|||||F
OBX|4|NM|8462-4^PRESSION ARTERIELLE DIASTOLIQUE||87|mm[Hg]|||||F
OBX|5|NM|2339-0^GLUCOSE SANGUIN||6.2|mmol/L|3.5-5.7|H|||F
AL1|1||^AMOXICILLINE||URTICAIRE|
AL1|2||^ASPIRINE||OEDEME DE QUINCKE|
AL1|3||^ARACHIDES||CHOC ANAPHYLACTIQUE|
DG1|1|CIM10|I21.0^Infarctus transmural aigu du myocarde, de la paroi antérieure|Infarctus du myocarde||A
DG1|2|CIM10|I10^Hypertension essentielle (primitive)|Hypertension artérielle||C
DG1|3|CIM10|E11.9^Diabète sucré de type 2 sans complication|Diabète de type 2||C
PR1|1|CCAM|DDQH001^Coronarographie|Coronarographie||20240710103015
GT1|1|8291|DUPONT^JEAN^MARC^JR^M||123 RUE PRINCIPALE^^PARIS^^75001^FRA|(01)23456789||19610615|M|P/F|SLF|1234567890123||||
IN1|1|SECURITE SOCIALE|1|CPAM|||||||||||||||||||||||||||||||||||||||||||
2025-07-25 17:55:55 - INFO - réponse reçue::

MSH|^~\&|IRISHL7|ISC|REGADT|MCM|202507251755||ACK^A01|000001|P|2.5.1|1
MSA|CA|000001



2025-07-25 17:55:55 - INFO - Le port 2575 sur 127.0.0.1 est ouvert et accessible.
2025-07-25 17:55:55 - INFO - Message HL7 généré::
MSH|^~\&|REGADT|MCM|IFENG||20250725175555||ADT^A01|000001|P|2.5.1|1||
EVN|A01|199601061000|199601101400|1
PID|||24445670^^^HOPITAL^MRN~FR123456^^^DLNUM^DL|253763|MUNRO^Alice||19310710|M|||77 Rue de Varenne^^PARIS^75^75007^||(01)554437765|(06)098866543|FRENCH|S|C|10199925|1641202898334566
NK1|1|DUPONT^MARIE^|EPOUSE||||ERSONNE A PREVENIR||
PV1|1|H|CARDIO^CHAMBRE201^LIT1||||004777^MARTIN^SOPHIE^DR|||CARDIO|||||ADM|A0|
PV2|||^Chirurgie Programmée||||||||||||||||||||||||||||||||||||||20240712
OBX|1|NM|21612-7^POIDS CORPOREL||52|kg|||||F
OBX|2|NM|8302-2^TAILLE||163|cm|||||F
OBX|3|NM|8480-6^PRESSION ARTERIELLE SYSTOLIQUE||154|mm[Hg]|||||F
OBX|4|NM|8462-4^PRESSION ARTERIELLE DIASTOLIQUE||87|mm[Hg]|||||F
OBX|5|NM|2339-0^GLUCOSE SANGUIN||6.2|mmol/L|3.5-5.7|H|||F
AL1|1||^AMOXICILLINE||URTICAIRE|
AL1|2||^ASPIRINE||OEDEME DE QUINCKE|
AL1|3||^ARACHIDES||CHOC ANAPHYLACTIQUE|
DG1|1|CIM10|I21.0^Infarctus transmural aigu du myocarde, de la paroi antérieure|Infarctus du myocarde||A
DG1|2|CIM10|I10^Hypertension essentielle (primitive)|Hypertension artérielle||C
DG1|3|CIM10|E11.9^Diabète sucré de type 2 sans complication|Diabète de type 2||C
PR1|1|CCAM|DDQH001^Coronarographie|Coronarographie||20240710103015
GT1|1|8291|DUPONT^JEAN^MARC^JR^M||123 RUE PRINCIPALE^^PARIS^^75001^FRA|(01)23456789||19610615|M|P/F|SLF|1234567890123||||
IN1|1|SECURITE SOCIALE|1|CPAM|||||||||||||||||||||||||||||||||||||||||||
2025-07-25 17:55:55 - INFO - réponse reçue::

MSH|^~\&|IRISHL7|ISC|REGADT|MCM|202507251755||ACK^A01|000001|P|2.5.1|1
MSA|CA|000001



2025-07-25 17:55:57 - INFO - Port 2575 on 127.0.0.1 is open and accessible.
2025-07-25 17:55:57 - INFO - HL7 message generated::
MSH|^~\&|REGADT|MCM|IFENG||20250725175557||ADT^A01|000001|P|2.5.1|1||
EVN|A01|199601061000|199601101400|1
PID|||24445670^^^HOPITAL^MRN~FR123456^^^DLNUM^DL|253763|MUNRO^Alice||19310710|M|||77 Rue de Varenne^^PARIS^75^75007^||(01)554437765|(06)098866543|FRENCH|S|C|10199925|1641202898334566
NK1|1|DUPONT^MARIE^|EPOUSE||||ERSONNE A PREVENIR||
PV1|1|H|CARDIO^CHAMBRE201^LIT1||||004777^MARTIN^SOPHIE^DR|||CARDIO|||||ADM|A0|
PV2|||^Chirurgie Programmée||||||||||||||||||||||||||||||||||||||20240712
OBX|1|NM|21612-7^POIDS CORPOREL||52|kg|||||F
OBX|2|NM|8302-2^TAILLE||163|cm|||||F
OBX|3|NM|8480-6^PRESSION ARTERIELLE SYSTOLIQUE||154|mm[Hg]|||||F
OBX|4|NM|8462-4^PRESSION ARTERIELLE DIASTOLIQUE||87|mm[Hg]|||||F
OBX|5|NM|2339-0^GLUCOSE SANGUIN||6.2|mmol/L|3.5-5.7|H|||F
AL1|1||^AMOXICILLINE||URTICAIRE|
AL1|2||^ASPIRINE||OEDEME DE QUINCKE|
AL1|3||^ARACHIDES||CHOC ANAPHYLACTIQUE|
DG1|1|CIM10|I21.0^Infarctus transmural aigu du myocarde, de la paroi antérieure|Infarctus du myocarde||A
DG1|2|CIM10|I10^Hypertension essentielle (primitive)|Hypertension artérielle||C
DG1|3|CIM10|E11.9^Diabète sucré de type 2 sans complication|Diabète de type 2||C
PR1|1|CCAM|DDQH001^Coronarographie|Coronarographie||20240710103015
GT1|1|8291|DUPONT^JEAN^MARC^JR^M||123 RUE PRINCIPALE^^PARIS^^75001^FRA|(01)23456789||19610615|M|P/F|SLF|1234567890123||||
IN1|1|SECURITE SOCIALE|1|CPAM|||||||||||||||||||||||||||||||||||||||||||
2025-07-25 17:55:57 - INFO - response received::

MSH|^~\&|IRISHL7|ISC|REGADT|MCM|202507251755||ACK^A01|000001|P|2.5.1|1
MSA|CA|000001



2025-07-25 17:55:57 - INFO - Port 2575 on 127.0.0.1 is open and accessible.
2025-07-25 17:55:57 - INFO - HL7 message generated::
MSH|^~\&|REGADT|MCM|IFENG||20250725175557||ADT^A01|000001|P|2.5.1|1||
EVN|A01|199601061000|199601101400|1
PID|||24445670^^^HOPITAL^MRN~FR123456^^^DLNUM^DL|253763|MUNRO^Alice||19310710|M|||77 Rue de Varenne^^PARIS^75^75007^||(01)554437765|(06)098866543|FRENCH|S|C|10199925|1641202898334566
NK1|1|DUPONT^MARIE^|EPOUSE||||ERSONNE A PREVENIR||
PV1|1|H|CARDIO^CHAMBRE201^LIT1||||004777^MARTIN^SOPHIE^DR|||CARDIO|||||ADM|A0|
PV2|||^Chirurgie Programmée||||||||||||||||||||||||||||||||||||||20240712
OBX|1|NM|21612-7^POIDS CORPOREL||52|kg|||||F
OBX|2|NM|8302-2^TAILLE||163|cm|||||F
OBX|3|NM|8480-6^PRESSION ARTERIELLE SYSTOLIQUE||154|mm[Hg]|||||F
OBX|4|NM|8462-4^PRESSION ARTERIELLE DIASTOLIQUE||87|mm[Hg]|||||F
OBX|5|NM|2339-0^GLUCOSE SANGUIN||6.2|mmol/L|3.5-5.7|H|||F
AL1|1||^AMOXICILLINE||URTICAIRE|
AL1|2||^ASPIRINE||OEDEME DE QUINCKE|
AL1|3||^ARACHIDES||CHOC ANAPHYLACTIQUE|
DG1|1|CIM10|I21.0^Infarctus transmural aigu du myocarde, de la paroi antérieure|Infarctus du myocarde||A
DG1|2|CIM10|I10^Hypertension essentielle (primitive)|Hypertension artérielle||C
DG1|3|CIM10|E11.9^Diabète sucré de type 2 sans complication|Diabète de type 2||C
PR1|1|CCAM|DDQH001^Coronarographie|Coronarographie||20240710103015
GT1|1|8291|DUPONT^JEAN^MARC^JR^M||123 RUE PRINCIPALE^^PARIS^^75001^FRA|(01)23456789||19610615|M|P/F|SLF|1234567890123||||
IN1|1|SECURITE SOCIALE|1|CPAM|||||||||||||||||||||||||||||||||||||||||||
2025-07-25 17:55:57 - INFO - response received::

MSH|^~\&|IRISHL7|ISC|REGADT|MCM|202507251755||ACK^A01|000001|P|2.5.1|1
MSA|CA|000001



2025-07-25 17:55:58 - INFO - Port 2575 on 127.0.0.1 is open and accessible.
2025-07-25 17:55:58 - INFO - HL7 message generated::
MSH|^~\&|REGADT|MCM|IFENG||20250725175558||ADT^A01|000001|P|2.5.1|1||
EVN|A01|199601061000|199601101400|1
PID|||24445670^^^HOPITAL^MRN~FR123456^^^DLNUM^DL|253763|MUNRO^Alice||19310710|M|||77 Rue de Varenne^^PARIS^75^75007^||(01)554437765|(06)098866543|FRENCH|S|C|10199925|1641202898334566
NK1|1|DUPONT^MARIE^|EPOUSE||||ERSONNE A PREVENIR||
PV1|1|H|CARDIO^CHAMBRE201^LIT1||||004777^MARTIN^SOPHIE^DR|||CARDIO|||||ADM|A0|
PV2|||^Chirurgie Programmée||||||||||||||||||||||||||||||||||||||20240712
OBX|1|NM|21612-7^POIDS CORPOREL||52|kg|||||F
OBX|2|NM|8302-2^TAILLE||163|cm|||||F
OBX|3|NM|8480-6^PRESSION ARTERIELLE SYSTOLIQUE||154|mm[Hg]|||||F
OBX|4|NM|8462-4^PRESSION ARTERIELLE DIASTOLIQUE||87|mm[Hg]|||||F
OBX|5|NM|2339-0^GLUCOSE SANGUIN||6.2|mmol/L|3.5-5.7|H|||F
AL1|1||^AMOXICILLINE||URTICAIRE|
AL1|2||^ASPIRINE||OEDEME DE QUINCKE|
AL1|3||^ARACHIDES||CHOC ANAPHYLACTIQUE|
DG1|1|CIM10|I21.0^Infarctus transmural aigu du myocarde, de la paroi antérieure|Infarctus du myocarde||A
DG1|2|CIM10|I10^Hypertension essentielle (primitive)|Hypertension artérielle||C
DG1|3|CIM10|E11.9^Diabète sucré de type 2 sans complication|Diabète de type 2||C
PR1|1|CCAM|DDQH001^Coronarographie|Coronarographie||20240710103015
GT1|1|8291|DUPONT^JEAN^MARC^JR^M||123 RUE PRINCIPALE^^PARIS^^75001^FRA|(01)23456789||19610615|M|P/F|SLF|1234567890123||||
IN1|1|SECURITE SOCIALE|1|CPAM|||||||||||||||||||||||||||||||||||||||||||
2025-07-25 17:55:58 - INFO - response received::

MSH|^~\&|IRISHL7|ISC|REGADT|MCM|202507251755||ACK^A01|000001|P|2.5.1|1
MSA|CA|000001



2025-07-25 17:56:00 - INFO - El puerto 2575 en 127.0.0.1 está abierto y accesible.
2025-07-25 17:56:00 - INFO - Mensaje HL7 generado::
MSH|^~\&|REGADT|MCM|IFENG||20250725175600||ADT^A01|000001|P|2.5.1|1||
EVN|A01|199601061000|199601101400|1
PID|||24445670^^^HOPITAL^MRN~FR123456^^^DLNUM^DL|253763|MUNRO^Alice||19310710|M|||77 Rue de Varenne^^PARIS^75^75007^||(01)554437765|(06)098866543|FRENCH|S|C|10199925|1641202898334566
NK1|1|DUPONT^MARIE^|EPOUSE||||ERSONNE A PREVENIR||
PV1|1|H|CARDIO^CHAMBRE201^LIT1||||004777^MARTIN^SOPHIE^DR|||CARDIO|||||ADM|A0|
PV2|||^Chirurgie Programmée||||||||||||||||||||||||||||||||||||||20240712
OBX|1|NM|21612-7^POIDS CORPOREL||52|kg|||||F
OBX|2|NM|8302-2^TAILLE||163|cm|||||F
OBX|3|NM|8480-6^PRESSION ARTERIELLE SYSTOLIQUE||154|mm[Hg]|||||F
OBX|4|NM|8462-4^PRESSION ARTERIELLE DIASTOLIQUE||87|mm[Hg]|||||F
OBX|5|NM|2339-0^GLUCOSE SANGUIN||6.2|mmol/L|3.5-5.7|H|||F
AL1|1||^AMOXICILLINE||URTICAIRE|
AL1|2||^ASPIRINE||OEDEME DE QUINCKE|
AL1|3||^ARACHIDES||CHOC ANAPHYLACTIQUE|
DG1|1|CIM10|I21.0^Infarctus transmural aigu du myocarde, de la paroi antérieure|Infarctus du myocarde||A
DG1|2|CIM10|I10^Hypertension essentielle (primitive)|Hypertension artérielle||C
DG1|3|CIM10|E11.9^Diabète sucré de type 2 sans complication|Diabète de type 2||C
PR1|1|CCAM|DDQH001^Coronarographie|Coronarographie||20240710103015
GT1|1|8291|DUPONT^JEAN^MARC^JR^M||123 RUE PRINCIPALE^^PARIS^^75001^FRA|(01)23456789||19610615|M|P/F|SLF|1234567890123||||
IN1|1|SECURITE SOCIALE|1|CPAM|||||||||||||||||||||||||||||||||||||||||||
2025-07-25 17:56:00 - INFO - respuesta recibida::

MSH|^~\&|IRISHL7|ISC|REGADT|MCM|202507251756||ACK^A01|000001|P|2.5.1|1
MSA|CA|000001



2025-07-25 17:56:00 - INFO - El puerto 2575 en 127.0.0.1 está abierto y accesible.
2025-07-25 17:56:00 - INFO - Mensaje HL7 generado::
MSH|^~\&|REGADT|MCM|IFENG||20250725175600||ADT^A01|000001|P|2.5.1|1||
EVN|A01|199601061000|199601101400|1
PID|||24445670^^^HOPITAL^MRN~FR123456^^^DLNUM^DL|253763|MUNRO^Alice||19310710|M|||77 Rue de Varenne^^PARIS^75^75007^||(01)554437765|(06)098866543|FRENCH|S|C|10199925|1641202898334566
NK1|1|DUPONT^MARIE^|EPOUSE||||ERSONNE A PREVENIR||
PV1|1|H|CARDIO^CHAMBRE201^LIT1||||004777^MARTIN^SOPHIE^DR|||CARDIO|||||ADM|A0|
PV2|||^Chirurgie Programmée||||||||||||||||||||||||||||||||||||||20240712
OBX|1|NM|21612-7^POIDS CORPOREL||52|kg|||||F
OBX|2|NM|8302-2^TAILLE||163|cm|||||F
OBX|3|NM|8480-6^PRESSION ARTERIELLE SYSTOLIQUE||154|mm[Hg]|||||F
OBX|4|NM|8462-4^PRESSION ARTERIELLE DIASTOLIQUE||87|mm[Hg]|||||F
OBX|5|NM|2339-0^GLUCOSE SANGUIN||6.2|mmol/L|3.5-5.7|H|||F
AL1|1||^AMOXICILLINE||URTICAIRE|
AL1|2||^ASPIRINE||OEDEME DE QUINCKE|
AL1|3||^ARACHIDES||CHOC ANAPHYLACTIQUE|
DG1|1|CIM10|I21.0^Infarctus transmural aigu du myocarde, de la paroi antérieure|Infarctus du myocarde||A
DG1|2|CIM10|I10^Hypertension essentielle (primitive)|Hypertension artérielle||C
DG1|3|CIM10|E11.9^Diabète sucré de type 2 sans complication|Diabète de type 2||C
PR1|1|CCAM|DDQH001^Coronarographie|Coronarographie||20240710103015
GT1|1|8291|DUPONT^JEAN^MARC^JR^M||123 RUE PRINCIPALE^^PARIS^^75001^FRA|(01)23456789||19610615|M|P/F|SLF|1234567890123||||
IN1|1|SECURITE SOCIALE|1|CPAM|||||||||||||||||||||||||||||||||||||||||||
2025-07-25 17:56:00 - INFO - respuesta recibida::

MSH|^~\&|IRISHL7|ISC|REGADT|MCM|202507251756||ACK^A01|000001|P|2.5.1|1
MSA|CA|000001



2025-07-25 17:56:00 - INFO - El puerto 2575 en 127.0.0.1 está abierto y accesible.
2025-07-25 17:56:00 - INFO - Mensaje HL7 generado::
MSH|^~\&|REGADT|MCM|IFENG||20250725175600||ADT^A01|000001|P|2.5.1|1||
EVN|A01|199601061000|199601101400|1
PID|||24445670^^^HOPITAL^MRN~FR123456^^^DLNUM^DL|253763|MUNRO^Alice||19310710|M|||77 Rue de Varenne^^PARIS^75^75007^||(01)554437765|(06)098866543|FRENCH|S|C|10199925|1641202898334566
NK1|1|DUPONT^MARIE^|EPOUSE||||ERSONNE A PREVENIR||
PV1|1|H|CARDIO^CHAMBRE201^LIT1||||004777^MARTIN^SOPHIE^DR|||CARDIO|||||ADM|A0|
PV2|||^Chirurgie Programmée||||||||||||||||||||||||||||||||||||||20240712
OBX|1|NM|21612-7^POIDS CORPOREL||52|kg|||||F
OBX|2|NM|8302-2^TAILLE||163|cm|||||F
OBX|3|NM|8480-6^PRESSION ARTERIELLE SYSTOLIQUE||154|mm[Hg]|||||F
OBX|4|NM|8462-4^PRESSION ARTERIELLE DIASTOLIQUE||87|mm[Hg]|||||F
OBX|5|NM|2339-0^GLUCOSE SANGUIN||6.2|mmol/L|3.5-5.7|H|||F
AL1|1||^AMOXICILLINE||URTICAIRE|
AL1|2||^ASPIRINE||OEDEME DE QUINCKE|
AL1|3||^ARACHIDES||CHOC ANAPHYLACTIQUE|
DG1|1|CIM10|I21.0^Infarctus transmural aigu du myocarde, de la paroi antérieure|Infarctus du myocarde||A
DG1|2|CIM10|I10^Hypertension essentielle (primitive)|Hypertension artérielle||C
DG1|3|CIM10|E11.9^Diabète sucré de type 2 sans complication|Diabète de type 2||C
PR1|1|CCAM|DDQH001^Coronarographie|Coronarographie||20240710103015
GT1|1|8291|DUPONT^JEAN^MARC^JR^M||123 RUE PRINCIPALE^^PARIS^^75001^FRA|(01)23456789||19610615|M|P/F|SLF|1234567890123||||
IN1|1|SECURITE SOCIALE|1|CPAM|||||||||||||||||||||||||||||||||||||||||||
2025-07-25 17:56:00 - INFO - respuesta recibida::

MSH|^~\&|IRISHL7|ISC|REGADT|MCM|202507251756||ACK^A01|000001|P|2.5.1|1
MSA|CA|000001



2025-07-25 17:56:00 - INFO - El puerto 2575 en 127.0.0.1 está abierto y accesible.
2025-07-25 17:56:00 - INFO - Mensaje HL7 generado::
MSH|^~\&|REGADT|MCM|IFENG||20250725175600||ADT^A01|000001|P|2.5.1|1||
EVN|A01|199601061000|199601101400|1
PID|||24445670^^^HOPITAL^MRN~FR123456^^^DLNUM^DL|253763|MUNRO^Alice||19310710|M|||77 Rue de Varenne^^PARIS^75^75007^||(01)554437765|(06)098866543|FRENCH|S|C|10199925|1641202898334566
NK1|1|DUPONT^MARIE^|EPOUSE||||ERSONNE A PREVENIR||
PV1|1|H|CARDIO^CHAMBRE201^LIT1||||004777^MARTIN^SOPHIE^DR|||CARDIO|||||ADM|A0|
PV2|||^Chirurgie Programmée||||||||||||||||||||||||||||||||||||||20240712
OBX|1|NM|21612-7^POIDS CORPOREL||52|kg|||||F
OBX|2|NM|8302-2^TAILLE||163|cm|||||F
OBX|3|NM|8480-6^PRESSION ARTERIELLE SYSTOLIQUE||154|mm[Hg]|||||F
OBX|4|NM|8462-4^PRESSION ARTERIELLE DIASTOLIQUE||87|mm[Hg]|||||F
OBX|5|NM|2339-0^GLUCOSE SANGUIN||6.2|mmol/L|3.5-5.7|H|||F
AL1|1||^AMOXICILLINE||URTICAIRE|
AL1|2||^ASPIRINE||OEDEME DE QUINCKE|
AL1|3||^ARACHIDES||CHOC ANAPHYLACTIQUE|
DG1|1|CIM10|I21.0^Infarctus transmural aigu du myocarde, de la paroi antérieure|Infarctus du myocarde||A
DG1|2|CIM10|I10^Hypertension essentielle (primitive)|Hypertension artérielle||C
DG1|3|CIM10|E11.9^Diabète sucré de type 2 sans complication|Diabète de type 2||C
PR1|1|CCAM|DDQH001^Coronarographie|Coronarographie||20240710103015
GT1|1|8291|DUPONT^JEAN^MARC^JR^M||123 RUE PRINCIPALE^^PARIS^^75001^FRA|(01)23456789||19610615|M|P/F|SLF|1234567890123||||
IN1|1|SECURITE SOCIALE|1|CPAM|||||||||||||||||||||||||||||||||||||||||||
2025-07-25 17:56:00 - INFO - respuesta recibida::

MSH|^~\&|IRISHL7|ISC|REGADT|MCM|202507251756||ACK^A01|000001|P|2.5.1|1
MSA|CA|000001



2025-07-25 17:56:03 - INFO - Le port 2575 sur 127.0.0.1 est ouvert et accessible.
2025-07-25 17:56:03 - INFO - Message HL7 généré::
MSH|^~\&|REGADT|MCM|IFENG||20250725175603||ADT^A01|000001|P|2.5.1|1||
EVN|A01|199601061000|199601101400|1
PID|||24445670^^^HOPITAL^MRN~FR123456^^^DLNUM^DL|253763|MUNRO^Alice||19310710|M|||77 Rue de Varenne^^PARIS^75^75007^||(01)554437765|(06)098866543|FRENCH|S|C|10199925|1641202898334566
NK1|1|DUPONT^MARIE^|EPOUSE||||ERSONNE A PREVENIR||
PV1|1|H|CARDIO^CHAMBRE201^LIT1||||004777^MARTIN^SOPHIE^DR|||CARDIO|||||ADM|A0|
PV2|||^Chirurgie Programmée||||||||||||||||||||||||||||||||||||||20240712
OBX|1|NM|21612-7^POIDS CORPOREL||52|kg|||||F
OBX|2|NM|8302-2^TAILLE||163|cm|||||F
OBX|3|NM|8480-6^PRESSION ARTERIELLE SYSTOLIQUE||154|mm[Hg]|||||F
OBX|4|NM|8462-4^PRESSION ARTERIELLE DIASTOLIQUE||87|mm[Hg]|||||F
OBX|5|NM|2339-0^GLUCOSE SANGUIN||6.2|mmol/L|3.5-5.7|H|||F
AL1|1||^AMOXICILLINE||URTICAIRE|
AL1|2||^ASPIRINE||OEDEME DE QUINCKE|
AL1|3||^ARACHIDES||CHOC ANAPHYLACTIQUE|
DG1|1|CIM10|I21.0^Infarctus transmural aigu du myocarde, de la paroi antérieure|Infarctus du myocarde||A
DG1|2|CIM10|I10^Hypertension essentielle (primitive)|Hypertension artérielle||C
DG1|3|CIM10|E11.9^Diabète sucré de type 2 sans complication|Diabète de type 2||C
PR1|1|CCAM|DDQH001^Coronarographie|Coronarographie||20240710103015
GT1|1|8291|DUPONT^JEAN^MARC^JR^M||123 RUE PRINCIPALE^^PARIS^^75001^FRA|(01)23456789||19610615|M|P/F|SLF|1234567890123||||
IN1|1|SECURITE SOCIALE|1|CPAM|||||||||||||||||||||||||||||||||||||||||||
2025-07-25 17:56:03 - INFO - réponse reçue::

MSH|^~\&|IRISHL7|ISC|REGADT|MCM|202507251756||ACK^A01|000001|P|2.5.1|1
MSA|CA|000001



2025-07-25 17:56:03 - INFO - Le port 2575 sur 127.0.0.1 est ouvert et accessible.
2025-07-25 17:56:03 - INFO - Message HL7 généré::
MSH|^~\&|REGADT|MCM|IFENG||20250725175603||ADT^A01|000001|P|2.5.1|1||
EVN|A01|199601061000|199601101400|1
PID|||24445670^^^HOPITAL^MRN~FR123456^^^DLNUM^DL|253763|MUNRO^Alice||19310710|M|||77 Rue de Varenne^^PARIS^75^75007^||(01)554437765|(06)098866543|FRENCH|S|C|10199925|1641202898334566
NK1|1|DUPONT^MARIE^|EPOUSE||||ERSONNE A PREVENIR||
PV1|1|H|CARDIO^CHAMBRE201^LIT1||||004777^MARTIN^SOPHIE^DR|||CARDIO|||||ADM|A0|
PV2|||^Chirurgie Programmée||||||||||||||||||||||||||||||||||||||20240712
OBX|1|NM|21612-7^POIDS CORPOREL||52|kg|||||F
OBX|2|NM|8302-2^TAILLE||163|cm|||||F
OBX|3|NM|8480-6^PRESSION ARTERIELLE SYSTOLIQUE||154|mm[Hg]|||||F
OBX|4|NM|8462-4^PRESSION ARTERIELLE DIASTOLIQUE||87|mm[Hg]|||||F
OBX|5|NM|2339-0^GLUCOSE SANGUIN||6.2|mmol/L|3.5-5.7|H|||F
AL1|1||^AMOXICILLINE||URTICAIRE|
AL1|2||^ASPIRINE||OEDEME DE QUINCKE|
AL1|3||^ARACHIDES||CHOC ANAPHYLACTIQUE|
DG1|1|CIM10|I21.0^Infarctus transmural aigu du myocarde, de la paroi antérieure|Infarctus du myocarde||A
DG1|2|CIM10|I10^Hypertension essentielle (primitive)|Hypertension artérielle||C
DG1|3|CIM10|E11.9^Diabète sucré de type 2 sans complication|Diabète de type 2||C
PR1|1|CCAM|DDQH001^Coronarographie|Coronarographie||20240710103015
GT1|1|8291|DUPONT^JEAN^MARC^JR^M||123 RUE PRINCIPALE^^PARIS^^75001^FRA|(01)23456789||19610615|M|P/F|SLF|1234567890123||||
IN1|1|SECURITE SOCIALE|1|CPAM|||||||||||||||||||||||||||||||||||||||||||
2025-07-25 17:56:03 - INFO - réponse reçue::

MSH|^~\&|IRISHL7|ISC|REGADT|MCM|202507251756||ACK^A01|000001|P|2.5.1|1
MSA|CA|000001



2025-07-25 17:56:03 - INFO - Le port 2575 sur 127.0.0.1 est ouvert et accessible.
2025-07-25 17:56:03 - INFO - Message HL7 généré::
MSH|^~\&|REGADT|MCM|IFENG||20250725175603||ADT^A01|000001|P|2.5.1|1||
EVN|A01|199601061000|199601101400|1
PID|||24445670^^^HOPITAL^MRN~FR123456^^^DLNUM^DL|253763|MUNRO^Alice||19310710|M|||77 Rue de Varenne^^PARIS^75^75007^||(01)554437765|(06)098866543|FRENCH|S|C|10199925|1641202898334566
NK1|1|DUPONT^MARIE^|EPOUSE||||ERSONNE A PREVENIR||
PV1|1|H|CARDIO^CHAMBRE201^LIT1||||004777^MARTIN^SOPHIE^DR|||CARDIO|||||ADM|A0|
PV2|||^Chirurgie Programmée||||||||||||||||||||||||||||||||||||||20240712
OBX|1|NM|21612-7^POIDS CORPOREL||52|kg|||||F
OBX|2|NM|8302-2^TAILLE||163|cm|||||F
OBX|3|NM|8480-6^PRESSION ARTERIELLE SYSTOLIQUE||154|mm[Hg]|||||F
OBX|4|NM|8462-4^PRESSION ARTERIELLE DIASTOLIQUE||87|mm[Hg]|||||F
OBX|5|NM|2339-0^GLUCOSE SANGUIN||6.2|mmol/L|3.5-5.7|H|||F
AL1|1||^AMOXICILLINE||URTICAIRE|
AL1|2||^ASPIRINE||OEDEME DE QUINCKE|
AL1|3||^ARACHIDES||CHOC ANAPHYLACTIQUE|
DG1|1|CIM10|I21.0^Infarctus transmural aigu du myocarde, de la paroi antérieure|Infarctus du myocarde||A
DG1|2|CIM10|I10^Hypertension essentielle (primitive)|Hypertension artérielle||C
DG1|3|CIM10|E11.9^Diabète sucré de type 2 sans complication|Diabète de type 2||C
PR1|1|CCAM|DDQH001^Coronarographie|Coronarographie||20240710103015
GT1|1|8291|DUPONT^JEAN^MARC^JR^M||123 RUE PRINCIPALE^^PARIS^^75001^FRA|(01)23456789||19610615|M|P/F|SLF|1234567890123||||
IN1|1|SECURITE SOCIALE|1|CPAM|||||||||||||||||||||||||||||||||||||||||||
2025-07-25 17:56:03 - INFO - réponse reçue::

MSH|^~\&|IRISHL7|ISC|REGADT|MCM|202507251756||ACK^A01|000001|P|2.5.1|1
MSA|CA|000001



2025-07-25 17:56:07 - INFO - Le port 2575 sur 127.0.0.1 est ouvert et accessible.
2025-07-25 17:56:07 - INFO - Message HL7 généré::
MSH|^~\&|REGADT|MCM|IFENG||20250725175607||ADT^A01|000001|P|2.5.1|1||
EVN|A01|199601061000|199601101400|1
PID|||24445670^^^HOPITAL^MRN~FR123456^^^DLNUM^DL|253763|MUNRO^Alice||19310710|F|||77 Rue de Varenne^^PARIS^75^75007^||(01)554437765|(06)098866543|FRENCH|S|C|10199925|1641202898334566
NK1|1|DUPONT^MARIE^|EPOUSE||||ERSONNE A PREVENIR||
PV1|1|H|CARDIO^CHAMBRE201^LIT1||||004777^MARTIN^SOPHIE^DR|||CARDIO|||||ADM|A0|
PV2|||^Chirurgie Programmée||||||||||||||||||||||||||||||||||||||20240712
OBX|1|NM|21612-7^POIDS CORPOREL||52|kg|||||F
OBX|2|NM|8302-2^TAILLE||163|cm|||||F
OBX|3|NM|8480-6^PRESSION ARTERIELLE SYSTOLIQUE||154|mm[Hg]|||||F
OBX|4|NM|8462-4^PRESSION ARTERIELLE DIASTOLIQUE||87|mm[Hg]|||||F
OBX|5|NM|2339-0^GLUCOSE SANGUIN||6.2|mmol/L|3.5-5.7|H|||F
AL1|1||^AMOXICILLINE||URTICAIRE|
AL1|2||^ASPIRINE||OEDEME DE QUINCKE|
AL1|3||^ARACHIDES||CHOC ANAPHYLACTIQUE|
DG1|1|CIM10|I21.0^Infarctus transmural aigu du myocarde, de la paroi antérieure|Infarctus du myocarde||A
DG1|2|CIM10|I10^Hypertension essentielle (primitive)|Hypertension artérielle||C
DG1|3|CIM10|E11.9^Diabète sucré de type 2 sans complication|Diabète de type 2||C
PR1|1|CCAM|DDQH001^Coronarographie|Coronarographie||20240710103015
GT1|1|8291|DUPONT^JEAN^MARC^JR^M||123 RUE PRINCIPALE^^PARIS^^75001^FRA|(01)23456789||19610615|M|P/F|SLF|1234567890123||||
IN1|1|SECURITE SOCIALE|1|CPAM|||||||||||||||||||||||||||||||||||||||||||
2025-07-25 17:56:07 - INFO - réponse reçue::

MSH|^~\&|IRISHL7|ISC|REGADT|MCM|202507251756||ACK^A01|000001|P|2.5.1|1
MSA|CA|000001



2025-07-25 17:57:17 - INFO - Le port 2575 sur 127.0.0.1 est ouvert et accessible.
2025-07-25 17:57:17 - INFO - Message HL7 généré::
MSH|^~\&|REGADT|MCM|IFENG||20250725175717||ADT^A01|000001|P|2.5.1|1||
EVN|A01|199601061000|199601101400|1
PID|||24445670^^^HOPITAL^MRN~FR123456^^^DLNUM^DL|253763|MUNRO^Alice||19310710|F|||77 Rue de Varenne^^PARIS^75^75007^||(01)554437765|(06)098866543|FRENCH|S|C|10199925|1641202898334566
NK1|1|DUPONT^MARIE^|EPOUSE||||ERSONNE A PREVENIR||
PV1|1|H|CARDIO^CHAMBRE201^LIT1||||004777^MARTIN^SOPHIE^DR|||CARDIO|||||ADM|A0|
PV2|||^Chirurgie Programmée||||||||||||||||||||||||||||||||||||||20240712
OBX|1|NM|21612-7^POIDS CORPOREL||52|kg|||||F
OBX|2|NM|8302-2^TAILLE||163|cm|||||F
OBX|3|NM|8480-6^PRESSION ARTERIELLE SYSTOLIQUE||154|mm[Hg]|||||F
OBX|4|NM|8462-4^PRESSION ARTERIELLE DIASTOLIQUE||87|mm[Hg]|||||F
OBX|5|NM|2339-0^GLUCOSE SANGUIN||6.2|mmol/L|3.5-5.7|H|||F
AL1|1||^AMOXICILLINE||URTICAIRE|
AL1|2||^ASPIRINE||OEDEME DE QUINCKE|
AL1|3||^ARACHIDES||CHOC ANAPHYLACTIQUE|
DG1|1|CIM10|I21.0^Infarctus transmural aigu du myocarde, de la paroi antérieure|Infarctus du myocarde||A
DG1|2|CIM10|I10^Hypertension essentielle (primitive)|Hypertension artérielle||C
DG1|3|CIM10|E11.9^Diabète sucré de type 2 sans complication|Diabète de type 2||C
PR1|1|CCAM|DDQH001^Coronarographie|Coronarographie||20240710103015
GT1|1|8291|DUPONT^JEAN^MARC^JR^M||123 RUE PRINCIPALE^^PARIS^^75001^FRA|(01)23456789||19610615|M|P/F|SLF|1234567890123||||
IN1|1|SECURITE SOCIALE|1|CPAM|||||||||||||||||||||||||||||||||||||||||||
2025-07-25 17:57:17 - ERROR - Erreur lors de l'envoi HL7 ::
[Errno 54] Connection reset by peer
2025-07-25 17:57:21 - INFO - Le port 2575 sur 127.0.0.1 est ouvert et accessible.
2025-07-25 17:57:21 - INFO - Message HL7 généré::
MSH|^~\&|REGADT|MCM|IFENG||20250725175721||ADT^A01|000001|P|2.5.1|1||
EVN|A01|199601061000|199601101400|1
PID|||24445670^^^HOPITAL^MRN~FR123456^^^DLNUM^DL|253763|MUNRO^Alice||19310710|X|||77 Rue de Varenne^^PARIS^75^75007^||(01)554437765|(06)098866543|FRENCH|S|C|10199925|1641202898334566
NK1|1|DUPONT^MARIE^|EPOUSE||||ERSONNE A PREVENIR||
PV1|1|H|CARDIO^CHAMBRE201^LIT1||||004777^MARTIN^SOPHIE^DR|||CARDIO|||||ADM|A0|
PV2|||^Chirurgie Programmée||||||||||||||||||||||||||||||||||||||20240712
OBX|1|NM|21612-7^POIDS CORPOREL||52|kg|||||F
OBX|2|NM|8302-2^TAILLE||163|cm|||||F
OBX|3|NM|8480-6^PRESSION ARTERIELLE SYSTOLIQUE||154|mm[Hg]|||||F
OBX|4|NM|8462-4^PRESSION ARTERIELLE DIASTOLIQUE||87|mm[Hg]|||||F
OBX|5|NM|2339-0^GLUCOSE SANGUIN||6.2|mmol/L|3.5-5.7|H|||F
AL1|1||^AMOXICILLINE||URTICAIRE|
AL1|2||^ASPIRINE||OEDEME DE QUINCKE|
AL1|3||^ARACHIDES||CHOC ANAPHYLACTIQUE|
DG1|1|CIM10|I21.0^Infarctus transmural aigu du myocarde, de la paroi antérieure|Infarctus du myocarde||A
DG1|2|CIM10|I10^Hypertension essentielle (primitive)|Hypertension artérielle||C
DG1|3|CIM10|E11.9^Diabète sucré de type 2 sans complication|Diabète de type 2||C
PR1|1|CCAM|DDQH001^Coronarographie|Coronarographie||20240710103015
GT1|1|8291|DUPONT^JEAN^MARC^JR^M||123 RUE PRINCIPALE^^PARIS^^75001^FRA|(01)23456789||19610615|M|P/F|SLF|1234567890123||||
IN1|1|SECURITE SOCIALE|1|CPAM|||||||||||||||||||||||||||||||||||||||||||
2025-07-25 17:57:21 - INFO - réponse reçue::

MSH|^~\&|IRISHL7|ISC|REGADT|MCM|202507251757||ACK^A01|000001|P|2.5.1|1
MSA|CA|000001



2025-07-25 17:57:23 - INFO - Le port 2575 sur 127.0.0.1 est ouvert et accessible.
2025-07-25 17:57:23 - INFO - Message HL7 généré::
MSH|^~\&|REGADT|MCM|IFENG||20250725175723||ADT^A01|000001|P|2.5.1|1||
EVN|A01|199601061000|199601101400|1
PID|||24445670^^^HOPITAL^MRN~FR123456^^^DLNUM^DL|253763|MUNRO^Alice||19310710|X|||77 Rue de Varenne^^PARIS^75^75007^||(01)554437765|(06)098866543|FRENCH|S|C|10199925|1641202898334566
NK1|1|DUPONT^MARIE^|EPOUSE||||ERSONNE A PREVENIR||
PV1|1|H|CARDIO^CHAMBRE201^LIT1||||004777^MARTIN^SOPHIE^DR|||CARDIO|||||ADM|A0|
PV2|||^Chirurgie Programmée||||||||||||||||||||||||||||||||||||||20240712
OBX|1|NM|21612-7^POIDS CORPOREL||52|kg|||||F
OBX|2|NM|8302-2^TAILLE||163|cm|||||F
OBX|3|NM|8480-6^PRESSION ARTERIELLE SYSTOLIQUE||154|mm[Hg]|||||F
OBX|4|NM|8462-4^PRESSION ARTERIELLE DIASTOLIQUE||87|mm[Hg]|||||F
OBX|5|NM|2339-0^GLUCOSE SANGUIN||6.2|mmol/L|3.5-5.7|H|||F
AL1|1||^AMOXICILLINE||URTICAIRE|
AL1|2||^ASPIRINE||OEDEME DE QUINCKE|
AL1|3||^ARACHIDES||CHOC ANAPHYLACTIQUE|
DG1|1|CIM10|I21.0^Infarctus transmural aigu du myocarde, de la paroi antérieure|Infarctus du myocarde||A
DG1|2|CIM10|I10^Hypertension essentielle (primitive)|Hypertension artérielle||C
DG1|3|CIM10|E11.9^Diabète sucré de type 2 sans complication|Diabète de type 2||C
PR1|1|CCAM|DDQH001^Coronarographie|Coronarographie||20240710103015
GT1|1|8291|DUPONT^JEAN^MARC^JR^M||123 RUE PRINCIPALE^^PARIS^^75001^FRA|(01)23456789||19610615|M|P/F|SLF|1234567890123||||
IN1|1|SECURITE SOCIALE|1|CPAM|||||||||||||||||||||||||||||||||||||||||||
2025-07-25 17:57:23 - INFO - réponse reçue::

MSH|^~\&|IRISHL7|ISC|REGADT|MCM|202507251757||ACK^A01|000001|P|2.5.1|1
MSA|CA|000001



2025-07-25 17:57:24 - INFO - Le port 2575 sur 127.0.0.1 est ouvert et accessible.
2025-07-25 17:57:24 - INFO - Message HL7 généré::
MSH|^~\&|REGADT|MCM|IFENG||20250725175724||ADT^A01|000001|P|2.5.1|1||
EVN|A01|199601061000|199601101400|1
PID|||24445670^^^HOPITAL^MRN~FR123456^^^DLNUM^DL|253763|MUNRO^Alice||19310710|X|||77 Rue de Varenne^^PARIS^75^75007^||(01)554437765|(06)098866543|FRENCH|S|C|10199925|1641202898334566
NK1|1|DUPONT^MARIE^|EPOUSE||||ERSONNE A PREVENIR||
PV1|1|H|CARDIO^CHAMBRE201^LIT1||||004777^MARTIN^SOPHIE^DR|||CARDIO|||||ADM|A0|
PV2|||^Chirurgie Programmée||||||||||||||||||||||||||||||||||||||20240712
OBX|1|NM|21612-7^POIDS CORPOREL||52|kg|||||F
OBX|2|NM|8302-2^TAILLE||163|cm|||||F
OBX|3|NM|8480-6^PRESSION ARTERIELLE SYSTOLIQUE||154|mm[Hg]|||||F
OBX|4|NM|8462-4^PRESSION ARTERIELLE DIASTOLIQUE||87|mm[Hg]|||||F
OBX|5|NM|2339-0^GLUCOSE SANGUIN||6.2|mmol/L|3.5-5.7|H|||F
AL1|1||^AMOXICILLINE||URTICAIRE|
AL1|2||^ASPIRINE||OEDEME DE QUINCKE|
AL1|3||^ARACHIDES||CHOC ANAPHYLACTIQUE|
DG1|1|CIM10|I21.0^Infarctus transmural aigu du myocarde, de la paroi antérieure|Infarctus du myocarde||A
DG1|2|CIM10|I10^Hypertension essentielle (primitive)|Hypertension artérielle||C
DG1|3|CIM10|E11.9^Diabète sucré de type 2 sans complication|Diabète de type 2||C
PR1|1|CCAM|DDQH001^Coronarographie|Coronarographie||20240710103015
GT1|1|8291|DUPONT^JEAN^MARC^JR^M||123 RUE PRINCIPALE^^PARIS^^75001^FRA|(01)23456789||19610615|M|P/F|SLF|1234567890123||||
IN1|1|SECURITE SOCIALE|1|CPAM|||||||||||||||||||||||||||||||||||||||||||
2025-07-25 17:57:24 - INFO - réponse reçue::

MSH|^~\&|IRISHL7|ISC|REGADT|MCM|202507251757||ACK^A01|000001|P|2.5.1|1
MSA|CA|000001



2025-07-25 17:57:30 - INFO - Port 2575 on 127.0.0.1 is open and accessible.
2025-07-25 17:57:30 - INFO - HL7 message generated::
MSH|^~\&|REGADT|MCM|IFENG||20250725175730||ADT^A01|000001|P|2.5.1|1||
EVN|A01|199601061000|199601101400|1
PID|||24445670^^^HOPITAL^MRN~FR123456^^^DLNUM^DL|253763|MUNRO^Alice||19310710|M|||77 Rue de Varenne^^PARIS^75^75007^||(01)554437765|(06)098866543|FRENCH|S|C|10199925|1641202898334566
NK1|1|DUPONT^MARIE^|EPOUSE||||ERSONNE A PREVENIR||
PV1|1|H|CARDIO^CHAMBRE201^LIT1||||004777^MARTIN^SOPHIE^DR|||CARDIO|||||ADM|A0|
PV2|||^Chirurgie Programmée||||||||||||||||||||||||||||||||||||||20240712
OBX|1|NM|21612-7^POIDS CORPOREL||52|kg|||||F
OBX|2|NM|8302-2^TAILLE||163|cm|||||F
OBX|3|NM|8480-6^PRESSION ARTERIELLE SYSTOLIQUE||154|mm[Hg]|||||F
OBX|4|NM|8462-4^PRESSION ARTERIELLE DIASTOLIQUE||87|mm[Hg]|||||F
OBX|5|NM|2339-0^GLUCOSE SANGUIN||6.2|mmol/L|3.5-5.7|H|||F
AL1|1||^AMOXICILLINE||URTICAIRE|
AL1|2||^ASPIRINE||OEDEME DE QUINCKE|
AL1|3||^ARACHIDES||CHOC ANAPHYLACTIQUE|
DG1|1|CIM10|I21.0^Infarctus transmural aigu du myocarde, de la paroi antérieure|Infarctus du myocarde||A
DG1|2|CIM10|I10^Hypertension essentielle (primitive)|Hypertension artérielle||C
DG1|3|CIM10|E11.9^Diabète sucré de type 2 sans complication|Diabète de type 2||C
PR1|1|CCAM|DDQH001^Coronarographie|Coronarographie||20240710103015
GT1|1|8291|DUPONT^JEAN^MARC^JR^M||123 RUE PRINCIPALE^^PARIS^^75001^FRA|(01)23456789||19610615|M|P/F|SLF|1234567890123||||
IN1|1|SECURITE SOCIALE|1|CPAM|||||||||||||||||||||||||||||||||||||||||||
2025-07-25 17:57:30 - INFO - response received::

MSH|^~\&|IRISHL7|ISC|REGADT|MCM|202507251757||ACK^A01|000001|P|2.5.1|1
MSA|CA|000001



2025-07-25 17:57:34 - INFO - Port 2575 on 127.0.0.1 is open and accessible.
2025-07-25 17:57:34 - INFO - HL7 message generated::
MSH|^~\&|REGADT|MCM|IFENG||20250725175734||ADT^A01|000001|P|2.5.1|1||
EVN|A01|199601061000|199601101400|1
PID|||24445670^^^HOPITAL^MRN~FR123456^^^DLNUM^DL|253763|MUNRO^Alice||19310710|X|||77 Rue de Varenne^^PARIS^75^75007^||(01)554437765|(06)098866543|FRENCH|S|C|10199925|1641202898334566
NK1|1|DUPONT^MARIE^|EPOUSE||||ERSONNE A PREVENIR||
PV1|1|H|CARDIO^CHAMBRE201^LIT1||||004777^MARTIN^SOPHIE^DR|||CARDIO|||||ADM|A0|
PV2|||^Chirurgie Programmée||||||||||||||||||||||||||||||||||||||20240712
OBX|1|NM|21612-7^POIDS CORPOREL||52|kg|||||F
OBX|2|NM|8302-2^TAILLE||163|cm|||||F
OBX|3|NM|8480-6^PRESSION ARTERIELLE SYSTOLIQUE||154|mm[Hg]|||||F
OBX|4|NM|8462-4^PRESSION ARTERIELLE DIASTOLIQUE||87|mm[Hg]|||||F
OBX|5|NM|2339-0^GLUCOSE SANGUIN||6.2|mmol/L|3.5-5.7|H|||F
AL1|1||^AMOXICILLINE||URTICAIRE|
AL1|2||^ASPIRINE||OEDEME DE QUINCKE|
AL1|3||^ARACHIDES||CHOC ANAPHYLACTIQUE|
DG1|1|CIM10|I21.0^Infarctus transmural aigu du myocarde, de la paroi antérieure|Infarctus du myocarde||A
DG1|2|CIM10|I10^Hypertension essentielle (primitive)|Hypertension artérielle||C
DG1|3|CIM10|E11.9^Diabète sucré de type 2 sans complication|Diabète de type 2||C
PR1|1|CCAM|DDQH001^Coronarographie|Coronarographie||20240710103015
GT1|1|8291|DUPONT^JEAN^MARC^JR^M||123 RUE PRINCIPALE^^PARIS^^75001^FRA|(01)23456789||19610615|M|P/F|SLF|1234567890123||||
IN1|1|SECURITE SOCIALE|1|CPAM|||||||||||||||||||||||||||||||||||||||||||
2025-07-25 17:57:34 - INFO - response received::

MSH|^~\&|IRISHL7|ISC|REGADT|MCM|202507251757||ACK^A01|000001|P|2.5.1|1
MSA|CA|000001



2025-07-25 17:57:37 - INFO - Port 2575 on 127.0.0.1 is open and accessible.
2025-07-25 17:57:37 - INFO - HL7 message generated::
MSH|^~\&|REGADT|MCM|IFENG||20250725175737||ADT^A01|000001|P|2.5.1|1||
EVN|A01|199601061000|199601101400|1
PID|||24445670^^^HOPITAL^MRN~FR123456^^^DLNUM^DL|253763|MUNRO^Alice||19310710|F|||77 Rue de Varenne^^PARIS^75^75007^||(01)554437765|(06)098866543|FRENCH|S|C|10199925|1641202898334566
NK1|1|DUPONT^MARIE^|EPOUSE||||ERSONNE A PREVENIR||
PV1|1|H|CARDIO^CHAMBRE201^LIT1||||004777^MARTIN^SOPHIE^DR|||CARDIO|||||ADM|A0|
PV2|||^Chirurgie Programmée||||||||||||||||||||||||||||||||||||||20240712
OBX|1|NM|21612-7^POIDS CORPOREL||52|kg|||||F
OBX|2|NM|8302-2^TAILLE||163|cm|||||F
OBX|3|NM|8480-6^PRESSION ARTERIELLE SYSTOLIQUE||154|mm[Hg]|||||F
OBX|4|NM|8462-4^PRESSION ARTERIELLE DIASTOLIQUE||87|mm[Hg]|||||F
OBX|5|NM|2339-0^GLUCOSE SANGUIN||6.2|mmol/L|3.5-5.7|H|||F
AL1|1||^AMOXICILLINE||URTICAIRE|
AL1|2||^ASPIRINE||OEDEME DE QUINCKE|
AL1|3||^ARACHIDES||CHOC ANAPHYLACTIQUE|
DG1|1|CIM10|I21.0^Infarctus transmural aigu du myocarde, de la paroi antérieure|Infarctus du myocarde||A
DG1|2|CIM10|I10^Hypertension essentielle (primitive)|Hypertension artérielle||C
DG1|3|CIM10|E11.9^Diabète sucré de type 2 sans complication|Diabète de type 2||C
PR1|1|CCAM|DDQH001^Coronarographie|Coronarographie||20240710103015
GT1|1|8291|DUPONT^JEAN^MARC^JR^M||123 RUE PRINCIPALE^^PARIS^^75001^FRA|(01)23456789||19610615|M|P/F|SLF|1234567890123||||
IN1|1|SECURITE SOCIALE|1|CPAM|||||||||||||||||||||||||||||||||||||||||||
2025-07-25 17:57:37 - INFO - response received::

MSH|^~\&|IRISHL7|ISC|REGADT|MCM|202507251757||ACK^A01|000001|P|2.5.1|1
MSA|CA|000001



2025-07-25 17:57:41 - INFO - El puerto 2575 en 127.0.0.1 está abierto y accesible.
2025-07-25 17:57:41 - INFO - Mensaje HL7 generado::
MSH|^~\&|REGADT|MCM|IFENG||20250725175741||ADT^A01|000001|P|2.5.1|1||
EVN|A01|199601061000|199601101400|1
PID|||24445670^^^HOPITAL^MRN~FR123456^^^DLNUM^DL|253763|MUNRO^Alice||19310710|M|||77 Rue de Varenne^^PARIS^75^75007^||(01)554437765|(06)098866543|FRENCH|S|C|10199925|1641202898334566
NK1|1|DUPONT^MARIE^|EPOUSE||||ERSONNE A PREVENIR||
PV1|1|H|CARDIO^CHAMBRE201^LIT1||||004777^MARTIN^SOPHIE^DR|||CARDIO|||||ADM|A0|
PV2|||^Chirurgie Programmée||||||||||||||||||||||||||||||||||||||20240712
OBX|1|NM|21612-7^POIDS CORPOREL||52|kg|||||F
OBX|2|NM|8302-2^TAILLE||163|cm|||||F
OBX|3|NM|8480-6^PRESSION ARTERIELLE SYSTOLIQUE||154|mm[Hg]|||||F
OBX|4|NM|8462-4^PRESSION ARTERIELLE DIASTOLIQUE||87|mm[Hg]|||||F
OBX|5|NM|2339-0^GLUCOSE SANGUIN||6.2|mmol/L|3.5-5.7|H|||F
AL1|1||^AMOXICILLINE||URTICAIRE|
AL1|2||^ASPIRINE||OEDEME DE QUINCKE|
AL1|3||^ARACHIDES||CHOC ANAPHYLACTIQUE|
DG1|1|CIM10|I21.0^Infarctus transmural aigu du myocarde, de la paroi antérieure|Infarctus du myocarde||A
DG1|2|CIM10|I10^Hypertension essentielle (primitive)|Hypertension artérielle||C
DG1|3|CIM10|E11.9^Diabète sucré de type 2 sans complication|Diabète de type 2||C
PR1|1|CCAM|DDQH001^Coronarographie|Coronarographie||20240710103015
GT1|1|8291|DUPONT^JEAN^MARC^JR^M||123 RUE PRINCIPALE^^PARIS^^75001^FRA|(01)23456789||19610615|M|P/F|SLF|1234567890123||||
IN1|1|SECURITE SOCIALE|1|CPAM|||||||||||||||||||||||||||||||||||||||||||
2025-07-25 17:57:41 - INFO - respuesta recibida::

MSH|^~\&|IRISHL7|ISC|REGADT|MCM|202507251757||ACK^A01|000001|P|2.5.1|1
MSA|CA|000001



2025-07-25 17:57:44 - INFO - El puerto 2575 en 127.0.0.1 está abierto y accesible.
2025-07-25 17:57:44 - INFO - Mensaje HL7 generado::
MSH|^~\&|REGADT|MCM|IFENG||20250725175744||ADT^A01|000001|P|2.5.1|1||
EVN|A01|199601061000|199601101400|1
PID|||24445670^^^HOPITAL^MRN~FR123456^^^DLNUM^DL|253763|MUNRO^Alice||19310710|F|||77 Rue de Varenne^^PARIS^75^75007^||(01)554437765|(06)098866543|FRENCH|S|C|10199925|1641202898334566
NK1|1|DUPONT^MARIE^|EPOUSE||||ERSONNE A PREVENIR||
PV1|1|H|CARDIO^CHAMBRE201^LIT1||||004777^MARTIN^SOPHIE^DR|||CARDIO|||||ADM|A0|
PV2|||^Chirurgie Programmée||||||||||||||||||||||||||||||||||||||20240712
OBX|1|NM|21612-7^POIDS CORPOREL||52|kg|||||F
OBX|2|NM|8302-2^TAILLE||163|cm|||||F
OBX|3|NM|8480-6^PRESSION ARTERIELLE SYSTOLIQUE||154|mm[Hg]|||||F
OBX|4|NM|8462-4^PRESSION ARTERIELLE DIASTOLIQUE||87|mm[Hg]|||||F
OBX|5|NM|2339-0^GLUCOSE SANGUIN||6.2|mmol/L|3.5-5.7|H|||F
AL1|1||^AMOXICILLINE||URTICAIRE|
AL1|2||^ASPIRINE||OEDEME DE QUINCKE|
AL1|3||^ARACHIDES||CHOC ANAPHYLACTIQUE|
DG1|1|CIM10|I21.0^Infarctus transmural aigu du myocarde, de la paroi antérieure|Infarctus du myocarde||A
DG1|2|CIM10|I10^Hypertension essentielle (primitive)|Hypertension artérielle||C
DG1|3|CIM10|E11.9^Diabète sucré de type 2 sans complication|Diabète de type 2||C
PR1|1|CCAM|DDQH001^Coronarographie|Coronarographie||20240710103015
GT1|1|8291|DUPONT^JEAN^MARC^JR^M||123 RUE PRINCIPALE^^PARIS^^75001^FRA|(01)23456789||19610615|M|P/F|SLF|1234567890123||||
IN1|1|SECURITE SOCIALE|1|CPAM|||||||||||||||||||||||||||||||||||||||||||
2025-07-25 17:57:44 - INFO - respuesta recibida::

MSH|^~\&|IRISHL7|ISC|REGADT|MCM|202507251757||ACK^A01|000001|P|2.5.1|1
MSA|CA|000001



2025-07-25 17:57:49 - INFO - El puerto 2575 en 127.0.0.1 está abierto y accesible.
2025-07-25 17:57:49 - INFO - Mensaje HL7 generado::
MSH|^~\&|REGADT|MCM|IFENG||20250725175749||ADT^A01|000001|P|2.5.1|1||
EVN|A01|199601061000|199601101400|1
PID|||24445670^^^HOPITAL^MRN~FR123456^^^DLNUM^DL|253763|MUNRO^Alice||19310710|X|||77 Rue de Varenne^^PARIS^75^75007^||(01)554437765|(06)098866543|FRENCH|S|C|10199925|1641202898334566
NK1|1|DUPONT^MARIE^|EPOUSE||||ERSONNE A PREVENIR||
PV1|1|H|CARDIO^CHAMBRE201^LIT1||||004777^MARTIN^SOPHIE^DR|||CARDIO|||||ADM|A0|
PV2|||^Chirurgie Programmée||||||||||||||||||||||||||||||||||||||20240712
OBX|1|NM|21612-7^POIDS CORPOREL||52|kg|||||F
OBX|2|NM|8302-2^TAILLE||163|cm|||||F
OBX|3|NM|8480-6^PRESSION ARTERIELLE SYSTOLIQUE||154|mm[Hg]|||||F
OBX|4|NM|8462-4^PRESSION ARTERIELLE DIASTOLIQUE||87|mm[Hg]|||||F
OBX|5|NM|2339-0^GLUCOSE SANGUIN||6.2|mmol/L|3.5-5.7|H|||F
AL1|1||^AMOXICILLINE||URTICAIRE|
AL1|2||^ASPIRINE||OEDEME DE QUINCKE|
AL1|3||^ARACHIDES||CHOC ANAPHYLACTIQUE|
DG1|1|CIM10|I21.0^Infarctus transmural aigu du myocarde, de la paroi antérieure|Infarctus du myocarde||A
DG1|2|CIM10|I10^Hypertension essentielle (primitive)|Hypertension artérielle||C
DG1|3|CIM10|E11.9^Diabète sucré de type 2 sans complication|Diabète de type 2||C
PR1|1|CCAM|DDQH001^Coronarographie|Coronarographie||20240710103015
GT1|1|8291|DUPONT^JEAN^MARC^JR^M||123 RUE PRINCIPALE^^PARIS^^75001^FRA|(01)23456789||19610615|M|P/F|SLF|1234567890123||||
IN1|1|SECURITE SOCIALE|1|CPAM|||||||||||||||||||||||||||||||||||||||||||
2025-07-25 17:57:49 - INFO - respuesta recibida::

MSH|^~\&|IRISHL7|ISC|REGADT|MCM|202507251757||ACK^A01|000001|P|2.5.1|1
MSA|CA|000001



2025-07-25 18:00:08 - INFO - Le port 2575 sur 127.0.0.1 est ouvert et accessible.
2025-07-25 18:00:08 - INFO - Message HL7 généré::
MSH|^~\&|REGADT|MCM|IFENG||20250725180008||ADT^A01|000001|P|2.5.1|1||
EVN|A01|199601061000|199601101400|1
PID|||24445670^^^HOPITAL^MRN~FR123456^^^DLNUM^DL|253763|MUNRO^Alice||19310710|F|||77 Rue de Varenne^^PARIS^75^75007^||(01)554437765|(06)098866543|FRENCH|S|C|10199925|1641202898334566
NK1|1|DUPONT^MARIE^|EPOUSE||||ERSONNE A PREVENIR||
PV1|1|H|CARDIO^CHAMBRE201^LIT1||||004777^MARTIN^SOPHIE^DR|||CARDIO|||||ADM|A0|
PV2|||^Chirurgie Programmée||||||||||||||||||||||||||||||||||||||20240712
OBX|1|NM|21612-7^POIDS CORPOREL||52|kg|||||F
OBX|2|NM|8302-2^TAILLE||163|cm|||||F
OBX|3|NM|8480-6^PRESSION ARTERIELLE SYSTOLIQUE||154|mm[Hg]|||||F
OBX|4|NM|8462-4^PRESSION ARTERIELLE DIASTOLIQUE||87|mm[Hg]|||||F
OBX|5|NM|2339-0^GLUCOSE SANGUIN||6.2|mmol/L|3.5-5.7|H|||F
AL1|1||^AMOXICILLINE||URTICAIRE|
AL1|2||^ASPIRINE||OEDEME DE QUINCKE|
AL1|3||^ARACHIDES||CHOC ANAPHYLACTIQUE|
DG1|1|CIM10|I21.0^Infarctus transmural aigu du myocarde, de la paroi antérieure|Infarctus du myocarde||A
DG1|2|CIM10|I10^Hypertension essentielle (primitive)|Hypertension artérielle||C
DG1|3|CIM10|E11.9^Diabète sucré de type 2 sans complication|Diabète de type 2||C
PR1|1|CCAM|DDQH001^Coronarographie|Coronarographie||20240710103015
GT1|1|8291|DUPONT^JEAN^MARC^JR^M||123 RUE PRINCIPALE^^PARIS^^75001^FRA|(01)23456789||19610615|M|P/F|SLF|1234567890123||||
IN1|1|SECURITE SOCIALE|1|CPAM|||||||||||||||||||||||||||||||||||||||||||
2025-07-25 18:00:08 - INFO - réponse reçue::

MSH|^~\&|IRISHL7|ISC|REGADT|MCM|202507251800||ACK^A01|000001|P|2.5.1|1
MSA|CA|000001



2025-07-25 18:00:12 - INFO - Le port 2575 sur 127.0.0.1 est ouvert et accessible.
2025-07-25 18:00:12 - INFO - Message HL7 généré::
MSH|^~\&|REGADT|MCM|IFENG||20250725180012||ADT^A01|000001|P|2.5.1|1||
EVN|A01|199601061000|199601101400|1
PID|||24445670^^^HOPITAL^MRN~FR123456^^^DLNUM^DL|253763|MUNRO^Alice||19310710|M|||77 Rue de Varenne^^PARIS^75^75007^||(01)554437765|(06)098866543|FRENCH|S|C|10199925|1641202898334566
NK1|1|DUPONT^MARIE^|EPOUSE||||ERSONNE A PREVENIR||
PV1|1|H|CARDIO^CHAMBRE201^LIT1||||004777^MARTIN^SOPHIE^DR|||CARDIO|||||ADM|A0|
PV2|||^Chirurgie Programmée||||||||||||||||||||||||||||||||||||||20240712
OBX|1|NM|21612-7^POIDS CORPOREL||52|kg|||||F
OBX|2|NM|8302-2^TAILLE||163|cm|||||F
OBX|3|NM|8480-6^PRESSION ARTERIELLE SYSTOLIQUE||154|mm[Hg]|||||F
OBX|4|NM|8462-4^PRESSION ARTERIELLE DIASTOLIQUE||87|mm[Hg]|||||F
OBX|5|NM|2339-0^GLUCOSE SANGUIN||6.2|mmol/L|3.5-5.7|H|||F
AL1|1||^AMOXICILLINE||URTICAIRE|
AL1|2||^ASPIRINE||OEDEME DE QUINCKE|
AL1|3||^ARACHIDES||CHOC ANAPHYLACTIQUE|
DG1|1|CIM10|I21.0^Infarctus transmural aigu du myocarde, de la paroi antérieure|Infarctus du myocarde||A
DG1|2|CIM10|I10^Hypertension essentielle (primitive)|Hypertension artérielle||C
DG1|3|CIM10|E11.9^Diabète sucré de type 2 sans complication|Diabète de type 2||C
PR1|1|CCAM|DDQH001^Coronarographie|Coronarographie||20240710103015
GT1|1|8291|DUPONT^JEAN^MARC^JR^M||123 RUE PRINCIPALE^^PARIS^^75001^FRA|(01)23456789||19610615|M|P/F|SLF|1234567890123||||
IN1|1|SECURITE SOCIALE|1|CPAM|||||||||||||||||||||||||||||||||||||||||||
2025-07-25 18:00:12 - ERROR - Erreur lors de l'envoi HL7 ::
[Errno 54] Connection reset by peer
2025-07-25 18:00:15 - INFO - Le port 2575 sur 127.0.0.1 est ouvert et accessible.
2025-07-25 18:00:15 - INFO - Message HL7 généré::
MSH|^~\&|REGADT|MCM|IFENG||20250725180015||ADT^A01|000001|P|2.5.1|1||
EVN|A01|199601061000|199601101400|1
PID|||24445670^^^HOPITAL^MRN~FR123456^^^DLNUM^DL|253763|MUNRO^Alice||19310710|M|||77 Rue de Varenne^^PARIS^75^75007^||(01)554437765|(06)098866543|FRENCH|S|C|10199925|1641202898334566
NK1|1|DUPONT^MARIE^|EPOUSE||||ERSONNE A PREVENIR||
PV1|1|H|CARDIO^CHAMBRE201^LIT1||||004777^MARTIN^SOPHIE^DR|||CARDIO|||||ADM|A0|
PV2|||^Chirurgie Programmée||||||||||||||||||||||||||||||||||||||20240712
OBX|1|NM|21612-7^POIDS CORPOREL||52|kg|||||F
OBX|2|NM|8302-2^TAILLE||163|cm|||||F
OBX|3|NM|8480-6^PRESSION ARTERIELLE SYSTOLIQUE||154|mm[Hg]|||||F
OBX|4|NM|8462-4^PRESSION ARTERIELLE DIASTOLIQUE||87|mm[Hg]|||||F
OBX|5|NM|2339-0^GLUCOSE SANGUIN||6.2|mmol/L|3.5-5.7|H|||F
AL1|1||^AMOXICILLINE||URTICAIRE|
AL1|2||^ASPIRINE||OEDEME DE QUINCKE|
AL1|3||^ARACHIDES||CHOC ANAPHYLACTIQUE|
DG1|1|CIM10|I21.0^Infarctus transmural aigu du myocarde, de la paroi antérieure|Infarctus du myocarde||A
DG1|2|CIM10|I10^Hypertension essentielle (primitive)|Hypertension artérielle||C
DG1|3|CIM10|E11.9^Diabète sucré de type 2 sans complication|Diabète de type 2||C
PR1|1|CCAM|DDQH001^Coronarographie|Coronarographie||20240710103015
GT1|1|8291|DUPONT^JEAN^MARC^JR^M||123 RUE PRINCIPALE^^PARIS^^75001^FRA|(01)23456789||19610615|M|P/F|SLF|1234567890123||||
IN1|1|SECURITE SOCIALE|1|CPAM|||||||||||||||||||||||||||||||||||||||||||
2025-07-25 18:00:15 - INFO - réponse reçue::

MSH|^~\&|IRISHL7|ISC|REGADT|MCM|202507251800||ACK^A01|000001|P|2.5.1|1
MSA|CA|000001



2025-07-25 18:00:21 - INFO - Le port 2575 sur 127.0.0.1 est ouvert et accessible.
2025-07-25 18:00:21 - INFO - Message HL7 généré::
MSH|^~\&|REGADT|MCM|IFENG||20250725180021||ADT^A01|000001|P|2.5.1|1||
EVN|A01|199601061000|199601101400|1
PID|||24445670^^^HOPITAL^MRN~FR123456^^^DLNUM^DL|253763|MUNRO^Alice||19310710|X|||77 Rue de Varenne^^PARIS^75^75007^||(01)554437765|(06)098866543|FRENCH|S|C|10199925|1641202898334566
NK1|1|DUPONT^MARIE^|EPOUSE||||ERSONNE A PREVENIR||
PV1|1|H|CARDIO^CHAMBRE201^LIT1||||004777^MARTIN^SOPHIE^DR|||CARDIO|||||ADM|A0|
PV2|||^Chirurgie Programmée||||||||||||||||||||||||||||||||||||||20240712
OBX|1|NM|21612-7^POIDS CORPOREL||52|kg|||||F
OBX|2|NM|8302-2^TAILLE||163|cm|||||F
OBX|3|NM|8480-6^PRESSION ARTERIELLE SYSTOLIQUE||154|mm[Hg]|||||F
OBX|4|NM|8462-4^PRESSION ARTERIELLE DIASTOLIQUE||87|mm[Hg]|||||F
OBX|5|NM|2339-0^GLUCOSE SANGUIN||6.2|mmol/L|3.5-5.7|H|||F
AL1|1||^AMOXICILLINE||URTICAIRE|
AL1|2||^ASPIRINE||OEDEME DE QUINCKE|
AL1|3||^ARACHIDES||CHOC ANAPHYLACTIQUE|
DG1|1|CIM10|I21.0^Infarctus transmural aigu du myocarde, de la paroi antérieure|Infarctus du myocarde||A
DG1|2|CIM10|I10^Hypertension essentielle (primitive)|Hypertension artérielle||C
DG1|3|CIM10|E11.9^Diabète sucré de type 2 sans complication|Diabète de type 2||C
PR1|1|CCAM|DDQH001^Coronarographie|Coronarographie||20240710103015
GT1|1|8291|DUPONT^JEAN^MARC^JR^M||123 RUE PRINCIPALE^^PARIS^^75001^FRA|(01)23456789||19610615|M|P/F|SLF|1234567890123||||
IN1|1|SECURITE SOCIALE|1|CPAM|||||||||||||||||||||||||||||||||||||||||||
2025-07-25 18:00:21 - INFO - réponse reçue::

MSH|^~\&|IRISHL7|ISC|REGADT|MCM|202507251800||ACK^A01|000001|P|2.5.1|1
MSA|CA|000001



2025-07-25 18:00:32 - INFO - Le port 2575 sur 127.0.0.1 est ouvert et accessible.
2025-07-25 18:00:32 - INFO - Message HL7 généré::
MSH|^~\&|REGADT|MCM|IFENG||20250725180032||ADT^A01|000001|P|2.5.1|1||
EVN|A01|199601061000|199601101400|1
PID|||24445670^^^HOPITAL^MRN~FR123456^^^DLNUM^DL|253763|MUNRO^Alice||19310710|F|||77 Rue de Varenne^^PARIS^75^75007^||(01)554437765|(06)098866543|FRENCH|S|C|10199925|1641202898334566
NK1|1|DUPONT^MARIE^|EPOUSE||||ERSONNE A PREVENIR||
PV1|1|H|CARDIO^CHAMBRE201^LIT1||||004777^MARTIN^SOPHIE^DR|||CARDIO|||||ADM|A0|
PV2|||^Chirurgie Programmée||||||||||||||||||||||||||||||||||||||20240712
OBX|1|NM|21612-7^POIDS CORPOREL||52|kg|||||F
OBX|2|NM|8302-2^TAILLE||163|cm|||||F
OBX|3|NM|8480-6^PRESSION ARTERIELLE SYSTOLIQUE||154|mm[Hg]|||||F
OBX|4|NM|8462-4^PRESSION ARTERIELLE DIASTOLIQUE||87|mm[Hg]|||||F
OBX|5|NM|2339-0^GLUCOSE SANGUIN||6.2|mmol/L|3.5-5.7|H|||F
AL1|1||^AMOXICILLINE||URTICAIRE|
AL1|2||^ASPIRINE||OEDEME DE QUINCKE|
AL1|3||^ARACHIDES||CHOC ANAPHYLACTIQUE|
DG1|1|CIM10|I21.0^Infarctus transmural aigu du myocarde, de la paroi antérieure|Infarctus du myocarde||A
DG1|2|CIM10|I10^Hypertension essentielle (primitive)|Hypertension artérielle||C
DG1|3|CIM10|E11.9^Diabète sucré de type 2 sans complication|Diabète de type 2||C
PR1|1|CCAM|DDQH001^Coronarographie|Coronarographie||20240710103015
GT1|1|8291|DUPONT^JEAN^MARC^JR^M||123 RUE PRINCIPALE^^PARIS^^75001^FRA|(01)23456789||19610615|M|P/F|SLF|1234567890123||||
IN1|1|SECURITE SOCIALE|1|CPAM|||||||||||||||||||||||||||||||||||||||||||
2025-07-25 18:00:32 - INFO - réponse reçue::

MSH|^~\&|IRISHL7|ISC|REGADT|MCM|202507251800||ACK^A01|000001|P|2.5.1|1
MSA|CA|000001



2025-07-25 18:00:36 - INFO - Port 2575 on 127.0.0.1 is open and accessible.
2025-07-25 18:00:36 - INFO - HL7 message generated::
MSH|^~\&|REGADT|MCM|IFENG||20250725180036||ADT^A01|000001|P|2.5.1|1||
EVN|A01|199601061000|199601101400|1
PID|||24445670^^^HOPITAL^MRN~FR123456^^^DLNUM^DL|253763|MUNRO^Alice||19310710|F|||77 Rue de Varenne^^PARIS^75^75007^||(01)554437765|(06)098866543|FRENCH|S|C|10199925|1641202898334566
NK1|1|DUPONT^MARIE^|EPOUSE||||ERSONNE A PREVENIR||
PV1|1|H|CARDIO^CHAMBRE201^LIT1||||004777^MARTIN^SOPHIE^DR|||CARDIO|||||ADM|A0|
PV2|||^Chirurgie Programmée||||||||||||||||||||||||||||||||||||||20240712
OBX|1|NM|21612-7^POIDS CORPOREL||52|kg|||||F
OBX|2|NM|8302-2^TAILLE||163|cm|||||F
OBX|3|NM|8480-6^PRESSION ARTERIELLE SYSTOLIQUE||154|mm[Hg]|||||F
OBX|4|NM|8462-4^PRESSION ARTERIELLE DIASTOLIQUE||87|mm[Hg]|||||F
OBX|5|NM|2339-0^GLUCOSE SANGUIN||6.2|mmol/L|3.5-5.7|H|||F
AL1|1||^AMOXICILLINE||URTICAIRE|
AL1|2||^ASPIRINE||OEDEME DE QUINCKE|
AL1|3||^ARACHIDES||CHOC ANAPHYLACTIQUE|
DG1|1|CIM10|I21.0^Infarctus transmural aigu du myocarde, de la paroi antérieure|Infarctus du myocarde||A
DG1|2|CIM10|I10^Hypertension essentielle (primitive)|Hypertension artérielle||C
DG1|3|CIM10|E11.9^Diabète sucré de type 2 sans complication|Diabète de type 2||C
PR1|1|CCAM|DDQH001^Coronarographie|Coronarographie||20240710103015
GT1|1|8291|DUPONT^JEAN^MARC^JR^M||123 RUE PRINCIPALE^^PARIS^^75001^FRA|(01)23456789||19610615|M|P/F|SLF|1234567890123||||
IN1|1|SECURITE SOCIALE|1|CPAM|||||||||||||||||||||||||||||||||||||||||||
2025-07-25 18:00:36 - INFO - response received::

MSH|^~\&|IRISHL7|ISC|REGADT|MCM|202507251800||ACK^A01|000001|P|2.5.1|1
MSA|CA|000001



2025-07-25 18:00:38 - INFO - El puerto 2575 en 127.0.0.1 está abierto y accesible.
2025-07-25 18:00:38 - INFO - Mensaje HL7 generado::
MSH|^~\&|REGADT|MCM|IFENG||20250725180038||ADT^A01|000001|P|2.5.1|1||
EVN|A01|199601061000|199601101400|1
PID|||24445670^^^HOPITAL^MRN~FR123456^^^DLNUM^DL|253763|MUNRO^Alice||19310710|F|||77 Rue de Varenne^^PARIS^75^75007^||(01)554437765|(06)098866543|FRENCH|S|C|10199925|1641202898334566
NK1|1|DUPONT^MARIE^|EPOUSE||||ERSONNE A PREVENIR||
PV1|1|H|CARDIO^CHAMBRE201^LIT1||||004777^MARTIN^SOPHIE^DR|||CARDIO|||||ADM|A0|
PV2|||^Chirurgie Programmée||||||||||||||||||||||||||||||||||||||20240712
OBX|1|NM|21612-7^POIDS CORPOREL||52|kg|||||F
OBX|2|NM|8302-2^TAILLE||163|cm|||||F
OBX|3|NM|8480-6^PRESSION ARTERIELLE SYSTOLIQUE||154|mm[Hg]|||||F
OBX|4|NM|8462-4^PRESSION ARTERIELLE DIASTOLIQUE||87|mm[Hg]|||||F
OBX|5|NM|2339-0^GLUCOSE SANGUIN||6.2|mmol/L|3.5-5.7|H|||F
AL1|1||^AMOXICILLINE||URTICAIRE|
AL1|2||^ASPIRINE||OEDEME DE QUINCKE|
AL1|3||^ARACHIDES||CHOC ANAPHYLACTIQUE|
DG1|1|CIM10|I21.0^Infarctus transmural aigu du myocarde, de la paroi antérieure|Infarctus du myocarde||A
DG1|2|CIM10|I10^Hypertension essentielle (primitive)|Hypertension artérielle||C
DG1|3|CIM10|E11.9^Diabète sucré de type 2 sans complication|Diabète de type 2||C
PR1|1|CCAM|DDQH001^Coronarographie|Coronarographie||20240710103015
GT1|1|8291|DUPONT^JEAN^MARC^JR^M||123 RUE PRINCIPALE^^PARIS^^75001^FRA|(01)23456789||19610615|M|P/F|SLF|1234567890123||||
IN1|1|SECURITE SOCIALE|1|CPAM|||||||||||||||||||||||||||||||||||||||||||
2025-07-25 18:00:38 - INFO - respuesta recibida::

MSH|^~\&|IRISHL7|ISC|REGADT|MCM|202507251800||ACK^A01|000001|P|2.5.1|1
MSA|CA|000001



2025-07-25 18:00:41 - INFO - Le port 2575 sur 127.0.0.1 est ouvert et accessible.
2025-07-25 18:00:41 - INFO - Message HL7 généré::
MSH|^~\&|REGADT|MCM|IFENG||20250725180041||ADT^A01|000001|P|2.5.1|1||
EVN|A01|199601061000|199601101400|1
PID|||24445670^^^HOPITAL^MRN~FR123456^^^DLNUM^DL|253763|MUNRO^Alice||19310710|F|||77 Rue de Varenne^^PARIS^75^75007^||(01)554437765|(06)098866543|FRENCH|S|C|10199925|1641202898334566
NK1|1|DUPONT^MARIE^|EPOUSE||||ERSONNE A PREVENIR||
PV1|1|H|CARDIO^CHAMBRE201^LIT1||||004777^MARTIN^SOPHIE^DR|||CARDIO|||||ADM|A0|
PV2|||^Chirurgie Programmée||||||||||||||||||||||||||||||||||||||20240712
OBX|1|NM|21612-7^POIDS CORPOREL||52|kg|||||F
OBX|2|NM|8302-2^TAILLE||163|cm|||||F
OBX|3|NM|8480-6^PRESSION ARTERIELLE SYSTOLIQUE||154|mm[Hg]|||||F
OBX|4|NM|8462-4^PRESSION ARTERIELLE DIASTOLIQUE||87|mm[Hg]|||||F
OBX|5|NM|2339-0^GLUCOSE SANGUIN||6.2|mmol/L|3.5-5.7|H|||F
AL1|1||^AMOXICILLINE||URTICAIRE|
AL1|2||^ASPIRINE||OEDEME DE QUINCKE|
AL1|3||^ARACHIDES||CHOC ANAPHYLACTIQUE|
DG1|1|CIM10|I21.0^Infarctus transmural aigu du myocarde, de la paroi antérieure|Infarctus du myocarde||A
DG1|2|CIM10|I10^Hypertension essentielle (primitive)|Hypertension artérielle||C
DG1|3|CIM10|E11.9^Diabète sucré de type 2 sans complication|Diabète de type 2||C
PR1|1|CCAM|DDQH001^Coronarographie|Coronarographie||20240710103015
GT1|1|8291|DUPONT^JEAN^MARC^JR^M||123 RUE PRINCIPALE^^PARIS^^75001^FRA|(01)23456789||19610615|M|P/F|SLF|1234567890123||||
IN1|1|SECURITE SOCIALE|1|CPAM|||||||||||||||||||||||||||||||||||||||||||
2025-07-25 18:00:41 - INFO - réponse reçue::

MSH|^~\&|IRISHL7|ISC|REGADT|MCM|202507251800||ACK^A01|000001|P|2.5.1|1
MSA|CA|000001



2025-07-25 18:00:44 - INFO - Port 2575 on 127.0.0.1 is open and accessible.
2025-07-25 18:00:44 - INFO - HL7 message generated::
MSH|^~\&|REGADT|MCM|IFENG||20250725180044||ADT^A01|000001|P|2.5.1|1||
EVN|A01|199601061000|199601101400|1
PID|||24445670^^^HOPITAL^MRN~FR123456^^^DLNUM^DL|253763|MUNRO^Alice||19310710|F|||77 Rue de Varenne^^PARIS^75^75007^||(01)554437765|(06)098866543|FRENCH|S|C|10199925|1641202898334566
NK1|1|DUPONT^MARIE^|EPOUSE||||ERSONNE A PREVENIR||
PV1|1|H|CARDIO^CHAMBRE201^LIT1||||004777^MARTIN^SOPHIE^DR|||CARDIO|||||ADM|A0|
PV2|||^Chirurgie Programmée||||||||||||||||||||||||||||||||||||||20240712
OBX|1|NM|21612-7^POIDS CORPOREL||52|kg|||||F
OBX|2|NM|8302-2^TAILLE||163|cm|||||F
OBX|3|NM|8480-6^PRESSION ARTERIELLE SYSTOLIQUE||154|mm[Hg]|||||F
OBX|4|NM|8462-4^PRESSION ARTERIELLE DIASTOLIQUE||87|mm[Hg]|||||F
OBX|5|NM|2339-0^GLUCOSE SANGUIN||6.2|mmol/L|3.5-5.7|H|||F
AL1|1||^AMOXICILLINE||URTICAIRE|
AL1|2||^ASPIRINE||OEDEME DE QUINCKE|
AL1|3||^ARACHIDES||CHOC ANAPHYLACTIQUE|
DG1|1|CIM10|I21.0^Infarctus transmural aigu du myocarde, de la paroi antérieure|Infarctus du myocarde||A
DG1|2|CIM10|I10^Hypertension essentielle (primitive)|Hypertension artérielle||C
DG1|3|CIM10|E11.9^Diabète sucré de type 2 sans complication|Diabète de type 2||C
PR1|1|CCAM|DDQH001^Coronarographie|Coronarographie||20240710103015
GT1|1|8291|DUPONT^JEAN^MARC^JR^M||123 RUE PRINCIPALE^^PARIS^^75001^FRA|(01)23456789||19610615|M|P/F|SLF|1234567890123||||
IN1|1|SECURITE SOCIALE|1|CPAM|||||||||||||||||||||||||||||||||||||||||||
2025-07-25 18:00:44 - INFO - response received::

MSH|^~\&|IRISHL7|ISC|REGADT|MCM|202507251800||ACK^A01|000001|P|2.5.1|1
MSA|CA|000001



2025-07-25 18:00:52 - INFO - Port 2575 on 127.0.0.1 is open and accessible.
2025-07-25 18:00:52 - INFO - HL7 message generated::
MSH|^~\&|REGADT|MCM|IFENG||20250725180052||ADT^A01|000001|P|2.5.1|1||
EVN|A01|199601061000|199601101400|1
PID|||24445670^^^HOPITAL^MRN~FR123456^^^DLNUM^DL|253763|MUNRO^Alice||19310710|M|||77 Rue de Varenne^^PARIS^75^75007^||(01)554437765|(06)098866543|FRENCH|S|C|10199925|1641202898334566
NK1|1|DUPONT^MARIE^|EPOUSE||||ERSONNE A PREVENIR||
PV1|1|H|CARDIO^CHAMBRE201^LIT1||||004777^MARTIN^SOPHIE^DR|||CARDIO|||||ADM|A0|
PV2|||^Chirurgie Programmée||||||||||||||||||||||||||||||||||||||20240712
OBX|1|NM|21612-7^POIDS CORPOREL||52|kg|||||F
OBX|2|NM|8302-2^TAILLE||163|cm|||||F
OBX|3|NM|8480-6^PRESSION ARTERIELLE SYSTOLIQUE||154|mm[Hg]|||||F
OBX|4|NM|8462-4^PRESSION ARTERIELLE DIASTOLIQUE||87|mm[Hg]|||||F
OBX|5|NM|2339-0^GLUCOSE SANGUIN||6.2|mmol/L|3.5-5.7|H|||F
AL1|1||^AMOXICILLINE||URTICAIRE|
AL1|2||^ASPIRINE||OEDEME DE QUINCKE|
AL1|3||^ARACHIDES||CHOC ANAPHYLACTIQUE|
DG1|1|CIM10|I21.0^Infarctus transmural aigu du myocarde, de la paroi antérieure|Infarctus du myocarde||A
DG1|2|CIM10|I10^Hypertension essentielle (primitive)|Hypertension artérielle||C
DG1|3|CIM10|E11.9^Diabète sucré de type 2 sans complication|Diabète de type 2||C
PR1|1|CCAM|DDQH001^Coronarographie|Coronarographie||20240710103015
GT1|1|8291|DUPONT^JEAN^MARC^JR^M||123 RUE PRINCIPALE^^PARIS^^75001^FRA|(01)23456789||19610615|M|P/F|SLF|1234567890123||||
IN1|1|SECURITE SOCIALE|1|CPAM|||||||||||||||||||||||||||||||||||||||||||
2025-07-25 18:00:52 - INFO - response received::

MSH|^~\&|IRISHL7|ISC|REGADT|MCM|202507251800||ACK^A01|000001|P|2.5.1|1
MSA|CA|000001



2025-07-25 18:01:12 - INFO - Port 2575 on 127.0.0.1 is open and accessible.
2025-07-25 18:01:12 - INFO - HL7 message generated::
MSH|^~\&|REGADT|MCM|IFENG||20250725180112||ADT^A01|000001|P|2.5.1|1||
EVN|A01|199601061000|199601101400|1
PID|||24445670^^^HOPITAL^MRN~FR123456^^^DLNUM^DL|253763|MUNRO^Alice||19340512|M|||77 Rue de Varenne^^PARIS^75^75007^||(01)554437765|(06)098866543|FRENCH|S|C|10199925|1641202898334566
NK1|1|DUPONT^MARIE^|EPOUSE||||ERSONNE A PREVENIR||
PV1|1|H|CARDIO^CHAMBRE201^LIT1||||004777^MARTIN^SOPHIE^DR|||CARDIO|||||ADM|A0|
PV2|||^Chirurgie Programmée||||||||||||||||||||||||||||||||||||||20240712
OBX|1|NM|21612-7^POIDS CORPOREL||52|kg|||||F
OBX|2|NM|8302-2^TAILLE||163|cm|||||F
OBX|3|NM|8480-6^PRESSION ARTERIELLE SYSTOLIQUE||154|mm[Hg]|||||F
OBX|4|NM|8462-4^PRESSION ARTERIELLE DIASTOLIQUE||87|mm[Hg]|||||F
OBX|5|NM|2339-0^GLUCOSE SANGUIN||6.2|mmol/L|3.5-5.7|H|||F
AL1|1||^AMOXICILLINE||URTICAIRE|
AL1|2||^ASPIRINE||OEDEME DE QUINCKE|
AL1|3||^ARACHIDES||CHOC ANAPHYLACTIQUE|
DG1|1|CIM10|I21.0^Infarctus transmural aigu du myocarde, de la paroi antérieure|Infarctus du myocarde||A
DG1|2|CIM10|I10^Hypertension essentielle (primitive)|Hypertension artérielle||C
DG1|3|CIM10|E11.9^Diabète sucré de type 2 sans complication|Diabète de type 2||C
PR1|1|CCAM|DDQH001^Coronarographie|Coronarographie||20240710103015
GT1|1|8291|DUPONT^JEAN^MARC^JR^M||123 RUE PRINCIPALE^^PARIS^^75001^FRA|(01)23456789||19610615|M|P/F|SLF|1234567890123||||
IN1|1|SECURITE SOCIALE|1|CPAM|||||||||||||||||||||||||||||||||||||||||||
2025-07-25 18:01:12 - INFO - response received::

MSH|^~\&|IRISHL7|ISC|REGADT|MCM|202507251801||ACK^A01|000001|P|2.5.1|1
MSA|CA|000001



2025-07-25 18:05:03 - INFO - Le port 2575 sur 127.0.0.1 est ouvert et accessible.
2025-07-25 18:05:03 - INFO - Message HL7 généré::
MSH|^~\&|REGADT|MCM|IFENG||20250725180503||ADT^A01|000001|P|2.5.1|1||
EVN|A01|199601061000|199601101400|1
PID|||24445670^^^HOPITAL^MRN~FR123456^^^DLNUM^DL|253763|MUNRO^Alice||19310710|F|||77 Rue de Varenne^^PARIS^75^75007^||(01)554437765|(06)098866543|FRENCH|S|C|10199925|1641202898334566
NK1|1|DUPONT^MARIE^|EPOUSE||||ERSONNE A PREVENIR||
PV1|1|H|CARDIO^CHAMBRE201^LIT1||||004777^MARTIN^SOPHIE^DR|||CARDIO|||||ADM|A0|
PV2|||^Chirurgie Programmée||||||||||||||||||||||||||||||||||||||20240712
OBX|1|NM|21612-7^POIDS CORPOREL||52|kg|||||F
OBX|2|NM|8302-2^TAILLE||163|cm|||||F
OBX|3|NM|8480-6^PRESSION ARTERIELLE SYSTOLIQUE||154|mm[Hg]|||||F
OBX|4|NM|8462-4^PRESSION ARTERIELLE DIASTOLIQUE||87|mm[Hg]|||||F
OBX|5|NM|2339-0^GLUCOSE SANGUIN||6.2|mmol/L|3.5-5.7|H|||F
AL1|1||^AMOXICILLINE||URTICAIRE|
AL1|2||^ASPIRINE||OEDEME DE QUINCKE|
AL1|3||^ARACHIDES||CHOC ANAPHYLACTIQUE|
DG1|1|CIM10|I21.0^Infarctus transmural aigu du myocarde, de la paroi antérieure|Infarctus du myocarde||A
DG1|2|CIM10|I10^Hypertension essentielle (primitive)|Hypertension artérielle||C
DG1|3|CIM10|E11.9^Diabète sucré de type 2 sans complication|Diabète de type 2||C
PR1|1|CCAM|DDQH001^Coronarographie|Coronarographie||20240710103015
GT1|1|8291|DUPONT^JEAN^MARC^JR^M||123 RUE PRINCIPALE^^PARIS^^75001^FRA|(01)23456789||19610615|M|P/F|SLF|1234567890123||||
IN1|1|SECURITE SOCIALE|1|CPAM|||||||||||||||||||||||||||||||||||||||||||
2025-07-25 18:05:03 - ERROR - Erreur lors de l'envoi HL7 ::
[Errno 54] Connection reset by peer
2025-07-25 18:06:09 - INFO - Le port 2575 sur 127.0.0.1 est ouvert et accessible.
2025-07-25 18:06:09 - INFO - Message HL7 généré::
MSH|^~\&|REGADT|MCM|IFENG||20250725180609||ADT^A01|000001|P|2.5.1|1||
EVN|A01|199601061000|199601101400|1
PID|||24445670^^^HOPITAL^MRN~FR123456^^^DLNUM^DL|253763|MUNRO^Alice||19310710|F|||77 Rue de Varenne^^PARIS^75^75007^||(01)554437765|(06)098866543|FRENCH|S|C|10199925|1641202898334566
NK1|1|DUPONT^MARIE^|EPOUSE||||ERSONNE A PREVENIR||
PV1|1|H|CARDIO^CHAMBRE201^LIT1||||004777^MARTIN^SOPHIE^DR|||CARDIO|||||ADM|A0|
PV2|||^Chirurgie Programmée||||||||||||||||||||||||||||||||||||||20240712
OBX|1|NM|21612-7^POIDS CORPOREL||52|kg|||||F
OBX|2|NM|8302-2^TAILLE||163|cm|||||F
OBX|3|NM|8480-6^PRESSION ARTERIELLE SYSTOLIQUE||154|mm[Hg]|||||F
OBX|4|NM|8462-4^PRESSION ARTERIELLE DIASTOLIQUE||87|mm[Hg]|||||F
OBX|5|NM|2339-0^GLUCOSE SANGUIN||6.2|mmol/L|3.5-5.7|H|||F
AL1|1||^AMOXICILLINE||URTICAIRE|
AL1|2||^ASPIRINE||OEDEME DE QUINCKE|
AL1|3||^ARACHIDES||CHOC ANAPHYLACTIQUE|
DG1|1|CIM10|I21.0^Infarctus transmural aigu du myocarde, de la paroi antérieure|Infarctus du myocarde||A
DG1|2|CIM10|I10^Hypertension essentielle (primitive)|Hypertension artérielle||C
DG1|3|CIM10|E11.9^Diabète sucré de type 2 sans complication|Diabète de type 2||C
PR1|1|CCAM|DDQH001^Coronarographie|Coronarographie||20240710103015
GT1|1|8291|DUPONT^JEAN^MARC^JR^M||123 RUE PRINCIPALE^^PARIS^^75001^FRA|(01)23456789||19610615|M|P/F|SLF|1234567890123||||
IN1|1|SECURITE SOCIALE|1|CPAM|||||||||||||||||||||||||||||||||||||||||||
2025-07-25 18:06:09 - ERROR - Erreur lors de l'envoi HL7 ::
[Errno 54] Connection reset by peer
2025-07-25 18:06:11 - INFO - Le port 2575 sur 127.0.0.1 est ouvert et accessible.
2025-07-25 18:06:11 - INFO - Message HL7 généré::
MSH|^~\&|REGADT|MCM|IFENG||20250725180611||ADT^A01|000001|P|2.5.1|1||
EVN|A01|199601061000|199601101400|1
PID|||24445670^^^HOPITAL^MRN~FR123456^^^DLNUM^DL|253763|MUNRO^Alice||19310710|F|||77 Rue de Varenne^^PARIS^75^75007^||(01)554437765|(06)098866543|FRENCH|S|C|10199925|1641202898334566
NK1|1|DUPONT^MARIE^|EPOUSE||||ERSONNE A PREVENIR||
PV1|1|H|CARDIO^CHAMBRE201^LIT1||||004777^MARTIN^SOPHIE^DR|||CARDIO|||||ADM|A0|
PV2|||^Chirurgie Programmée||||||||||||||||||||||||||||||||||||||20240712
OBX|1|NM|21612-7^POIDS CORPOREL||52|kg|||||F
OBX|2|NM|8302-2^TAILLE||163|cm|||||F
OBX|3|NM|8480-6^PRESSION ARTERIELLE SYSTOLIQUE||154|mm[Hg]|||||F
OBX|4|NM|8462-4^PRESSION ARTERIELLE DIASTOLIQUE||87|mm[Hg]|||||F
OBX|5|NM|2339-0^GLUCOSE SANGUIN||6.2|mmol/L|3.5-5.7|H|||F
AL1|1||^AMOXICILLINE||URTICAIRE|
AL1|2||^ASPIRINE||OEDEME DE QUINCKE|
AL1|3||^ARACHIDES||CHOC ANAPHYLACTIQUE|
DG1|1|CIM10|I21.0^Infarctus transmural aigu du myocarde, de la paroi antérieure|Infarctus du myocarde||A
DG1|2|CIM10|I10^Hypertension essentielle (primitive)|Hypertension artérielle||C
DG1|3|CIM10|E11.9^Diabète sucré de type 2 sans complication|Diabète de type 2||C
PR1|1|CCAM|DDQH001^Coronarographie|Coronarographie||20240710103015
GT1|1|8291|DUPONT^JEAN^MARC^JR^M||123 RUE PRINCIPALE^^PARIS^^75001^FRA|(01)23456789||19610615|M|P/F|SLF|1234567890123||||
IN1|1|SECURITE SOCIALE|1|CPAM|||||||||||||||||||||||||||||||||||||||||||
2025-07-25 18:06:11 - INFO - réponse reçue::

MSH|^~\&|IRISHL7|ISC|REGADT|MCM|202507251806||ACK^A01|000001|P|2.5.1|1
MSA|CA|000001



2025-07-25 18:06:12 - INFO - Le port 2575 sur 127.0.0.1 est ouvert et accessible.
2025-07-25 18:06:12 - INFO - Message HL7 généré::
MSH|^~\&|REGADT|MCM|IFENG||20250725180612||ADT^A01|000001|P|2.5.1|1||
EVN|A01|199601061000|199601101400|1
PID|||24445670^^^HOPITAL^MRN~FR123456^^^DLNUM^DL|253763|MUNRO^Alice||19310710|F|||77 Rue de Varenne^^PARIS^75^75007^||(01)554437765|(06)098866543|FRENCH|S|C|10199925|1641202898334566
NK1|1|DUPONT^MARIE^|EPOUSE||||ERSONNE A PREVENIR||
PV1|1|H|CARDIO^CHAMBRE201^LIT1||||004777^MARTIN^SOPHIE^DR|||CARDIO|||||ADM|A0|
PV2|||^Chirurgie Programmée||||||||||||||||||||||||||||||||||||||20240712
OBX|1|NM|21612-7^POIDS CORPOREL||52|kg|||||F
OBX|2|NM|8302-2^TAILLE||163|cm|||||F
OBX|3|NM|8480-6^PRESSION ARTERIELLE SYSTOLIQUE||154|mm[Hg]|||||F
OBX|4|NM|8462-4^PRESSION ARTERIELLE DIASTOLIQUE||87|mm[Hg]|||||F
OBX|5|NM|2339-0^GLUCOSE SANGUIN||6.2|mmol/L|3.5-5.7|H|||F
AL1|1||^AMOXICILLINE||URTICAIRE|
AL1|2||^ASPIRINE||OEDEME DE QUINCKE|
AL1|3||^ARACHIDES||CHOC ANAPHYLACTIQUE|
DG1|1|CIM10|I21.0^Infarctus transmural aigu du myocarde, de la paroi antérieure|Infarctus du myocarde||A
DG1|2|CIM10|I10^Hypertension essentielle (primitive)|Hypertension artérielle||C
DG1|3|CIM10|E11.9^Diabète sucré de type 2 sans complication|Diabète de type 2||C
PR1|1|CCAM|DDQH001^Coronarographie|Coronarographie||20240710103015
GT1|1|8291|DUPONT^JEAN^MARC^JR^M||123 RUE PRINCIPALE^^PARIS^^75001^FRA|(01)23456789||19610615|M|P/F|SLF|1234567890123||||
IN1|1|SECURITE SOCIALE|1|CPAM|||||||||||||||||||||||||||||||||||||||||||
2025-07-25 18:06:12 - INFO - réponse reçue::

MSH|^~\&|IRISHL7|ISC|REGADT|MCM|202507251806||ACK^A01|000001|P|2.5.1|1
MSA|CA|000001



2025-07-25 18:06:12 - INFO - Le port 2575 sur 127.0.0.1 est ouvert et accessible.
2025-07-25 18:06:12 - INFO - Message HL7 généré::
MSH|^~\&|REGADT|MCM|IFENG||20250725180612||ADT^A01|000001|P|2.5.1|1||
EVN|A01|199601061000|199601101400|1
PID|||24445670^^^HOPITAL^MRN~FR123456^^^DLNUM^DL|253763|MUNRO^Alice||19310710|F|||77 Rue de Varenne^^PARIS^75^75007^||(01)554437765|(06)098866543|FRENCH|S|C|10199925|1641202898334566
NK1|1|DUPONT^MARIE^|EPOUSE||||ERSONNE A PREVENIR||
PV1|1|H|CARDIO^CHAMBRE201^LIT1||||004777^MARTIN^SOPHIE^DR|||CARDIO|||||ADM|A0|
PV2|||^Chirurgie Programmée||||||||||||||||||||||||||||||||||||||20240712
OBX|1|NM|21612-7^POIDS CORPOREL||52|kg|||||F
OBX|2|NM|8302-2^TAILLE||163|cm|||||F
OBX|3|NM|8480-6^PRESSION ARTERIELLE SYSTOLIQUE||154|mm[Hg]|||||F
OBX|4|NM|8462-4^PRESSION ARTERIELLE DIASTOLIQUE||87|mm[Hg]|||||F
OBX|5|NM|2339-0^GLUCOSE SANGUIN||6.2|mmol/L|3.5-5.7|H|||F
AL1|1||^AMOXICILLINE||URTICAIRE|
AL1|2||^ASPIRINE||OEDEME DE QUINCKE|
AL1|3||^ARACHIDES||CHOC ANAPHYLACTIQUE|
DG1|1|CIM10|I21.0^Infarctus transmural aigu du myocarde, de la paroi antérieure|Infarctus du myocarde||A
DG1|2|CIM10|I10^Hypertension essentielle (primitive)|Hypertension artérielle||C
DG1|3|CIM10|E11.9^Diabète sucré de type 2 sans complication|Diabète de type 2||C
PR1|1|CCAM|DDQH001^Coronarographie|Coronarographie||20240710103015
GT1|1|8291|DUPONT^JEAN^MARC^JR^M||123 RUE PRINCIPALE^^PARIS^^75001^FRA|(01)23456789||19610615|M|P/F|SLF|1234567890123||||
IN1|1|SECURITE SOCIALE|1|CPAM|||||||||||||||||||||||||||||||||||||||||||
2025-07-25 18:06:12 - INFO - réponse reçue::

MSH|^~\&|IRISHL7|ISC|REGADT|MCM|202507251806||ACK^A01|000001|P|2.5.1|1
MSA|CA|000001



2025-07-25 18:06:13 - INFO - Le port 2575 sur 127.0.0.1 est ouvert et accessible.
2025-07-25 18:06:13 - INFO - Message HL7 généré::
MSH|^~\&|REGADT|MCM|IFENG||20250725180613||ADT^A01|000001|P|2.5.1|1||
EVN|A01|199601061000|199601101400|1
PID|||24445670^^^HOPITAL^MRN~FR123456^^^DLNUM^DL|253763|MUNRO^Alice||19310710|F|||77 Rue de Varenne^^PARIS^75^75007^||(01)554437765|(06)098866543|FRENCH|S|C|10199925|1641202898334566
NK1|1|DUPONT^MARIE^|EPOUSE||||ERSONNE A PREVENIR||
PV1|1|H|CARDIO^CHAMBRE201^LIT1||||004777^MARTIN^SOPHIE^DR|||CARDIO|||||ADM|A0|
PV2|||^Chirurgie Programmée||||||||||||||||||||||||||||||||||||||20240712
OBX|1|NM|21612-7^POIDS CORPOREL||52|kg|||||F
OBX|2|NM|8302-2^TAILLE||163|cm|||||F
OBX|3|NM|8480-6^PRESSION ARTERIELLE SYSTOLIQUE||154|mm[Hg]|||||F
OBX|4|NM|8462-4^PRESSION ARTERIELLE DIASTOLIQUE||87|mm[Hg]|||||F
OBX|5|NM|2339-0^GLUCOSE SANGUIN||6.2|mmol/L|3.5-5.7|H|||F
AL1|1||^AMOXICILLINE||URTICAIRE|
AL1|2||^ASPIRINE||OEDEME DE QUINCKE|
AL1|3||^ARACHIDES||CHOC ANAPHYLACTIQUE|
DG1|1|CIM10|I21.0^Infarctus transmural aigu du myocarde, de la paroi antérieure|Infarctus du myocarde||A
DG1|2|CIM10|I10^Hypertension essentielle (primitive)|Hypertension artérielle||C
DG1|3|CIM10|E11.9^Diabète sucré de type 2 sans complication|Diabète de type 2||C
PR1|1|CCAM|DDQH001^Coronarographie|Coronarographie||20240710103015
GT1|1|8291|DUPONT^JEAN^MARC^JR^M||123 RUE PRINCIPALE^^PARIS^^75001^FRA|(01)23456789||19610615|M|P/F|SLF|1234567890123||||
IN1|1|SECURITE SOCIALE|1|CPAM|||||||||||||||||||||||||||||||||||||||||||
2025-07-25 18:06:13 - INFO - réponse reçue::

MSH|^~\&|IRISHL7|ISC|REGADT|MCM|202507251806||ACK^A01|000001|P|2.5.1|1
MSA|CA|000001



2025-07-25 18:06:14 - INFO - Le port 2575 sur 127.0.0.1 est ouvert et accessible.
2025-07-25 18:06:14 - INFO - Message HL7 généré::
MSH|^~\&|REGADT|MCM|IFENG||20250725180614||ADT^A01|000001|P|2.5.1|1||
EVN|A01|199601061000|199601101400|1
PID|||24445670^^^HOPITAL^MRN~FR123456^^^DLNUM^DL|253763|MUNRO^Alice||19310710|F|||77 Rue de Varenne^^PARIS^75^75007^||(01)554437765|(06)098866543|FRENCH|S|C|10199925|1641202898334566
NK1|1|DUPONT^MARIE^|EPOUSE||||ERSONNE A PREVENIR||
PV1|1|H|CARDIO^CHAMBRE201^LIT1||||004777^MARTIN^SOPHIE^DR|||CARDIO|||||ADM|A0|
PV2|||^Chirurgie Programmée||||||||||||||||||||||||||||||||||||||20240712
OBX|1|NM|21612-7^POIDS CORPOREL||52|kg|||||F
OBX|2|NM|8302-2^TAILLE||163|cm|||||F
OBX|3|NM|8480-6^PRESSION ARTERIELLE SYSTOLIQUE||154|mm[Hg]|||||F
OBX|4|NM|8462-4^PRESSION ARTERIELLE DIASTOLIQUE||87|mm[Hg]|||||F
OBX|5|NM|2339-0^GLUCOSE SANGUIN||6.2|mmol/L|3.5-5.7|H|||F
AL1|1||^AMOXICILLINE||URTICAIRE|
AL1|2||^ASPIRINE||OEDEME DE QUINCKE|
AL1|3||^ARACHIDES||CHOC ANAPHYLACTIQUE|
DG1|1|CIM10|I21.0^Infarctus transmural aigu du myocarde, de la paroi antérieure|Infarctus du myocarde||A
DG1|2|CIM10|I10^Hypertension essentielle (primitive)|Hypertension artérielle||C
DG1|3|CIM10|E11.9^Diabète sucré de type 2 sans complication|Diabète de type 2||C
PR1|1|CCAM|DDQH001^Coronarographie|Coronarographie||20240710103015
GT1|1|8291|DUPONT^JEAN^MARC^JR^M||123 RUE PRINCIPALE^^PARIS^^75001^FRA|(01)23456789||19610615|M|P/F|SLF|1234567890123||||
IN1|1|SECURITE SOCIALE|1|CPAM|||||||||||||||||||||||||||||||||||||||||||
2025-07-25 18:06:14 - INFO - réponse reçue::

MSH|^~\&|IRISHL7|ISC|REGADT|MCM|202507251806||ACK^A01|000001|P|2.5.1|1
MSA|CA|000001



2025-07-25 18:06:16 - INFO - Port 2575 on 127.0.0.1 is open and accessible.
2025-07-25 18:06:16 - INFO - HL7 message generated::
MSH|^~\&|REGADT|MCM|IFENG||20250725180616||ADT^A01|000001|P|2.5.1|1||
EVN|A01|199601061000|199601101400|1
PID|||24445670^^^HOPITAL^MRN~FR123456^^^DLNUM^DL|253763|MUNRO^Alice||19310710|F|||77 Rue de Varenne^^PARIS^75^75007^||(01)554437765|(06)098866543|FRENCH|S|C|10199925|1641202898334566
NK1|1|DUPONT^MARIE^|EPOUSE||||ERSONNE A PREVENIR||
PV1|1|H|CARDIO^CHAMBRE201^LIT1||||004777^MARTIN^SOPHIE^DR|||CARDIO|||||ADM|A0|
PV2|||^Chirurgie Programmée||||||||||||||||||||||||||||||||||||||20240712
OBX|1|NM|21612-7^POIDS CORPOREL||52|kg|||||F
OBX|2|NM|8302-2^TAILLE||163|cm|||||F
OBX|3|NM|8480-6^PRESSION ARTERIELLE SYSTOLIQUE||154|mm[Hg]|||||F
OBX|4|NM|8462-4^PRESSION ARTERIELLE DIASTOLIQUE||87|mm[Hg]|||||F
OBX|5|NM|2339-0^GLUCOSE SANGUIN||6.2|mmol/L|3.5-5.7|H|||F
AL1|1||^AMOXICILLINE||URTICAIRE|
AL1|2||^ASPIRINE||OEDEME DE QUINCKE|
AL1|3||^ARACHIDES||CHOC ANAPHYLACTIQUE|
DG1|1|CIM10|I21.0^Infarctus transmural aigu du myocarde, de la paroi antérieure|Infarctus du myocarde||A
DG1|2|CIM10|I10^Hypertension essentielle (primitive)|Hypertension artérielle||C
DG1|3|CIM10|E11.9^Diabète sucré de type 2 sans complication|Diabète de type 2||C
PR1|1|CCAM|DDQH001^Coronarographie|Coronarographie||20240710103015
GT1|1|8291|DUPONT^JEAN^MARC^JR^M||123 RUE PRINCIPALE^^PARIS^^75001^FRA|(01)23456789||19610615|M|P/F|SLF|1234567890123||||
IN1|1|SECURITE SOCIALE|1|CPAM|||||||||||||||||||||||||||||||||||||||||||
2025-07-25 18:06:16 - INFO - response received::

MSH|^~\&|IRISHL7|ISC|REGADT|MCM|202507251806||ACK^A01|000001|P|2.5.1|1
MSA|CA|000001



2025-07-25 18:06:17 - INFO - Port 2575 on 127.0.0.1 is open and accessible.
2025-07-25 18:06:17 - INFO - HL7 message generated::
MSH|^~\&|REGADT|MCM|IFENG||20250725180617||ADT^A01|000001|P|2.5.1|1||
EVN|A01|199601061000|199601101400|1
PID|||24445670^^^HOPITAL^MRN~FR123456^^^DLNUM^DL|253763|MUNRO^Alice||19310710|F|||77 Rue de Varenne^^PARIS^75^75007^||(01)554437765|(06)098866543|FRENCH|S|C|10199925|1641202898334566
NK1|1|DUPONT^MARIE^|EPOUSE||||ERSONNE A PREVENIR||
PV1|1|H|CARDIO^CHAMBRE201^LIT1||||004777^MARTIN^SOPHIE^DR|||CARDIO|||||ADM|A0|
PV2|||^Chirurgie Programmée||||||||||||||||||||||||||||||||||||||20240712
OBX|1|NM|21612-7^POIDS CORPOREL||52|kg|||||F
OBX|2|NM|8302-2^TAILLE||163|cm|||||F
OBX|3|NM|8480-6^PRESSION ARTERIELLE SYSTOLIQUE||154|mm[Hg]|||||F
OBX|4|NM|8462-4^PRESSION ARTERIELLE DIASTOLIQUE||87|mm[Hg]|||||F
OBX|5|NM|2339-0^GLUCOSE SANGUIN||6.2|mmol/L|3.5-5.7|H|||F
AL1|1||^AMOXICILLINE||URTICAIRE|
AL1|2||^ASPIRINE||OEDEME DE QUINCKE|
AL1|3||^ARACHIDES||CHOC ANAPHYLACTIQUE|
DG1|1|CIM10|I21.0^Infarctus transmural aigu du myocarde, de la paroi antérieure|Infarctus du myocarde||A
DG1|2|CIM10|I10^Hypertension essentielle (primitive)|Hypertension artérielle||C
DG1|3|CIM10|E11.9^Diabète sucré de type 2 sans complication|Diabète de type 2||C
PR1|1|CCAM|DDQH001^Coronarographie|Coronarographie||20240710103015
GT1|1|8291|DUPONT^JEAN^MARC^JR^M||123 RUE PRINCIPALE^^PARIS^^75001^FRA|(01)23456789||19610615|M|P/F|SLF|1234567890123||||
IN1|1|SECURITE SOCIALE|1|CPAM|||||||||||||||||||||||||||||||||||||||||||
2025-07-25 18:06:17 - INFO - response received::

MSH|^~\&|IRISHL7|ISC|REGADT|MCM|202507251806||ACK^A01|000001|P|2.5.1|1
MSA|CA|000001



2025-07-25 18:06:17 - INFO - Port 2575 on 127.0.0.1 is open and accessible.
2025-07-25 18:06:17 - INFO - HL7 message generated::
MSH|^~\&|REGADT|MCM|IFENG||20250725180617||ADT^A01|000001|P|2.5.1|1||
EVN|A01|199601061000|199601101400|1
PID|||24445670^^^HOPITAL^MRN~FR123456^^^DLNUM^DL|253763|MUNRO^Alice||19310710|F|||77 Rue de Varenne^^PARIS^75^75007^||(01)554437765|(06)098866543|FRENCH|S|C|10199925|1641202898334566
NK1|1|DUPONT^MARIE^|EPOUSE||||ERSONNE A PREVENIR||
PV1|1|H|CARDIO^CHAMBRE201^LIT1||||004777^MARTIN^SOPHIE^DR|||CARDIO|||||ADM|A0|
PV2|||^Chirurgie Programmée||||||||||||||||||||||||||||||||||||||20240712
OBX|1|NM|21612-7^POIDS CORPOREL||52|kg|||||F
OBX|2|NM|8302-2^TAILLE||163|cm|||||F
OBX|3|NM|8480-6^PRESSION ARTERIELLE SYSTOLIQUE||154|mm[Hg]|||||F
OBX|4|NM|8462-4^PRESSION ARTERIELLE DIASTOLIQUE||87|mm[Hg]|||||F
OBX|5|NM|2339-0^GLUCOSE SANGUIN||6.2|mmol/L|3.5-5.7|H|||F
AL1|1||^AMOXICILLINE||URTICAIRE|
AL1|2||^ASPIRINE||OEDEME DE QUINCKE|
AL1|3||^ARACHIDES||CHOC ANAPHYLACTIQUE|
DG1|1|CIM10|I21.0^Infarctus transmural aigu du myocarde, de la paroi antérieure|Infarctus du myocarde||A
DG1|2|CIM10|I10^Hypertension essentielle (primitive)|Hypertension artérielle||C
DG1|3|CIM10|E11.9^Diabète sucré de type 2 sans complication|Diabète de type 2||C
PR1|1|CCAM|DDQH001^Coronarographie|Coronarographie||20240710103015
GT1|1|8291|DUPONT^JEAN^MARC^JR^M||123 RUE PRINCIPALE^^PARIS^^75001^FRA|(01)23456789||19610615|M|P/F|SLF|1234567890123||||
IN1|1|SECURITE SOCIALE|1|CPAM|||||||||||||||||||||||||||||||||||||||||||
2025-07-25 18:06:17 - INFO - response received::

MSH|^~\&|IRISHL7|ISC|REGADT|MCM|202507251806||ACK^A01|000001|P|2.5.1|1
MSA|CA|000001



2025-07-25 18:06:17 - INFO - Port 2575 on 127.0.0.1 is open and accessible.
2025-07-25 18:06:17 - INFO - HL7 message generated::
MSH|^~\&|REGADT|MCM|IFENG||20250725180617||ADT^A01|000001|P|2.5.1|1||
EVN|A01|199601061000|199601101400|1
PID|||24445670^^^HOPITAL^MRN~FR123456^^^DLNUM^DL|253763|MUNRO^Alice||19310710|F|||77 Rue de Varenne^^PARIS^75^75007^||(01)554437765|(06)098866543|FRENCH|S|C|10199925|1641202898334566
NK1|1|DUPONT^MARIE^|EPOUSE||||ERSONNE A PREVENIR||
PV1|1|H|CARDIO^CHAMBRE201^LIT1||||004777^MARTIN^SOPHIE^DR|||CARDIO|||||ADM|A0|
PV2|||^Chirurgie Programmée||||||||||||||||||||||||||||||||||||||20240712
OBX|1|NM|21612-7^POIDS CORPOREL||52|kg|||||F
OBX|2|NM|8302-2^TAILLE||163|cm|||||F
OBX|3|NM|8480-6^PRESSION ARTERIELLE SYSTOLIQUE||154|mm[Hg]|||||F
OBX|4|NM|8462-4^PRESSION ARTERIELLE DIASTOLIQUE||87|mm[Hg]|||||F
OBX|5|NM|2339-0^GLUCOSE SANGUIN||6.2|mmol/L|3.5-5.7|H|||F
AL1|1||^AMOXICILLINE||URTICAIRE|
AL1|2||^ASPIRINE||OEDEME DE QUINCKE|
AL1|3||^ARACHIDES||CHOC ANAPHYLACTIQUE|
DG1|1|CIM10|I21.0^Infarctus transmural aigu du myocarde, de la paroi antérieure|Infarctus du myocarde||A
DG1|2|CIM10|I10^Hypertension essentielle (primitive)|Hypertension artérielle||C
DG1|3|CIM10|E11.9^Diabète sucré de type 2 sans complication|Diabète de type 2||C
PR1|1|CCAM|DDQH001^Coronarographie|Coronarographie||20240710103015
GT1|1|8291|DUPONT^JEAN^MARC^JR^M||123 RUE PRINCIPALE^^PARIS^^75001^FRA|(01)23456789||19610615|M|P/F|SLF|1234567890123||||
IN1|1|SECURITE SOCIALE|1|CPAM|||||||||||||||||||||||||||||||||||||||||||
2025-07-25 18:06:18 - INFO - response received::

MSH|^~\&|IRISHL7|ISC|REGADT|MCM|202507251806||ACK^A01|000001|P|2.5.1|1
MSA|CA|000001



2025-07-25 18:09:07 - INFO - Port 2575 on 127.0.0.1 is open and accessible.
2025-07-25 18:09:07 - INFO - HL7 message generated::
MSH|^~\&|REGADT|MCM|IFENG||20250725180907||ADT^A01|000001|P|2.5.1|1||
EVN|A01|199601061000|199601101400|1
PID|||24445670^^^HOPITAL^MRN~FR123456^^^DLNUM^DL|253763|MUNRO^Alice||19310710|F|||77 Rue de Varenne^^PARIS^75^75007^||(01)554437765|(06)098866543|FRENCH|S|C|10199925|1641202898334566
NK1|1|DUPONT^MARIE^|EPOUSE||||ERSONNE A PREVENIR||
PV1|1|H|CARDIO^CHAMBRE201^LIT1||||004777^MARTIN^SOPHIE^DR|||CARDIO|||||ADM|A0|
PV2|||^Chirurgie Programmée||||||||||||||||||||||||||||||||||||||20240712
OBX|1|NM|21612-7^POIDS CORPOREL||52|kg|||||F
OBX|2|NM|8302-2^TAILLE||163|cm|||||F
OBX|3|NM|8480-6^PRESSION ARTERIELLE SYSTOLIQUE||154|mm[Hg]|||||F
OBX|4|NM|8462-4^PRESSION ARTERIELLE DIASTOLIQUE||87|mm[Hg]|||||F
OBX|5|NM|2339-0^GLUCOSE SANGUIN||6.2|mmol/L|3.5-5.7|H|||F
AL1|1||^AMOXICILLINE||URTICAIRE|
AL1|2||^ASPIRINE||OEDEME DE QUINCKE|
AL1|3||^ARACHIDES||CHOC ANAPHYLACTIQUE|
DG1|1|CIM10|I21.0^Infarctus transmural aigu du myocarde, de la paroi antérieure|Infarctus du myocarde||A
DG1|2|CIM10|I10^Hypertension essentielle (primitive)|Hypertension artérielle||C
DG1|3|CIM10|E11.9^Diabète sucré de type 2 sans complication|Diabète de type 2||C
PR1|1|CCAM|DDQH001^Coronarographie|Coronarographie||20240710103015
GT1|1|8291|DUPONT^JEAN^MARC^JR^M||123 RUE PRINCIPALE^^PARIS^^75001^FRA|(01)23456789||19610615|M|P/F|SLF|1234567890123||||
IN1|1|SECURITE SOCIALE|1|CPAM|||||||||||||||||||||||||||||||||||||||||||
2025-07-25 18:09:07 - INFO - response received::

MSH|^~\&|IRISHL7|ISC|REGADT|MCM|202507251809||ACK^A01|000001|P|2.5.1|1
MSA|CA|000001



2025-07-25 18:09:08 - INFO - Port 2575 on 127.0.0.1 is open and accessible.
2025-07-25 18:09:08 - INFO - HL7 message generated::
MSH|^~\&|REGADT|MCM|IFENG||20250725180908||ADT^A01|000001|P|2.5.1|1||
EVN|A01|199601061000|199601101400|1
PID|||24445670^^^HOPITAL^MRN~FR123456^^^DLNUM^DL|253763|MUNRO^Alice||19310710|F|||77 Rue de Varenne^^PARIS^75^75007^||(01)554437765|(06)098866543|FRENCH|S|C|10199925|1641202898334566
NK1|1|DUPONT^MARIE^|EPOUSE||||ERSONNE A PREVENIR||
PV1|1|H|CARDIO^CHAMBRE201^LIT1||||004777^MARTIN^SOPHIE^DR|||CARDIO|||||ADM|A0|
PV2|||^Chirurgie Programmée||||||||||||||||||||||||||||||||||||||20240712
OBX|1|NM|21612-7^POIDS CORPOREL||52|kg|||||F
OBX|2|NM|8302-2^TAILLE||163|cm|||||F
OBX|3|NM|8480-6^PRESSION ARTERIELLE SYSTOLIQUE||154|mm[Hg]|||||F
OBX|4|NM|8462-4^PRESSION ARTERIELLE DIASTOLIQUE||87|mm[Hg]|||||F
OBX|5|NM|2339-0^GLUCOSE SANGUIN||6.2|mmol/L|3.5-5.7|H|||F
AL1|1||^AMOXICILLINE||URTICAIRE|
AL1|2||^ASPIRINE||OEDEME DE QUINCKE|
AL1|3||^ARACHIDES||CHOC ANAPHYLACTIQUE|
DG1|1|CIM10|I21.0^Infarctus transmural aigu du myocarde, de la paroi antérieure|Infarctus du myocarde||A
DG1|2|CIM10|I10^Hypertension essentielle (primitive)|Hypertension artérielle||C
DG1|3|CIM10|E11.9^Diabète sucré de type 2 sans complication|Diabète de type 2||C
PR1|1|CCAM|DDQH001^Coronarographie|Coronarographie||20240710103015
GT1|1|8291|DUPONT^JEAN^MARC^JR^M||123 RUE PRINCIPALE^^PARIS^^75001^FRA|(01)23456789||19610615|M|P/F|SLF|1234567890123||||
IN1|1|SECURITE SOCIALE|1|CPAM|||||||||||||||||||||||||||||||||||||||||||
2025-07-25 18:09:08 - INFO - response received::

MSH|^~\&|IRISHL7|ISC|REGADT|MCM|202507251809||ACK^A01|000001|P|2.5.1|1
MSA|CA|000001



2025-07-25 18:09:19 - INFO - El puerto 2575 en 127.0.0.1 está abierto y accesible.
2025-07-25 18:09:19 - INFO - Mensaje HL7 generado::
MSH|^~\&|REGADT|MCM|IFENG||20250725180918||ADT^A01|000001|P|2.5.1|1||
EVN|A01|199601061000|199601101400|1
PID|||24445670^^^HOPITAL^MRN~FR123456^^^DLNUM^DL|253763|MUNRO^Alice||19310710|F|||77 Rue de Varenne^^PARIS^75^75007^||(01)554437765|(06)098866543|FRENCH|S|C|10199925|1641202898334566
NK1|1|DUPONT^MARIE^|EPOUSE||||ERSONNE A PREVENIR||
PV1|1|H|CARDIO^CHAMBRE201^LIT1||||004777^MARTIN^SOPHIE^DR|||CARDIO|||||ADM|A0|
PV2|||^Chirurgie Programmée||||||||||||||||||||||||||||||||||||||20240712
OBX|1|NM|21612-7^POIDS CORPOREL||52|kg|||||F
OBX|2|NM|8302-2^TAILLE||163|cm|||||F
OBX|3|NM|8480-6^PRESSION ARTERIELLE SYSTOLIQUE||154|mm[Hg]|||||F
OBX|4|NM|8462-4^PRESSION ARTERIELLE DIASTOLIQUE||87|mm[Hg]|||||F
OBX|5|NM|2339-0^GLUCOSE SANGUIN||6.2|mmol/L|3.5-5.7|H|||F
AL1|1||^AMOXICILLINE||URTICAIRE|
AL1|2||^ASPIRINE||OEDEME DE QUINCKE|
AL1|3||^ARACHIDES||CHOC ANAPHYLACTIQUE|
DG1|1|CIM10|I21.0^Infarctus transmural aigu du myocarde, de la paroi antérieure|Infarctus du myocarde||A
DG1|2|CIM10|I10^Hypertension essentielle (primitive)|Hypertension artérielle||C
DG1|3|CIM10|E11.9^Diabète sucré de type 2 sans complication|Diabète de type 2||C
PR1|1|CCAM|DDQH001^Coronarographie|Coronarographie||20240710103015
GT1|1|8291|DUPONT^JEAN^MARC^JR^M||123 RUE PRINCIPALE^^PARIS^^75001^FRA|(01)23456789||19610615|M|P/F|SLF|1234567890123||||
IN1|1|SECURITE SOCIALE|1|CPAM|||||||||||||||||||||||||||||||||||||||||||
2025-07-25 18:09:19 - ERROR - Error al enviar HL7 ::
[Errno 54] Connection reset by peer
2025-07-25 18:09:27 - INFO - El puerto 2575 en 127.0.0.1 está abierto y accesible.
2025-07-25 18:09:27 - INFO - Mensaje HL7 generado::
MSH|^~\&|REGADT|MCM|IFENG||20250725180927||ADT^A01|000001|P|2.5.1|1||
EVN|A01|199601061000|199601101400|1
PID|||24445670^^^HOPITAL^MRN~FR123456^^^DLNUM^DL|253763|MUNRO^Alice||19310710|F|||77 Rue de Varenne^^PARIS^75^75007^||(01)554437765|(06)098866543|FRENCH|S|C|10199925|1641202898334566
NK1|1|DUPONT^MARIE^|EPOUSE||||ERSONNE A PREVENIR||
PV1|1|H|CARDIO^CHAMBRE201^LIT1||||004777^MARTIN^SOPHIE^DR|||CARDIO|||||ADM|A0|
PV2|||^Chirurgie Programmée||||||||||||||||||||||||||||||||||||||20240712
OBX|1|NM|21612-7^POIDS CORPOREL||52|kg|||||F
OBX|2|NM|8302-2^TAILLE||163|cm|||||F
OBX|3|NM|8480-6^PRESSION ARTERIELLE SYSTOLIQUE||154|mm[Hg]|||||F
OBX|4|NM|8462-4^PRESSION ARTERIELLE DIASTOLIQUE||87|mm[Hg]|||||F
OBX|5|NM|2339-0^GLUCOSE SANGUIN||6.2|mmol/L|3.5-5.7|H|||F
AL1|1||^AMOXICILLINE||URTICAIRE|
AL1|2||^ASPIRINE||OEDEME DE QUINCKE|
AL1|3||^ARACHIDES||CHOC ANAPHYLACTIQUE|
DG1|1|CIM10|I21.0^Infarctus transmural aigu du myocarde, de la paroi antérieure|Infarctus du myocarde||A
DG1|2|CIM10|I10^Hypertension essentielle (primitive)|Hypertension artérielle||C
DG1|3|CIM10|E11.9^Diabète sucré de type 2 sans complication|Diabète de type 2||C
PR1|1|CCAM|DDQH001^Coronarographie|Coronarographie||20240710103015
GT1|1|8291|DUPONT^JEAN^MARC^JR^M||123 RUE PRINCIPALE^^PARIS^^75001^FRA|(01)23456789||19610615|M|P/F|SLF|1234567890123||||
IN1|1|SECURITE SOCIALE|1|CPAM|||||||||||||||||||||||||||||||||||||||||||
2025-07-25 18:09:27 - INFO - respuesta recibida::

MSH|^~\&|IRISHL7|ISC|REGADT|MCM|202507251809||ACK^A01|000001|P|2.5.1|1
MSA|CA|000001



2025-07-25 18:09:30 - INFO - El puerto 2575 en 127.0.0.1 está abierto y accesible.
2025-07-25 18:09:30 - INFO - Mensaje HL7 generado::
MSH|^~\&|REGADT|MCM|IFENG||20250725180930||ADT^A01|000001|P|2.5.1|1||
EVN|A01|199601061000|199601101400|1
PID|||24445670^^^HOPITAL^MRN~FR123456^^^DLNUM^DL|253763|MUNRO^Alice||19310710|F|||77 Rue de Varenne^^PARIS^75^75007^||(01)554437765|(06)098866543|FRENCH|S|C|10199925|1641202898334566
NK1|1|DUPONT^MARIE^|EPOUSE||||ERSONNE A PREVENIR||
PV1|1|H|CARDIO^CHAMBRE201^LIT1||||004777^MARTIN^SOPHIE^DR|||CARDIO|||||ADM|A0|
PV2|||^Chirurgie Programmée||||||||||||||||||||||||||||||||||||||20240712
OBX|1|NM|21612-7^POIDS CORPOREL||52|kg|||||F
OBX|2|NM|8302-2^TAILLE||163|cm|||||F
OBX|3|NM|8480-6^PRESSION ARTERIELLE SYSTOLIQUE||154|mm[Hg]|||||F
OBX|4|NM|8462-4^PRESSION ARTERIELLE DIASTOLIQUE||87|mm[Hg]|||||F
OBX|5|NM|2339-0^GLUCOSE SANGUIN||6.2|mmol/L|3.5-5.7|H|||F
AL1|1||^AMOXICILLINE||URTICAIRE|
AL1|2||^ASPIRINE||OEDEME DE QUINCKE|
AL1|3||^ARACHIDES||CHOC ANAPHYLACTIQUE|
DG1|1|CIM10|I21.0^Infarctus transmural aigu du myocarde, de la paroi antérieure|Infarctus du myocarde||A
DG1|2|CIM10|I10^Hypertension essentielle (primitive)|Hypertension artérielle||C
DG1|3|CIM10|E11.9^Diabète sucré de type 2 sans complication|Diabète de type 2||C
PR1|1|CCAM|DDQH001^Coronarographie|Coronarographie||20240710103015
GT1|1|8291|DUPONT^JEAN^MARC^JR^M||123 RUE PRINCIPALE^^PARIS^^75001^FRA|(01)23456789||19610615|M|P/F|SLF|1234567890123||||
IN1|1|SECURITE SOCIALE|1|CPAM|||||||||||||||||||||||||||||||||||||||||||
2025-07-25 18:09:30 - INFO - respuesta recibida::

MSH|^~\&|IRISHL7|ISC|REGADT|MCM|202507251809||ACK^A01|000001|P|2.5.1|1
MSA|CA|000001



2025-07-25 18:09:46 - INFO - Le port 2575 sur 127.0.0.1 est ouvert et accessible.
2025-07-25 18:09:46 - INFO - Message HL7 généré::
MSH|^~\&|REGADT|MCM|IFENG||20250725180946||ADT^A01|000001|P|2.5.1|1||
EVN|A01|199601061000|199601101400|1
PID|||24445670^^^HOPITAL^MRN~FR123456^^^DLNUM^DL|253763|MUNRO^AAlice||19310710|F|||77 Rue de Varenne^^PARIS^75^75007^||(01)554437765|(06)098866543|FRENCH|S|C|10199925|1641202898334566
NK1|1|DUPONT^MARIE^|EPOUSE||||ERSONNE A PREVENIR||
PV1|1|H|CARDIO^CHAMBRE201^LIT1||||004777^MARTIN^SOPHIE^DR|||CARDIO|||||ADM|A0|
PV2|||^Chirurgie Programmée||||||||||||||||||||||||||||||||||||||20240712
OBX|1|NM|21612-7^POIDS CORPOREL||52|kg|||||F
OBX|2|NM|8302-2^TAILLE||163|cm|||||F
OBX|3|NM|8480-6^PRESSION ARTERIELLE SYSTOLIQUE||154|mm[Hg]|||||F
OBX|4|NM|8462-4^PRESSION ARTERIELLE DIASTOLIQUE||87|mm[Hg]|||||F
OBX|5|NM|2339-0^GLUCOSE SANGUIN||6.2|mmol/L|3.5-5.7|H|||F
AL1|1||^AMOXICILLINE||URTICAIRE|
AL1|2||^ASPIRINE||OEDEME DE QUINCKE|
AL1|3||^ARACHIDES||CHOC ANAPHYLACTIQUE|
DG1|1|CIM10|I21.0^Infarctus transmural aigu du myocarde, de la paroi antérieure|Infarctus du myocarde||A
DG1|2|CIM10|I10^Hypertension essentielle (primitive)|Hypertension artérielle||C
DG1|3|CIM10|E11.9^Diabète sucré de type 2 sans complication|Diabète de type 2||C
PR1|1|CCAM|DDQH001^Coronarographie|Coronarographie||20240710103015
GT1|1|8291|DUPONT^JEAN^MARC^JR^M||123 RUE PRINCIPALE^^PARIS^^75001^FRA|(01)23456789||19610615|M|P/F|SLF|1234567890123||||
IN1|1|SECURITE SOCIALE|1|CPAM|||||||||||||||||||||||||||||||||||||||||||
2025-07-25 18:09:46 - INFO - réponse reçue::

MSH|^~\&|IRISHL7|ISC|REGADT|MCM|202507251809||ACK^A01|000001|P|2.5.1|1
MSA|CA|000001



