START,2076473417,13,Ens.Queue.1,3,2^1767605319
STACK,[ 0] D - StartEnsembleJob+8^|"%SYS"|STU +1
STACK,[ 1] D - Start+62^Ens.Job.1 +2
STACK,[ 2] $ - OnTask+28^Ens.Host.1 +1
STACK,[ 3] $ - DeQueue+35^Ens.Queue.1 +1
50,2138299684,13,Ens.Queue.1+126,1,
37,2138299783,13,Ens.Queue.1+127,1,
37,2138299827,13,Ens.Queue.1+129,1,
40,2138300331,13,Ens.Queue.1+129,1,
41,2138300559,13,Ens.Queue.1+129,1,
37,2138300561,13,Ens.Queue.1+130,1,
0,2138300602,13,Ens.Queue.1+130,1,456E732E51756575650045544D124B49524849564D5E49124D530010^9^5^0
20,2138300775,13,Ens.Queue.1+130,1,456E732E51756575650045544D124B49524849564D5E49124D53001001^9^5^16
37,2138300786,13,Ens.Queue.1+131,1,
37,2138300788,13,Ens.Queue.1+132,1,
0,2138300790,13,Ens.Queue.1+132,1,456E732E51756575650045544D124B49524849564D5E49124D530013220001^9^5^0
50,2138300792,13,Ens.Queue.1+132,1,
37,2138300796,13,Ens.Queue.1+133,1,
37,2138300797,13,Ens.Queue.1+134,1,
0,2138300799,13,Ens.Queue.1+134,1,456E732E51756575650045544D124B49524849564D5E49124D5300132200131F^9^5^0
37,2138300801,13,Ens.Queue.1+135,1,
0,2138300817,13,Ens.Queue.1+135,1,456E732E4163746976654D65737361676500575D571E1519171C^9^5^0
20,2138300819,13,Ens.Queue.1+135,1,456E732E4163746976654D65737361676500575D571E1519171C^9^5^0
0,2138300822,13,Ens.Queue.1+135,1,456E732E4163746976654D65737361676500575D571E1519171C^9^5^0
1,2138300823,13,Ens.Queue.1+135,1,456E732E4163746976654D65737361676500575D571E1519171C^9^5^0
24,2138300846,13,Ens.Queue.1+135,1,456E732E4163746976654D65737361676500575D571E1519171C^9^5^0
37,2138300847,13,Ens.Queue.1+136,1,
0,2138300849,13,Ens.Queue.1+136,1,456E732E51756575650045544D124B49524849564D5E49124D5300132200131F^9^5^0
2,2138300850,13,Ens.Queue.1+136,1,456E732E51756575650045544D124B49524849564D5E49124D5300132200131F^9^5^0
20,2138300852,13,Ens.Queue.1+136,1,456E732E51756575650045544D124B49524849564D5E49124D5300132200131F^9^5^0
24,2138300854,13,Ens.Queue.1+136,1,456E732E51756575650045544D124B49524849564D5E49124D5300132200131F^9^5^0
37,2138300855,13,Ens.Queue.1+137,1,
0,2138300856,13,Ens.Queue.1+137,1,456E732E51756575650045544D124B49524849564D5E49124D530010004753595258^9^5^0
20,2138300857,13,Ens.Queue.1+137,1,456E732E51756575650045544D124B49524849564D5E49124D530010004753595258^9^5^0
0,2138300863,13,Ens.Queue.1+137,1,456E732E51756575650045544D124B49524849564D5E49124D530010004753595258^9^5^0
1,2138300864,13,Ens.Queue.1+137,1,456E732E51756575650045544D124B49524849564D5E49124D530010004753595258^9^5^0
24,2138300866,13,Ens.Queue.1+137,1,456E732E51756575650045544D124B49524849564D5E49124D530010004753595258^9^5^0
37,2138300867,13,Ens.Queue.1+138,1,
37,2138300868,13,Ens.Queue.1+141,1,
37,2138300882,13,Ens.Queue.1+142,1,
37,2138300884,13,Ens.Queue.1+152,1,
37,2138300885,13,Ens.Queue.1+153,1,
37,2138300886,13,Ens.Queue.1+154,1,
CALL,2138300907,13,Ens.Queue.1+154
ARG,[ 0] INT: 1
ARG,[ 1] STR (len=7): 4H00720075006E006E0069006E0067
38,2138300925,13,Ens.Job.1+0,0,
50,2138300935,13,Ens.Job.1+397,1,
50,2138300944,13,Ens.Job.1+397,1,
50,2138300948,13,Ens.Job.1+397,1,
37,2138300960,13,Ens.Job.1+398,1,
40,2138301243,13,Ens.Job.1+398,1,
41,2138301254,13,Ens.Job.1+398,1,
37,2138301256,13,Ens.Job.1+399,1,
0,2138301268,13,Ens.Job.1+399,1,495249532E54656D702E456E734A6F62537461747573002D362D3725343400575D5700142B42^3^5^0
20,2138301270,13,Ens.Job.1+399,1,495249532E54656D702E456E734A6F62537461747573002D362D3725343400575D5700142B42^3^5^0
37,2138301272,13,Ens.Job.1+400,1,
0,2138301274,13,Ens.Job.1+400,1,495249532E54656D702E456E734A6F62537461747573002D362D3725343400575D5700142B42001F09375845585957^3^5^0
1,2138301275,13,Ens.Job.1+400,1,495249532E54656D702E456E734A6F62537461747573002D362D3725343400575D5700142B42001F09375845585957^3^5^0
20,2138301276,13,Ens.Job.1+400,1,495249532E54656D702E456E734A6F62537461747573002D362D3725343400575D5700142B42001F09375845585957^3^5^0
37,2138301278,13,Ens.Job.1+401,1,
37,2138301279,13,Ens.Job.1+403,1,
37,2138301282,13,Ens.Job.1+404,1,
QUIT,2138301283,404
51,2138301283,13,Ens.Job.1+404,1,
51,2138301285,13,Ens.Job.1+404,1,
38,2138301286,13,Ens.Queue.1+0,0,
37,2138301287,13,Ens.Queue.1+155,1,
CALL,2138301289,13,Ens.Queue.1+155
ARG,[ 0] INT: 3
ARG,[ 1] SCOPE: level=0, 0x00aaaac5a43718
ARG,[ 2] SCOPE: level=0,            (nil)
ARG,[ 3] STR (len=3): 4H003100380038
ARG,[ 4] INT: 1
38,2138301306,1,%Library.Persistent.1+0,0,
50,2138301309,1,%Library.Persistent.1+448,1,
50,2138301311,1,%Library.Persistent.1+448,1,
50,2138301312,1,%Library.Persistent.1+448,1,
50,2138301320,1,%Library.Persistent.1+448,1,
37,2138301324,1,%Library.Persistent.1+448,1,
50,2138301325,1,%Library.Persistent.1+449,1,
37,2138301326,1,%Library.Persistent.1+449,1,
CALL,2138301331,1,%Library.Persistent.1+449
ARG,[ 0] INT: 3
ARG,[ 1] SCOPE: level=0, 0x00aaaac5a43718
ARG,[ 2] SCOPE: level=0, 0x00aaaac5a43790
ARG,[ 3] STR (len=5): 4H00050001003100380038
ARG,[ 4] INT: 4
50,2138301337,1,%Library.Persistent.1+417,1,
50,2138301338,1,%Library.Persistent.1+417,1,
37,2138301339,1,%Library.Persistent.1+417,1,
37,2138301340,1,%Library.Persistent.1+418,1,
37,2138301341,1,%Library.Persistent.1+419,1,
37,2138301343,1,%Library.Persistent.1+420,1,
50,2138301344,1,%Library.Persistent.1+421,1,
37,2138301345,1,%Library.Persistent.1+421,1,
37,2138301346,1,%Library.Persistent.1+422,1,
CALL,2138301349,1,%Library.Persistent.1+422
ARG,[ 0] INT: 2
ARG,[ 1] SCOPE: level=0, 0x00aaaac5a43848
ARG,[ 2] STR (len=5): 4H00050001003100380038
ARG,[ 3] INT: 17
38,2138301354,13,Ens.MessageHeader.1+0,0,
50,2138301355,13,Ens.MessageHeader.1+528,1,
50,2138301596,13,Ens.MessageHeader.1+528,1,
50,2138301598,13,Ens.MessageHeader.1+528,1,
37,2138301619,13,Ens.MessageHeader.1+529,1,
50,2138301622,13,Ens.MessageHeader.1+529,1,
37,2138301623,13,Ens.MessageHeader.1+530,1,
37,2138301624,13,Ens.MessageHeader.1+531,1,
0,2138301625,13,Ens.MessageHeader.1+531,1,456E732E4D6573736167654865616465724400141D74^9^5^0
19,2138301640,13,Ens.MessageHeader.1+531,1,456E732E4D6573736167654865616465724400141D74^9^5^0
20,2138301654,13,Ens.MessageHeader.1+531,1,456E732E4D6573736167654865616465724400141D74^9^5^0
50,2138301657,13,Ens.MessageHeader.1+532,1,
37,2138301658,13,Ens.MessageHeader.1+532,1,
51,2138301659,13,Ens.MessageHeader.1+532,1,
50,2138301660,13,Ens.MessageHeader.1+532,1,
QUIT,2138301661,532
51,2138301662,13,Ens.MessageHeader.1+532,1,
51,2138301663,13,Ens.MessageHeader.1+532,1,
51,2138301664,13,Ens.MessageHeader.1+532,1,
51,2138301664,13,Ens.MessageHeader.1+532,1,
38,2138301666,1,%Library.Persistent.1+0,0,
37,2138301667,1,%Library.Persistent.1+423,1,
51,2138301669,1,%Library.Persistent.1+424,1,
50,2138301670,1,%Library.Persistent.1+424,1,
37,2138301671,1,%Library.Persistent.1+427,1,
37,2138301673,1,%Library.Persistent.1+428,1,
37,2138301674,1,%Library.Persistent.1+429,1,
37,2138301676,1,%Library.Persistent.1+430,1,
50,2138301677,1,%Library.Persistent.1+430,1,
37,2138301682,1,%Library.Persistent.1+431,1,
0,2138301684,1,%Library.Persistent.1+431,1,456E732E4D65737361676548656164657244^9^5^0
50,2138301685,1,%Library.Persistent.1+431,1,
50,2138301686,1,%Library.Persistent.1+432,1,
37,2138301687,1,%Library.Persistent.1+432,1,
37,2138301688,1,%Library.Persistent.1+433,1,
50,2138301689,1,%Library.Persistent.1+433,1,
50,2138302715,1,%Library.Persistent.1+433,1,
51,2138302717,1,%Library.Persistent.1+433,1,
50,2138302718,1,%Library.Persistent.1+433,1,
37,2138302720,1,%Library.Persistent.1+434,1,
CALL,2138302742,1,%Library.Persistent.1+434
ARG,[ 0] INT: 2
ARG,[ 1] INT: 1
ARG,[ 2] STR (len=24): 4H00050001003100380038001300010045006E0073002E004D006500730073006100670065004800650061006400650072
ARG,[ 3] INT: 34
ARG,[ 4] OREF: 7
50,2138302751,1,%Library.Persistent.1+389,1,
50,2138302752,1,%Library.Persistent.1+389,1,
50,2138302753,1,%Library.Persistent.1+389,1,
50,2138302763,1,%Library.Persistent.1+389,1,
37,2138302764,1,%Library.Persistent.1+390,1,
50,2138302765,1,%Library.Persistent.1+390,1,
37,2138302766,1,%Library.Persistent.1+391,1,
50,2138302768,1,%Library.Persistent.1+391,1,
0,2138302770,1,%Library.Persistent.1+391,1,456E732E4D65737361676548656164657244^9^5^0
50,2138302771,1,%Library.Persistent.1+391,1,
50,2138302772,1,%Library.Persistent.1+391,1,
50,2138302773,1,%Library.Persistent.1+391,1,
50,2138302777,1,%Library.Persistent.1+391,1,
50,2138302779,1,%Library.Persistent.1+391,1,
37,2138302780,1,%Library.Persistent.1+392,1,
QUIT,2138302781,392
51,2138302782,1,%Library.Persistent.1+392,1,
51,2138302783,1,%Library.Persistent.1+392,1,
51,2138302784,1,%Library.Persistent.1+392,1,
51,2138302785,1,%Library.Persistent.1+392,1,
51,2138302785,1,%Library.Persistent.1+392,1,
51,2138302786,1,%Library.Persistent.1+392,1,
51,2138302787,1,%Library.Persistent.1+392,1,
37,2138302788,1,%Library.Persistent.1+435,1,
CALL,2138302790,1,%Library.Persistent.1+435
ARG,[ 0] INT: 1
ARG,[ 1] STR (len=3): 4H003100380038
ARG,[ 2] INT: 35
ARG,[ 3] OREF: 7
38,2138302794,13,Ens.MessageHeader.1+0,0,
50,2138302795,13,Ens.MessageHeader.1+388,1,
50,2138302796,13,Ens.MessageHeader.1+388,1,
37,2138302797,13,Ens.MessageHeader.1+389,1,
50,2138302798,13,Ens.MessageHeader.1+389,1,
37,2138302799,13,Ens.MessageHeader.1+390,1,
50,2138302801,13,Ens.MessageHeader.1+390,1,
50,2138302802,13,Ens.MessageHeader.1+390,1,
37,2138302803,13,Ens.MessageHeader.1+391,1,
37,2138302809,13,Ens.MessageHeader.1+394,1,
37,2138302810,13,Ens.MessageHeader.1+399,1,
0,2138302812,13,Ens.MessageHeader.1+399,1,456E732E4D6573736167654865616465724400141D74^9^5^0
20,2138302814,13,Ens.MessageHeader.1+399,1,456E732E4D6573736167654865616465724400141D74^9^5^0
50,2138302815,13,Ens.MessageHeader.1+399,1,
37,2138302816,13,Ens.MessageHeader.1+400,1,
37,2138302817,13,Ens.MessageHeader.1+401,1,
50,2138302818,13,Ens.MessageHeader.1+401,1,
50,2138302819,13,Ens.MessageHeader.1+401,1,
50,2138302820,13,Ens.MessageHeader.1+401,1,
50,2138302821,13,Ens.MessageHeader.1+401,1,
50,2138302822,13,Ens.MessageHeader.1+401,1,
50,2138302823,13,Ens.MessageHeader.1+401,1,
37,2138302824,13,Ens.MessageHeader.1+402,1,
50,2138302825,13,Ens.MessageHeader.1+402,1,
50,2138302826,13,Ens.MessageHeader.1+402,1,
50,2138302827,13,Ens.MessageHeader.1+402,1,
50,2138302828,13,Ens.MessageHeader.1+402,1,
50,2138302829,13,Ens.MessageHeader.1+402,1,
50,2138302830,13,Ens.MessageHeader.1+402,1,
50,2138302831,13,Ens.MessageHeader.1+402,1,
50,2138302832,13,Ens.MessageHeader.1+402,1,
50,2138302833,13,Ens.MessageHeader.1+402,1,
CALL,2138302834,13,Ens.MessageHeader.1+402
ARG,[ 0] INT: 1
ARG,[ 1] STR (len=23): 4H0032003000320036002D00300031002D00300036002000310033003A00340037003A00350036002E003000310037
ARG,[ 2] INT: 13
38,2138302841,13,Ens.MessageHeaderBase.1+0,0,
50,2138302842,13,Ens.MessageHeaderBase.1+69,1,
50,2138302843,13,Ens.MessageHeaderBase.1+69,1,
50,2138302844,13,Ens.MessageHeaderBase.1+69,1,
37,2138302845,13,Ens.MessageHeaderBase.1+70,1,
CALL,2138302846,13,Ens.MessageHeaderBase.1+70
ARG,[ 0] INT: 1
ARG,[ 1] STR (len=23): 4H0032003000320036002D00300031002D00300036002000310033003A00340037003A00350036002E003000310037
50,2138302852,13,Ens.MessageHeaderBase.1+62,1,
50,2138302855,13,Ens.MessageHeaderBase.1+62,1,
37,2138302857,13,Ens.MessageHeaderBase.1+63,1,
37,2138302858,13,Ens.MessageHeaderBase.1+64,1,
50,2138302860,13,Ens.MessageHeaderBase.1+64,1,
37,2138302861,13,Ens.MessageHeaderBase.1+65,1,
37,2138302862,13,Ens.MessageHeaderBase.1+66,1,
QUIT,2138302863,66
51,2138303377,13,Ens.MessageHeaderBase.1+66,1,
51,2138303388,13,Ens.MessageHeaderBase.1+66,1,
51,2138303390,13,Ens.MessageHeaderBase.1+66,1,
QUIT,2138303391,70
51,2138303392,13,Ens.MessageHeaderBase.1+70,1,
51,2138303393,13,Ens.MessageHeaderBase.1+70,1,
38,2138303394,13,Ens.MessageHeader.1+0,0,
51,2138303395,13,Ens.MessageHeader.1+402,1,
50,2138303397,13,Ens.MessageHeader.1+402,1,
50,2138303398,13,Ens.MessageHeader.1+402,1,
CALL,2138303400,13,Ens.MessageHeader.1+402
ARG,[ 0] INT: 1
ARG,[ 1] STR (len=23): 4H0032003000320036002D00300031002D00300036002000310033003A00340037003A00350036002E003000310037
ARG,[ 2] INT: 12
38,2138303406,13,Ens.MessageHeaderBase.1+0,0,
50,2138303408,13,Ens.MessageHeaderBase.1+105,1,
50,2138303409,13,Ens.MessageHeaderBase.1+105,1,
37,2138303410,13,Ens.MessageHeaderBase.1+106,1,
CALL,2138303411,13,Ens.MessageHeaderBase.1+106
ARG,[ 0] INT: 1
ARG,[ 1] STR (len=23): 4H0032003000320036002D00300031002D00300036002000310033003A00340037003A00350036002E003000310037
50,2138303424,13,Ens.MessageHeaderBase.1+98,1,
50,2138303425,13,Ens.MessageHeaderBase.1+98,1,
37,2138303426,13,Ens.MessageHeaderBase.1+99,1,
37,2138303427,13,Ens.MessageHeaderBase.1+100,1,
50,2138303428,13,Ens.MessageHeaderBase.1+100,1,
37,2138303430,13,Ens.MessageHeaderBase.1+101,1,
37,2138303430,13,Ens.MessageHeaderBase.1+102,1,
QUIT,2138303431,102
51,2138303432,13,Ens.MessageHeaderBase.1+102,1,
51,2138303433,13,Ens.MessageHeaderBase.1+102,1,
51,2138303434,13,Ens.MessageHeaderBase.1+102,1,
QUIT,2138303435,106
51,2138303435,13,Ens.MessageHeaderBase.1+106,1,
51,2138303436,13,Ens.MessageHeaderBase.1+106,1,
38,2138303437,13,Ens.MessageHeader.1+0,0,
51,2138303438,13,Ens.MessageHeader.1+402,1,
50,2138303439,13,Ens.MessageHeader.1+402,1,
50,2138303440,13,Ens.MessageHeader.1+402,1,
37,2138303441,13,Ens.MessageHeader.1+403,1,
51,2138303442,13,Ens.MessageHeader.1+403,1,
50,2138303443,13,Ens.MessageHeader.1+403,1,
50,2138303444,13,Ens.MessageHeader.1+403,1,
50,2138303445,13,Ens.MessageHeader.1+403,1,
50,2138303446,13,Ens.MessageHeader.1+403,1,
50,2138303447,13,Ens.MessageHeader.1+403,1,
50,2138303447,13,Ens.MessageHeader.1+403,1,
50,2138303448,13,Ens.MessageHeader.1+403,1,
50,2138303449,13,Ens.MessageHeader.1+403,1,
37,2138303450,13,Ens.MessageHeader.1+404,1,
37,2138303451,13,Ens.MessageHeader.1+405,1,
QUIT,2138303452,405
51,2138303453,13,Ens.MessageHeader.1+405,1,
51,2138303454,13,Ens.MessageHeader.1+405,1,
51,2138303455,13,Ens.MessageHeader.1+405,1,
51,2138303455,13,Ens.MessageHeader.1+405,1,
51,2138303456,13,Ens.MessageHeader.1+405,1,
51,2138303457,13,Ens.MessageHeader.1+405,1,
51,2138303458,13,Ens.MessageHeader.1+405,1,
51,2138303459,13,Ens.MessageHeader.1+405,1,
38,2138303460,1,%Library.Persistent.1+0,0,
37,2138303461,1,%Library.Persistent.1+436,1,
37,2138303469,1,%Library.Persistent.1+437,1,
37,2138303473,1,%Library.Persistent.1+438,1,
CALL,2138303474,1,%Library.Persistent.1+438
ARG,[ 0] INT: 2
ARG,[ 1] INT: 1
ARG,[ 2] STR (len=24): 4H00050001003100380038001300010045006E0073002E004D006500730073006100670065004800650061006400650072
ARG,[ 3] INT: 31
50,2138303481,1,%Library.Persistent.1+415,1,
50,2138303482,1,%Library.Persistent.1+415,1,
50,2138303483,1,%Library.Persistent.1+415,1,
37,2138303484,1,%Library.Persistent.1+416,1,
QUIT,2138303485,416
51,2138303485,1,%Library.Persistent.1+416,1,
51,2138303486,1,%Library.Persistent.1+416,1,
51,2138303487,1,%Library.Persistent.1+416,1,
37,2138303488,1,%Library.Persistent.1+439,1,
QUIT,2138303489,439
51,2138303489,1,%Library.Persistent.1+439,1,
51,2138303490,1,%Library.Persistent.1+439,1,
51,2138303491,1,%Library.Persistent.1+439,1,
51,2138303492,1,%Library.Persistent.1+439,1,
51,2138303493,1,%Library.Persistent.1+439,1,
51,2138303494,1,%Library.Persistent.1+439,1,
QUIT,2138303495,449
51,2138303495,1,%Library.Persistent.1+449,1,
51,2138303496,1,%Library.Persistent.1+449,1,
51,2138303497,1,%Library.Persistent.1+449,1,
38,2138303498,13,Ens.Queue.1+0,0,
51,2138303499,13,Ens.Queue.1+156,1,
50,2138303500,13,Ens.Queue.1+156,1,
37,2138303501,13,Ens.Queue.1+156,1,
37,2138303502,13,Ens.Queue.1+159,1,
37,2138303504,13,Ens.Queue.1+161,1,
50,2138304005,13,Ens.Queue.1+161,1,
37,2138304006,13,Ens.Queue.1+162,1,
37,2138304007,13,Ens.Queue.1+163,1,
CALL,2138304009,13,Ens.Queue.1+163
ARG,[ 0] INT: 1
ARG,[ 1] STR (len=16): 4H006100700069002E00670065006E0064006500720069007A0065002E0069006F
38,2138304015,13,Ens.Util.Statistics.1+0,0,
50,2138304017,13,Ens.Util.Statistics.1+645,1,
50,2138304018,13,Ens.Util.Statistics.1+645,1,
50,2138304019,13,Ens.Util.Statistics.1+645,1,
37,2138304045,13,Ens.Util.Statistics.1+646,1,
37,2138304047,13,Ens.Util.Statistics.1+647,1,
QUIT,2138304048,647
51,2138304049,13,Ens.Util.Statistics.1+647,1,
51,2138304050,13,Ens.Util.Statistics.1+647,1,
38,2138304051,13,Ens.Queue.1+0,0,
37,2138304052,13,Ens.Queue.1+164,1,
CALL,2138304085,13,Ens.Queue.1+164
ARG,[ 0] INT: 3
ARG,[ 1] STR (len=23): 4H0032003000320036002D00300031002D00300036002000310033003A00340037003A00350036002E003000320032
ARG,[ 2] STR (len=23): 4H0032003000320036002D00300031002D00300036002000310033003A00340037003A00350036002E003000310037
ARG,[ 3] STR (len=2): 4H006D0073
ARG,[ 4] STR (len=8): 4H00440041005400450044004900460046
ARG,[ 5] STR (len=21): 4H002500530059005300540045004D002E00530051004C002E00460075006E006300740069006F006E0073
38,2138304103,1,%SYSTEM.SQL.Functions.1+0,0,
50,2138304105,1,%SYSTEM.SQL.Functions.1+55,1,
50,2138304106,1,%SYSTEM.SQL.Functions.1+55,1,
50,2138304107,1,%SYSTEM.SQL.Functions.1+55,1,
50,2138304108,1,%SYSTEM.SQL.Functions.1+55,1,
50,2138304109,1,%SYSTEM.SQL.Functions.1+55,1,
37,2138304110,1,%SYSTEM.SQL.Functions.1+56,1,
50,2138304111,1,%SYSTEM.SQL.Functions.1+56,1,
37,2138304112,1,%SYSTEM.SQL.Functions.1+57,1,
CALL,2138304114,1,%SYSTEM.SQL.Functions.1+57
ARG,[ 0] STR (len=23): 4H0032003000320036002D00300031002D00300036002000310033003A00340037003A00350036002E003000320032
ARG,[ 1] STR (len=23): 4H0032003000320036002D00300031002D00300036002000310033003A00340037003A00350036002E003000310037
ARG,[ 2] STR (len=2): 4H006D0073
38,2138304124,1,%qarfunc+0,0,
50,2138304125,1,%qarfunc+137,1,
50,2138304127,1,%qarfunc+137,1,
50,2138304128,1,%qarfunc+137,1,
50,2138304129,1,%qarfunc+137,1,
50,2138304129,1,%qarfunc+137,1,
37,2138304367,1,%qarfunc+138,1,
37,2138304370,1,%qarfunc+139,1,
50,2138304371,1,%qarfunc+139,1,
37,2138304372,1,%qarfunc+140,1,
37,2138304373,1,%qarfunc+141,1,
37,2138304374,1,%qarfunc+142,1,
37,2138304376,1,%qarfunc+144,1,
37,2138304378,1,%qarfunc+198,1,
50,2138304379,1,%qarfunc+198,1,
37,2138304380,1,%qarfunc+204,1,
37,2138304382,1,%qarfunc+208,1,
50,2138304383,1,%qarfunc+208,1,
37,2138304384,1,%qarfunc+209,1,
37,2138304385,1,%qarfunc+211,1,
CALL,2138304386,1,%qarfunc+211
ARG,[ 0] INT: 1
ARG,[ 1] INT: 4
ARG,[ 2] SCOPE: level=0, 0x00fffcd1c5b718
ARG,[ 3] SCOPE: level=0, 0x00fffcd1c5b6e8
ARG,[ 4] STR (len=23): 4H0032003000320036002D00300031002D00300036002000310033003A00340037003A00350036002E003000320032
ARG,[ 5] STR (len=2): 4H00790079
50,2138304405,1,%qarfunc+270,1,
50,2138304407,1,%qarfunc+270,1,
50,2138304408,1,%qarfunc+270,1,
50,2138304409,1,%qarfunc+270,1,
50,2138304409,1,%qarfunc+270,1,
37,2138304411,1,%qarfunc+271,1,
37,2138304411,1,%qarfunc+272,1,
50,2138304412,1,%qarfunc+272,1,
50,2138304413,1,%qarfunc+272,1,
37,2138304414,1,%qarfunc+273,1,
50,2138304415,1,%qarfunc+273,1,
37,2138304421,1,%qarfunc+274,1,
50,2138304422,1,%qarfunc+274,1,
50,2138304423,1,%qarfunc+274,1,
50,2138304423,1,%qarfunc+274,1,
50,2138304425,1,%qarfunc+274,1,
50,2138304426,1,%qarfunc+274,1,
37,2138304427,1,%qarfunc+275,1,
50,2138304427,1,%qarfunc+274,1,
37,2138304428,1,%qarfunc+276,1,
37,2138304429,1,%qarfunc+277,1,
37,2138304430,1,%qarfunc+284,1,
37,2138304432,1,%qarfunc+285,1,
37,2138304433,1,%qarfunc+287,1,
37,2138304434,1,%qarfunc+289,1,
51,2138304436,1,%qarfunc+290,1,
50,2138304437,1,%qarfunc+290,1,
37,2138304438,1,%qarfunc+290,1,
37,2138304439,1,%qarfunc+291,1,
51,2138304441,1,%qarfunc+292,1,
50,2138304442,1,%qarfunc+292,1,
37,2138304443,1,%qarfunc+298,1,
37,2138304444,1,%qarfunc+299,1,
37,2138304445,1,%qarfunc+300,1,
37,2138304447,1,%qarfunc+307,1,
37,2138304448,1,%qarfunc+308,1,
37,2138304449,1,%qarfunc+309,1,
37,2138304450,1,%qarfunc+310,1,
37,2138305867,1,%qarfunc+311,1,
37,2138305870,1,%qarfunc+312,1,
37,2138305871,1,%qarfunc+313,1,
37,2138305873,1,%qarfunc+314,1,
51,2138305875,1,%qarfunc+315,1,
50,2138305876,1,%qarfunc+315,1,
37,2138305877,1,%qarfunc+338,1,
37,2138305899,1,%qarfunc+339,1,
37,2138305900,1,%qarfunc+340,1,
37,2138305901,1,%qarfunc+341,1,
37,2138305903,1,%qarfunc+342,1,
37,2138305904,1,%qarfunc+348,1,
37,2138305905,1,%qarfunc+350,1,
37,2138305907,1,%qarfunc+360,1,
QUIT,2138305909,360
51,2138305910,1,%qarfunc+360,1,
51,2138305911,1,%qarfunc+360,1,
51,2138305912,1,%qarfunc+360,1,
51,2138305913,1,%qarfunc+360,1,
51,2138305914,1,%qarfunc+360,1,
51,2138305915,1,%qarfunc+360,1,
51,2138305915,1,%qarfunc+360,1,
51,2138305917,1,%qarfunc+360,1,
51,2138305918,1,%qarfunc+360,1,
51,2138305919,1,%qarfunc+360,1,
51,2138305920,1,%qarfunc+360,1,
51,2138305921,1,%qarfunc+360,1,
37,2138305922,1,%qarfunc+212,1,
37,2138305924,1,%qarfunc+214,1,
CALL,2138305925,1,%qarfunc+214
ARG,[ 0] INT: 1
ARG,[ 1] INT: 4
ARG,[ 2] SCOPE: level=0, 0x00fffcd1c5b730
ARG,[ 3] SCOPE: level=0, 0x00fffcd1c5b700
ARG,[ 4] STR (len=23): 4H0032003000320036002D00300031002D00300036002000310033003A00340037003A00350036002E003000310037
ARG,[ 5] STR (len=2): 4H00790079
50,2138305936,1,%qarfunc+270,1,
50,2138305937,1,%qarfunc+270,1,
50,2138305938,1,%qarfunc+270,1,
50,2138305939,1,%qarfunc+270,1,
50,2138305940,1,%qarfunc+270,1,
37,2138305941,1,%qarfunc+271,1,
37,2138305942,1,%qarfunc+272,1,
50,2138305943,1,%qarfunc+272,1,
50,2138305944,1,%qarfunc+272,1,
37,2138305945,1,%qarfunc+273,1,
50,2138305946,1,%qarfunc+273,1,
37,2138305947,1,%qarfunc+274,1,
50,2138305948,1,%qarfunc+274,1,
50,2138305949,1,%qarfunc+274,1,
50,2138305949,1,%qarfunc+274,1,
50,2138305951,1,%qarfunc+274,1,
50,2138305952,1,%qarfunc+274,1,
37,2138305953,1,%qarfunc+275,1,
50,2138305954,1,%qarfunc+274,1,
37,2138305955,1,%qarfunc+276,1,
37,2138305956,1,%qarfunc+277,1,
37,2138305958,1,%qarfunc+284,1,
37,2138305959,1,%qarfunc+285,1,
37,2138305961,1,%qarfunc+287,1,
37,2138305962,1,%qarfunc+289,1,
51,2138305964,1,%qarfunc+290,1,
50,2138305965,1,%qarfunc+290,1,
37,2138305966,1,%qarfunc+290,1,
37,2138305967,1,%qarfunc+291,1,
51,2138305969,1,%qarfunc+292,1,
50,2138305970,1,%qarfunc+292,1,
37,2138305971,1,%qarfunc+298,1,
37,2138305972,1,%qarfunc+299,1,
37,2138305973,1,%qarfunc+300,1,
37,2138305975,1,%qarfunc+307,1,
37,2138305976,1,%qarfunc+308,1,
37,2138305977,1,%qarfunc+309,1,
37,2138305978,1,%qarfunc+310,1,
37,2138305979,1,%qarfunc+311,1,
37,2138305980,1,%qarfunc+312,1,
37,2138305981,1,%qarfunc+313,1,
37,2138305982,1,%qarfunc+314,1,
51,2138305983,1,%qarfunc+315,1,
50,2138305984,1,%qarfunc+315,1,
37,2138305985,1,%qarfunc+338,1,
37,2138305986,1,%qarfunc+339,1,
37,2138305987,1,%qarfunc+340,1,
37,2138305988,1,%qarfunc+341,1,
37,2138305989,1,%qarfunc+342,1,
37,2138305989,1,%qarfunc+348,1,
37,2138305990,1,%qarfunc+350,1,
37,2138305992,1,%qarfunc+360,1,
QUIT,2138305993,360
51,2138305993,1,%qarfunc+360,1,
51,2138305994,1,%qarfunc+360,1,
51,2138305995,1,%qarfunc+360,1,
51,2138305995,1,%qarfunc+360,1,
51,2138305996,1,%qarfunc+360,1,
51,2138305997,1,%qarfunc+360,1,
51,2138305998,1,%qarfunc+360,1,
51,2138305999,1,%qarfunc+360,1,
51,2138306000,1,%qarfunc+360,1,
51,2138306001,1,%qarfunc+360,1,
51,2138306002,1,%qarfunc+360,1,
51,2138306003,1,%qarfunc+360,1,
37,2138306003,1,%qarfunc+215,1,
50,2138306005,1,%qarfunc+216,1,
37,2138306006,1,%qarfunc+216,1,
QUIT,2138306008,216
51,2138306009,1,%qarfunc+216,1,
51,2138306009,1,%qarfunc+216,1,
51,2138306010,1,%qarfunc+216,1,
51,2138306011,1,%qarfunc+216,1,
51,2138306012,1,%qarfunc+216,1,
51,2138306013,1,%qarfunc+216,1,
51,2138306014,1,%qarfunc+216,1,
51,2138306015,1,%qarfunc+216,1,
51,2138306016,1,%qarfunc+216,1,
51,2138306017,1,%qarfunc+216,1,
51,2138306018,1,%qarfunc+216,1,
51,2138306019,1,%qarfunc+216,1,
38,2138306021,1,%SYSTEM.SQL.Functions.1+0,0,
QUIT,2138306022,57
51,2138306023,1,%SYSTEM.SQL.Functions.1+57,1,
51,2138306024,1,%SYSTEM.SQL.Functions.1+57,1,
51,2138306025,1,%SYSTEM.SQL.Functions.1+57,1,
51,2138306026,1,%SYSTEM.SQL.Functions.1+57,1,
51,2138306027,1,%SYSTEM.SQL.Functions.1+57,1,
38,2138306028,13,Ens.Queue.1+0,0,
50,2138306979,13,Ens.Queue.1+164,1,
37,2138306980,13,Ens.Queue.1+165,1,
CALL,2138306982,13,Ens.Queue.1+165
ARG,[ 0] INT: 2
ARG,[ 1] DBL: scale=-21, 45639182 44F40000
ARG,[ 2] STR (len=16): 4H006100700069002E00670065006E0064006500720069007A0065002E0069006F
38,2138306988,13,Ens.Util.Statistics.1+0,0,
50,2138306990,13,Ens.Util.Statistics.1+634,1,
50,2138306991,13,Ens.Util.Statistics.1+634,1,
50,2138306992,13,Ens.Util.Statistics.1+634,1,
37,2138306993,13,Ens.Util.Statistics.1+635,1,
50,2138306996,13,Ens.Util.Statistics.1+635,1,
51,2138306997,13,Ens.Util.Statistics.1+635,1,
50,2138306998,13,Ens.Util.Statistics.1+635,1,
50,2138306999,13,Ens.Util.Statistics.1+635,1,
50,2138307000,13,Ens.Util.Statistics.1+635,1,
50,2138307001,13,Ens.Util.Statistics.1+635,1,
50,2138307002,13,Ens.Util.Statistics.1+635,1,
50,2138307003,13,Ens.Util.Statistics.1+635,1,
50,2138307004,13,Ens.Util.Statistics.1+635,1,
50,2138307005,13,Ens.Util.Statistics.1+635,1,
37,2138307006,13,Ens.Util.Statistics.1+636,1,
QUIT,2138307007,636
51,2138307007,13,Ens.Util.Statistics.1+636,1,
51,2138307008,13,Ens.Util.Statistics.1+636,1,
51,2138307009,13,Ens.Util.Statistics.1+636,1,
38,2138307010,13,Ens.Queue.1+0,0,
37,2138307011,13,Ens.Queue.1+167,1,
37,2138307012,13,Ens.Queue.1+171,1,
QUIT,2138307013,171
51,2138307013,13,Ens.Queue.1+171,1,
51,2138307015,13,Ens.Queue.1+171,1,
51,2138307016,13,Ens.Queue.1+171,1,
51,2138307017,13,Ens.Queue.1+171,1,
51,2138307017,13,Ens.Queue.1+171,1,
51,2138307018,13,Ens.Queue.1+171,1,
51,2138307019,13,Ens.Queue.1+171,1,
51,2138307020,13,Ens.Queue.1+171,1,
51,2138307021,13,Ens.Queue.1+171,1,
51,2138307022,13,Ens.Queue.1+171,1,
51,2138307022,13,Ens.Queue.1+171,1,
51,2138307023,13,Ens.Queue.1+171,1,
51,2138307024,13,Ens.Queue.1+171,1,
51,2138307025,13,Ens.Queue.1+171,1,
51,2138307026,13,Ens.Queue.1+171,1,
38,2138307029,13,Ens.Host.1+0,0,
50,2138307031,13,Ens.Host.1+270,1,
37,2138307035,13,Ens.Host.1+271,1,
37,2138307036,13,Ens.Host.1+284,1,
CALL,2138307040,13,Ens.Host.1+284
ARG,[ 0] INT: 2
ARG,[ 1] SCOPE: level=0, 0x00aaaac5a43508
ARG,[ 2] OREF: 7
ARG,[ 3] INT: 49
38,2138307043,10,HTTP.operation.1+0,0,
50,2138307045,10,HTTP.operation.1+191,1,
50,2138307046,10,HTTP.operation.1+191,1,
50,2138307047,10,HTTP.operation.1+191,1,
37,2138307050,10,HTTP.operation.1+192,1,
51,2138307051,10,HTTP.operation.1+192,1,
51,2138307058,10,HTTP.operation.1+192,1,
50,2138307060,10,HTTP.operation.1+192,1,
50,2138307061,10,HTTP.operation.1+192,1,
50,2138307062,10,HTTP.operation.1+192,1,
50,2138307062,10,HTTP.operation.1+192,1,
50,2138307063,10,HTTP.operation.1+194,1,
37,2138307064,10,HTTP.operation.1+194,1,
50,2138307070,10,HTTP.operation.1+194,1,
51,2138307071,10,HTTP.operation.1+194,1,
50,2138307072,10,HTTP.operation.1+194,1,
50,2138307073,10,HTTP.operation.1+194,1,
CALL,2138307075,10,HTTP.operation.1+194
ARG,[ 0] INT: 0
ARG,[ 1] INT: 67
ARG,[ 2] OREF: 7
38,2138307077,1,%Library.Persistent.1+0,0,
37,2138307078,1,%Library.Persistent.1+372,1,
QUIT,2138307079,372
38,2138307080,10,HTTP.operation.1+0,0,
51,2138307081,10,HTTP.operation.1+194,1,
50,2138307082,10,HTTP.operation.1+194,1,
51,2138307083,10,HTTP.operation.1+194,1,
50,2138307084,10,HTTP.operation.1+194,1,
50,2138307085,10,HTTP.operation.1+194,1,
37,2138307086,10,HTTP.operation.1+195,1,
37,2138307087,10,HTTP.operation.1+196,1,
CALL,2138307100,10,HTTP.operation.1+196
ARG,[ 0] INT: 3
ARG,[ 1] SCOPE: level=0, 0x00aaaac5a43658
ARG,[ 2] SCOPE: level=0,            (nil)
ARG,[ 3] STR (len=3): 4H003200310039
ARG,[ 4] STR (len=7): 4H0025004F00700065006E00490064
ARG,[ 5] STR (len=22): 4H0048005400540050002E006D00730067002E00670065006E0064006500720052006500710075006500730074
38,2138307109,1,%Library.Persistent.1+0,0,
50,2138307111,1,%Library.Persistent.1+448,1,
50,2138307112,1,%Library.Persistent.1+448,1,
50,2138307113,1,%Library.Persistent.1+448,1,
37,2138307114,1,%Library.Persistent.1+448,1,
37,2138307115,1,%Library.Persistent.1+449,1,
CALL,2138307117,1,%Library.Persistent.1+449
ARG,[ 0] INT: 3
ARG,[ 1] SCOPE: level=0, 0x00aaaac5a43658
ARG,[ 2] SCOPE: level=0, 0x00aaaac5a43970
ARG,[ 3] STR (len=5): 4H00050001003200310039
ARG,[ 4] INT: 4
50,2138307553,1,%Library.Persistent.1+417,1,
50,2138307555,1,%Library.Persistent.1+417,1,
37,2138307556,1,%Library.Persistent.1+417,1,
37,2138307557,1,%Library.Persistent.1+418,1,
37,2138307558,1,%Library.Persistent.1+419,1,
37,2138307559,1,%Library.Persistent.1+420,1,
50,2138307560,1,%Library.Persistent.1+421,1,
37,2138307561,1,%Library.Persistent.1+421,1,
37,2138307562,1,%Library.Persistent.1+422,1,
CALL,2138307565,1,%Library.Persistent.1+422
ARG,[ 0] INT: 2
ARG,[ 1] SCOPE: level=0, 0x00aaaac5a43a28
ARG,[ 2] STR (len=5): 4H00050001003200310039
ARG,[ 3] INT: 17
38,2138307569,13,Ens.Request.1+0,0,
50,2138307598,13,Ens.Request.1+53,1,
50,2138307600,13,Ens.Request.1+53,1,
50,2138307601,13,Ens.Request.1+53,1,
37,2138307608,13,Ens.Request.1+54,1,
50,2138307609,13,Ens.Request.1+54,1,
37,2138307610,13,Ens.Request.1+55,1,
37,2138307611,13,Ens.Request.1+56,1,
0,2138307613,13,Ens.Request.1+56,1,456E732E4D657373616765426F64794400141E2F^9^5^0
19,2138307628,13,Ens.Request.1+56,1,456E732E4D657373616765426F64794400141E2F^9^5^0
20,2138307633,13,Ens.Request.1+56,1,456E732E4D657373616765426F64794400141E2F^9^5^0
50,2138307636,13,Ens.Request.1+56,1,
37,2138307637,13,Ens.Request.1+57,1,
51,2138307638,13,Ens.Request.1+57,1,
50,2138307639,13,Ens.Request.1+57,1,
37,2138307640,13,Ens.Request.1+58,1,
37,2138307642,13,Ens.Request.1+59,1,
51,2138307643,13,Ens.Request.1+60,1,
50,2138307644,13,Ens.Request.1+60,1,
37,2138307645,13,Ens.Request.1+60,1,
37,2138307646,13,Ens.Request.1+61,1,
QUIT,2138307647,61
51,2138307647,13,Ens.Request.1+61,1,
51,2138307648,13,Ens.Request.1+61,1,
51,2138307649,13,Ens.Request.1+61,1,
51,2138307650,13,Ens.Request.1+61,1,
38,2138307651,1,%Library.Persistent.1+0,0,
37,2138307652,1,%Library.Persistent.1+423,1,
51,2138307654,1,%Library.Persistent.1+424,1,
50,2138307655,1,%Library.Persistent.1+424,1,
37,2138307656,1,%Library.Persistent.1+427,1,
37,2138307658,1,%Library.Persistent.1+428,1,
37,2138307660,1,%Library.Persistent.1+429,1,
37,2138307661,1,%Library.Persistent.1+430,1,
50,2138307662,1,%Library.Persistent.1+430,1,
37,2138307662,1,%Library.Persistent.1+431,1,
0,2138307664,1,%Library.Persistent.1+431,1,456E732E4D657373616765426F647944^9^5^0
50,2138307665,1,%Library.Persistent.1+431,1,
50,2138307666,1,%Library.Persistent.1+432,1,
37,2138307667,1,%Library.Persistent.1+432,1,
37,2138307668,1,%Library.Persistent.1+433,1,
50,2138307669,1,%Library.Persistent.1+433,1,
50,2138307670,1,%Library.Persistent.1+433,1,
51,2138307671,1,%Library.Persistent.1+433,1,
50,2138307672,1,%Library.Persistent.1+433,1,
37,2138307673,1,%Library.Persistent.1+434,1,
CALL,2138307675,1,%Library.Persistent.1+434
ARG,[ 0] INT: 2
ARG,[ 1] INT: 1
ARG,[ 2] STR (len=29): 4H00050001003200310039001800010048005400540050002E006D00730067002E00670065006E0064006500720052006500710075006500730074
ARG,[ 3] INT: 34
ARG,[ 4] OREF: 8
50,2138307684,1,%Library.Persistent.1+389,1,
50,2138307685,1,%Library.Persistent.1+389,1,
50,2138307685,1,%Library.Persistent.1+389,1,
50,2138307686,1,%Library.Persistent.1+389,1,
37,2138307687,1,%Library.Persistent.1+390,1,
50,2138307689,1,%Library.Persistent.1+390,1,
37,2138307689,1,%Library.Persistent.1+391,1,
50,2138307690,1,%Library.Persistent.1+391,1,
0,2138307692,1,%Library.Persistent.1+391,1,456E732E4D657373616765426F647944^9^5^0
50,2138307692,1,%Library.Persistent.1+391,1,
50,2138307693,1,%Library.Persistent.1+391,1,
50,2138307695,1,%Library.Persistent.1+391,1,
50,2138307696,1,%Library.Persistent.1+391,1,
50,2138307697,1,%Library.Persistent.1+391,1,
37,2138307698,1,%Library.Persistent.1+392,1,
QUIT,2138307699,392
51,2138307699,1,%Library.Persistent.1+392,1,
51,2138307700,1,%Library.Persistent.1+392,1,
51,2138307701,1,%Library.Persistent.1+392,1,
51,2138307702,1,%Library.Persistent.1+392,1,
51,2138307703,1,%Library.Persistent.1+392,1,
51,2138307704,1,%Library.Persistent.1+392,1,
51,2138307705,1,%Library.Persistent.1+392,1,
37,2138307706,1,%Library.Persistent.1+435,1,
CALL,2138307707,1,%Library.Persistent.1+435
ARG,[ 0] INT: 1
ARG,[ 1] STR (len=3): 4H003200310039
ARG,[ 2] INT: 35
ARG,[ 3] OREF: 8
38,2138308181,10,HTTP.msg.genderRequest.1+0,0,
50,2138308185,10,HTTP.msg.genderRequest.1+171,1,
50,2138308187,10,HTTP.msg.genderRequest.1+171,1,
50,2138308188,10,HTTP.msg.genderRequest.1+171,1,
37,2138308209,10,HTTP.msg.genderRequest.1+172,1,
50,2138308211,10,HTTP.msg.genderRequest.1+172,1,
37,2138308212,10,HTTP.msg.genderRequest.1+173,1,
50,2138308214,10,HTTP.msg.genderRequest.1+173,1,
50,2138308215,10,HTTP.msg.genderRequest.1+173,1,
37,2138308216,10,HTTP.msg.genderRequest.1+174,1,
37,2138308218,10,HTTP.msg.genderRequest.1+177,1,
37,2138308219,10,HTTP.msg.genderRequest.1+178,1,
40,2138308482,10,HTTP.msg.genderRequest.1+178,1,
41,2138308496,10,HTTP.msg.genderRequest.1+178,1,
37,2138308497,10,HTTP.msg.genderRequest.1+179,1,
37,2138308515,10,HTTP.msg.genderRequest.1+180,1,
37,2138308517,10,HTTP.msg.genderRequest.1+182,1,
50,2138308518,10,HTTP.msg.genderRequest.1+183,1,
37,2138308519,10,HTTP.msg.genderRequest.1+183,1,
0,2138308520,10,HTTP.msg.genderRequest.1+183,1,456E732E4D657373616765426F64794400141E2F^9^5^0
20,2138308522,10,HTTP.msg.genderRequest.1+183,1,456E732E4D657373616765426F64794400141E2F^9^5^0
37,2138308523,10,HTTP.msg.genderRequest.1+184,1,
37,2138308524,10,HTTP.msg.genderRequest.1+185,1,
0,2138308525,10,HTTP.msg.genderRequest.1+185,1,456E732E4D657373616765426F64794400141E2F^9^5^0
50,2138308527,10,HTTP.msg.genderRequest.1+185,1,
37,2138308528,10,HTTP.msg.genderRequest.1+186,1,
0,2138308529,10,HTTP.msg.genderRequest.1+186,1,456E732E4D657373616765426F64794400141E2F004B495248495636495559495758^9^5^0
50,2138308530,10,HTTP.msg.genderRequest.1+186,1,
37,2138308531,10,HTTP.msg.genderRequest.1+187,1,
50,2138308532,10,HTTP.msg.genderRequest.1+187,1,
37,2138308533,10,HTTP.msg.genderRequest.1+191,1,
37,2138308535,10,HTTP.msg.genderRequest.1+192,1,
37,2138308539,10,HTTP.msg.genderRequest.1+194,1,
37,2138308541,10,HTTP.msg.genderRequest.1+195,1,
QUIT,2138308542,195
51,2138308542,10,HTTP.msg.genderRequest.1+195,1,
51,2138308543,10,HTTP.msg.genderRequest.1+195,1,
51,2138308544,10,HTTP.msg.genderRequest.1+195,1,
51,2138308545,10,HTTP.msg.genderRequest.1+195,1,
51,2138308546,10,HTTP.msg.genderRequest.1+195,1,
51,2138308547,10,HTTP.msg.genderRequest.1+195,1,
51,2138308548,10,HTTP.msg.genderRequest.1+195,1,
51,2138308549,10,HTTP.msg.genderRequest.1+195,1,
38,2138308550,1,%Library.Persistent.1+0,0,
37,2138308551,1,%Library.Persistent.1+436,1,
37,2138308553,1,%Library.Persistent.1+437,1,
37,2138308556,1,%Library.Persistent.1+438,1,
CALL,2138308558,1,%Library.Persistent.1+438
ARG,[ 0] INT: 2
ARG,[ 1] INT: 1
ARG,[ 2] STR (len=29): 4H00050001003200310039001800010048005400540050002E006D00730067002E00670065006E0064006500720052006500710075006500730074
ARG,[ 3] INT: 31
50,2138308566,1,%Library.Persistent.1+415,1,
50,2138308567,1,%Library.Persistent.1+415,1,
50,2138308568,1,%Library.Persistent.1+415,1,
37,2138308569,1,%Library.Persistent.1+416,1,
QUIT,2138308569,416
51,2138308582,1,%Library.Persistent.1+416,1,
51,2138308583,1,%Library.Persistent.1+416,1,
51,2138308584,1,%Library.Persistent.1+416,1,
37,2138308585,1,%Library.Persistent.1+439,1,
QUIT,2138308586,439
51,2138308586,1,%Library.Persistent.1+439,1,
51,2138308587,1,%Library.Persistent.1+439,1,
51,2138308588,1,%Library.Persistent.1+439,1,
51,2138308589,1,%Library.Persistent.1+439,1,
51,2138308590,1,%Library.Persistent.1+439,1,
51,2138308591,1,%Library.Persistent.1+439,1,
QUIT,2138308592,449
51,2138308592,1,%Library.Persistent.1+449,1,
51,2138308593,1,%Library.Persistent.1+449,1,
51,2138308594,1,%Library.Persistent.1+449,1,
38,2138308595,10,HTTP.operation.1+0,0,
50,2138308596,10,HTTP.operation.1+197,1,
37,2138308597,10,HTTP.operation.1+197,1,
37,2138308598,10,HTTP.operation.1+201,1,
CALL,2138308600,10,HTTP.operation.1+201
ARG,[ 0] INT: 1
ARG,[ 1] STR (len=16): 4H006100700069002E00670065006E0064006500720069007A0065002E0069006F
38,2138308604,13,Ens.Util.Statistics.1+0,0,
50,2138308605,13,Ens.Util.Statistics.1+553,1,
50,2138308606,13,Ens.Util.Statistics.1+553,1,
50,2138308607,13,Ens.Util.Statistics.1+553,1,
37,2138308608,13,Ens.Util.Statistics.1+554,1,
37,2138308611,13,Ens.Util.Statistics.1+555,1,
37,2138308612,13,Ens.Util.Statistics.1+556,1,
CALL,2138308613,13,Ens.Util.Statistics.1+556
ARG,[ 0] INT: 1
ARG,[ 1] STR (len=16): 4H006100700069002E00670065006E0064006500720069007A0065002E0069006F
50,2138308618,13,Ens.Util.Statistics.1+658,1,
50,2138308619,13,Ens.Util.Statistics.1+658,1,
37,2138308620,13,Ens.Util.Statistics.1+659,1,
50,2138308621,13,Ens.Util.Statistics.1+659,1,
50,2138308622,13,Ens.Util.Statistics.1+659,1,
51,2138308623,13,Ens.Util.Statistics.1+659,1,
50,2138308624,13,Ens.Util.Statistics.1+659,1,
50,2138308625,13,Ens.Util.Statistics.1+659,1,
37,2138308626,13,Ens.Util.Statistics.1+660,1,
QUIT,2138310150,660
51,2138310151,13,Ens.Util.Statistics.1+660,1,
51,2138310152,13,Ens.Util.Statistics.1+660,1,
37,2138310153,13,Ens.Util.Statistics.1+557,1,
QUIT,2138310154,557
51,2138310155,13,Ens.Util.Statistics.1+557,1,
51,2138310156,13,Ens.Util.Statistics.1+557,1,
51,2138310157,13,Ens.Util.Statistics.1+557,1,
38,2138310158,10,HTTP.operation.1+0,0,
37,2138310159,10,HTTP.operation.1+202,1,
50,2138310174,10,HTTP.operation.1+202,1,
50,2138310176,10,HTTP.operation.1+203,1,
37,2138310177,10,HTTP.operation.1+203,1,
CALL,2138310178,10,HTTP.operation.1+203
ARG,[ 0] INT: 3
ARG,[ 1] INT: 71
ARG,[ 2] OREF: 7
38,2138310181,13,Ens.MessageHeader.1+0,0,
50,2138310183,13,Ens.MessageHeader.1+1828,1,
50,2138310184,13,Ens.MessageHeader.1+1828,1,
37,2138310185,13,Ens.MessageHeader.1+1828,1,
50,2138310186,13,Ens.MessageHeader.1+1828,1,
37,2138310187,13,Ens.MessageHeader.1+1829,1,
50,2138310191,13,Ens.MessageHeader.1+1829,1,
37,2138310192,13,Ens.MessageHeader.1+1830,1,
37,2138310193,13,Ens.MessageHeader.1+1831,1,
50,2138310194,13,Ens.MessageHeader.1+1831,1,
CALL,2138310196,13,Ens.MessageHeader.1+1831
ARG,[ 0] INT: 0
ARG,[ 1] INT: 38
38,2138310197,1,%Library.Persistent.1+0,0,
37,2138310199,1,%Library.Persistent.1+372,1,
QUIT,2138310200,372
38,2138310201,13,Ens.MessageHeader.1+0,0,
50,2138310202,13,Ens.MessageHeader.1+1831,1,
50,2138310202,13,Ens.MessageHeader.1+1831,1,
50,2138310203,13,Ens.MessageHeader.1+1831,1,
37,2138310204,13,Ens.MessageHeader.1+1832,1,
37,2138310205,13,Ens.MessageHeader.1+1835,1,
50,2138310210,13,Ens.MessageHeader.1+1835,1,
50,2138310211,13,Ens.MessageHeader.1+1835,1,
CALL,2138310219,13,Ens.MessageHeader.1+1835
ARG,[ 0] INT: 0
ARG,[ 1] OREF: 6
38,2138310221,2,%sqlcq.IRISAPP.uEaCvHoxwnsKZevKwmmzhsIL8JXV.1+0,0,
50,2138310222,2,%sqlcq.IRISAPP.uEaCvHoxwnsKZevKwmmzhsIL8JXV.1+12,1,
37,2138310224,2,%sqlcq.IRISAPP.uEaCvHoxwnsKZevKwmmzhsIL8JXV.1+13,1,
37,2138310226,2,%sqlcq.IRISAPP.uEaCvHoxwnsKZevKwmmzhsIL8JXV.1+14,1,
37,2138310228,2,%sqlcq.IRISAPP.uEaCvHoxwnsKZevKwmmzhsIL8JXV.1+20,1,
CALL,2138310229,2,%sqlcq.IRISAPP.uEaCvHoxwnsKZevKwmmzhsIL8JXV.1+20
37,2138310230,2,%sqlcq.IRISAPP.uEaCvHoxwnsKZevKwmmzhsIL8JXV.1+23,1,
50,2138310231,2,%sqlcq.IRISAPP.uEaCvHoxwnsKZevKwmmzhsIL8JXV.1+23,1,
37,2138310232,2,%sqlcq.IRISAPP.uEaCvHoxwnsKZevKwmmzhsIL8JXV.1+24,1,
50,2138310235,2,%sqlcq.IRISAPP.uEaCvHoxwnsKZevKwmmzhsIL8JXV.1+24,1,
37,2138310236,2,%sqlcq.IRISAPP.uEaCvHoxwnsKZevKwmmzhsIL8JXV.1+25,1,
50,2138310237,2,%sqlcq.IRISAPP.uEaCvHoxwnsKZevKwmmzhsIL8JXV.1+25,1,
37,2138310238,2,%sqlcq.IRISAPP.uEaCvHoxwnsKZevKwmmzhsIL8JXV.1+26,1,
37,2138310245,2,%sqlcq.IRISAPP.uEaCvHoxwnsKZevKwmmzhsIL8JXV.1+27,1,
50,2138310248,2,%sqlcq.IRISAPP.uEaCvHoxwnsKZevKwmmzhsIL8JXV.1+27,1,
37,2138310249,2,%sqlcq.IRISAPP.uEaCvHoxwnsKZevKwmmzhsIL8JXV.1+28,1,
50,2138310249,2,%sqlcq.IRISAPP.uEaCvHoxwnsKZevKwmmzhsIL8JXV.1+29,1,
37,2138310250,2,%sqlcq.IRISAPP.uEaCvHoxwnsKZevKwmmzhsIL8JXV.1+29,1,
50,2138310251,2,%sqlcq.IRISAPP.uEaCvHoxwnsKZevKwmmzhsIL8JXV.1+30,1,
37,2138310252,2,%sqlcq.IRISAPP.uEaCvHoxwnsKZevKwmmzhsIL8JXV.1+30,1,
50,2138310253,2,%sqlcq.IRISAPP.uEaCvHoxwnsKZevKwmmzhsIL8JXV.1+31,1,
37,2138310254,2,%sqlcq.IRISAPP.uEaCvHoxwnsKZevKwmmzhsIL8JXV.1+31,1,
50,2138310255,2,%sqlcq.IRISAPP.uEaCvHoxwnsKZevKwmmzhsIL8JXV.1+31,1,
50,2138310256,2,%sqlcq.IRISAPP.uEaCvHoxwnsKZevKwmmzhsIL8JXV.1+31,1,
50,2138310257,2,%sqlcq.IRISAPP.uEaCvHoxwnsKZevKwmmzhsIL8JXV.1+32,1,
37,2138310258,2,%sqlcq.IRISAPP.uEaCvHoxwnsKZevKwmmzhsIL8JXV.1+32,1,
50,2138310259,2,%sqlcq.IRISAPP.uEaCvHoxwnsKZevKwmmzhsIL8JXV.1+32,1,
37,2138310260,2,%sqlcq.IRISAPP.uEaCvHoxwnsKZevKwmmzhsIL8JXV.1+33,1,
50,2138310261,2,%sqlcq.IRISAPP.uEaCvHoxwnsKZevKwmmzhsIL8JXV.1+34,1,
37,2138310262,2,%sqlcq.IRISAPP.uEaCvHoxwnsKZevKwmmzhsIL8JXV.1+34,1,
50,2138310263,2,%sqlcq.IRISAPP.uEaCvHoxwnsKZevKwmmzhsIL8JXV.1+34,1,
50,2138310264,2,%sqlcq.IRISAPP.uEaCvHoxwnsKZevKwmmzhsIL8JXV.1+34,1,
CALL,2138310266,2,%sqlcq.IRISAPP.uEaCvHoxwnsKZevKwmmzhsIL8JXV.1+34
38,2138310268,0,ROLLBACK+0,0,
37,2138310270,0,ROLLBACK+1415,1,
37,2138310271,0,ROLLBACK+1416,1,
37,2138310273,0,ROLLBACK+1417,1,
QUIT,2138310274,1417
38,2138311131,2,%sqlcq.IRISAPP.uEaCvHoxwnsKZevKwmmzhsIL8JXV.1+0,0,
37,2138311134,2,%sqlcq.IRISAPP.uEaCvHoxwnsKZevKwmmzhsIL8JXV.1+36,1,
50,2138311137,2,%sqlcq.IRISAPP.uEaCvHoxwnsKZevKwmmzhsIL8JXV.1+37,1,
37,2138311138,2,%sqlcq.IRISAPP.uEaCvHoxwnsKZevKwmmzhsIL8JXV.1+37,1,
CALL,2138311140,2,%sqlcq.IRISAPP.uEaCvHoxwnsKZevKwmmzhsIL8JXV.1+37
37,2138311141,2,%sqlcq.IRISAPP.uEaCvHoxwnsKZevKwmmzhsIL8JXV.1+77,1,
50,2138311143,2,%sqlcq.IRISAPP.uEaCvHoxwnsKZevKwmmzhsIL8JXV.1+77,1,
50,2138311159,2,%sqlcq.IRISAPP.uEaCvHoxwnsKZevKwmmzhsIL8JXV.1+79,1,
37,2138311160,2,%sqlcq.IRISAPP.uEaCvHoxwnsKZevKwmmzhsIL8JXV.1+79,1,
0,2138311165,2,%sqlcq.IRISAPP.uEaCvHoxwnsKZevKwmmzhsIL8JXV.1+79,1,456E732E4D6573736167654865616465724900295C584952580012^9^5^0
20,2138311168,2,%sqlcq.IRISAPP.uEaCvHoxwnsKZevKwmmzhsIL8JXV.1+79,1,456E732E4D6573736167654865616465724900295C584952580012^9^5^0
50,2138311170,2,%sqlcq.IRISAPP.uEaCvHoxwnsKZevKwmmzhsIL8JXV.1+79,1,
37,2138311171,2,%sqlcq.IRISAPP.uEaCvHoxwnsKZevKwmmzhsIL8JXV.1+81,1,
QUIT,2138311172,81
37,2138311172,2,%sqlcq.IRISAPP.uEaCvHoxwnsKZevKwmmzhsIL8JXV.1+38,1,
50,2138311174,2,%sqlcq.IRISAPP.uEaCvHoxwnsKZevKwmmzhsIL8JXV.1+39,1,
37,2138311187,2,%sqlcq.IRISAPP.uEaCvHoxwnsKZevKwmmzhsIL8JXV.1+39,1,
37,2138311190,2,%sqlcq.IRISAPP.uEaCvHoxwnsKZevKwmmzhsIL8JXV.1+40,1,
50,2138311197,2,%sqlcq.IRISAPP.uEaCvHoxwnsKZevKwmmzhsIL8JXV.1+40,1,
51,2138311206,2,%sqlcq.IRISAPP.uEaCvHoxwnsKZevKwmmzhsIL8JXV.1+40,1,
37,2138311207,2,%sqlcq.IRISAPP.uEaCvHoxwnsKZevKwmmzhsIL8JXV.1+42,1,
CALL,2138311210,2,%sqlcq.IRISAPP.uEaCvHoxwnsKZevKwmmzhsIL8JXV.1+42
ARG,[ 0] INT: 1
ARG,[ 1] INT: 188
38,2138311212,13,Ens.MessageHeader.1+0,0,
50,2138311216,13,Ens.MessageHeader.1+786,1,
50,2138311217,13,Ens.MessageHeader.1+786,1,
50,2138311218,13,Ens.MessageHeader.1+786,1,
37,2138311220,13,Ens.MessageHeader.1+787,1,
CALL,2138311221,13,Ens.MessageHeader.1+787
ARG,[ 0] INT: 3
ARG,[ 1] SCOPE: level=0, 0x00fffcd1c67538
ARG,[ 2] INT: 0
ARG,[ 3] INT: 188
50,2138311231,13,Ens.MessageHeader.1+613,1,
50,2138311232,13,Ens.MessageHeader.1+613,1,
50,2138311233,13,Ens.MessageHeader.1+613,1,
50,2138311234,13,Ens.MessageHeader.1+613,1,
37,2138311235,13,Ens.MessageHeader.1+614,1,
50,2138311236,13,Ens.MessageHeader.1+614,1,
37,2138311237,13,Ens.MessageHeader.1+615,1,
50,2138311238,13,Ens.MessageHeader.1+615,1,
50,2138311240,13,Ens.MessageHeader.1+615,1,
37,2138311241,13,Ens.MessageHeader.1+616,1,
40,2138312038,13,Ens.MessageHeader.1+616,1,
41,2138312064,13,Ens.MessageHeader.1+616,1,
50,2138312066,13,Ens.MessageHeader.1+617,1,
37,2138312068,13,Ens.MessageHeader.1+617,1,
50,2138312069,13,Ens.MessageHeader.1+617,1,
51,2138312071,13,Ens.MessageHeader.1+617,1,
37,2138312073,13,Ens.MessageHeader.1+618,1,
37,2138312074,13,Ens.MessageHeader.1+619,1,
QUIT,2138312075,619
51,2138312076,13,Ens.MessageHeader.1+619,1,
51,2138312077,13,Ens.MessageHeader.1+619,1,
51,2138312078,13,Ens.MessageHeader.1+619,1,
51,2138312079,13,Ens.MessageHeader.1+619,1,
51,2138312080,13,Ens.MessageHeader.1+619,1,
51,2138312080,13,Ens.MessageHeader.1+619,1,
51,2138312082,13,Ens.MessageHeader.1+619,1,
QUIT,2138312083,787
51,2138312083,13,Ens.MessageHeader.1+787,1,
51,2138312084,13,Ens.MessageHeader.1+787,1,
51,2138312085,13,Ens.MessageHeader.1+787,1,
51,2138312086,13,Ens.MessageHeader.1+787,1,
38,2138312088,2,%sqlcq.IRISAPP.uEaCvHoxwnsKZevKwmmzhsIL8JXV.1+0,0,
50,2138312089,2,%sqlcq.IRISAPP.uEaCvHoxwnsKZevKwmmzhsIL8JXV.1+42,1,
37,2138312090,2,%sqlcq.IRISAPP.uEaCvHoxwnsKZevKwmmzhsIL8JXV.1+44,1,
CALL,2138312091,2,%sqlcq.IRISAPP.uEaCvHoxwnsKZevKwmmzhsIL8JXV.1+44
37,2138312092,2,%sqlcq.IRISAPP.uEaCvHoxwnsKZevKwmmzhsIL8JXV.1+83,1,
50,2138312093,2,%sqlcq.IRISAPP.uEaCvHoxwnsKZevKwmmzhsIL8JXV.1+85,1,
37,2138312094,2,%sqlcq.IRISAPP.uEaCvHoxwnsKZevKwmmzhsIL8JXV.1+85,1,
0,2138312096,2,%sqlcq.IRISAPP.uEaCvHoxwnsKZevKwmmzhsIL8JXV.1+85,1,456E732E4D6573736167654865616465724900295C584952580012^9^5^0
20,2138312098,2,%sqlcq.IRISAPP.uEaCvHoxwnsKZevKwmmzhsIL8JXV.1+85,1,456E732E4D6573736167654865616465724900295C584952580012^9^5^0
50,2138312100,2,%sqlcq.IRISAPP.uEaCvHoxwnsKZevKwmmzhsIL8JXV.1+85,1,
37,2138312101,2,%sqlcq.IRISAPP.uEaCvHoxwnsKZevKwmmzhsIL8JXV.1+87,1,
QUIT,2138312102,87
37,2138312102,2,%sqlcq.IRISAPP.uEaCvHoxwnsKZevKwmmzhsIL8JXV.1+45,1,
50,2138312103,2,%sqlcq.IRISAPP.uEaCvHoxwnsKZevKwmmzhsIL8JXV.1+46,1,
37,2138312104,2,%sqlcq.IRISAPP.uEaCvHoxwnsKZevKwmmzhsIL8JXV.1+46,1,
37,2138312106,2,%sqlcq.IRISAPP.uEaCvHoxwnsKZevKwmmzhsIL8JXV.1+47,1,
50,2138312107,2,%sqlcq.IRISAPP.uEaCvHoxwnsKZevKwmmzhsIL8JXV.1+47,1,
51,2138312108,2,%sqlcq.IRISAPP.uEaCvHoxwnsKZevKwmmzhsIL8JXV.1+47,1,
37,2138312109,2,%sqlcq.IRISAPP.uEaCvHoxwnsKZevKwmmzhsIL8JXV.1+49,1,
37,2138312110,2,%sqlcq.IRISAPP.uEaCvHoxwnsKZevKwmmzhsIL8JXV.1+50,1,
50,2138312112,2,%sqlcq.IRISAPP.uEaCvHoxwnsKZevKwmmzhsIL8JXV.1+50,1,
50,2138312113,2,%sqlcq.IRISAPP.uEaCvHoxwnsKZevKwmmzhsIL8JXV.1+50,1,
50,2138312114,2,%sqlcq.IRISAPP.uEaCvHoxwnsKZevKwmmzhsIL8JXV.1+50,1,
51,2138312115,2,%sqlcq.IRISAPP.uEaCvHoxwnsKZevKwmmzhsIL8JXV.1+50,1,
50,2138312116,2,%sqlcq.IRISAPP.uEaCvHoxwnsKZevKwmmzhsIL8JXV.1+50,1,
37,2138312117,2,%sqlcq.IRISAPP.uEaCvHoxwnsKZevKwmmzhsIL8JXV.1+51,1,
CALL,2138312118,2,%sqlcq.IRISAPP.uEaCvHoxwnsKZevKwmmzhsIL8JXV.1+51
ARG,[ 0] INT: 8
ARG,[ 1] SCOPE: level=0, 0x00fffcd1c674f0
ARG,[ 2] SCOPE: level=0,            (nil)
ARG,[ 3] SCOPE: level=0,            (nil)
ARG,[ 4] INT: 0
ARG,[ 5] SCOPE: level=0,            (nil)
ARG,[ 6] SCOPE: level=0, 0x00fffcd1c674d8
ARG,[ 7] STR (len=8): 4H00000002000000000000000000000000
ARG,[ 8] INT: 188
38,2138312127,13,Ens.MessageHeader.1+0,0,
50,2138312129,13,Ens.MessageHeader.1+946,1,
50,2138312130,13,Ens.MessageHeader.1+946,1,
50,2138312131,13,Ens.MessageHeader.1+946,1,
50,2138312132,13,Ens.MessageHeader.1+946,1,
50,2138312133,13,Ens.MessageHeader.1+946,1,
50,2138312134,13,Ens.MessageHeader.1+946,1,
50,2138312135,13,Ens.MessageHeader.1+946,1,
50,2138312136,13,Ens.MessageHeader.1+946,1,
37,2138312137,13,Ens.MessageHeader.1+948,1,
50,2138312138,13,Ens.MessageHeader.1+948,1,
50,2138312139,13,Ens.MessageHeader.1+948,1,
50,2138312140,13,Ens.MessageHeader.1+948,1,
50,2138312141,13,Ens.MessageHeader.1+948,1,
50,2138312142,13,Ens.MessageHeader.1+948,1,
50,2138312143,13,Ens.MessageHeader.1+948,1,
37,2138312144,13,Ens.MessageHeader.1+949,1,
50,2138312145,13,Ens.MessageHeader.1+950,1,
37,2138312146,13,Ens.MessageHeader.1+950,1,
CALL,2138312148,13,Ens.MessageHeader.1+950
ARG,[ 0] INT: 1
ARG,[ 1] SCOPE: level=0, 0x00fffcd1c5b5b0
50,2138312150,13,Ens.MessageHeader.1+1018,1,
37,2138312151,13,Ens.MessageHeader.1+1019,1,
37,2138312766,13,Ens.MessageHeader.1+1020,1,
37,2138312768,13,Ens.MessageHeader.1+1021,1,
50,2138312784,13,Ens.MessageHeader.1+1021,1,
50,2138312786,13,Ens.MessageHeader.1+1021,1,
37,2138312789,13,Ens.MessageHeader.1+1022,1,
37,2138312790,13,Ens.MessageHeader.1+1023,1,
37,2138312791,13,Ens.MessageHeader.1+1024,1,
37,2138312792,13,Ens.MessageHeader.1+1025,1,
37,2138312794,13,Ens.MessageHeader.1+1026,1,
37,2138312795,13,Ens.MessageHeader.1+1027,1,
37,2138312797,13,Ens.MessageHeader.1+1028,1,
37,2138312798,13,Ens.MessageHeader.1+1029,1,
37,2138312799,13,Ens.MessageHeader.1+1030,1,
QUIT,2138312800,1030
51,2138312801,13,Ens.MessageHeader.1+1030,1,
51,2138312802,13,Ens.MessageHeader.1+1030,1,
51,2138312804,13,Ens.MessageHeader.1+1030,1,
37,2138312805,13,Ens.MessageHeader.1+951,1,
CALL,2138312807,13,Ens.MessageHeader.1+951
ARG,[ 0] INT: 0
37,2138312810,13,Ens.MessageHeader.1+891,1,
37,2138312811,13,Ens.MessageHeader.1+892,1,
50,2138312812,13,Ens.MessageHeader.1+892,1,
CALL,2138312813,13,Ens.MessageHeader.1+892
ARG,[ 0] INT: 0
ARG,[ 1] INT: 1
ARG,[ 2] STR (len=23): 4H0032003000320036002D00300031002D00300036002000310033003A00340037003A00350036002E003000320038
50,2138312821,13,Ens.MessageHeader.1+901,1,
50,2138312822,13,Ens.MessageHeader.1+901,1,
37,2138312823,13,Ens.MessageHeader.1+901,1,
37,2138312824,13,Ens.MessageHeader.1+902,1,
50,2138312826,13,Ens.MessageHeader.1+902,1,
37,2138312829,13,Ens.MessageHeader.1+903,1,
37,2138312831,13,Ens.MessageHeader.1+904,1,
QUIT,2138312833,904
51,2138312834,13,Ens.MessageHeader.1+904,1,
51,2138312835,13,Ens.MessageHeader.1+904,1,
51,2138312837,13,Ens.MessageHeader.1+904,1,
51,2138312838,13,Ens.MessageHeader.1+892,1,
37,2138312840,13,Ens.MessageHeader.1+893,1,
37,2138312842,13,Ens.MessageHeader.1+894,1,
50,2138312845,13,Ens.MessageHeader.1+894,1,
50,2138312847,13,Ens.MessageHeader.1+894,1,
37,2138312851,13,Ens.MessageHeader.1+895,1,
QUIT,2138312852,895
51,2138312852,13,Ens.MessageHeader.1+895,1,
51,2138312853,13,Ens.MessageHeader.1+895,1,
37,2138312854,13,Ens.MessageHeader.1+952,1,
37,2138312856,13,Ens.MessageHeader.1+953,1,
50,2138312857,13,Ens.MessageHeader.1+953,1,
50,2138312861,13,Ens.MessageHeader.1+953,1,
51,2138312862,13,Ens.MessageHeader.1+953,1,
50,2138312863,13,Ens.MessageHeader.1+953,1,
51,2138312864,13,Ens.MessageHeader.1+953,1,
50,2138312865,13,Ens.MessageHeader.1+953,1,
51,2138312866,13,Ens.MessageHeader.1+953,1,
37,2138312867,13,Ens.MessageHeader.1+954,1,
50,2138312869,13,Ens.MessageHeader.1+954,1,
51,2138312870,13,Ens.MessageHeader.1+954,1,
50,2138312871,13,Ens.MessageHeader.1+954,1,
50,2138312872,13,Ens.MessageHeader.1+954,1,
50,2138312873,13,Ens.MessageHeader.1+954,1,
37,2138312874,13,Ens.MessageHeader.1+955,1,
37,2138312875,13,Ens.MessageHeader.1+960,1,
37,2138312876,13,Ens.MessageHeader.1+961,1,
37,2138312878,13,Ens.MessageHeader.1+962,1,
CALL,2138312879,13,Ens.MessageHeader.1+962
ARG,[ 0] INT: 4
ARG,[ 1] SCOPE: level=0, 0x00fffcd1c5b5b0
ARG,[ 2] SCOPE: level=0, 0x00fffcd1c675e0
ARG,[ 3] SCOPE: level=0, 0x00fffcd1c674d8
ARG,[ 4] INT: 188
50,2138312883,13,Ens.MessageHeader.1+788,1,
50,2138312884,13,Ens.MessageHeader.1+788,1,
37,2138312885,13,Ens.MessageHeader.1+789,1,
50,2138312886,13,Ens.MessageHeader.1+789,1,
50,2138312887,13,Ens.MessageHeader.1+789,1,
0,2138312890,13,Ens.MessageHeader.1+789,1,456E732E4D6573736167654865616465724400141D74^9^5^0
20,2138312893,13,Ens.MessageHeader.1+789,1,456E732E4D6573736167654865616465724400141D74^9^5^0
51,2138312896,13,Ens.MessageHeader.1+789,1,
50,2138312897,13,Ens.MessageHeader.1+789,1,
37,2138312898,13,Ens.MessageHeader.1+790,1,
50,2138312899,13,Ens.MessageHeader.1+790,1,
37,2138312900,13,Ens.MessageHeader.1+791,1,
50,2138312901,13,Ens.MessageHeader.1+791,1,
51,2138312902,13,Ens.MessageHeader.1+791,1,
50,2138312903,13,Ens.MessageHeader.1+791,1,
50,2138312904,13,Ens.MessageHeader.1+791,1,
37,2138312905,13,Ens.MessageHeader.1+792,1,
50,2138312907,13,Ens.MessageHeader.1+792,1,
50,2138312908,13,Ens.MessageHeader.1+792,1,
50,2138312909,13,Ens.MessageHeader.1+792,1,
50,2138312910,13,Ens.MessageHeader.1+792,1,
50,2138312911,13,Ens.MessageHeader.1+792,1,
50,2138313670,13,Ens.MessageHeader.1+792,1,
50,2138313671,13,Ens.MessageHeader.1+792,1,
37,2138313672,13,Ens.MessageHeader.1+793,1,
50,2138313673,13,Ens.MessageHeader.1+793,1,
CALL,2138313676,13,Ens.MessageHeader.1+793
ARG,[ 0] INT: 1
ARG,[ 1] STR (len=23): 4H0032003000320036002D00300031002D00300036002000310033003A00340037003A00350036002E003000310037
ARG,[ 2] INT: 13
51,2138313692,13,Ens.MessageHeaderBase.1+0,1,
50,2138313694,13,Ens.MessageHeaderBase.1+0,1,
38,2138313695,13,Ens.MessageHeaderBase.1+0,0,
50,2138313697,13,Ens.MessageHeaderBase.1+69,1,
50,2138313698,13,Ens.MessageHeaderBase.1+69,1,
37,2138313699,13,Ens.MessageHeaderBase.1+70,1,
CALL,2138313701,13,Ens.MessageHeaderBase.1+70
ARG,[ 0] INT: 1
ARG,[ 1] STR (len=23): 4H0032003000320036002D00300031002D00300036002000310033003A00340037003A00350036002E003000310037
50,2138313713,13,Ens.MessageHeaderBase.1+62,1,
50,2138313714,13,Ens.MessageHeaderBase.1+62,1,
37,2138313715,13,Ens.MessageHeaderBase.1+63,1,
37,2138313717,13,Ens.MessageHeaderBase.1+64,1,
50,2138313718,13,Ens.MessageHeaderBase.1+64,1,
37,2138313719,13,Ens.MessageHeaderBase.1+65,1,
37,2138313720,13,Ens.MessageHeaderBase.1+66,1,
QUIT,2138313721,66
51,2138313721,13,Ens.MessageHeaderBase.1+66,1,
51,2138313722,13,Ens.MessageHeaderBase.1+66,1,
51,2138313723,13,Ens.MessageHeaderBase.1+66,1,
QUIT,2138313724,70
51,2138313724,13,Ens.MessageHeaderBase.1+70,1,
51,2138313725,13,Ens.MessageHeaderBase.1+70,1,
38,2138313727,13,Ens.MessageHeader.1+0,0,
51,2138313728,13,Ens.MessageHeader.1+793,1,
37,2138313729,13,Ens.MessageHeader.1+794,1,
QUIT,2138313730,794
51,2138313730,13,Ens.MessageHeader.1+794,1,
51,2138313731,13,Ens.MessageHeader.1+794,1,
51,2138313732,13,Ens.MessageHeader.1+794,1,
51,2138313733,13,Ens.MessageHeader.1+794,1,
51,2138313734,13,Ens.MessageHeader.1+794,1,
51,2138313735,13,Ens.MessageHeader.1+794,1,
51,2138313736,13,Ens.MessageHeader.1+794,1,
50,2138313737,13,Ens.MessageHeader.1+962,1,
50,2138313739,13,Ens.MessageHeader.1+962,1,
50,2138313740,13,Ens.MessageHeader.1+962,1,
50,2138313741,13,Ens.MessageHeader.1+962,1,
50,2138313742,13,Ens.MessageHeader.1+962,1,
50,2138313743,13,Ens.MessageHeader.1+962,1,
50,2138313744,13,Ens.MessageHeader.1+962,1,
37,2138313746,13,Ens.MessageHeader.1+963,1,
37,2138313747,13,Ens.MessageHeader.1+964,1,
37,2138313748,13,Ens.MessageHeader.1+965,1,
37,2138313749,13,Ens.MessageHeader.1+967,1,
37,2138313749,13,Ens.MessageHeader.1+968,1,
37,2138313750,13,Ens.MessageHeader.1+969,1,
37,2138313751,13,Ens.MessageHeader.1+971,1,
37,2138313752,13,Ens.MessageHeader.1+972,1,
50,2138313753,13,Ens.MessageHeader.1+972,1,
50,2138313754,13,Ens.MessageHeader.1+972,1,
50,2138313755,13,Ens.MessageHeader.1+974,1,
37,2138313756,13,Ens.MessageHeader.1+974,1,
37,2138313759,13,Ens.MessageHeader.1+975,1,
0,2138313760,13,Ens.MessageHeader.1+975,1,456E732E4D6573736167654865616465724400141D74^9^5^0
20,2138313762,13,Ens.MessageHeader.1+975,1,456E732E4D6573736167654865616465724400141D74^9^5^0
0,2138313765,13,Ens.MessageHeader.1+975,1,456E732E4D6573736167654865616465724400141D74^9^5^0
1,2138313767,13,Ens.MessageHeader.1+975,1,456E732E4D6573736167654865616465724400141D74^9^5^0
24,2138313779,13,Ens.MessageHeader.1+975,1,456E732E4D6573736167654865616465724400141D74^9^5^0
37,2138313780,13,Ens.MessageHeader.1+977,1,
50,2138313781,13,Ens.MessageHeader.1+977,1,
50,2138313782,13,Ens.MessageHeader.1+977,1,
50,2138313783,13,Ens.MessageHeader.1+978,1,
37,2138313783,13,Ens.MessageHeader.1+978,1,
37,2138313784,13,Ens.MessageHeader.1+983,1,
37,2138313785,13,Ens.MessageHeader.1+987,1,
37,2138313786,13,Ens.MessageHeader.1+991,1,
37,2138313787,13,Ens.MessageHeader.1+996,1,
37,2138313788,13,Ens.MessageHeader.1+997,1,
50,2138313789,13,Ens.MessageHeader.1+997,1,
50,2138313790,13,Ens.MessageHeader.1+997,1,
0,2138313793,13,Ens.MessageHeader.1+997,1,456E732E4D657373616765486561646572490037584558595700131E0012^9^5^0
1,2138313795,13,Ens.MessageHeader.1+997,1,456E732E4D657373616765486561646572490037584558595700131E0012^9^5^0
20,2138313796,13,Ens.MessageHeader.1+997,1,456E732E4D657373616765486561646572490037584558595700131E0012^9^5^0
24,2138314353,13,Ens.MessageHeader.1+997,1,456E732E4D657373616765486561646572490037584558595700131E0012^9^5^0
37,2138314355,13,Ens.MessageHeader.1+998,1,
37,2138314357,13,Ens.MessageHeader.1+999,1,
0,2138314359,13,Ens.MessageHeader.1+999,1,456E732E4D657373616765486561646572490037584558595700131F0012^9^5^0
1,2138314360,13,Ens.MessageHeader.1+999,1,456E732E4D657373616765486561646572490037584558595700131F0012^9^5^0
20,2138314361,13,Ens.MessageHeader.1+999,1,456E732E4D657373616765486561646572490037584558595700131F0012^9^5^0
24,2138314381,13,Ens.MessageHeader.1+999,1,456E732E4D657373616765486561646572490037584558595700131F0012^9^5^0
37,2138314382,13,Ens.MessageHeader.1+1001,1,
37,2138314383,13,Ens.MessageHeader.1+1006,1,
37,2138314384,13,Ens.MessageHeader.1+1011,1,
CALL,2138314386,13,Ens.MessageHeader.1+1011
ARG,[ 0] INT: 0
37,2138314387,13,Ens.MessageHeader.1+941,1,
37,2138314388,13,Ens.MessageHeader.1+942,1,
QUIT,2138314389,942
37,2138314390,13,Ens.MessageHeader.1+1012,1,
37,2138314391,13,Ens.MessageHeader.1+1013,1,
QUIT,2138314392,1013
51,2138314393,13,Ens.MessageHeader.1+1013,1,
51,2138314394,13,Ens.MessageHeader.1+1013,1,
51,2138314395,13,Ens.MessageHeader.1+1013,1,
51,2138314396,13,Ens.MessageHeader.1+1013,1,
51,2138314397,13,Ens.MessageHeader.1+1013,1,
51,2138314398,13,Ens.MessageHeader.1+1013,1,
51,2138314399,13,Ens.MessageHeader.1+1013,1,
51,2138314400,13,Ens.MessageHeader.1+1013,1,
51,2138314401,13,Ens.MessageHeader.1+1013,1,
51,2138314402,13,Ens.MessageHeader.1+1013,1,
51,2138314403,13,Ens.MessageHeader.1+1013,1,
51,2138314404,13,Ens.MessageHeader.1+1013,1,
51,2138314405,13,Ens.MessageHeader.1+1013,1,
51,2138314406,13,Ens.MessageHeader.1+1013,1,
51,2138314407,13,Ens.MessageHeader.1+1013,1,
51,2138314408,13,Ens.MessageHeader.1+1013,1,
51,2138314409,13,Ens.MessageHeader.1+1013,1,
51,2138314410,13,Ens.MessageHeader.1+1013,1,
51,2138314411,13,Ens.MessageHeader.1+1013,1,
51,2138314411,13,Ens.MessageHeader.1+1013,1,
51,2138314412,13,Ens.MessageHeader.1+1013,1,
51,2138314413,13,Ens.MessageHeader.1+1013,1,
51,2138314414,13,Ens.MessageHeader.1+1013,1,
51,2138314415,13,Ens.MessageHeader.1+1013,1,
51,2138314416,13,Ens.MessageHeader.1+1013,1,
51,2138314417,13,Ens.MessageHeader.1+1013,1,
51,2138314418,13,Ens.MessageHeader.1+1013,1,
51,2138314419,13,Ens.MessageHeader.1+1013,1,
51,2138314420,13,Ens.MessageHeader.1+1013,1,
51,2138314421,13,Ens.MessageHeader.1+1013,1,
51,2138314422,13,Ens.MessageHeader.1+1013,1,
51,2138314422,13,Ens.MessageHeader.1+1013,1,
51,2138314424,13,Ens.MessageHeader.1+1013,1,
38,2138314425,2,%sqlcq.IRISAPP.uEaCvHoxwnsKZevKwmmzhsIL8JXV.1+0,0,
37,2138314426,2,%sqlcq.IRISAPP.uEaCvHoxwnsKZevKwmmzhsIL8JXV.1+52,1,
CALL,2138314427,2,%sqlcq.IRISAPP.uEaCvHoxwnsKZevKwmmzhsIL8JXV.1+52
ARG,[ 0] INT: 1
ARG,[ 1] INT: 188
38,2138314429,13,Ens.MessageHeader.1+0,0,
50,2138314431,13,Ens.MessageHeader.1+932,1,
50,2138314432,13,Ens.MessageHeader.1+932,1,
50,2138314433,13,Ens.MessageHeader.1+932,1,
50,2138314434,13,Ens.MessageHeader.1+932,1,
50,2138314434,13,Ens.MessageHeader.1+932,1,
37,2138314436,13,Ens.MessageHeader.1+933,1,
50,2138314436,13,Ens.MessageHeader.1+933,1,
37,2138314437,13,Ens.MessageHeader.1+934,1,
50,2138314439,13,Ens.MessageHeader.1+934,1,
50,2138314439,13,Ens.MessageHeader.1+934,1,
37,2138314441,13,Ens.MessageHeader.1+935,1,
37,2138314444,13,Ens.MessageHeader.1+936,1,
QUIT,2138314445,936
51,2138314446,13,Ens.MessageHeader.1+936,1,
51,2138314447,13,Ens.MessageHeader.1+936,1,
51,2138314448,13,Ens.MessageHeader.1+936,1,
51,2138314449,13,Ens.MessageHeader.1+936,1,
51,2138314449,13,Ens.MessageHeader.1+936,1,
51,2138314450,13,Ens.MessageHeader.1+936,1,
51,2138314451,13,Ens.MessageHeader.1+936,1,
51,2138314452,13,Ens.MessageHeader.1+936,1,
38,2138314453,2,%sqlcq.IRISAPP.uEaCvHoxwnsKZevKwmmzhsIL8JXV.1+0,0,
37,2138314454,2,%sqlcq.IRISAPP.uEaCvHoxwnsKZevKwmmzhsIL8JXV.1+53,1,
37,2138314455,2,%sqlcq.IRISAPP.uEaCvHoxwnsKZevKwmmzhsIL8JXV.1+55,1,
37,2138314456,2,%sqlcq.IRISAPP.uEaCvHoxwnsKZevKwmmzhsIL8JXV.1+59,1,
50,2138314457,2,%sqlcq.IRISAPP.uEaCvHoxwnsKZevKwmmzhsIL8JXV.1+60,1,
37,2138314458,2,%sqlcq.IRISAPP.uEaCvHoxwnsKZevKwmmzhsIL8JXV.1+60,1,
CALL,2138314954,2,%sqlcq.IRISAPP.uEaCvHoxwnsKZevKwmmzhsIL8JXV.1+60
38,2138314957,0,ROLLBACK+0,0,
37,2138314959,0,ROLLBACK+1419,1,
37,2138314960,0,ROLLBACK+1420,1,
37,2138314975,0,ROLLBACK+1421,1,
QUIT,2138314976,1421
38,2138314977,2,%sqlcq.IRISAPP.uEaCvHoxwnsKZevKwmmzhsIL8JXV.1+0,0,
37,2138314978,2,%sqlcq.IRISAPP.uEaCvHoxwnsKZevKwmmzhsIL8JXV.1+61,1,
37,2138314979,2,%sqlcq.IRISAPP.uEaCvHoxwnsKZevKwmmzhsIL8JXV.1+62,1,
50,2138314981,2,%sqlcq.IRISAPP.uEaCvHoxwnsKZevKwmmzhsIL8JXV.1+62,1,
50,2138314983,2,%sqlcq.IRISAPP.uEaCvHoxwnsKZevKwmmzhsIL8JXV.1+62,1,
51,2138314984,2,%sqlcq.IRISAPP.uEaCvHoxwnsKZevKwmmzhsIL8JXV.1+63,1,
50,2138314985,2,%sqlcq.IRISAPP.uEaCvHoxwnsKZevKwmmzhsIL8JXV.1+63,1,
37,2138314986,2,%sqlcq.IRISAPP.uEaCvHoxwnsKZevKwmmzhsIL8JXV.1+63,1,
50,2138314990,2,%sqlcq.IRISAPP.uEaCvHoxwnsKZevKwmmzhsIL8JXV.1+63,1,
CALL,2138314995,2,%sqlcq.IRISAPP.uEaCvHoxwnsKZevKwmmzhsIL8JXV.1+63
38,2138314996,0,%SYS.SQLSRV+0,0,
50,2138314998,0,%SYS.SQLSRV+4193,1,
37,2138315064,0,%SYS.SQLSRV+4194,1,
37,2138315078,0,%SYS.SQLSRV+4196,1,
50,2138315079,0,%SYS.SQLSRV+4196,1,
50,2138315081,0,%SYS.SQLSRV+4197,1,
37,2138315082,0,%SYS.SQLSRV+4197,1,
50,2138315085,0,%SYS.SQLSRV+4197,1,
50,2138315086,0,%SYS.SQLSRV+4197,1,
50,2138315087,0,%SYS.SQLSRV+4197,1,
37,2138315090,0,%SYS.SQLSRV+4198,1,
37,2138315092,0,%SYS.SQLSRV+4199,1,
50,2138315094,0,%SYS.SQLSRV+4200,1,
37,2138315095,0,%SYS.SQLSRV+4200,1,
37,2138315097,0,%SYS.SQLSRV+4201,1,
0,2138315101,0,%SYS.SQLSRV+4201,1,2573716C637100100010^2^5^0
1,2138315102,0,%SYS.SQLSRV+4201,1,2573716C637100100010^2^5^0
20,2138315104,0,%SYS.SQLSRV+4201,1,2573716C637100100010^2^5^0
50,2138315106,0,%SYS.SQLSRV+4202,1,
37,2138315107,0,%SYS.SQLSRV+4202,1,
50,2138315107,0,%SYS.SQLSRV+4202,1,
40,2138315770,0,%SYS.SQLSRV+4202,1,
41,2138315779,0,%SYS.SQLSRV+4202,1,
37,2138315780,0,%SYS.SQLSRV+4203,1,
37,2138315781,0,%SYS.SQLSRV+4205,1,
0,2138316496,0,%SYS.SQLSRV+4205,1,2573716C6371001000151D2A50^2^5^0
1,2138316497,0,%SYS.SQLSRV+4205,1,2573716C6371001000151D2A50^2^5^0
19,2138316509,0,%SYS.SQLSRV+4205,1,2573716C6371001000151D2A50^2^5^0
20,2138316529,0,%SYS.SQLSRV+4205,1,2573716C6371001000151D2A50^2^5^0
0,2138316537,0,%SYS.SQLSRV+4205,1,2573716C6371001000151D2A500010^2^5^0
1,2138316538,0,%SYS.SQLSRV+4205,1,2573716C6371001000151D2A500010^2^5^0
20,2138316539,0,%SYS.SQLSRV+4205,1,2573716C6371001000151D2A500010^2^5^0
50,2138316542,0,%SYS.SQLSRV+4205,1,
50,2138316543,0,%SYS.SQLSRV+4205,1,
50,2138316544,0,%SYS.SQLSRV+4205,1,
0,2138316547,0,%SYS.SQLSRV+4205,1,2573716C6371001000151D2A50002D362D3725343400512B292F5B4C553C393D1C49312E17141B0F4B4A3D561A4A27504721^2^5^0
1,2138316548,0,%SYS.SQLSRV+4205,1,2573716C6371001000151D2A50002D362D3725343400512B292F5B4C553C393D1C49312E17141B0F4B4A3D561A4A27504721^2^5^0
0,2138316551,0,%SYS.SQLSRV+4205,1,2573716C6371001000151D2A50002D362D37253434005D5D49275E3256352A1A59134E5C3B534A2E3254541B1D163A583121^2^5^0
1,2138316552,0,%SYS.SQLSRV+4205,1,2573716C6371001000151D2A50002D362D37253434005D5D49275E3256352A1A59134E5C3B534A2E3254541B1D163A583121^2^5^0
51,2138316554,0,%SYS.SQLSRV+4205,1,
51,2138316555,0,%SYS.SQLSRV+4205,1,
51,2138316556,0,%SYS.SQLSRV+4205,1,
51,2138316557,0,%SYS.SQLSRV+4205,1,
51,2138316558,0,%SYS.SQLSRV+4205,1,
51,2138316559,0,%SYS.SQLSRV+4205,1,
0,2138316560,0,%SYS.SQLSRV+4205,1,2573716C6371001000151D2A50^2^5^0
37,2138316585,0,%SYS.SQLSRV+4206,1,
0,2138316588,0,%SYS.SQLSRV+4206,1,2573716C6371001000151D2A5000100010^2^5^0
1,2138316589,0,%SYS.SQLSRV+4206,1,2573716C6371001000151D2A5000100010^2^5^0
37,2138316591,0,%SYS.SQLSRV+4207,1,
0,2138316593,0,%SYS.SQLSRV+4207,1,2573716C63710010000DE1^2^5^0
1,2138316594,0,%SYS.SQLSRV+4207,1,2573716C63710010000DE1^2^5^0
20,2138316596,0,%SYS.SQLSRV+4207,1,2573716C63710010000DE1^2^5^0
37,2138316597,0,%SYS.SQLSRV+4208,1,
37,2138316598,0,%SYS.SQLSRV+4209,1,
37,2138316602,0,%SYS.SQLSRV+4210,1,
37,2138316603,0,%SYS.SQLSRV+4217,1,
51,2138316605,0,%SYS.SQLSRV+4217,1,
51,2138316607,0,%SYS.SQLSRV+4217,1,
51,2138316608,0,%SYS.SQLSRV+4217,1,
51,2138316609,0,%SYS.SQLSRV+4217,1,
51,2138316610,0,%SYS.SQLSRV+4217,1,
51,2138316611,0,%SYS.SQLSRV+4217,1,
51,2138316612,0,%SYS.SQLSRV+4217,1,
51,2138316613,0,%SYS.SQLSRV+4217,1,
51,2138316614,0,%SYS.SQLSRV+4217,1,
51,2138316615,0,%SYS.SQLSRV+4217,1,
51,2138316616,0,%SYS.SQLSRV+4217,1,
51,2138316617,0,%SYS.SQLSRV+4217,1,
37,2138316622,0,%SYS.SQLSRV+4218,1,
37,2138316624,0,%SYS.SQLSRV+4219,1,
50,2138316626,0,%SYS.SQLSRV+4219,1,
50,2138316630,0,%SYS.SQLSRV+4219,1,
50,2138316631,0,%SYS.SQLSRV+4219,1,
37,2138316632,0,%SYS.SQLSRV+4221,1,
37,2138316634,0,%SYS.SQLSRV+4222,1,
37,2138316636,0,%SYS.SQLSRV+4223,1,
37,2138316637,0,%SYS.SQLSRV+4224,1,
QUIT,2138316638,4224
51,2138316639,0,%SYS.SQLSRV+4224,1,
51,2138316640,0,%SYS.SQLSRV+4224,1,
51,2138316641,0,%SYS.SQLSRV+4224,1,
51,2138316641,0,%SYS.SQLSRV+4224,1,
51,2138316642,0,%SYS.SQLSRV+4224,1,
38,2138316644,2,%sqlcq.IRISAPP.uEaCvHoxwnsKZevKwmmzhsIL8JXV.1+0,0,
37,2138316645,2,%sqlcq.IRISAPP.uEaCvHoxwnsKZevKwmmzhsIL8JXV.1+64,1,
37,2138316646,2,%sqlcq.IRISAPP.uEaCvHoxwnsKZevKwmmzhsIL8JXV.1+65,1,
50,2138316649,2,%sqlcq.IRISAPP.uEaCvHoxwnsKZevKwmmzhsIL8JXV.1+65,1,
50,2138316650,2,%sqlcq.IRISAPP.uEaCvHoxwnsKZevKwmmzhsIL8JXV.1+65,1,
50,2138316651,2,%sqlcq.IRISAPP.uEaCvHoxwnsKZevKwmmzhsIL8JXV.1+65,1,
50,2138316652,2,%sqlcq.IRISAPP.uEaCvHoxwnsKZevKwmmzhsIL8JXV.1+65,1,
50,2138316653,2,%sqlcq.IRISAPP.uEaCvHoxwnsKZevKwmmzhsIL8JXV.1+65,1,
37,2138316654,2,%sqlcq.IRISAPP.uEaCvHoxwnsKZevKwmmzhsIL8JXV.1+66,1,
50,2138316661,2,%sqlcq.IRISAPP.uEaCvHoxwnsKZevKwmmzhsIL8JXV.1+66,1,
50,2138316662,2,%sqlcq.IRISAPP.uEaCvHoxwnsKZevKwmmzhsIL8JXV.1+66,1,
51,2138316663,2,%sqlcq.IRISAPP.uEaCvHoxwnsKZevKwmmzhsIL8JXV.1+66,1,
50,2138316664,2,%sqlcq.IRISAPP.uEaCvHoxwnsKZevKwmmzhsIL8JXV.1+66,1,
50,2138316665,2,%sqlcq.IRISAPP.uEaCvHoxwnsKZevKwmmzhsIL8JXV.1+66,1,
51,2138316666,2,%sqlcq.IRISAPP.uEaCvHoxwnsKZevKwmmzhsIL8JXV.1+66,1,
50,2138316667,2,%sqlcq.IRISAPP.uEaCvHoxwnsKZevKwmmzhsIL8JXV.1+66,1,
50,2138316668,2,%sqlcq.IRISAPP.uEaCvHoxwnsKZevKwmmzhsIL8JXV.1+66,1,
50,2138317182,2,%sqlcq.IRISAPP.uEaCvHoxwnsKZevKwmmzhsIL8JXV.1+66,1,
50,2138317184,2,%sqlcq.IRISAPP.uEaCvHoxwnsKZevKwmmzhsIL8JXV.1+66,1,
37,2138317185,2,%sqlcq.IRISAPP.uEaCvHoxwnsKZevKwmmzhsIL8JXV.1+67,1,
51,2138317186,2,%sqlcq.IRISAPP.uEaCvHoxwnsKZevKwmmzhsIL8JXV.1+67,1,
50,2138317187,2,%sqlcq.IRISAPP.uEaCvHoxwnsKZevKwmmzhsIL8JXV.1+67,1,
37,2138317188,2,%sqlcq.IRISAPP.uEaCvHoxwnsKZevKwmmzhsIL8JXV.1+69,1,
51,2138317190,2,%sqlcq.IRISAPP.uEaCvHoxwnsKZevKwmmzhsIL8JXV.1+69,1,
51,2138317191,2,%sqlcq.IRISAPP.uEaCvHoxwnsKZevKwmmzhsIL8JXV.1+69,1,
37,2138317192,2,%sqlcq.IRISAPP.uEaCvHoxwnsKZevKwmmzhsIL8JXV.1+70,1,
37,2138317206,2,%sqlcq.IRISAPP.uEaCvHoxwnsKZevKwmmzhsIL8JXV.1+71,1,
QUIT,2138317207,71
51,2138317207,2,%sqlcq.IRISAPP.uEaCvHoxwnsKZevKwmmzhsIL8JXV.1+71,1,
51,2138317208,2,%sqlcq.IRISAPP.uEaCvHoxwnsKZevKwmmzhsIL8JXV.1+71,1,
51,2138317209,2,%sqlcq.IRISAPP.uEaCvHoxwnsKZevKwmmzhsIL8JXV.1+71,1,
51,2138317210,2,%sqlcq.IRISAPP.uEaCvHoxwnsKZevKwmmzhsIL8JXV.1+71,1,
51,2138317211,2,%sqlcq.IRISAPP.uEaCvHoxwnsKZevKwmmzhsIL8JXV.1+71,1,
51,2138317212,2,%sqlcq.IRISAPP.uEaCvHoxwnsKZevKwmmzhsIL8JXV.1+71,1,
51,2138317213,2,%sqlcq.IRISAPP.uEaCvHoxwnsKZevKwmmzhsIL8JXV.1+71,1,
51,2138317214,2,%sqlcq.IRISAPP.uEaCvHoxwnsKZevKwmmzhsIL8JXV.1+71,1,
51,2138317215,2,%sqlcq.IRISAPP.uEaCvHoxwnsKZevKwmmzhsIL8JXV.1+71,1,
51,2138317216,2,%sqlcq.IRISAPP.uEaCvHoxwnsKZevKwmmzhsIL8JXV.1+71,1,
51,2138317217,2,%sqlcq.IRISAPP.uEaCvHoxwnsKZevKwmmzhsIL8JXV.1+71,1,
51,2138317218,2,%sqlcq.IRISAPP.uEaCvHoxwnsKZevKwmmzhsIL8JXV.1+71,1,
51,2138317219,2,%sqlcq.IRISAPP.uEaCvHoxwnsKZevKwmmzhsIL8JXV.1+71,1,
51,2138317220,2,%sqlcq.IRISAPP.uEaCvHoxwnsKZevKwmmzhsIL8JXV.1+71,1,
51,2138317221,2,%sqlcq.IRISAPP.uEaCvHoxwnsKZevKwmmzhsIL8JXV.1+71,1,
37,2138317222,2,%sqlcq.IRISAPP.uEaCvHoxwnsKZevKwmmzhsIL8JXV.1+21,1,
QUIT,2138317223,21
38,2138317224,13,Ens.MessageHeader.1+0,0,
51,2138317442,13,Ens.MessageHeader.1+1835,1,
51,2138317444,13,Ens.MessageHeader.1+1835,1,
51,2138317445,13,Ens.MessageHeader.1+1835,1,
51,2138317446,13,Ens.MessageHeader.1+1835,1,
51,2138317447,13,Ens.MessageHeader.1+1835,1,
51,2138317448,13,Ens.MessageHeader.1+1835,1,
51,2138317449,13,Ens.MessageHeader.1+1835,1,
51,2138317450,13,Ens.MessageHeader.1+1835,1,
51,2138317450,13,Ens.MessageHeader.1+1835,1,
51,2138317452,13,Ens.MessageHeader.1+1835,1,
51,2138317452,13,Ens.MessageHeader.1+1835,1,
51,2138317453,13,Ens.MessageHeader.1+1835,1,
51,2138317454,13,Ens.MessageHeader.1+1835,1,
51,2138317455,13,Ens.MessageHeader.1+1835,1,
51,2138317456,13,Ens.MessageHeader.1+1835,1,
51,2138317457,13,Ens.MessageHeader.1+1835,1,
51,2138317457,13,Ens.MessageHeader.1+1835,1,
51,2138317458,13,Ens.MessageHeader.1+1835,1,
51,2138317459,13,Ens.MessageHeader.1+1835,1,
51,2138317460,13,Ens.MessageHeader.1+1835,1,
51,2138317461,13,Ens.MessageHeader.1+1835,1,
51,2138317461,13,Ens.MessageHeader.1+1835,1,
51,2138317462,13,Ens.MessageHeader.1+1835,1,
51,2138317463,13,Ens.MessageHeader.1+1835,1,
51,2138317464,13,Ens.MessageHeader.1+1835,1,
51,2138317465,13,Ens.MessageHeader.1+1835,1,
37,2138317466,13,Ens.MessageHeader.1+1836,1,
37,2138317467,13,Ens.MessageHeader.1+1837,1,
37,2138317469,13,Ens.MessageHeader.1+1838,1,
50,2138317471,13,Ens.MessageHeader.1+1838,1,
50,2138317472,13,Ens.MessageHeader.1+1839,1,
37,2138317473,13,Ens.MessageHeader.1+1839,1,
37,2138317474,13,Ens.MessageHeader.1+1840,1,
CALL,2138317475,13,Ens.MessageHeader.1+1840
ARG,[ 0] INT: 0
37,2138317477,13,Ens.MessageHeader.1+1369,1,
CALL,2138317478,13,Ens.MessageHeader.1+1369
ARG,[ 0] INT: 0
ARG,[ 1] INT: 38
38,2138317480,1,%Library.Persistent.1+0,0,
37,2138317482,1,%Library.Persistent.1+372,1,
QUIT,2138317484,372
38,2138317485,13,Ens.MessageHeader.1+0,0,
50,2138317486,13,Ens.MessageHeader.1+1369,1,
0,2138317488,13,Ens.MessageHeader.1+1369,1,456E732E4D736742616E6B2E42616E6B656400141D74^9^5^0
17,2138317497,13,Ens.MessageHeader.1+1369,1,456E732E4D736742616E6B2E42616E6B656400141D74^9^5^0
28,2138317498,13,Ens.MessageHeader.1+1369,1,456E732E4D736742616E6B2E42616E6B656400141D74^9^5^0
QUIT,2138317500,1369
51,2138317500,13,Ens.MessageHeader.1+1369,1,
50,2138317501,13,Ens.MessageHeader.1+1841,1,
37,2138317981,13,Ens.MessageHeader.1+1841,1,
37,2138317983,13,Ens.MessageHeader.1+1844,1,
37,2138317984,13,Ens.MessageHeader.1+1848,1,
37,2138317985,13,Ens.MessageHeader.1+1849,1,
QUIT,2138317986,1849
51,2138317987,13,Ens.MessageHeader.1+1849,1,
51,2138317988,13,Ens.MessageHeader.1+1849,1,
51,2138317989,13,Ens.MessageHeader.1+1849,1,
51,2138317990,13,Ens.MessageHeader.1+1849,1,
51,2138317991,13,Ens.MessageHeader.1+1849,1,
51,2138318009,13,Ens.MessageHeader.1+1849,1,
51,2138318009,13,Ens.MessageHeader.1+1849,1,
51,2138318010,13,Ens.MessageHeader.1+1849,1,
51,2138318011,13,Ens.MessageHeader.1+1849,1,
51,2138318012,13,Ens.MessageHeader.1+1849,1,
51,2138318013,13,Ens.MessageHeader.1+1849,1,
51,2138318014,13,Ens.MessageHeader.1+1849,1,
51,2138318014,13,Ens.MessageHeader.1+1849,1,
51,2138318015,13,Ens.MessageHeader.1+1849,1,
38,2138318017,10,HTTP.operation.1+0,0,
37,2138318018,10,HTTP.operation.1+204,1,
50,2138318021,10,HTTP.operation.1+204,1,
50,2138318023,10,HTTP.operation.1+204,1,
51,2138318023,10,HTTP.operation.1+204,1,
50,2138318024,10,HTTP.operation.1+204,1,
50,2138318025,10,HTTP.operation.1+204,1,
37,2138318026,10,HTTP.operation.1+205,1,
CALL,2138318028,10,HTTP.operation.1+205
ARG,[ 0] INT: 1
ARG,[ 1] STR (len=0): 4Hÿÿÿÿ
ARG,[ 2] INT: 31
38,2138318031,13,Ens.Host.1+0,0,
50,2138318032,13,Ens.Host.1+94,1,
50,2138318033,13,Ens.Host.1+94,1,
37,2138318034,13,Ens.Host.1+95,1,
37,2138318035,13,Ens.Host.1+96,1,
37,2138318037,13,Ens.Host.1+97,1,
QUIT,2138318038,97
51,2138318038,13,Ens.Host.1+97,1,
51,2138318039,13,Ens.Host.1+97,1,
38,2138318040,10,HTTP.operation.1+0,0,
37,2138318041,10,HTTP.operation.1+206,1,
50,2138318042,10,HTTP.operation.1+206,1,
51,2138318043,10,HTTP.operation.1+206,1,
50,2138318044,10,HTTP.operation.1+206,1,
50,2138318045,10,HTTP.operation.1+206,1,
50,2138318046,10,HTTP.operation.1+206,1,
37,2138318047,10,HTTP.operation.1+207,1,
37,2138318048,10,HTTP.operation.1+208,1,
50,2138318049,10,HTTP.operation.1+208,1,
37,2138318050,10,HTTP.operation.1+209,1,
51,2138318051,10,HTTP.operation.1+209,1,
50,2138318052,10,HTTP.operation.1+209,1,
37,2138318053,10,HTTP.operation.1+210,1,
50,2138318054,10,HTTP.operation.1+210,1,
CALL,2138318055,10,HTTP.operation.1+210
ARG,[ 0] INT: 0
ARG,[ 1] INT: 67
ARG,[ 2] OREF: 7
38,2138318057,1,%Library.Persistent.1+0,0,
37,2138318058,1,%Library.Persistent.1+372,1,
QUIT,2138318060,372
38,2138318060,10,HTTP.operation.1+0,0,
51,2138318061,10,HTTP.operation.1+210,1,
0,2138318064,10,HTTP.operation.1+210,1,456E732E52756E74696D6500275645574C494831495757454B4900141D74^9^5^0
20,2138318066,10,HTTP.operation.1+210,1,456E732E52756E74696D6500275645574C494831495757454B4900141D74^9^5^0
37,2138318069,10,HTTP.operation.1+214,1,
CALL,2138318070,10,HTTP.operation.1+214
ARG,[ 0] INT: 2
ARG,[ 1] SCOPE: level=0, 0x00aaaac5a436e8
ARG,[ 2] OREF: 8
50,2138318072,10,HTTP.operation.1+157,1,
50,2138318073,10,HTTP.operation.1+157,1,
37,2138318074,10,HTTP.operation.1+158,1,
50,2138318076,10,HTTP.operation.1+160,1,
37,2138318077,10,HTTP.operation.1+160,1,
37,2138318085,10,HTTP.operation.1+169,1,
37,2138318087,10,HTTP.operation.1+170,1,
CALL,2138318089,10,HTTP.operation.1+170
ARG,[ 0] INT: 6
ARG,[ 1] OREF: 8
ARG,[ 2] INT: 187
ARG,[ 3] STR (len=6): 4H00670065006E006400650072
ARG,[ 4] STR (len=0): 4H00670065006E006400650072
ARG,[ 5] INT: 1
ARG,[ 6] INT: 0
ARG,[ 7] INT: 64
38,2138318094,13,Ens.Util.IOLogger.1+0,0,
50,2138318096,13,Ens.Util.IOLogger.1+35,1,
50,2138318097,13,Ens.Util.IOLogger.1+35,1,
50,2138318098,13,Ens.Util.IOLogger.1+35,1,
50,2138318098,13,Ens.Util.IOLogger.1+35,1,
50,2138318099,13,Ens.Util.IOLogger.1+35,1,
50,2138318100,13,Ens.Util.IOLogger.1+35,1,
50,2138318101,13,Ens.Util.IOLogger.1+35,1,
50,2138318102,13,Ens.Util.IOLogger.1+35,1,
37,2138318104,13,Ens.Util.IOLogger.1+36,1,
CALL,2138318106,13,Ens.Util.IOLogger.1+36
ARG,[ 0] INT: 0
50,2138318107,13,Ens.Util.IOLogger.1+135,1,
50,2138318108,13,Ens.Util.IOLogger.1+135,1,
37,2138318109,13,Ens.Util.IOLogger.1+136,1,
37,2138318109,13,Ens.Util.IOLogger.1+137,1,
QUIT,2138318110,137
51,2138318111,13,Ens.Util.IOLogger.1+137,1,
51,2138318112,13,Ens.Util.IOLogger.1+137,1,
37,2138318652,13,Ens.Util.IOLogger.1+37,1,
CALL,2138318656,13,Ens.Util.IOLogger.1+37
ARG,[ 0] INT: 1
ARG,[ 1] STR (len=19): 4H0049004F004C004F00470045004E0054005200590043004C004100530053004E0041004D0045
ARG,[ 2] INT: 2
ARG,[ 3] OREF: 4
38,2138318662,1,%Library.SystemBase.1+0,0,
50,2138318664,1,%Library.SystemBase.1+9,1,
50,2138318665,1,%Library.SystemBase.1+9,1,
50,2138318666,1,%Library.SystemBase.1+9,1,
37,2138318668,1,%Library.SystemBase.1+10,1,
50,2138318671,1,%Library.SystemBase.1+10,1,
37,2138318672,1,%Library.SystemBase.1+11,1,
QUIT,2138318673,11
51,2138318673,1,%Library.SystemBase.1+11,1,
51,2138318674,1,%Library.SystemBase.1+11,1,
51,2138318675,1,%Library.SystemBase.1+11,1,
38,2138318676,13,Ens.Util.IOLogger.1+0,0,
50,2138318677,13,Ens.Util.IOLogger.1+38,1,
37,2138318687,13,Ens.Util.IOLogger.1+38,1,
0,2138318696,13,Ens.Util.IOLogger.1+38,1,6F6464434F4D002C383834125354495645584D53520045002D3330534B295258565D001321^10^5^0
20,2138318705,13,Ens.Util.IOLogger.1+38,1,6F6464434F4D002C383834125354495645584D53520045002D3330534B295258565D001321^10^5^0
0,2138318713,13,Ens.Util.IOLogger.1+38,1,6F6464434F4D002C383834125354495645584D53520045002D3330534B295258565D00131E^10^5^0
0,2138318716,13,Ens.Util.IOLogger.1+38,1,6F6464434F4D002952571239584D50122D3330534B4B49560045002D3330534B295258565D001321^10^5^0
20,2138318718,13,Ens.Util.IOLogger.1+38,1,6F6464434F4D002952571239584D50122D3330534B4B49560045002D3330534B295258565D001321^13^5^0
0,2138318719,13,Ens.Util.IOLogger.1+38,1,6F6464434F4D002C383834125354495645584D53520045002D3330534B295258565D00131E^13^5^0
20,2138318721,13,Ens.Util.IOLogger.1+38,1,6F6464434F4D002C383834125354495645584D53520045002D3330534B295258565D00131E^10^5^0
0,2138318722,13,Ens.Util.IOLogger.1+38,1,6F6464444546002952571239584D50122D3330534B4B49560045002D3330534B295258565D001321^13^5^0
20,2138318724,13,Ens.Util.IOLogger.1+38,1,6F6464444546002952571239584D50122D3330534B4B49560045002D3330534B295258565D001321^13^5^0
0,2138318725,13,Ens.Util.IOLogger.1+38,1,6F6464444546002952571239584D50122D3330534B4B49560045002D3330534B295258565D001321^13^5^0
50,2138318726,13,Ens.Util.IOLogger.1+38,1,
37,2138318727,13,Ens.Util.IOLogger.1+39,1,
50,2138318729,13,Ens.Util.IOLogger.1+39,1,
37,2138318729,13,Ens.Util.IOLogger.1+40,1,
37,2138318741,13,Ens.Util.IOLogger.1+44,1,
50,2138318742,13,Ens.Util.IOLogger.1+44,1,
51,2138318746,13,Ens.Util.IOLogger.1+44,1,
50,2138318747,13,Ens.Util.IOLogger.1+44,1,
51,2138318749,13,Ens.Util.IOLogger.1+44,1,
50,2138318750,13,Ens.Util.IOLogger.1+44,1,
51,2138318751,13,Ens.Util.IOLogger.1+44,1,
50,2138318751,13,Ens.Util.IOLogger.1+44,1,
51,2138318753,13,Ens.Util.IOLogger.1+44,1,
50,2138318753,13,Ens.Util.IOLogger.1+44,1,
51,2138318755,13,Ens.Util.IOLogger.1+44,1,
50,2138318756,13,Ens.Util.IOLogger.1+44,1,
37,2138318757,13,Ens.Util.IOLogger.1+53,1,
37,2138318757,13,Ens.Util.IOLogger.1+54,1,
50,2138318758,13,Ens.Util.IOLogger.1+54,1,
50,2138318760,13,Ens.Util.IOLogger.1+54,1,
50,2138318761,13,Ens.Util.IOLogger.1+54,1,
50,2138318763,13,Ens.Util.IOLogger.1+54,1,
50,2138318764,13,Ens.Util.IOLogger.1+54,1,
50,2138318764,13,Ens.Util.IOLogger.1+54,1,
50,2138318765,13,Ens.Util.IOLogger.1+54,1,
50,2138318766,13,Ens.Util.IOLogger.1+54,1,
50,2138318767,13,Ens.Util.IOLogger.1+54,1,
50,2138318768,13,Ens.Util.IOLogger.1+54,1,
50,2138318768,13,Ens.Util.IOLogger.1+54,1,
50,2138318769,13,Ens.Util.IOLogger.1+54,1,
50,2138318770,13,Ens.Util.IOLogger.1+54,1,
50,2138318771,13,Ens.Util.IOLogger.1+54,1,
50,2138318771,13,Ens.Util.IOLogger.1+54,1,
50,2138318772,13,Ens.Util.IOLogger.1+54,1,
50,2138318773,13,Ens.Util.IOLogger.1+54,1,
50,2138318774,13,Ens.Util.IOLogger.1+54,1,
50,2138318775,13,Ens.Util.IOLogger.1+54,1,
50,2138318775,13,Ens.Util.IOLogger.1+54,1,
50,2138318776,13,Ens.Util.IOLogger.1+54,1,
50,2138318777,13,Ens.Util.IOLogger.1+54,1,
50,2138318778,13,Ens.Util.IOLogger.1+54,1,
50,2138318779,13,Ens.Util.IOLogger.1+54,1,
50,2138318779,13,Ens.Util.IOLogger.1+54,1,
CALL,2138318781,13,Ens.Util.IOLogger.1+54
ARG,[ 0] INT: 0
ARG,[ 1] OREF: 6
38,2138318783,13,Ens.Util.IOLog.1+0,0,
50,2138318785,13,Ens.Util.IOLog.1+135,1,
50,2138320152,13,Ens.Util.IOLog.1+135,1,
37,2138320176,13,Ens.Util.IOLog.1+136,1,
37,2138320179,13,Ens.Util.IOLog.1+137,1,
QUIT,2138320180,137
51,2138320180,13,Ens.Util.IOLog.1+137,1,
38,2138320182,13,Ens.Util.IOLogger.1+0,0,
51,2138320183,13,Ens.Util.IOLogger.1+54,1,
50,2138320185,13,Ens.Util.IOLogger.1+54,1,
51,2138320186,13,Ens.Util.IOLogger.1+54,1,
50,2138320186,13,Ens.Util.IOLogger.1+54,1,
37,2138320187,13,Ens.Util.IOLogger.1+55,1,
37,2138320189,13,Ens.Util.IOLogger.1+56,1,
37,2138320190,13,Ens.Util.IOLogger.1+57,1,
51,2138320191,13,Ens.Util.IOLogger.1+57,1,
50,2138320192,13,Ens.Util.IOLogger.1+57,1,
37,2138320193,13,Ens.Util.IOLogger.1+58,1,
51,2138320194,13,Ens.Util.IOLogger.1+58,1,
50,2138320195,13,Ens.Util.IOLogger.1+58,1,
37,2138320196,13,Ens.Util.IOLogger.1+59,1,
51,2138320197,13,Ens.Util.IOLogger.1+59,1,
50,2138320197,13,Ens.Util.IOLogger.1+59,1,
37,2138320198,13,Ens.Util.IOLogger.1+60,1,
51,2138320199,13,Ens.Util.IOLogger.1+60,1,
50,2138320200,13,Ens.Util.IOLogger.1+60,1,
37,2138320201,13,Ens.Util.IOLogger.1+61,1,
51,2138320202,13,Ens.Util.IOLogger.1+61,1,
50,2138320203,13,Ens.Util.IOLogger.1+61,1,
37,2138320204,13,Ens.Util.IOLogger.1+62,1,
51,2138320207,13,Ens.Util.IOLogger.1+62,1,
50,2138320208,13,Ens.Util.IOLogger.1+62,1,
37,2138320209,13,Ens.Util.IOLogger.1+63,1,
37,2138320210,13,Ens.Util.IOLogger.1+64,1,
37,2138320213,13,Ens.Util.IOLogger.1+69,1,
37,2138320214,13,Ens.Util.IOLogger.1+70,1,
50,2138320215,13,Ens.Util.IOLogger.1+70,1,
51,2138320216,13,Ens.Util.IOLogger.1+70,1,
50,2138320217,13,Ens.Util.IOLogger.1+70,1,
37,2138320218,13,Ens.Util.IOLogger.1+73,1,
37,2138320221,13,Ens.Util.IOLogger.1+80,1,
37,2138320222,13,Ens.Util.IOLogger.1+81,1,
50,2138320222,13,Ens.Util.IOLogger.1+82,1,
37,2138320223,13,Ens.Util.IOLogger.1+83,1,
37,2138320224,13,Ens.Util.IOLogger.1+84,1,
37,2138320225,13,Ens.Util.IOLogger.1+86,1,
QUIT,2138320226,86
51,2138320226,13,Ens.Util.IOLogger.1+86,1,
51,2138320227,13,Ens.Util.IOLogger.1+86,1,
51,2138320228,13,Ens.Util.IOLogger.1+86,1,
51,2138320229,13,Ens.Util.IOLogger.1+86,1,
51,2138320230,13,Ens.Util.IOLogger.1+86,1,
51,2138320230,13,Ens.Util.IOLogger.1+86,1,
51,2138320231,13,Ens.Util.IOLogger.1+86,1,
51,2138320232,13,Ens.Util.IOLogger.1+86,1,
51,2138320233,13,Ens.Util.IOLogger.1+86,1,
51,2138320234,13,Ens.Util.IOLogger.1+86,1,
51,2138320234,13,Ens.Util.IOLogger.1+86,1,
51,2138320235,13,Ens.Util.IOLogger.1+86,1,
38,2138320236,10,HTTP.operation.1+0,0,
37,2138320237,10,HTTP.operation.1+171,1,
0,2138320240,10,HTTP.operation.1+171,1,495249532E54656D702E456E734A6F624D6F6E69746F72002D362D3725343400575D571E1519171C0045544D124B49524849564D5E49124D53001F093149584C5348^3^5^0
1,2138320242,10,HTTP.operation.1+171,1,495249532E54656D702E456E734A6F624D6F6E69746F72002D362D3725343400575D571E1519171C0045544D124B49524849564D5E49124D53001F093149584C5348^3^5^0
20,2138320244,10,HTTP.operation.1+171,1,495249532E54656D702E456E734A6F624D6F6E69746F72002D362D3725343400575D571E1519171C0045544D124B49524849564D5E49124D53001F093149584C5348^3^5^0
0,2138320247,10,HTTP.operation.1+171,1,495249532E54656D702E456E734A6F624D6F6E69746F72002D362D3725343400575D571E1519171C0045544D124B49524849564D5E49124D53001F09304557582547584D5A4D585D^3^5^0
1,2138320249,10,HTTP.operation.1+171,1,495249532E54656D702E456E734A6F624D6F6E69746F72002D362D3725343400575D571E1519171C0045544D124B49524849564D5E49124D53001F09304557582547584D5A4D585D^3^5^0
20,2138320250,10,HTTP.operation.1+171,1,495249532E54656D702E456E734A6F624D6F6E69746F72002D362D3725343400575D571E1519171C0045544D124B49524849564D5E49124D53001F09304557582547584D5A4D585D^3^5^0
37,2138320251,10,HTTP.operation.1+172,1,
CALL,2138320252,10,HTTP.operation.1+172
ARG,[ 0] INT: 2
ARG,[ 1] SCOPE: level=0, 0x00aaaac5a436e8
ARG,[ 2] SCOPE: level=0, 0x00aaaac5a43960
50,2138320255,10,HTTP.operation.1+491,1,
37,2138320256,10,HTTP.operation.1+493,1,
50,2138320257,10,HTTP.operation.1+494,1,
37,2138320258,10,HTTP.operation.1+494,1,
50,2138320265,10,HTTP.operation.1+494,1,
50,2138320266,10,HTTP.operation.1+494,1,
50,2138320267,10,HTTP.operation.1+494,1,
50,2138320268,10,HTTP.operation.1+494,1,
50,2138320924,10,HTTP.operation.1+494,1,
50,2138320926,10,HTTP.operation.1+494,1,
50,2138320927,10,HTTP.operation.1+494,1,
50,2138320927,10,HTTP.operation.1+494,1,
CALL,2138320929,10,HTTP.operation.1+494
ARG,[ 0] INT: 0
ARG,[ 1] OREF: 10
38,2138320931,1,%Library.Persistent.1+0,0,
50,2138320933,1,%Library.Persistent.1+259,1,
37,2138320934,1,%Library.Persistent.1+260,1,
37,2138320936,1,%Library.Persistent.1+261,1,
QUIT,2138320937,261
51,2138320937,1,%Library.Persistent.1+261,1,
38,2138320939,10,HTTP.operation.1+0,0,
51,2138320940,10,HTTP.operation.1+495,1,
50,2138320941,10,HTTP.operation.1+495,1,
37,2138320941,10,HTTP.operation.1+495,1,
50,2138320943,10,HTTP.operation.1+495,1,
50,2138320944,10,HTTP.operation.1+495,1,
50,2138320945,10,HTTP.operation.1+495,1,
50,2138320946,10,HTTP.operation.1+495,1,
50,2138320947,10,HTTP.operation.1+495,1,
50,2138320948,10,HTTP.operation.1+495,1,
50,2138320948,10,HTTP.operation.1+495,1,
50,2138320949,10,HTTP.operation.1+495,1,
50,2138320950,10,HTTP.operation.1+495,1,
50,2138320951,10,HTTP.operation.1+495,1,
50,2138320952,10,HTTP.operation.1+495,1,
50,2138320952,10,HTTP.operation.1+495,1,
50,2138320953,10,HTTP.operation.1+495,1,
50,2138320954,10,HTTP.operation.1+495,1,
50,2138320955,10,HTTP.operation.1+495,1,
50,2138320955,10,HTTP.operation.1+495,1,
50,2138320956,10,HTTP.operation.1+495,1,
50,2138320957,10,HTTP.operation.1+495,1,
50,2138320958,10,HTTP.operation.1+495,1,
50,2138320959,10,HTTP.operation.1+495,1,
50,2138320959,10,HTTP.operation.1+495,1,
50,2138320960,10,HTTP.operation.1+495,1,
50,2138320961,10,HTTP.operation.1+495,1,
50,2138320962,10,HTTP.operation.1+495,1,
50,2138320963,10,HTTP.operation.1+495,1,
50,2138320963,10,HTTP.operation.1+495,1,
50,2138320964,10,HTTP.operation.1+495,1,
50,2138320965,10,HTTP.operation.1+495,1,
50,2138320966,10,HTTP.operation.1+495,1,
50,2138320966,10,HTTP.operation.1+495,1,
50,2138320967,10,HTTP.operation.1+495,1,
50,2138320968,10,HTTP.operation.1+495,1,
50,2138320969,10,HTTP.operation.1+495,1,
50,2138320970,10,HTTP.operation.1+495,1,
50,2138320970,10,HTTP.operation.1+495,1,
50,2138320971,10,HTTP.operation.1+495,1,
50,2138320972,10,HTTP.operation.1+495,1,
50,2138320973,10,HTTP.operation.1+495,1,
50,2138320974,10,HTTP.operation.1+495,1,
50,2138320974,10,HTTP.operation.1+495,1,
50,2138320975,10,HTTP.operation.1+495,1,
50,2138320976,10,HTTP.operation.1+495,1,
50,2138320977,10,HTTP.operation.1+495,1,
50,2138320978,10,HTTP.operation.1+495,1,
50,2138320978,10,HTTP.operation.1+495,1,
50,2138320979,10,HTTP.operation.1+495,1,
50,2138320980,10,HTTP.operation.1+495,1,
50,2138320981,10,HTTP.operation.1+495,1,
50,2138320982,10,HTTP.operation.1+495,1,
50,2138320982,10,HTTP.operation.1+495,1,
50,2138320983,10,HTTP.operation.1+495,1,
50,2138320984,10,HTTP.operation.1+495,1,
50,2138320985,10,HTTP.operation.1+495,1,
50,2138320985,10,HTTP.operation.1+495,1,
50,2138320986,10,HTTP.operation.1+495,1,
50,2138320987,10,HTTP.operation.1+495,1,
50,2138320988,10,HTTP.operation.1+495,1,
CALL,2138320989,10,HTTP.operation.1+495
ARG,[ 0] INT: 0
ARG,[ 1] OREF: 13
38,2138320999,1,%Net.HttpRequest.1+0,0,
50,2138321008,1,%Net.HttpRequest.1+28,1,
37,2138321013,1,%Net.HttpRequest.1+29,1,
37,2138321015,1,%Net.HttpRequest.1+30,1,
50,2138321016,1,%Net.HttpRequest.1+30,1,
50,2138321022,1,%Net.HttpRequest.1+30,1,
50,2138321023,1,%Net.HttpRequest.1+30,1,
50,2138321024,1,%Net.HttpRequest.1+30,1,
50,2138321025,1,%Net.HttpRequest.1+30,1,
50,2138321026,1,%Net.HttpRequest.1+30,1,
50,2138321026,1,%Net.HttpRequest.1+30,1,
50,2138321027,1,%Net.HttpRequest.1+30,1,
50,2138321028,1,%Net.HttpRequest.1+30,1,
50,2138321029,1,%Net.HttpRequest.1+30,1,
50,2138321030,1,%Net.HttpRequest.1+30,1,
50,2138321030,1,%Net.HttpRequest.1+30,1,
50,2138321031,1,%Net.HttpRequest.1+30,1,
50,2138321032,1,%Net.HttpRequest.1+30,1,
50,2138321033,1,%Net.HttpRequest.1+30,1,
50,2138321034,1,%Net.HttpRequest.1+30,1,
CALL,2138321035,1,%Net.HttpRequest.1+30
ARG,[ 0] INT: 2
ARG,[ 1] INT: 1
ARG,[ 2] OREF: 13
ARG,[ 3] OREF: 12
38,2138321047,1,%Net.HttpAuthentication.1+0,0,
50,2138321048,1,%Net.HttpAuthentication.1+17,1,
50,2138321049,1,%Net.HttpAuthentication.1+17,1,
50,2138321466,1,%Net.HttpAuthentication.1+17,1,
37,2138321467,1,%Net.HttpAuthentication.1+18,1,
51,2138321469,1,%Net.HttpAuthentication.1+18,1,
50,2138321469,1,%Net.HttpAuthentication.1+18,1,
51,2138321470,1,%Net.HttpAuthentication.1+18,1,
50,2138321471,1,%Net.HttpAuthentication.1+18,1,
37,2138321472,1,%Net.HttpAuthentication.1+19,1,
CALL,2138321473,1,%Net.HttpAuthentication.1+19
ARG,[ 0] INT: 2
ARG,[ 1] SCOPE: level=0, 0x00aaaac5a43b08
ARG,[ 2] SCOPE: level=0, 0x00aaaac5a43af0
50,2138321476,1,%Net.HttpAuthentication.1+38,1,
37,2138321477,1,%Net.HttpAuthentication.1+39,1,
50,2138321478,1,%Net.HttpAuthentication.1+39,1,
51,2138321479,1,%Net.HttpAuthentication.1+39,1,
50,2138321480,1,%Net.HttpAuthentication.1+39,1,
37,2138321481,1,%Net.HttpAuthentication.1+40,1,
QUIT,2138321482,40
51,2138321482,1,%Net.HttpAuthentication.1+40,1,
QUIT,2138321483,19
51,2138321484,1,%Net.HttpAuthentication.1+19,1,
51,2138321484,1,%Net.HttpAuthentication.1+19,1,
51,2138321485,1,%Net.HttpAuthentication.1+19,1,
38,2138321486,1,%Net.HttpRequest.1+0,0,
51,2138321487,1,%Net.HttpRequest.1+30,1,
50,2138321488,1,%Net.HttpRequest.1+30,1,
51,2138321489,1,%Net.HttpRequest.1+30,1,
50,2138321490,1,%Net.HttpRequest.1+30,1,
37,2138321491,1,%Net.HttpRequest.1+31,1,
51,2138321492,1,%Net.HttpRequest.1+31,1,
50,2138321493,1,%Net.HttpRequest.1+31,1,
37,2138321494,1,%Net.HttpRequest.1+32,1,
50,2138321495,1,%Net.HttpRequest.1+32,1,
50,2138321496,1,%Net.HttpRequest.1+32,1,
50,2138321497,1,%Net.HttpRequest.1+32,1,
50,2138321498,1,%Net.HttpRequest.1+32,1,
50,2138321499,1,%Net.HttpRequest.1+32,1,
50,2138321499,1,%Net.HttpRequest.1+32,1,
50,2138321500,1,%Net.HttpRequest.1+32,1,
50,2138321501,1,%Net.HttpRequest.1+32,1,
50,2138321502,1,%Net.HttpRequest.1+32,1,
50,2138321503,1,%Net.HttpRequest.1+32,1,
50,2138321503,1,%Net.HttpRequest.1+32,1,
50,2138321504,1,%Net.HttpRequest.1+32,1,
50,2138321505,1,%Net.HttpRequest.1+32,1,
50,2138321506,1,%Net.HttpRequest.1+32,1,
50,2138321507,1,%Net.HttpRequest.1+32,1,
50,2138321507,1,%Net.HttpRequest.1+32,1,
CALL,2138321508,1,%Net.HttpRequest.1+32
ARG,[ 0] INT: 2
ARG,[ 1] INT: 0
ARG,[ 2] OREF: 13
ARG,[ 3] OREF: 11
38,2138321510,1,%Net.HttpAuthentication.1+0,0,
50,2138321511,1,%Net.HttpAuthentication.1+17,1,
50,2138321512,1,%Net.HttpAuthentication.1+17,1,
50,2138321513,1,%Net.HttpAuthentication.1+17,1,
37,2138321514,1,%Net.HttpAuthentication.1+18,1,
51,2138321515,1,%Net.HttpAuthentication.1+18,1,
50,2138321515,1,%Net.HttpAuthentication.1+18,1,
51,2138321516,1,%Net.HttpAuthentication.1+18,1,
50,2138321517,1,%Net.HttpAuthentication.1+18,1,
37,2138321518,1,%Net.HttpAuthentication.1+19,1,
CALL,2138321519,1,%Net.HttpAuthentication.1+19
ARG,[ 0] INT: 2
ARG,[ 1] SCOPE: level=0, 0x00aaaac5a43b08
ARG,[ 2] SCOPE: level=0, 0x00aaaac5a43af0
50,2138321521,1,%Net.HttpAuthentication.1+38,1,
37,2138321522,1,%Net.HttpAuthentication.1+39,1,
51,2138321523,1,%Net.HttpAuthentication.1+39,1,
50,2138321523,1,%Net.HttpAuthentication.1+39,1,
37,2138321524,1,%Net.HttpAuthentication.1+40,1,
QUIT,2138321525,40
51,2138321525,1,%Net.HttpAuthentication.1+40,1,
QUIT,2138321526,19
51,2138321527,1,%Net.HttpAuthentication.1+19,1,
51,2138321527,1,%Net.HttpAuthentication.1+19,1,
51,2138321528,1,%Net.HttpAuthentication.1+19,1,
38,2138321529,1,%Net.HttpRequest.1+0,0,
51,2138321530,1,%Net.HttpRequest.1+32,1,
50,2138321531,1,%Net.HttpRequest.1+32,1,
51,2138321532,1,%Net.HttpRequest.1+32,1,
50,2138321532,1,%Net.HttpRequest.1+32,1,
37,2138321533,1,%Net.HttpRequest.1+33,1,
37,2138321534,1,%Net.HttpRequest.1+34,1,
51,2138321536,1,%Net.HttpRequest.1+34,1,
51,2138321537,1,%Net.HttpRequest.1+34,1,
51,2138321538,1,%Net.HttpRequest.1+34,1,
51,2138321539,1,%Net.HttpRequest.1+34,1,
37,2138321540,1,%Net.HttpRequest.1+35,1,
CALL,2138321541,1,%Net.HttpRequest.1+35
ARG,[ 0] INT: 1
ARG,[ 1] SCOPE: level=0, 0x00aaaac5a43ac8
50,2138321542,1,%Net.HttpRequest.1+99,1,
50,2138321543,1,%Net.HttpRequest.1+99,1,
37,2138321544,1,%Net.HttpRequest.1+100,1,
CALL,2138321550,1,%Net.HttpRequest.1+100
ARG,[ 0] INT: 1
ARG,[ 1] STR (len=9): 4H006C006F00630061006C0068006F00730074
50,2138322082,1,%Net.HttpRequest.1+395,1,
50,2138322084,1,%Net.HttpRequest.1+395,1,
37,2138322086,1,%Net.HttpRequest.1+396,1,
50,2138322088,1,%Net.HttpRequest.1+396,1,
37,2138322089,1,%Net.HttpRequest.1+397,1,
50,2138322091,1,%Net.HttpRequest.1+397,1,
50,2138322093,1,%Net.HttpRequest.1+397,1,
50,2138322095,1,%Net.HttpRequest.1+397,1,
50,2138322096,1,%Net.HttpRequest.1+397,1,
50,2138322097,1,%Net.HttpRequest.1+397,1,
50,2138322098,1,%Net.HttpRequest.1+397,1,
50,2138322099,1,%Net.HttpRequest.1+397,1,
37,2138322100,1,%Net.HttpRequest.1+398,1,
50,2138322101,1,%Net.HttpRequest.1+398,1,
50,2138322102,1,%Net.HttpRequest.1+398,1,
51,2138322103,1,%Net.HttpRequest.1+398,1,
50,2138322104,1,%Net.HttpRequest.1+398,1,
50,2138322106,1,%Net.HttpRequest.1+398,1,
50,2138322107,1,%Net.HttpRequest.1+398,1,
50,2138322107,1,%Net.HttpRequest.1+398,1,
50,2138322108,1,%Net.HttpRequest.1+398,1,
50,2138322109,1,%Net.HttpRequest.1+398,1,
37,2138322110,1,%Net.HttpRequest.1+399,1,
50,2138322112,1,%Net.HttpRequest.1+399,1,
37,2138322113,1,%Net.HttpRequest.1+400,1,
37,2138322114,1,%Net.HttpRequest.1+401,1,
50,2138322115,1,%Net.HttpRequest.1+401,1,
51,2138322116,1,%Net.HttpRequest.1+401,1,
50,2138322117,1,%Net.HttpRequest.1+401,1,
50,2138322118,1,%Net.HttpRequest.1+401,1,
50,2138322120,1,%Net.HttpRequest.1+401,1,
50,2138322120,1,%Net.HttpRequest.1+401,1,
50,2138322121,1,%Net.HttpRequest.1+401,1,
50,2138322122,1,%Net.HttpRequest.1+401,1,
37,2138322123,1,%Net.HttpRequest.1+402,1,
37,2138322124,1,%Net.HttpRequest.1+404,1,
37,2138322125,1,%Net.HttpRequest.1+408,1,
50,2138322126,1,%Net.HttpRequest.1+409,1,
37,2138322127,1,%Net.HttpRequest.1+409,1,
37,2138322128,1,%Net.HttpRequest.1+410,1,
0,2138322131,1,%Net.HttpRequest.1+410,1,25535953002C585854364955594957580001^0^5^0
20,2138322141,1,%Net.HttpRequest.1+410,1,25535953002C58585436495559495758000101^0^5^16
37,2138322144,1,%Net.HttpRequest.1+414,1,
37,2138322145,1,%Net.HttpRequest.1+415,1,
37,2138322146,1,%Net.HttpRequest.1+416,1,
0,2138322147,1,%Net.HttpRequest.1+416,1,535953002C585854364955594957580001^9^5^0
17,2138322150,1,%Net.HttpRequest.1+416,1,535953002C58585436495559495758000101^9^5^16
28,2138322152,1,%Net.HttpRequest.1+416,1,535953002C58585436495559495758000101^9^5^16
37,2138322153,1,%Net.HttpRequest.1+419,1,
37,2138322154,1,%Net.HttpRequest.1+422,1,
QUIT,2138322155,422
51,2138322156,1,%Net.HttpRequest.1+422,1,
51,2138322157,1,%Net.HttpRequest.1+422,1,
51,2138322158,1,%Net.HttpRequest.1+422,1,
51,2138322158,1,%Net.HttpRequest.1+422,1,
37,2138322160,1,%Net.HttpRequest.1+101,1,
QUIT,2138322161,101
51,2138322162,1,%Net.HttpRequest.1+101,1,
QUIT,2138322163,35
51,2138322163,1,%Net.HttpRequest.1+35,1,
51,2138322164,1,%Net.HttpRequest.1+35,1,
38,2138322166,10,HTTP.operation.1+0,0,
50,2138322168,10,HTTP.operation.1+496,1,
37,2138322169,10,HTTP.operation.1+496,1,
50,2138322171,10,HTTP.operation.1+496,1,
50,2138322188,10,HTTP.operation.1+496,1,
50,2138322189,10,HTTP.operation.1+496,1,
50,2138322190,10,HTTP.operation.1+496,1,
50,2138322191,10,HTTP.operation.1+496,1,
50,2138322192,10,HTTP.operation.1+496,1,
50,2138322193,10,HTTP.operation.1+496,1,
50,2138322193,10,HTTP.operation.1+496,1,
50,2138322194,10,HTTP.operation.1+496,1,
50,2138322195,10,HTTP.operation.1+496,1,
50,2138322196,10,HTTP.operation.1+496,1,
50,2138322197,10,HTTP.operation.1+496,1,
50,2138322197,10,HTTP.operation.1+496,1,
50,2138322198,10,HTTP.operation.1+496,1,
50,2138322199,10,HTTP.operation.1+496,1,
50,2138322200,10,HTTP.operation.1+496,1,
50,2138322201,10,HTTP.operation.1+496,1,
50,2138322201,10,HTTP.operation.1+496,1,
50,2138322202,10,HTTP.operation.1+496,1,
50,2138322203,10,HTTP.operation.1+496,1,
50,2138322204,10,HTTP.operation.1+496,1,
50,2138322205,10,HTTP.operation.1+496,1,
50,2138322205,10,HTTP.operation.1+496,1,
50,2138322206,10,HTTP.operation.1+496,1,
50,2138322207,10,HTTP.operation.1+496,1,
50,2138322208,10,HTTP.operation.1+496,1,
50,2138322209,10,HTTP.operation.1+496,1,
50,2138322209,10,HTTP.operation.1+496,1,
50,2138322210,10,HTTP.operation.1+496,1,
50,2138322211,10,HTTP.operation.1+496,1,
50,2138322212,10,HTTP.operation.1+496,1,
50,2138322700,10,HTTP.operation.1+496,1,
50,2138322701,10,HTTP.operation.1+496,1,
50,2138322702,10,HTTP.operation.1+496,1,
50,2138322703,10,HTTP.operation.1+496,1,
50,2138322704,10,HTTP.operation.1+496,1,
50,2138322705,10,HTTP.operation.1+496,1,
50,2138322706,10,HTTP.operation.1+496,1,
50,2138322706,10,HTTP.operation.1+496,1,
50,2138322707,10,HTTP.operation.1+496,1,
50,2138322708,10,HTTP.operation.1+496,1,
50,2138322709,10,HTTP.operation.1+496,1,
50,2138322709,10,HTTP.operation.1+496,1,
50,2138322710,10,HTTP.operation.1+496,1,
50,2138322711,10,HTTP.operation.1+496,1,
50,2138322712,10,HTTP.operation.1+496,1,
50,2138322713,10,HTTP.operation.1+496,1,
50,2138322713,10,HTTP.operation.1+496,1,
50,2138322714,10,HTTP.operation.1+496,1,
50,2138322715,10,HTTP.operation.1+496,1,
50,2138322716,10,HTTP.operation.1+496,1,
50,2138322717,10,HTTP.operation.1+496,1,
50,2138322717,10,HTTP.operation.1+496,1,
50,2138322718,10,HTTP.operation.1+496,1,
50,2138322719,10,HTTP.operation.1+496,1,
50,2138322720,10,HTTP.operation.1+496,1,
50,2138322720,10,HTTP.operation.1+496,1,
CALL,2138322722,10,HTTP.operation.1+496
ARG,[ 0] INT: 0
ARG,[ 1] OREF: 14
38,2138322724,1,%Net.HttpRequest.1+0,0,
50,2138322726,1,%Net.HttpRequest.1+28,1,
37,2138322727,1,%Net.HttpRequest.1+29,1,
37,2138322729,1,%Net.HttpRequest.1+30,1,
50,2138322730,1,%Net.HttpRequest.1+30,1,
50,2138322732,1,%Net.HttpRequest.1+30,1,
50,2138322733,1,%Net.HttpRequest.1+30,1,
50,2138322734,1,%Net.HttpRequest.1+30,1,
50,2138322734,1,%Net.HttpRequest.1+30,1,
50,2138322735,1,%Net.HttpRequest.1+30,1,
50,2138322736,1,%Net.HttpRequest.1+30,1,
50,2138322737,1,%Net.HttpRequest.1+30,1,
50,2138322738,1,%Net.HttpRequest.1+30,1,
50,2138322738,1,%Net.HttpRequest.1+30,1,
50,2138322739,1,%Net.HttpRequest.1+30,1,
50,2138322740,1,%Net.HttpRequest.1+30,1,
50,2138322741,1,%Net.HttpRequest.1+30,1,
50,2138322742,1,%Net.HttpRequest.1+30,1,
50,2138322743,1,%Net.HttpRequest.1+30,1,
50,2138322743,1,%Net.HttpRequest.1+30,1,
50,2138322744,1,%Net.HttpRequest.1+30,1,
CALL,2138322745,1,%Net.HttpRequest.1+30
ARG,[ 0] INT: 2
ARG,[ 1] INT: 1
ARG,[ 2] OREF: 14
ARG,[ 3] OREF: 15
38,2138322748,1,%Net.HttpAuthentication.1+0,0,
50,2138322749,1,%Net.HttpAuthentication.1+17,1,
50,2138322750,1,%Net.HttpAuthentication.1+17,1,
50,2138322751,1,%Net.HttpAuthentication.1+17,1,
37,2138322752,1,%Net.HttpAuthentication.1+18,1,
51,2138322753,1,%Net.HttpAuthentication.1+18,1,
50,2138322753,1,%Net.HttpAuthentication.1+18,1,
51,2138322754,1,%Net.HttpAuthentication.1+18,1,
50,2138322755,1,%Net.HttpAuthentication.1+18,1,
37,2138322756,1,%Net.HttpAuthentication.1+19,1,
CALL,2138322757,1,%Net.HttpAuthentication.1+19
ARG,[ 0] INT: 2
ARG,[ 1] SCOPE: level=0, 0x00aaaac5a43b08
ARG,[ 2] SCOPE: level=0, 0x00aaaac5a43af0
50,2138322760,1,%Net.HttpAuthentication.1+38,1,
37,2138322760,1,%Net.HttpAuthentication.1+39,1,
50,2138322762,1,%Net.HttpAuthentication.1+39,1,
51,2138322763,1,%Net.HttpAuthentication.1+39,1,
50,2138322763,1,%Net.HttpAuthentication.1+39,1,
37,2138322764,1,%Net.HttpAuthentication.1+40,1,
QUIT,2138322765,40
51,2138322766,1,%Net.HttpAuthentication.1+40,1,
QUIT,2138322767,19
51,2138322767,1,%Net.HttpAuthentication.1+19,1,
51,2138322768,1,%Net.HttpAuthentication.1+19,1,
51,2138322769,1,%Net.HttpAuthentication.1+19,1,
38,2138322770,1,%Net.HttpRequest.1+0,0,
51,2138322771,1,%Net.HttpRequest.1+30,1,
50,2138322771,1,%Net.HttpRequest.1+30,1,
51,2138322772,1,%Net.HttpRequest.1+30,1,
50,2138322773,1,%Net.HttpRequest.1+30,1,
37,2138322774,1,%Net.HttpRequest.1+31,1,
51,2138322775,1,%Net.HttpRequest.1+31,1,
50,2138322776,1,%Net.HttpRequest.1+31,1,
37,2138322777,1,%Net.HttpRequest.1+32,1,
50,2138322778,1,%Net.HttpRequest.1+32,1,
50,2138322778,1,%Net.HttpRequest.1+32,1,
50,2138322779,1,%Net.HttpRequest.1+32,1,
50,2138322780,1,%Net.HttpRequest.1+32,1,
50,2138322781,1,%Net.HttpRequest.1+32,1,
50,2138322782,1,%Net.HttpRequest.1+32,1,
50,2138322783,1,%Net.HttpRequest.1+32,1,
50,2138322783,1,%Net.HttpRequest.1+32,1,
50,2138322784,1,%Net.HttpRequest.1+32,1,
50,2138322785,1,%Net.HttpRequest.1+32,1,
50,2138322786,1,%Net.HttpRequest.1+32,1,
50,2138322787,1,%Net.HttpRequest.1+32,1,
50,2138323753,1,%Net.HttpRequest.1+32,1,
50,2138323754,1,%Net.HttpRequest.1+32,1,
50,2138323755,1,%Net.HttpRequest.1+32,1,
50,2138323756,1,%Net.HttpRequest.1+32,1,
CALL,2138323757,1,%Net.HttpRequest.1+32
ARG,[ 0] INT: 2
ARG,[ 1] INT: 0
ARG,[ 2] OREF: 14
ARG,[ 3] OREF: 17
38,2138323760,1,%Net.HttpAuthentication.1+0,0,
50,2138323762,1,%Net.HttpAuthentication.1+17,1,
50,2138323763,1,%Net.HttpAuthentication.1+17,1,
50,2138323764,1,%Net.HttpAuthentication.1+17,1,
37,2138323765,1,%Net.HttpAuthentication.1+18,1,
51,2138323766,1,%Net.HttpAuthentication.1+18,1,
50,2138323767,1,%Net.HttpAuthentication.1+18,1,
51,2138323768,1,%Net.HttpAuthentication.1+18,1,
50,2138323769,1,%Net.HttpAuthentication.1+18,1,
37,2138323770,1,%Net.HttpAuthentication.1+19,1,
CALL,2138323771,1,%Net.HttpAuthentication.1+19
ARG,[ 0] INT: 2
ARG,[ 1] SCOPE: level=0, 0x00aaaac5a43b08
ARG,[ 2] SCOPE: level=0, 0x00aaaac5a43af0
50,2138323773,1,%Net.HttpAuthentication.1+38,1,
37,2138323774,1,%Net.HttpAuthentication.1+39,1,
51,2138323775,1,%Net.HttpAuthentication.1+39,1,
50,2138323776,1,%Net.HttpAuthentication.1+39,1,
37,2138323777,1,%Net.HttpAuthentication.1+40,1,
QUIT,2138323778,40
51,2138323778,1,%Net.HttpAuthentication.1+40,1,
QUIT,2138323779,19
51,2138323780,1,%Net.HttpAuthentication.1+19,1,
51,2138323781,1,%Net.HttpAuthentication.1+19,1,
51,2138323781,1,%Net.HttpAuthentication.1+19,1,
38,2138323782,1,%Net.HttpRequest.1+0,0,
51,2138323783,1,%Net.HttpRequest.1+32,1,
50,2138323785,1,%Net.HttpRequest.1+32,1,
51,2138323785,1,%Net.HttpRequest.1+32,1,
50,2138323786,1,%Net.HttpRequest.1+32,1,
37,2138323787,1,%Net.HttpRequest.1+33,1,
37,2138323788,1,%Net.HttpRequest.1+34,1,
51,2138323790,1,%Net.HttpRequest.1+34,1,
51,2138323791,1,%Net.HttpRequest.1+34,1,
51,2138323792,1,%Net.HttpRequest.1+34,1,
51,2138323793,1,%Net.HttpRequest.1+34,1,
37,2138323793,1,%Net.HttpRequest.1+35,1,
CALL,2138323794,1,%Net.HttpRequest.1+35
ARG,[ 0] INT: 1
ARG,[ 1] SCOPE: level=0, 0x00aaaac5a43ac8
50,2138323796,1,%Net.HttpRequest.1+99,1,
50,2138323797,1,%Net.HttpRequest.1+99,1,
37,2138323798,1,%Net.HttpRequest.1+100,1,
CALL,2138323798,1,%Net.HttpRequest.1+100
ARG,[ 0] INT: 1
ARG,[ 1] STR (len=9): 4H006C006F00630061006C0068006F00730074
50,2138323802,1,%Net.HttpRequest.1+395,1,
50,2138323803,1,%Net.HttpRequest.1+395,1,
37,2138323804,1,%Net.HttpRequest.1+396,1,
50,2138323805,1,%Net.HttpRequest.1+396,1,
37,2138323806,1,%Net.HttpRequest.1+397,1,
50,2138323807,1,%Net.HttpRequest.1+397,1,
50,2138323808,1,%Net.HttpRequest.1+397,1,
50,2138323810,1,%Net.HttpRequest.1+397,1,
50,2138323811,1,%Net.HttpRequest.1+397,1,
50,2138323812,1,%Net.HttpRequest.1+397,1,
50,2138323813,1,%Net.HttpRequest.1+397,1,
50,2138323814,1,%Net.HttpRequest.1+397,1,
37,2138323815,1,%Net.HttpRequest.1+398,1,
50,2138323816,1,%Net.HttpRequest.1+398,1,
50,2138323817,1,%Net.HttpRequest.1+398,1,
51,2138323818,1,%Net.HttpRequest.1+398,1,
50,2138323818,1,%Net.HttpRequest.1+398,1,
50,2138323820,1,%Net.HttpRequest.1+398,1,
50,2138323821,1,%Net.HttpRequest.1+398,1,
50,2138323822,1,%Net.HttpRequest.1+398,1,
50,2138323823,1,%Net.HttpRequest.1+398,1,
50,2138323824,1,%Net.HttpRequest.1+398,1,
37,2138323825,1,%Net.HttpRequest.1+399,1,
50,2138323825,1,%Net.HttpRequest.1+399,1,
37,2138323826,1,%Net.HttpRequest.1+400,1,
37,2138323827,1,%Net.HttpRequest.1+401,1,
50,2138323828,1,%Net.HttpRequest.1+401,1,
51,2138323829,1,%Net.HttpRequest.1+401,1,
50,2138323830,1,%Net.HttpRequest.1+401,1,
50,2138323832,1,%Net.HttpRequest.1+401,1,
50,2138323833,1,%Net.HttpRequest.1+401,1,
50,2138323833,1,%Net.HttpRequest.1+401,1,
50,2138323834,1,%Net.HttpRequest.1+401,1,
50,2138323835,1,%Net.HttpRequest.1+401,1,
37,2138323836,1,%Net.HttpRequest.1+402,1,
37,2138323837,1,%Net.HttpRequest.1+404,1,
37,2138323838,1,%Net.HttpRequest.1+408,1,
50,2138323839,1,%Net.HttpRequest.1+409,1,
37,2138323840,1,%Net.HttpRequest.1+409,1,
37,2138323841,1,%Net.HttpRequest.1+410,1,
0,2138323843,1,%Net.HttpRequest.1+410,1,25535953002C585854364955594957580001^0^5^0
20,2138323845,1,%Net.HttpRequest.1+410,1,25535953002C58585436495559495758000101^0^5^16
37,2138323847,1,%Net.HttpRequest.1+414,1,
37,2138324345,1,%Net.HttpRequest.1+415,1,
37,2138324346,1,%Net.HttpRequest.1+416,1,
0,2138324349,1,%Net.HttpRequest.1+416,1,535953002C585854364955594957580001^9^5^0
37,2138324351,1,%Net.HttpRequest.1+419,1,
37,2138324352,1,%Net.HttpRequest.1+422,1,
QUIT,2138324353,422
51,2138324353,1,%Net.HttpRequest.1+422,1,
51,2138324354,1,%Net.HttpRequest.1+422,1,
51,2138324355,1,%Net.HttpRequest.1+422,1,
51,2138324356,1,%Net.HttpRequest.1+422,1,
37,2138324357,1,%Net.HttpRequest.1+101,1,
QUIT,2138324358,101
51,2138324359,1,%Net.HttpRequest.1+101,1,
QUIT,2138324360,35
51,2138324360,1,%Net.HttpRequest.1+35,1,
51,2138324361,1,%Net.HttpRequest.1+35,1,
38,2138324363,10,HTTP.operation.1+0,0,
50,2138324364,10,HTTP.operation.1+497,1,
37,2138324365,10,HTTP.operation.1+497,1,
50,2138324368,10,HTTP.operation.1+497,1,
37,2138324369,10,HTTP.operation.1+498,1,
CALL,2138324371,10,HTTP.operation.1+498
ARG,[ 0] STR (len=14): 4H002F003F006E0061006D0065003D0042006100720062006100720061
ARG,[ 1] SCOPE: level=0,            (nil)
ARG,[ 2] SCOPE: level=0,            (nil)
ARG,[ 3] OREF: 13
ARG,[ 4] STR (len=3): 4H004700450054
ARG,[ 5] SCOPE: level=0, 0x00aaaac5a43a60
ARG,[ 6] INT: 82
ARG,[ 7] OREF: 4
38,2138324380,13,EnsLib.HTTP.OutboundAdapter.1+0,0,
50,2138324382,13,EnsLib.HTTP.OutboundAdapter.1+373,1,
50,2138324383,13,EnsLib.HTTP.OutboundAdapter.1+373,1,
50,2138324384,13,EnsLib.HTTP.OutboundAdapter.1+373,1,
50,2138324385,13,EnsLib.HTTP.OutboundAdapter.1+373,1,
50,2138324386,13,EnsLib.HTTP.OutboundAdapter.1+373,1,
50,2138324387,13,EnsLib.HTTP.OutboundAdapter.1+373,1,
37,2138324412,13,EnsLib.HTTP.OutboundAdapter.1+374,1,
50,2138324415,13,EnsLib.HTTP.OutboundAdapter.1+375,1,
37,2138324416,13,EnsLib.HTTP.OutboundAdapter.1+375,1,
51,2138324418,13,EnsLib.HTTP.OutboundAdapter.1+375,1,
CALL,2138324419,13,EnsLib.HTTP.OutboundAdapter.1+375
ARG,[ 0] INT: 0
ARG,[ 1] OREF: 14
38,2138324421,1,%Net.HttpRequest.1+0,0,
37,2138324422,1,%Net.HttpRequest.1+47,1,
CALL,2138324424,1,%Net.HttpRequest.1+47
ARG,[ 0] INT: 0
ARG,[ 1] INT: 3
37,2138324425,1,%Net.HttpRequest.1+98,1,
CALL,2138324426,1,%Net.HttpRequest.1+98
ARG,[ 0] INT: 0
ARG,[ 1] INT: 44
37,2138324427,1,%Net.HttpRequest.1+242,1,
37,2138324428,1,%Net.HttpRequest.1+243,1,
CALL,2138324431,1,%Net.HttpRequest.1+243
ARG,[ 0] INT: 94
ARG,[ 1] OREF: 15
38,2138324432,1,%Net.HttpAuthentication.1+0,0,
37,2138324433,1,%Net.HttpAuthentication.1+84,1,
QUIT,2138324434,84
38,2138324435,1,%Net.HttpRequest.1+0,0,
37,2138324436,1,%Net.HttpRequest.1+244,1,
CALL,2138324437,1,%Net.HttpRequest.1+244
ARG,[ 0] INT: 94
ARG,[ 1] OREF: 17
38,2138324438,1,%Net.HttpAuthentication.1+0,0,
37,2138324439,1,%Net.HttpAuthentication.1+84,1,
QUIT,2138324440,84
38,2138324440,1,%Net.HttpRequest.1+0,0,
37,2138324441,1,%Net.HttpRequest.1+245,1,
QUIT,2138324442,245
QUIT,2138324442,98
37,2138324443,1,%Net.HttpRequest.1+48,1,
37,2138324444,1,%Net.HttpRequest.1+49,1,
QUIT,2138324445,49
38,2138324445,13,EnsLib.HTTP.OutboundAdapter.1+0,0,
51,2138324447,13,EnsLib.HTTP.OutboundAdapter.1+375,1,
51,2138324448,13,EnsLib.HTTP.OutboundAdapter.1+375,1,
51,2138324448,13,EnsLib.HTTP.OutboundAdapter.1+375,1,
51,2138324449,13,EnsLib.HTTP.OutboundAdapter.1+375,1,
51,2138324450,13,EnsLib.HTTP.OutboundAdapter.1+375,1,
51,2138324451,13,EnsLib.HTTP.OutboundAdapter.1+375,1,
51,2138324452,13,EnsLib.HTTP.OutboundAdapter.1+375,1,
51,2138324452,13,EnsLib.HTTP.OutboundAdapter.1+375,1,
51,2138324453,13,EnsLib.HTTP.OutboundAdapter.1+375,1,
51,2138324454,13,EnsLib.HTTP.OutboundAdapter.1+375,1,
51,2138324455,13,EnsLib.HTTP.OutboundAdapter.1+375,1,
51,2138324456,13,EnsLib.HTTP.OutboundAdapter.1+375,1,
51,2138324456,13,EnsLib.HTTP.OutboundAdapter.1+375,1,
51,2138324457,13,EnsLib.HTTP.OutboundAdapter.1+375,1,
51,2138324458,13,EnsLib.HTTP.OutboundAdapter.1+375,1,
51,2138324459,13,EnsLib.HTTP.OutboundAdapter.1+375,1,
51,2138324459,13,EnsLib.HTTP.OutboundAdapter.1+375,1,
51,2138324460,13,EnsLib.HTTP.OutboundAdapter.1+375,1,
51,2138324461,13,EnsLib.HTTP.OutboundAdapter.1+375,1,
51,2138324462,13,EnsLib.HTTP.OutboundAdapter.1+375,1,
51,2138324463,13,EnsLib.HTTP.OutboundAdapter.1+375,1,
51,2138324861,13,EnsLib.HTTP.OutboundAdapter.1+375,1,
51,2138324862,13,EnsLib.HTTP.OutboundAdapter.1+375,1,
51,2138324863,13,EnsLib.HTTP.OutboundAdapter.1+375,1,
51,2138324864,13,EnsLib.HTTP.OutboundAdapter.1+375,1,
51,2138324865,13,EnsLib.HTTP.OutboundAdapter.1+375,1,
51,2138324867,13,EnsLib.HTTP.OutboundAdapter.1+375,1,
51,2138324868,13,EnsLib.HTTP.OutboundAdapter.1+375,1,
51,2138324868,13,EnsLib.HTTP.OutboundAdapter.1+375,1,
51,2138324869,13,EnsLib.HTTP.OutboundAdapter.1+375,1,
51,2138324870,13,EnsLib.HTTP.OutboundAdapter.1+375,1,
51,2138324871,13,EnsLib.HTTP.OutboundAdapter.1+375,1,
51,2138324872,13,EnsLib.HTTP.OutboundAdapter.1+375,1,
51,2138324872,13,EnsLib.HTTP.OutboundAdapter.1+375,1,
51,2138324873,13,EnsLib.HTTP.OutboundAdapter.1+375,1,
51,2138324874,13,EnsLib.HTTP.OutboundAdapter.1+375,1,
51,2138324875,13,EnsLib.HTTP.OutboundAdapter.1+375,1,
51,2138324876,13,EnsLib.HTTP.OutboundAdapter.1+375,1,
51,2138324877,13,EnsLib.HTTP.OutboundAdapter.1+375,1,
51,2138324878,13,EnsLib.HTTP.OutboundAdapter.1+375,1,
51,2138324878,13,EnsLib.HTTP.OutboundAdapter.1+375,1,
51,2138324879,13,EnsLib.HTTP.OutboundAdapter.1+375,1,
51,2138324880,13,EnsLib.HTTP.OutboundAdapter.1+375,1,
51,2138324881,13,EnsLib.HTTP.OutboundAdapter.1+375,1,
51,2138324882,13,EnsLib.HTTP.OutboundAdapter.1+375,1,
51,2138324883,13,EnsLib.HTTP.OutboundAdapter.1+375,1,
51,2138324883,13,EnsLib.HTTP.OutboundAdapter.1+375,1,
51,2138324884,13,EnsLib.HTTP.OutboundAdapter.1+375,1,
51,2138324885,13,EnsLib.HTTP.OutboundAdapter.1+375,1,
51,2138324886,13,EnsLib.HTTP.OutboundAdapter.1+375,1,
51,2138324887,13,EnsLib.HTTP.OutboundAdapter.1+375,1,
51,2138324888,13,EnsLib.HTTP.OutboundAdapter.1+375,1,
51,2138324889,13,EnsLib.HTTP.OutboundAdapter.1+375,1,
51,2138324890,13,EnsLib.HTTP.OutboundAdapter.1+375,1,
51,2138324890,13,EnsLib.HTTP.OutboundAdapter.1+375,1,
51,2138324891,13,EnsLib.HTTP.OutboundAdapter.1+375,1,
51,2138324892,13,EnsLib.HTTP.OutboundAdapter.1+375,1,
51,2138324893,13,EnsLib.HTTP.OutboundAdapter.1+375,1,
51,2138324894,13,EnsLib.HTTP.OutboundAdapter.1+375,1,
51,2138324895,13,EnsLib.HTTP.OutboundAdapter.1+375,1,
51,2138324896,13,EnsLib.HTTP.OutboundAdapter.1+375,1,
51,2138324896,13,EnsLib.HTTP.OutboundAdapter.1+375,1,
51,2138324897,13,EnsLib.HTTP.OutboundAdapter.1+375,1,
51,2138324898,13,EnsLib.HTTP.OutboundAdapter.1+375,1,
51,2138324899,13,EnsLib.HTTP.OutboundAdapter.1+375,1,
51,2138324900,13,EnsLib.HTTP.OutboundAdapter.1+375,1,
51,2138324901,13,EnsLib.HTTP.OutboundAdapter.1+375,1,
51,2138324901,13,EnsLib.HTTP.OutboundAdapter.1+375,1,
51,2138324902,13,EnsLib.HTTP.OutboundAdapter.1+375,1,
51,2138324903,13,EnsLib.HTTP.OutboundAdapter.1+375,1,
51,2138324904,13,EnsLib.HTTP.OutboundAdapter.1+375,1,
51,2138324905,13,EnsLib.HTTP.OutboundAdapter.1+375,1,
51,2138324906,13,EnsLib.HTTP.OutboundAdapter.1+375,1,
51,2138324906,13,EnsLib.HTTP.OutboundAdapter.1+375,1,
51,2138324907,13,EnsLib.HTTP.OutboundAdapter.1+375,1,
51,2138324908,13,EnsLib.HTTP.OutboundAdapter.1+375,1,
51,2138324909,13,EnsLib.HTTP.OutboundAdapter.1+375,1,
51,2138324910,13,EnsLib.HTTP.OutboundAdapter.1+375,1,
51,2138324910,13,EnsLib.HTTP.OutboundAdapter.1+375,1,
51,2138324911,13,EnsLib.HTTP.OutboundAdapter.1+375,1,
51,2138324912,13,EnsLib.HTTP.OutboundAdapter.1+375,1,
51,2138324913,13,EnsLib.HTTP.OutboundAdapter.1+375,1,
51,2138324914,13,EnsLib.HTTP.OutboundAdapter.1+375,1,
51,2138324914,13,EnsLib.HTTP.OutboundAdapter.1+375,1,
51,2138324915,13,EnsLib.HTTP.OutboundAdapter.1+375,1,
51,2138324916,13,EnsLib.HTTP.OutboundAdapter.1+375,1,
51,2138324917,13,EnsLib.HTTP.OutboundAdapter.1+375,1,
51,2138324918,13,EnsLib.HTTP.OutboundAdapter.1+375,1,
51,2138324919,13,EnsLib.HTTP.OutboundAdapter.1+375,1,
51,2138324919,13,EnsLib.HTTP.OutboundAdapter.1+375,1,
51,2138324920,13,EnsLib.HTTP.OutboundAdapter.1+375,1,
51,2138324921,13,EnsLib.HTTP.OutboundAdapter.1+375,1,
51,2138324922,13,EnsLib.HTTP.OutboundAdapter.1+375,1,
51,2138324923,13,EnsLib.HTTP.OutboundAdapter.1+375,1,
51,2138324923,13,EnsLib.HTTP.OutboundAdapter.1+375,1,
51,2138324924,13,EnsLib.HTTP.OutboundAdapter.1+375,1,
51,2138324925,13,EnsLib.HTTP.OutboundAdapter.1+375,1,
51,2138325374,13,EnsLib.HTTP.OutboundAdapter.1+375,1,
51,2138325375,13,EnsLib.HTTP.OutboundAdapter.1+375,1,
51,2138325376,13,EnsLib.HTTP.OutboundAdapter.1+375,1,
51,2138325377,13,EnsLib.HTTP.OutboundAdapter.1+375,1,
51,2138325378,13,EnsLib.HTTP.OutboundAdapter.1+375,1,
51,2138325379,13,EnsLib.HTTP.OutboundAdapter.1+375,1,
51,2138325380,13,EnsLib.HTTP.OutboundAdapter.1+375,1,
51,2138325380,13,EnsLib.HTTP.OutboundAdapter.1+375,1,
51,2138325381,13,EnsLib.HTTP.OutboundAdapter.1+375,1,
51,2138325382,13,EnsLib.HTTP.OutboundAdapter.1+375,1,
50,2138325384,13,EnsLib.HTTP.OutboundAdapter.1+376,1,
37,2138325385,13,EnsLib.HTTP.OutboundAdapter.1+376,1,
37,2138325387,13,EnsLib.HTTP.OutboundAdapter.1+378,1,
50,2138325388,13,EnsLib.HTTP.OutboundAdapter.1+378,1,
37,2138325411,13,EnsLib.HTTP.OutboundAdapter.1+380,1,
CALL,2138325413,13,EnsLib.HTTP.OutboundAdapter.1+380
ARG,[ 0] INT: 1
ARG,[ 1] STR (len=38): 4H0056004E0044002E0049004E00540045005200530059005300540045004D0053002E0045004E00530045004D0042004C0045002E0053005500500045005200530045005300530049004F004E
ARG,[ 2] INT: 98
ARG,[ 3] OREF: 13
38,2138325422,1,%Net.HttpRequest.1+0,0,
50,2138325423,1,%Net.HttpRequest.1+379,1,
50,2138325424,1,%Net.HttpRequest.1+379,1,
37,2138325425,1,%Net.HttpRequest.1+380,1,
37,2138325426,1,%Net.HttpRequest.1+381,1,
QUIT,2138325428,381
51,2138325429,1,%Net.HttpRequest.1+381,1,
51,2138325430,1,%Net.HttpRequest.1+381,1,
38,2138325431,13,EnsLib.HTTP.OutboundAdapter.1+0,0,
CALL,2138325433,13,EnsLib.HTTP.OutboundAdapter.1+380
ARG,[ 0] INT: 1
ARG,[ 1] SCOPE: level=0, 0x00aaaac5a43c08
ARG,[ 2] INT: 99
ARG,[ 3] OREF: 2
38,2138325436,13,Ens.BusinessOperation.1+0,0,
50,2138325437,13,Ens.BusinessOperation.1+219,1,
50,2138325438,13,Ens.BusinessOperation.1+219,1,
37,2138325451,13,Ens.BusinessOperation.1+219,1,
37,2138325453,13,Ens.BusinessOperation.1+220,1,
37,2138325454,13,Ens.BusinessOperation.1+227,1,
QUIT,2138325455,227
51,2138325456,13,Ens.BusinessOperation.1+227,1,
38,2138325457,13,EnsLib.HTTP.OutboundAdapter.1+0,0,
37,2138325458,13,EnsLib.HTTP.OutboundAdapter.1+383,1,
37,2138325459,13,EnsLib.HTTP.OutboundAdapter.1+384,1,
37,2138325460,13,EnsLib.HTTP.OutboundAdapter.1+385,1,
CALL,2138325461,13,EnsLib.HTTP.OutboundAdapter.1+385
ARG,[ 0] INT: 1
ARG,[ 1] STR (len=16): 4H006100700069002E00670065006E0064006500720069007A0065002E0069006F
ARG,[ 2] INT: 20
ARG,[ 3] OREF: 13
38,2138325466,1,%Net.HttpRequest.1+0,0,
50,2138325467,1,%Net.HttpRequest.1+1319,1,
50,2138325468,1,%Net.HttpRequest.1+1319,1,
37,2138325479,1,%Net.HttpRequest.1+1320,1,
CALL,2138325488,1,%Net.HttpRequest.1+1320
ARG,[ 0] INT: 2
ARG,[ 1] STR (len=16): 4H006100700069002E00670065006E0064006500720069007A0065002E0069006F
ARG,[ 2] STR (len=4): 4H0048006F00730074
ARG,[ 3] INT: 91
50,2138325495,1,%Net.HttpRequest.1+1321,1,
50,2138325496,1,%Net.HttpRequest.1+1321,1,
50,2138325497,1,%Net.HttpRequest.1+1321,1,
37,2138325498,1,%Net.HttpRequest.1+1322,1,
50,2138325499,1,%Net.HttpRequest.1+1322,1,
37,2138325499,1,%Net.HttpRequest.1+1323,1,
37,2138325500,1,%Net.HttpRequest.1+1324,1,
37,2138325501,1,%Net.HttpRequest.1+1325,1,
37,2138325502,1,%Net.HttpRequest.1+1326,1,
37,2138325503,1,%Net.HttpRequest.1+1327,1,
37,2138325505,1,%Net.HttpRequest.1+1328,1,
51,2138325506,1,%Net.HttpRequest.1+1328,1,
50,2138325507,1,%Net.HttpRequest.1+1328,1,
37,2138325508,1,%Net.HttpRequest.1+1334,1,
QUIT,2138325509,1334
51,2138325510,1,%Net.HttpRequest.1+1334,1,
51,2138325511,1,%Net.HttpRequest.1+1334,1,
51,2138325511,1,%Net.HttpRequest.1+1334,1,
51,2138325512,1,%Net.HttpRequest.1+1334,1,
QUIT,2138325513,1320
51,2138325513,1,%Net.HttpRequest.1+1320,1,
51,2138325514,1,%Net.HttpRequest.1+1320,1,
38,2138325515,13,EnsLib.HTTP.OutboundAdapter.1+0,0,
37,2138325517,13,EnsLib.HTTP.OutboundAdapter.1+386,1,
37,2138325518,13,EnsLib.HTTP.OutboundAdapter.1+387,1,
37,2138325519,13,EnsLib.HTTP.OutboundAdapter.1+388,1,
37,2138325520,13,EnsLib.HTTP.OutboundAdapter.1+389,1,
37,2138325521,13,EnsLib.HTTP.OutboundAdapter.1+390,1,
37,2138325521,13,EnsLib.HTTP.OutboundAdapter.1+391,1,
37,2138325522,13,EnsLib.HTTP.OutboundAdapter.1+392,1,
CALL,2138325523,13,EnsLib.HTTP.OutboundAdapter.1+392
ARG,[ 0] INT: 1
ARG,[ 1] OREF: 13
ARG,[ 2] INT: 101
50,2138326048,13,EnsLib.HTTP.OutboundAdapter.1+557,1,
50,2138326049,13,EnsLib.HTTP.OutboundAdapter.1+557,1,
37,2138326050,13,EnsLib.HTTP.OutboundAdapter.1+559,1,
QUIT,2138326052,559
51,2138326052,13,EnsLib.HTTP.OutboundAdapter.1+559,1,
51,2138326054,13,EnsLib.HTTP.OutboundAdapter.1+559,1,
37,2138326055,13,EnsLib.HTTP.OutboundAdapter.1+393,1,
37,2138326056,13,EnsLib.HTTP.OutboundAdapter.1+394,1,
37,2138326058,13,EnsLib.HTTP.OutboundAdapter.1+395,1,
37,2138326059,13,EnsLib.HTTP.OutboundAdapter.1+396,1,
37,2138326060,13,EnsLib.HTTP.OutboundAdapter.1+397,1,
CALL,2138326061,13,EnsLib.HTTP.OutboundAdapter.1+397
ARG,[ 0] INT: 1
ARG,[ 1] OREF: 13
ARG,[ 2] INT: 102
50,2138326063,13,EnsLib.HTTP.OutboundAdapter.1+486,1,
50,2138326064,13,EnsLib.HTTP.OutboundAdapter.1+486,1,
37,2138326080,13,EnsLib.HTTP.OutboundAdapter.1+487,1,
50,2138326081,13,EnsLib.HTTP.OutboundAdapter.1+487,1,
37,2138326084,13,EnsLib.HTTP.OutboundAdapter.1+490,1,
QUIT,2138326085,490
51,2138326085,13,EnsLib.HTTP.OutboundAdapter.1+490,1,
51,2138326086,13,EnsLib.HTTP.OutboundAdapter.1+490,1,
51,2138326087,13,EnsLib.HTTP.OutboundAdapter.1+490,1,
37,2138326088,13,EnsLib.HTTP.OutboundAdapter.1+398,1,
37,2138326089,13,EnsLib.HTTP.OutboundAdapter.1+399,1,
37,2138326093,13,EnsLib.HTTP.OutboundAdapter.1+400,1,
CALL,2138326095,13,EnsLib.HTTP.OutboundAdapter.1+400
ARG,[ 0] INT: 1
ARG,[ 1] STR (len=0): 4H%%%%%%%%%%%%%%%%.so.69: %s
ARG,[ 2] INT: 32
ARG,[ 3] OREF: 13
38,2138326098,1,%Net.HttpRequest.1+0,0,
50,2138326099,1,%Net.HttpRequest.1+1345,1,
50,2138326100,1,%Net.HttpRequest.1+1345,1,
37,2138326101,1,%Net.HttpRequest.1+1346,1,
37,2138326103,1,%Net.HttpRequest.1+1347,1,
QUIT,2138326104,1347
51,2138326104,1,%Net.HttpRequest.1+1347,1,
51,2138326105,1,%Net.HttpRequest.1+1347,1,
38,2138326106,13,EnsLib.HTTP.OutboundAdapter.1+0,0,
50,2138326108,13,EnsLib.HTTP.OutboundAdapter.1+400,1,
CALL,2138326110,13,EnsLib.HTTP.OutboundAdapter.1+400
ARG,[ 0] INT: 0
ARG,[ 1] DBL: scale=-6, 00000014 7F74445C
38,2138326130,13,Ens.Config.Credentials.1+0,0,
50,2138326408,13,Ens.Config.Credentials.1+822,1,
37,2138326421,13,Ens.Config.Credentials.1+823,1,
50,2138326422,13,Ens.Config.Credentials.1+823,1,
50,2138326423,13,Ens.Config.Credentials.1+825,1,
37,2138326424,13,Ens.Config.Credentials.1+825,1,
37,2138326425,13,Ens.Config.Credentials.1+826,1,
37,2138326426,13,Ens.Config.Credentials.1+827,1,
CALL,2138326429,13,Ens.Config.Credentials.1+827
ARG,[ 0] INT: 3
ARG,[ 1] SCOPE: level=0, 0x00aaaac5a43dd0
ARG,[ 2] STR (len=8): 4H00500061007300730077006F00720064
ARG,[ 3] STR (len=4): 4H004E006F006E0065
38,2138326437,0,%SYS.Ensemble.1+0,0,
50,2138326439,0,%SYS.Ensemble.1+294,1,
50,2138326442,0,%SYS.Ensemble.1+294,1,
50,2138326443,0,%SYS.Ensemble.1+294,1,
50,2138326444,0,%SYS.Ensemble.1+294,1,
37,2138326459,0,%SYS.Ensemble.1+295,1,
50,2138326460,0,%SYS.Ensemble.1+297,1,
37,2138326461,0,%SYS.Ensemble.1+297,1,
37,2138326462,0,%SYS.Ensemble.1+298,1,
0,2138326464,0,%SYS.Ensemble.1+298,1,456E732E5365636F6E64617279446174612E50617373776F72640032535249^9^5^0
20,2138326474,0,%SYS.Ensemble.1+298,1,456E732E5365636F6E64617279446174612E50617373776F72640032535249^9^5^0
37,2138326476,0,%SYS.Ensemble.1+299,1,
37,2138326477,0,%SYS.Ensemble.1+303,1,
QUIT,2138326478,303
51,2138326478,0,%SYS.Ensemble.1+303,1,
51,2138326479,0,%SYS.Ensemble.1+303,1,
51,2138326480,0,%SYS.Ensemble.1+303,1,
51,2138326481,0,%SYS.Ensemble.1+303,1,
38,2138326482,13,Ens.Config.Credentials.1+0,0,
37,2138326483,13,Ens.Config.Credentials.1+828,1,
37,2138326484,13,Ens.Config.Credentials.1+829,1,
37,2138326485,13,Ens.Config.Credentials.1+830,1,
QUIT,2138326486,830
51,2138326486,13,Ens.Config.Credentials.1+830,1,
51,2138326487,13,Ens.Config.Credentials.1+830,1,
38,2138326488,13,EnsLib.HTTP.OutboundAdapter.1+0,0,
51,2138326489,13,EnsLib.HTTP.OutboundAdapter.1+400,1,
CALL,2138326491,13,EnsLib.HTTP.OutboundAdapter.1+400
ARG,[ 0] INT: 1
ARG,[ 1] STR (len=0): 4H€¥|âÿÿ
ARG,[ 2] INT: 33
ARG,[ 3] OREF: 13
38,2138326493,1,%Net.HttpRequest.1+0,0,
50,2138326495,1,%Net.HttpRequest.1+682,1,
50,2138327028,1,%Net.HttpRequest.1+682,1,
37,2138327030,1,%Net.HttpRequest.1+683,1,
37,2138327032,1,%Net.HttpRequest.1+684,1,
QUIT,2138327033,684
51,2138327033,1,%Net.HttpRequest.1+684,1,
51,2138327034,1,%Net.HttpRequest.1+684,1,
38,2138327036,13,EnsLib.HTTP.OutboundAdapter.1+0,0,
37,2138327037,13,EnsLib.HTTP.OutboundAdapter.1+401,1,
37,2138327038,13,EnsLib.HTTP.OutboundAdapter.1+405,1,
CALL,2138327039,13,EnsLib.HTTP.OutboundAdapter.1+405
ARG,[ 0] INT: 1
ARG,[ 1] OREF: 13
ARG,[ 2] INT: 105
50,2138327041,13,EnsLib.HTTP.OutboundAdapter.1+524,1,
50,2138327042,13,EnsLib.HTTP.OutboundAdapter.1+524,1,
37,2138327043,13,EnsLib.HTTP.OutboundAdapter.1+525,1,
QUIT,2138327044,525
51,2138327044,13,EnsLib.HTTP.OutboundAdapter.1+525,1,
51,2138327045,13,EnsLib.HTTP.OutboundAdapter.1+525,1,
37,2138327046,13,EnsLib.HTTP.OutboundAdapter.1+406,1,
37,2138327047,13,EnsLib.HTTP.OutboundAdapter.1+407,1,
50,2138327048,13,EnsLib.HTTP.OutboundAdapter.1+407,1,
37,2138327049,13,EnsLib.HTTP.OutboundAdapter.1+439,1,
37,2138327050,13,EnsLib.HTTP.OutboundAdapter.1+446,1,
37,2138327053,13,EnsLib.HTTP.OutboundAdapter.1+447,1,
CALL,2138327055,13,EnsLib.HTTP.OutboundAdapter.1+447
ARG,[ 0] INT: 0
ARG,[ 1] STR (len=14): 4H002F003F006E0061006D0065003D0042006100720062006100720061
ARG,[ 2] STR (len=3): 4H004700450054
ARG,[ 3] INT: 117
ARG,[ 4] OREF: 13
38,2138327061,1,%Net.HttpRequest.1+0,0,
50,2138327062,1,%Net.HttpRequest.1+1016,1,
50,2138327063,1,%Net.HttpRequest.1+1016,1,
50,2138327064,1,%Net.HttpRequest.1+1016,1,
50,2138327065,1,%Net.HttpRequest.1+1016,1,
50,2138327066,1,%Net.HttpRequest.1+1016,1,
37,2138327067,1,%Net.HttpRequest.1+1017,1,
50,2138327068,1,%Net.HttpRequest.1+1017,1,
0,2138327069,1,%Net.HttpRequest.1+1017,1,254953434C4F47^0^5^0
20,2138327071,1,%Net.HttpRequest.1+1017,1,254953434C4F47^0^5^0
50,2138327086,1,%Net.HttpRequest.1+1018,1,
37,2138327087,1,%Net.HttpRequest.1+1018,1,
50,2138327088,1,%Net.HttpRequest.1+1019,1,
37,2138327089,1,%Net.HttpRequest.1+1019,1,
37,2138327090,1,%Net.HttpRequest.1+1020,1,
50,2138327091,1,%Net.HttpRequest.1+1020,1,
50,2138327093,1,%Net.HttpRequest.1+1020,1,
37,2138327093,1,%Net.HttpRequest.1+1022,1,
50,2138327096,1,%Net.HttpRequest.1+1023,1,
37,2138327097,1,%Net.HttpRequest.1+1023,1,
37,2138327097,1,%Net.HttpRequest.1+1026,1,
37,2138327099,1,%Net.HttpRequest.1+1027,1,
37,2138327099,1,%Net.HttpRequest.1+1028,1,
50,2138327101,1,%Net.HttpRequest.1+1029,1,
37,2138327102,1,%Net.HttpRequest.1+1029,1,
37,2138327103,1,%Net.HttpRequest.1+1037,1,
37,2138327104,1,%Net.HttpRequest.1+1038,1,
51,2138327105,1,%Net.HttpRequest.1+1039,1,
50,2138327106,1,%Net.HttpRequest.1+1039,1,
37,2138327107,1,%Net.HttpRequest.1+1043,1,
37,2138327109,1,%Net.HttpRequest.1+1044,1,
50,2138327109,1,%Net.HttpRequest.1+1045,1,
37,2138327110,1,%Net.HttpRequest.1+1045,1,
37,2138327111,1,%Net.HttpRequest.1+1046,1,
CALL,2138327112,1,%Net.HttpRequest.1+1046
ARG,[ 0] INT: 1
ARG,[ 1] SCOPE: level=0, 0x00aaaac5a43fc0
ARG,[ 2] INT: 113
50,2138327114,1,%Net.HttpRequest.1+526,1,
37,2138327115,1,%Net.HttpRequest.1+527,1,
50,2138327116,1,%Net.HttpRequest.1+527,1,
37,2138327117,1,%Net.HttpRequest.1+528,1,
37,2138327118,1,%Net.HttpRequest.1+529,1,
37,2138327119,1,%Net.HttpRequest.1+533,1,
50,2138327121,1,%Net.HttpRequest.1+533,1,
37,2138327122,1,%Net.HttpRequest.1+534,1,
CALL,2138327123,1,%Net.HttpRequest.1+534
ARG,[ 0] INT: 0
37,2138327124,1,%Net.HttpRequest.1+688,1,
37,2138327125,1,%Net.HttpRequest.1+689,1,
50,2138327125,1,%Net.HttpRequest.1+690,1,
37,2138327126,1,%Net.HttpRequest.1+690,1,
QUIT,2138327127,690
51,2138327128,1,%Net.HttpRequest.1+690,1,
50,2138327129,1,%Net.HttpRequest.1+536,1,
37,2138327129,1,%Net.HttpRequest.1+536,1,
50,2138327131,1,%Net.HttpRequest.1+536,1,
CALL,2138327132,1,%Net.HttpRequest.1+536
ARG,[ 0] INT: 0
37,2138327133,1,%Net.HttpRequest.1+688,1,
37,2138327134,1,%Net.HttpRequest.1+689,1,
50,2138327134,1,%Net.HttpRequest.1+690,1,
37,2138327135,1,%Net.HttpRequest.1+690,1,
QUIT,2138327136,690
51,2138327136,1,%Net.HttpRequest.1+690,1,
51,2138327137,1,%Net.HttpRequest.1+536,1,
50,2138327139,1,%Net.HttpRequest.1+536,1,
37,2138327140,1,%Net.HttpRequest.1+537,1,
37,2138327618,1,%Net.HttpRequest.1+540,1,
37,2138327621,1,%Net.HttpRequest.1+541,1,
37,2138327622,1,%Net.HttpRequest.1+562,1,
37,2138327623,1,%Net.HttpRequest.1+563,1,
50,2138327629,1,%Net.HttpRequest.1+563,1,
37,2138327632,1,%Net.HttpRequest.1+564,1,
50,2138327634,1,%Net.HttpRequest.1+564,1,
37,2138327637,1,%Net.HttpRequest.1+565,1,
37,2138327639,1,%Net.HttpRequest.1+566,1,
37,2138327641,1,%Net.HttpRequest.1+567,1,
37,2138327642,1,%Net.HttpRequest.1+568,1,
50,2138328225,1,%Net.HttpRequest.1+568,1,
50,2138328234,1,%Net.HttpRequest.1+568,1,
50,2138328236,1,%Net.HttpRequest.1+568,1,
50,2138328237,1,%Net.HttpRequest.1+568,1,
50,2138328238,1,%Net.HttpRequest.1+568,1,
50,2138328239,1,%Net.HttpRequest.1+568,1,
37,2138510897,1,%Net.HttpRequest.1+572,1,
37,2138510909,1,%Net.HttpRequest.1+576,1,
37,2138510910,1,%Net.HttpRequest.1+577,1,
51,2138510914,1,%Net.HttpRequest.1+577,1,
50,2138510916,1,%Net.HttpRequest.1+577,1,
51,2138510918,1,%Net.HttpRequest.1+577,1,
50,2138510919,1,%Net.HttpRequest.1+577,1,
51,2138510921,1,%Net.HttpRequest.1+577,1,
50,2138510922,1,%Net.HttpRequest.1+577,1,
37,2138510923,1,%Net.HttpRequest.1+583,1,
37,2138510924,1,%Net.HttpRequest.1+584,1,
QUIT,2138510926,584
51,2138510928,1,%Net.HttpRequest.1+584,1,
51,2138510930,1,%Net.HttpRequest.1+584,1,
51,2138510931,1,%Net.HttpRequest.1+584,1,
51,2138510932,1,%Net.HttpRequest.1+584,1,
51,2138510933,1,%Net.HttpRequest.1+584,1,
51,2138510934,1,%Net.HttpRequest.1+584,1,
51,2138510935,1,%Net.HttpRequest.1+584,1,
50,2138510938,1,%Net.HttpRequest.1+1047,1,
37,2138510939,1,%Net.HttpRequest.1+1047,1,
37,2138510940,1,%Net.HttpRequest.1+1048,1,
38,2138511811,1,%X364+0,0,
38,2138511814,1,%Net.HttpRequest.1+0,0,
37,2138511822,1,%Net.HttpRequest.1+1050,1,
CALL,2138511826,1,%Net.HttpRequest.1+1050
ARG,[ 0] STR (len=5): 4H005500540046002D0038
38,2138512142,0,%SYS.NLS+0,0,
50,2138512146,0,%SYS.NLS+232,1,
50,2138512148,0,%SYS.NLS+232,1,
37,2138512149,0,%SYS.NLS+233,1,
50,2138512152,0,%SYS.NLS+233,1,
50,2138512155,0,%SYS.NLS+233,1,
37,2138512156,0,%SYS.NLS+234,1,
0,2138512162,0,%SYS.NLS+234,1,255359530032303700274C57002D5258112D52580059584A111C^0^5^0
20,2138512166,0,%SYS.NLS+234,1,255359530032303700274C57002D5258112D52580059584A111C^0^5^0
0,2138512170,0,%SYS.NLS+234,1,255359530032303700274C5700295C58112D52580059584A111C^0^5^0
20,2138512172,0,%SYS.NLS+234,1,255359530032303700274C5700295C58112D52580059584A111C^0^5^0
50,2138512174,0,%SYS.NLS+234,1,
37,2138512175,0,%SYS.NLS+235,1,
37,2138512177,0,%SYS.NLS+236,1,
0,2138512180,0,%SYS.NLS+236,1,25535953003033272530290027393636293238^0^5^0
20,2138512181,0,%SYS.NLS+236,1,25535953003033272530290027393636293238^0^5^0
50,2138512183,0,%SYS.NLS+236,1,
37,2138512184,0,%SYS.NLS+237,1,
37,2138512185,0,%SYS.NLS+238,1,
50,2138512186,0,%SYS.NLS+238,1,
0,2138512188,0,%SYS.NLS+238,1,53595300323037003053474550495728004952595B^0^5^0
20,2138512207,0,%SYS.NLS+238,1,53595300323037003053474550495728004952595B^0^5^0
50,2138512210,0,%SYS.NLS+238,1,
37,2138512211,0,%SYS.NLS+239,1,
50,2138512213,0,%SYS.NLS+239,1,
37,2138512214,0,%SYS.NLS+240,1,
37,2138512215,0,%SYS.NLS+241,1,
37,2138512216,0,%SYS.NLS+244,1,
37,2138512217,0,%SYS.NLS+245,1,
QUIT,2138512219,245
51,2138512219,0,%SYS.NLS+245,1,
51,2138512220,0,%SYS.NLS+245,1,
51,2138512221,0,%SYS.NLS+245,1,
51,2138512222,0,%SYS.NLS+245,1,
51,2138512223,0,%SYS.NLS+245,1,
51,2138512224,0,%SYS.NLS+245,1,
51,2138512225,0,%SYS.NLS+245,1,
51,2138512226,0,%SYS.NLS+245,1,
51,2138512227,0,%SYS.NLS+245,1,
38,2138512229,1,%Net.HttpRequest.1+0,0,
50,2138512230,1,%Net.HttpRequest.1+1050,1,
50,2138512231,1,%Net.HttpRequest.1+1050,1,
37,2138512232,1,%Net.HttpRequest.1+1052,1,
50,2138512236,1,%Net.HttpRequest.1+1052,1,
50,2138512237,1,%Net.HttpRequest.1+1052,1,
51,2138512239,1,%Net.HttpRequest.1+1052,1,
51,2138512240,1,%Net.HttpRequest.1+1052,1,
50,2138512241,1,%Net.HttpRequest.1+1052,1,
50,2138512242,1,%Net.HttpRequest.1+1052,1,
51,2138512243,1,%Net.HttpRequest.1+1052,1,
51,2138512244,1,%Net.HttpRequest.1+1052,1,
51,2138512245,1,%Net.HttpRequest.1+1052,1,
50,2138512246,1,%Net.HttpRequest.1+1052,1,
37,2138512247,1,%Net.HttpRequest.1+1053,1,
37,2138512248,1,%Net.HttpRequest.1+1057,1,
37,2138512250,1,%Net.HttpRequest.1+1086,1,
CALL,2138512256,1,%Net.HttpRequest.1+1086
ARG,[ 0] INT: 0
50,2138512259,1,%Net.HttpRequest.1+1549,1,
50,2138512260,1,%Net.HttpRequest.1+1549,1,
37,2138512261,1,%Net.HttpRequest.1+1550,1,
37,2138512262,1,%Net.HttpRequest.1+1551,1,
50,2138512265,1,%Net.HttpRequest.1+1551,1,
CALL,2138512267,1,%Net.HttpRequest.1+1551
ARG,[ 0] INT: 1
ARG,[ 1] STR (len=0): 4H
50,2138512269,1,%Net.HttpRequest.1+1555,1,
50,2138512270,1,%Net.HttpRequest.1+1555,1,
37,2138512271,1,%Net.HttpRequest.1+1556,1,
37,2138512273,1,%Net.HttpRequest.1+1557,1,
50,2138512274,1,%Net.HttpRequest.1+1558,1,
37,2138512275,1,%Net.HttpRequest.1+1558,1,
37,2138512276,1,%Net.HttpRequest.1+1559,1,
51,2138512277,1,%Net.HttpRequest.1+1560,1,
50,2138512278,1,%Net.HttpRequest.1+1560,1,
37,2138512279,1,%Net.HttpRequest.1+1563,1,
50,2138512283,1,%Net.HttpRequest.1+1563,1,
50,2138512285,1,%Net.HttpRequest.1+1563,1,
50,2138512286,1,%Net.HttpRequest.1+1563,1,
50,2138512287,1,%Net.HttpRequest.1+1563,1,
50,2138512288,1,%Net.HttpRequest.1+1563,1,
50,2138512289,1,%Net.HttpRequest.1+1563,1,
50,2138512290,1,%Net.HttpRequest.1+1563,1,
50,2138512291,1,%Net.HttpRequest.1+1563,1,
50,2138512292,1,%Net.HttpRequest.1+1563,1,
50,2138512293,1,%Net.HttpRequest.1+1563,1,
50,2138512294,1,%Net.HttpRequest.1+1563,1,
50,2138512295,1,%Net.HttpRequest.1+1563,1,
50,2138512296,1,%Net.HttpRequest.1+1563,1,
50,2138512297,1,%Net.HttpRequest.1+1563,1,
50,2138512298,1,%Net.HttpRequest.1+1563,1,
50,2138512299,1,%Net.HttpRequest.1+1563,1,
50,2138512300,1,%Net.HttpRequest.1+1563,1,
50,2138512301,1,%Net.HttpRequest.1+1563,1,
50,2138512971,1,%Net.HttpRequest.1+1563,1,
50,2138512972,1,%Net.HttpRequest.1+1563,1,
50,2138512975,1,%Net.HttpRequest.1+1563,1,
50,2138512976,1,%Net.HttpRequest.1+1563,1,
CALL,2138512978,1,%Net.HttpRequest.1+1563
ARG,[ 0] INT: 1
ARG,[ 1] STR (len=0): 4HÀ¥|âÿÿ
ARG,[ 2] OREF: 14
38,2138512999,1,%Library.GlobalBinaryStream.1+0,0,
50,2138513001,1,%Library.GlobalBinaryStream.1+5,1,
50,2138513003,1,%Library.GlobalBinaryStream.1+5,1,
50,2138513004,1,%Library.GlobalBinaryStream.1+5,1,
37,2138513007,1,%Library.GlobalBinaryStream.1+6,1,
37,2138513010,1,%Library.GlobalBinaryStream.1+7,1,
51,2138513014,1,%Library.GlobalBinaryStream.1+7,1,
50,2138513015,1,%Library.GlobalBinaryStream.1+7,1,
37,2138513016,1,%Library.GlobalBinaryStream.1+8,1,
51,2138513020,1,%Library.GlobalBinaryStream.1+8,1,
51,2138513021,1,%Library.GlobalBinaryStream.1+8,1,
37,2138513022,1,%Library.GlobalBinaryStream.1+9,1,
CALL,2138513023,1,%Library.GlobalBinaryStream.1+9
ARG,[ 0] INT: 1
ARG,[ 1] SCOPE: level=0, 0x00aaaac5a442e8
ARG,[ 2] INT: 2
50,2138513026,1,%Library.GlobalBinaryStream.1+128,1,
37,2138513027,1,%Library.GlobalBinaryStream.1+129,1,
37,2138513028,1,%Library.GlobalBinaryStream.1+130,1,
37,2138513029,1,%Library.GlobalBinaryStream.1+131,1,
37,2138513048,1,%Library.GlobalBinaryStream.1+132,1,
QUIT,2138513050,132
51,2138513050,1,%Library.GlobalBinaryStream.1+132,1,
QUIT,2138513051,9
51,2138513052,1,%Library.GlobalBinaryStream.1+9,1,
51,2138513053,1,%Library.GlobalBinaryStream.1+9,1,
38,2138513054,1,%Net.HttpRequest.1+0,0,
50,2138513056,1,%Net.HttpRequest.1+1563,1,
37,2138513057,1,%Net.HttpRequest.1+1564,1,
50,2138513059,1,%Net.HttpRequest.1+1564,1,
51,2138513060,1,%Net.HttpRequest.1+1564,1,
50,2138513061,1,%Net.HttpRequest.1+1564,1,
37,2138513062,1,%Net.HttpRequest.1+1565,1,
QUIT,2138513063,1565
51,2138513063,1,%Net.HttpRequest.1+1565,1,
51,2138513064,1,%Net.HttpRequest.1+1565,1,
51,2138513065,1,%Net.HttpRequest.1+1565,1,
51,2138513066,1,%Net.HttpRequest.1+1565,1,
50,2138513067,1,%Net.HttpRequest.1+1551,1,
51,2138513070,1,%Net.HttpRequest.1+1551,1,
51,2138513071,1,%Net.HttpRequest.1+1551,1,
50,2138513072,1,%Net.HttpRequest.1+1551,1,
50,2138513073,1,%Net.HttpRequest.1+1551,1,
51,2138513074,1,%Net.HttpRequest.1+1551,1,
50,2138513075,1,%Net.HttpRequest.1+1551,1,
QUIT,2138513076,1551
51,2138513076,1,%Net.HttpRequest.1+1551,1,
51,2138513077,1,%Net.HttpRequest.1+1551,1,
51,2138513078,1,%Net.HttpRequest.1+1551,1,
51,2138513079,1,%Net.HttpRequest.1+1551,1,
50,2138513080,1,%Net.HttpRequest.1+1087,1,
37,2138513081,1,%Net.HttpRequest.1+1087,1,
37,2138513082,1,%Net.HttpRequest.1+1090,1,
CALL,2138513086,1,%Net.HttpRequest.1+1090
ARG,[ 0] INT: 0
ARG,[ 1] OREF: 14
38,2138513087,1,%Library.GlobalBinaryStream.1+0,0,
37,2138513089,1,%Library.GlobalBinaryStream.1+425,1,
QUIT,2138513090,425
38,2138513090,1,%Net.HttpRequest.1+0,0,
37,2138513092,1,%Net.HttpRequest.1+1110,1,
37,2138513093,1,%Net.HttpRequest.1+1128,1,
51,2138513094,1,%Net.HttpRequest.1+1130,1,
50,2138513095,1,%Net.HttpRequest.1+1130,1,
37,2138513096,1,%Net.HttpRequest.1+1130,1,
50,2138513097,1,%Net.HttpRequest.1+1130,1,
37,2138513098,1,%Net.HttpRequest.1+1131,1,
37,2138513099,1,%Net.HttpRequest.1+1134,1,
50,2138513100,1,%Net.HttpRequest.1+1134,1,
37,2138513101,1,%Net.HttpRequest.1+1136,1,
37,2138513106,1,%Net.HttpRequest.1+1137,1,
37,2138513107,1,%Net.HttpRequest.1+1144,1,
37,2138513108,1,%Net.HttpRequest.1+1145,1,
CALL,2138513109,1,%Net.HttpRequest.1+1145
ARG,[ 0] INT: 2
ARG,[ 1] STR (len=4): 4H0055005400460038
ARG,[ 2] STR (len=12): 4H006E0061006D0065003D0042006100720062006100720061
50,2138513115,1,%Net.HttpRequest.1+644,1,
50,2138513116,1,%Net.HttpRequest.1+644,1,
50,2138513117,1,%Net.HttpRequest.1+644,1,
37,2138513118,1,%Net.HttpRequest.1+645,1,
37,2138513119,1,%Net.HttpRequest.1+646,1,
37,2138513121,1,%Net.HttpRequest.1+647,1,
50,2138513122,1,%Net.HttpRequest.1+647,1,
51,2138513123,1,%Net.HttpRequest.1+648,1,
50,2138513124,1,%Net.HttpRequest.1+648,1,
37,2138513125,1,%Net.HttpRequest.1+651,1,
37,2138513126,1,%Net.HttpRequest.1+652,1,
50,2138513127,1,%Net.HttpRequest.1+653,1,
37,2138513764,1,%Net.HttpRequest.1+653,1,
37,2138513767,1,%Net.HttpRequest.1+654,1,
50,2138513768,1,%Net.HttpRequest.1+655,1,
37,2138513769,1,%Net.HttpRequest.1+655,1,
50,2138513771,1,%Net.HttpRequest.1+656,1,
37,2138513772,1,%Net.HttpRequest.1+656,1,
37,2138513773,1,%Net.HttpRequest.1+660,1,
50,2138513774,1,%Net.HttpRequest.1+661,1,
37,2138513775,1,%Net.HttpRequest.1+661,1,
37,2138513776,1,%Net.HttpRequest.1+667,1,
37,2138513778,1,%Net.HttpRequest.1+668,1,
QUIT,2138513779,668
51,2138513780,1,%Net.HttpRequest.1+668,1,
51,2138513781,1,%Net.HttpRequest.1+668,1,
51,2138513782,1,%Net.HttpRequest.1+668,1,
51,2138513783,1,%Net.HttpRequest.1+668,1,
51,2138513784,1,%Net.HttpRequest.1+668,1,
51,2138513800,1,%Net.HttpRequest.1+668,1,
51,2138513801,1,%Net.HttpRequest.1+668,1,
51,2138513802,1,%Net.HttpRequest.1+668,1,
37,2138513803,1,%Net.HttpRequest.1+1146,1,
37,2138513805,1,%Net.HttpRequest.1+1147,1,
CALL,2138513807,1,%Net.HttpRequest.1+1147
ARG,[ 0] INT: 0
37,2138513808,1,%Net.HttpRequest.1+618,1,
50,2138513811,1,%Net.HttpRequest.1+618,1,
CALL,2138513813,1,%Net.HttpRequest.1+618
ARG,[ 0] INT: 0
37,2138513814,1,%Net.HttpRequest.1+424,1,
QUIT,2138513822,424
51,2138513823,1,%Net.HttpRequest.1+618,1,
50,2138513825,1,%Net.HttpRequest.1+618,1,
CALL,2138513826,1,%Net.HttpRequest.1+618
ARG,[ 0] INT: 0
37,2138513827,1,%Net.HttpRequest.1+1344,1,
QUIT,2138513829,1344
51,2138513829,1,%Net.HttpRequest.1+618,1,
50,2138513833,1,%Net.HttpRequest.1+618,1,
CALL,2138513835,1,%Net.HttpRequest.1+618
ARG,[ 0] INT: 106
ARG,[ 1] OREF: 11
38,2138513837,1,%Net.HttpAuthentication.1+0,0,
37,2138513839,1,%Net.HttpAuthentication.1+133,1,
QUIT,2138513840,133
38,2138513841,1,%Net.HttpRequest.1+0,0,
51,2138513842,1,%Net.HttpRequest.1+618,1,
CALL,2138513844,1,%Net.HttpRequest.1+618
ARG,[ 0] INT: 5
ARG,[ 1] STR (len=145): 4H0049006E00690074006900610074006500410075007400680065006E007400690063006100740069006F006E003D00420061007300690063002C00200055007300650072006E0061006D0065003D002C0020004800540054005000560065007200730069006F006E003D0031002E0031002C00200068006100730041007500740068006F00720069007A006100740069006F006E004800650061006400650072003D00660061006C00730065002C002000680061007300410075007400680065006E007400690063
ARG,[ 2] STR (len=32): 4H005B0025004E00650074002E00480074007400700052006500710075006500730074003A004F007500740070007500740048006500610064006500720073005D
ARG,[ 3] STR (len=11): 4H00480074007400700052006500710075006500730074
ARG,[ 4] INT: 2
ARG,[ 5] STR (len=18): 4H0025004E00650074002E00480074007400700052006500710075006500730074002E0031
38,2138513878,0,%SYS.ISCLOG+0,0,
50,2138513879,0,%SYS.ISCLOG+8,1,
50,2138513881,0,%SYS.ISCLOG+8,1,
50,2138513882,0,%SYS.ISCLOG+8,1,
50,2138513883,0,%SYS.ISCLOG+8,1,
50,2138513884,0,%SYS.ISCLOG+8,1,
50,2138513885,0,%SYS.ISCLOG+8,1,
50,2138513886,0,%SYS.ISCLOG+8,1,
50,2138513887,0,%SYS.ISCLOG+8,1,
37,2138513888,0,%SYS.ISCLOG+9,1,
37,2138513889,0,%SYS.ISCLOG+10,1,
0,2138513892,0,%SYS.ISCLOG+10,1,254953434C4F47^0^5^0
20,2138513894,0,%SYS.ISCLOG+10,1,254953434C4F47^0^5^0
37,2138513896,0,%SYS.ISCLOG+11,1,
0,2138513897,0,%SYS.ISCLOG+11,1,254953434C4F4700274558494B53565D^0^5^0
20,2138513899,0,%SYS.ISCLOG+11,1,254953434C4F4700274558494B53565D^0^5^0
37,2138513901,0,%SYS.ISCLOG+12,1,
0,2138513902,0,%SYS.ISCLOG+12,1,254953434C4F47002E5346^0^5^0
37,2138513903,0,%SYS.ISCLOG+13,1,
37,2138513904,0,%SYS.ISCLOG+14,1,
37,2138513908,0,%SYS.ISCLOG+15,1,
50,2138513915,0,%SYS.ISCLOG+16,1,
37,2138513916,0,%SYS.ISCLOG+16,1,
37,2138513918,0,%SYS.ISCLOG+17,1,
37,2138513921,0,%SYS.ISCLOG+18,1,
CALL,2138513922,0,%SYS.ISCLOG+18
38,2138513924,0,%SYS.NOJRN+0,0,
37,2138513925,0,%SYS.NOJRN+13,1,
CALL,2138513931,0,%SYS.NOJRN+13
37,2138513932,0,%SYS.NOJRN+9,1,
37,2138513935,0,%SYS.NOJRN+10,1,
QUIT,2138513936,10
QUIT,2138513936,13
38,2138513937,0,%SYS.ISCLOG+0,0,
50,2138513938,0,%SYS.ISCLOG+18,1,
37,2138513939,0,%SYS.ISCLOG+19,1,
37,2138513940,0,%SYS.ISCLOG+20,1,
37,2138513942,0,%SYS.ISCLOG+21,1,
37,2138513943,0,%SYS.ISCLOG+25,1,
0,2138513945,0,%SYS.ISCLOG+25,1,4953434C4F470028455845^0^5^0
1,2138513946,0,%SYS.ISCLOG+25,1,4953434C4F470028455845^0^5^0
20,2138514238,0,%SYS.ISCLOG+25,1,4953434C4F470028455845^0^5^0
50,2138514939,0,%SYS.ISCLOG+26,1,
37,2138514941,0,%SYS.ISCLOG+26,1,
0,2138514967,0,%SYS.ISCLOG+26,1,4953434C4F47002845584500161D284B44^0^5^0
1,2138514969,0,%SYS.ISCLOG+26,1,4953434C4F47002845584500161D284B44^0^5^0
19,2138514977,0,%SYS.ISCLOG+26,1,4953434C4F47002845584500161D284B44^0^5^0
20,2138515022,0,%SYS.ISCLOG+26,1,4953434C4F47002845584500161D284B44^0^5^0
37,2138515027,0,%SYS.ISCLOG+27,1,
0,2138515296,0,%SYS.ISCLOG+27,1,4953434C4F47002845584500161D284B440010^0^5^0
1,2138515312,0,%SYS.ISCLOG+27,1,4953434C4F47002845584500161D284B440010^0^5^0
20,2138515313,0,%SYS.ISCLOG+27,1,4953434C4F47002845584500161D284B440010^0^5^0
0,2138515316,0,%SYS.ISCLOG+27,1,4953434C4F47002845584500161D284B440010^0^5^0
37,2138515317,0,%SYS.ISCLOG+28,1,
37,2138515319,0,%SYS.ISCLOG+29,1,
CALL,2138515321,0,%SYS.ISCLOG+29
ARG,[ 0] INT: 0
38,2138515330,0,%SYS.ProcessQuery.1+0,0,
50,2138515332,0,%SYS.ProcessQuery.1+551,1,
37,2138515370,0,%SYS.ProcessQuery.1+552,1,
37,2138515372,0,%SYS.ProcessQuery.1+553,1,
CALL,2138515374,0,%SYS.ProcessQuery.1+553
38,2138515375,0,%SYS.NOJRN+0,0,
37,2138515376,0,%SYS.NOJRN+17,1,
37,2138515379,0,%SYS.NOJRN+18,1,
QUIT,2138515380,18
38,2138515381,0,%SYS.ProcessQuery.1+0,0,
37,2138515382,0,%SYS.ProcessQuery.1+554,1,
QUIT,2138515383,554
38,2138515384,0,%SYS.ISCLOG+0,0,
37,2138515385,0,%SYS.ISCLOG+30,1,
37,2138515388,0,%SYS.ISCLOG+31,1,
QUIT,2138515389,31
51,2138515389,0,%SYS.ISCLOG+31,1,
51,2138515391,0,%SYS.ISCLOG+31,1,
51,2138515392,0,%SYS.ISCLOG+31,1,
51,2138515393,0,%SYS.ISCLOG+31,1,
51,2138515394,0,%SYS.ISCLOG+31,1,
51,2138515395,0,%SYS.ISCLOG+31,1,
51,2138515395,0,%SYS.ISCLOG+31,1,
51,2138515396,0,%SYS.ISCLOG+31,1,
51,2138515397,0,%SYS.ISCLOG+31,1,
51,2138515398,0,%SYS.ISCLOG+31,1,
51,2138515399,0,%SYS.ISCLOG+31,1,
38,2138515400,1,%Net.HttpRequest.1+0,0,
37,2138515401,1,%Net.HttpRequest.1+619,1,
CALL,2138515404,1,%Net.HttpRequest.1+619
ARG,[ 0] INT: 5
ARG,[ 1] STR (len=20): 4H0041007500740068006F00720069007A006100740069006F006E004800650061006400650072003D
ARG,[ 2] STR (len=32): 4H005B0025004E00650074002E00480074007400700052006500710075006500730074003A004F007500740070007500740048006500610064006500720073005D
ARG,[ 3] STR (len=11): 4H00480074007400700052006500710075006500730074
ARG,[ 4] INT: 5
ARG,[ 5] STR (len=18): 4H0025004E00650074002E00480074007400700052006500710075006500730074002E0031
38,2138515424,0,%SYS.ISCLOG+0,0,
50,2138515425,0,%SYS.ISCLOG+8,1,
50,2138515427,0,%SYS.ISCLOG+8,1,
50,2138515428,0,%SYS.ISCLOG+8,1,
50,2138515429,0,%SYS.ISCLOG+8,1,
50,2138515430,0,%SYS.ISCLOG+8,1,
50,2138515431,0,%SYS.ISCLOG+8,1,
50,2138515432,0,%SYS.ISCLOG+8,1,
50,2138515433,0,%SYS.ISCLOG+8,1,
37,2138515434,0,%SYS.ISCLOG+9,1,
37,2138515435,0,%SYS.ISCLOG+10,1,
0,2138515436,0,%SYS.ISCLOG+10,1,254953434C4F47^0^5^0
20,2138515438,0,%SYS.ISCLOG+10,1,254953434C4F47^0^5^0
37,2138515439,0,%SYS.ISCLOG+11,1,
0,2138515441,0,%SYS.ISCLOG+11,1,254953434C4F4700274558494B53565D^0^5^0
20,2138515442,0,%SYS.ISCLOG+11,1,254953434C4F4700274558494B53565D^0^5^0
37,2138515443,0,%SYS.ISCLOG+12,1,
0,2138515445,0,%SYS.ISCLOG+12,1,254953434C4F47002E5346^0^5^0
37,2138515446,0,%SYS.ISCLOG+13,1,
37,2138515447,0,%SYS.ISCLOG+14,1,
37,2138515448,0,%SYS.ISCLOG+15,1,
50,2138515450,0,%SYS.ISCLOG+16,1,
37,2138515451,0,%SYS.ISCLOG+16,1,
37,2138515452,0,%SYS.ISCLOG+17,1,
37,2138515453,0,%SYS.ISCLOG+18,1,
CALL,2138515454,0,%SYS.ISCLOG+18
38,2138515455,0,%SYS.NOJRN+0,0,
37,2138515456,0,%SYS.NOJRN+13,1,
CALL,2138515457,0,%SYS.NOJRN+13
37,2138515458,0,%SYS.NOJRN+9,1,
37,2138515459,0,%SYS.NOJRN+10,1,
QUIT,2138515460,10
QUIT,2138515461,13
38,2138515461,0,%SYS.ISCLOG+0,0,
50,2138515462,0,%SYS.ISCLOG+18,1,
37,2138515463,0,%SYS.ISCLOG+19,1,
37,2138515465,0,%SYS.ISCLOG+20,1,
37,2138515466,0,%SYS.ISCLOG+21,1,
37,2138515467,0,%SYS.ISCLOG+22,1,
50,2138515468,0,%SYS.ISCLOG+22,1,
CALL,2138515470,0,%SYS.ISCLOG+22
ARG,[ 0] STR (len=20): 4H0041007500740068006F00720069007A006100740069006F006E004800650061006400650072003D
38,2138515484,1,%qcr+0,0,
50,2138515488,1,%qcr+261,1,
50,2138515490,1,%qcr+261,1,
50,2138515491,1,%qcr+261,1,
50,2138515492,1,%qcr+261,1,
37,2138515493,1,%qcr+262,1,
37,2138515495,1,%qcr+264,1,
50,2138515496,1,%qcr+264,1,
50,2138515498,1,%qcr+265,1,
37,2138515499,1,%qcr+265,1,
37,2138515500,1,%qcr+288,1,
37,2138515501,1,%qcr+348,1,
37,2138515503,1,%qcr+350,1,
37,2138515505,1,%qcr+354,1,
50,2138515507,1,%qcr+354,1,
37,2138515508,1,%qcr+355,1,
37,2138515509,1,%qcr+463,1,
37,2138515510,1,%qcr+464,1,
QUIT,2138515511,464
51,2138515512,1,%qcr+464,1,
51,2138515513,1,%qcr+464,1,
51,2138516034,1,%qcr+464,1,
51,2138516035,1,%qcr+464,1,
51,2138516036,1,%qcr+464,1,
51,2138516037,1,%qcr+464,1,
51,2138516038,1,%qcr+464,1,
38,2138516040,0,%SYS.ISCLOG+0,0,
51,2138516057,0,%SYS.ISCLOG+22,1,
50,2138516059,0,%SYS.ISCLOG+22,1,
37,2138516060,0,%SYS.ISCLOG+23,1,
37,2138517218,0,%SYS.ISCLOG+25,1,
0,2138517222,0,%SYS.ISCLOG+25,1,4953434C4F470028455845^0^5^0
1,2138517223,0,%SYS.ISCLOG+25,1,4953434C4F470028455845^0^5^0
20,2138517224,0,%SYS.ISCLOG+25,1,4953434C4F470028455845^0^5^0
50,2138517226,0,%SYS.ISCLOG+26,1,
37,2138517227,0,%SYS.ISCLOG+26,1,
0,2138517232,0,%SYS.ISCLOG+26,1,4953434C4F47002845584500161D284B45^0^5^0
1,2138517233,0,%SYS.ISCLOG+26,1,4953434C4F47002845584500161D284B45^0^5^0
20,2138517234,0,%SYS.ISCLOG+26,1,4953434C4F47002845584500161D284B45^0^5^0
37,2138517235,0,%SYS.ISCLOG+27,1,
0,2138517547,0,%SYS.ISCLOG+27,1,4953434C4F47002845584500161D284B450010^0^5^0
1,2138517549,0,%SYS.ISCLOG+27,1,4953434C4F47002845584500161D284B450010^0^5^0
20,2138517551,0,%SYS.ISCLOG+27,1,4953434C4F47002845584500161D284B450010^0^5^0
0,2138517553,0,%SYS.ISCLOG+27,1,4953434C4F47002845584500161D284B450010^0^5^0
37,2138517554,0,%SYS.ISCLOG+28,1,
37,2138517556,0,%SYS.ISCLOG+29,1,
CALL,2138517557,0,%SYS.ISCLOG+29
ARG,[ 0] INT: 0
38,2138517559,0,%SYS.ProcessQuery.1+0,0,
37,2138517561,0,%SYS.ProcessQuery.1+552,1,
37,2138517586,0,%SYS.ProcessQuery.1+553,1,
CALL,2138517587,0,%SYS.ProcessQuery.1+553
38,2138517588,0,%SYS.NOJRN+0,0,
37,2138517589,0,%SYS.NOJRN+17,1,
37,2138517592,0,%SYS.NOJRN+18,1,
QUIT,2138517593,18
38,2138517593,0,%SYS.ProcessQuery.1+0,0,
37,2138517594,0,%SYS.ProcessQuery.1+554,1,
QUIT,2138517595,554
38,2138517596,0,%SYS.ISCLOG+0,0,
37,2138517597,0,%SYS.ISCLOG+30,1,
37,2138517599,0,%SYS.ISCLOG+31,1,
QUIT,2138517600,31
51,2138517601,0,%SYS.ISCLOG+31,1,
51,2138517602,0,%SYS.ISCLOG+31,1,
51,2138517603,0,%SYS.ISCLOG+31,1,
51,2138517604,0,%SYS.ISCLOG+31,1,
51,2138517605,0,%SYS.ISCLOG+31,1,
51,2138517606,0,%SYS.ISCLOG+31,1,
51,2138517606,0,%SYS.ISCLOG+31,1,
51,2138517607,0,%SYS.ISCLOG+31,1,
51,2138517608,0,%SYS.ISCLOG+31,1,
51,2138517609,0,%SYS.ISCLOG+31,1,
51,2138517610,0,%SYS.ISCLOG+31,1,
51,2138517611,0,%SYS.ISCLOG+31,1,
38,2138517612,1,%Net.HttpRequest.1+0,0,
37,2138517613,1,%Net.HttpRequest.1+620,1,
CALL,2138517615,1,%Net.HttpRequest.1+620
ARG,[ 0] INT: 107
ARG,[ 1] OREF: 12
38,2138517617,1,%Net.HttpAuthentication.1+0,0,
37,2138517619,1,%Net.HttpAuthentication.1+90,1,
50,2138517621,1,%Net.HttpAuthentication.1+90,1,
CALL,2138517622,1,%Net.HttpAuthentication.1+90
ARG,[ 0] INT: 0
37,2138517623,1,%Net.HttpAuthentication.1+75,1,
CALL,2138517624,1,%Net.HttpAuthentication.1+75
ARG,[ 0] INT: 0
ARG,[ 1] OREF: 13
38,2138517626,1,%Net.HttpRequest.1+0,0,
37,2138517627,1,%Net.HttpRequest.1+698,1,
QUIT,2138517629,698
38,2138517629,1,%Net.HttpAuthentication.1+0,0,
QUIT,2138517630,75
51,2138517631,1,%Net.HttpAuthentication.1+90,1,
37,2138517632,1,%Net.HttpAuthentication.1+101,1,
QUIT,2138517633,101
38,2138517634,1,%Net.HttpRequest.1+0,0,
50,2138517635,1,%Net.HttpRequest.1+621,1,
37,2138517636,1,%Net.HttpRequest.1+621,1,
37,2138517637,1,%Net.HttpRequest.1+622,1,
CALL,2138517638,1,%Net.HttpRequest.1+622
ARG,[ 0] INT: 107
ARG,[ 1] OREF: 11
38,2138517639,1,%Net.HttpAuthentication.1+0,0,
37,2138517640,1,%Net.HttpAuthentication.1+90,1,
CALL,2138517641,1,%Net.HttpAuthentication.1+90
ARG,[ 0] INT: 0
37,2138517642,1,%Net.HttpAuthentication.1+75,1,
50,2138517644,1,%Net.HttpAuthentication.1+75,1,
CALL,2138517644,1,%Net.HttpAuthentication.1+75
ARG,[ 0] INT: 0
ARG,[ 1] DBL: scale=-6, 00000014 7F77308C
38,2138517646,1,%Net.HttpRequest.1+0,0,
37,2138517648,1,%Net.HttpRequest.1+189,1,
QUIT,2138517649,189
38,2138517649,1,%Net.HttpAuthentication.1+0,0,
51,2138517650,1,%Net.HttpAuthentication.1+75,1,
QUIT,2138517651,75
37,2138517651,1,%Net.HttpAuthentication.1+101,1,
QUIT,2138517652,101
38,2138517653,1,%Net.HttpRequest.1+0,0,
37,2138517654,1,%Net.HttpRequest.1+623,1,
37,2138517655,1,%Net.HttpRequest.1+624,1,
50,2138517656,1,%Net.HttpRequest.1+625,1,
37,2138517657,1,%Net.HttpRequest.1+625,1,
50,2138517658,1,%Net.HttpRequest.1+626,1,
37,2138517658,1,%Net.HttpRequest.1+626,1,
37,2138517659,1,%Net.HttpRequest.1+627,1,
CALL,2138517660,1,%Net.HttpRequest.1+627
ARG,[ 0] INT: 0
37,2138517662,1,%Net.HttpRequest.1+688,1,
37,2138517662,1,%Net.HttpRequest.1+689,1,
50,2138517664,1,%Net.HttpRequest.1+690,1,
37,2138517664,1,%Net.HttpRequest.1+690,1,
QUIT,2138517665,690
51,2138517666,1,%Net.HttpRequest.1+690,1,
37,2138517667,1,%Net.HttpRequest.1+631,1,
50,2138517668,1,%Net.HttpRequest.1+631,1,
50,2138517670,1,%Net.HttpRequest.1+631,1,
50,2138517671,1,%Net.HttpRequest.1+631,1,
50,2138517672,1,%Net.HttpRequest.1+631,1,
51,2138517673,1,%Net.HttpRequest.1+631,1,
50,2138517674,1,%Net.HttpRequest.1+631,1,
50,2138517676,1,%Net.HttpRequest.1+631,1,
50,2138517677,1,%Net.HttpRequest.1+631,1,
51,2138517679,1,%Net.HttpRequest.1+631,1,
50,2138517680,1,%Net.HttpRequest.1+631,1,
50,2138517681,1,%Net.HttpRequest.1+631,1,
51,2138519139,1,%Net.HttpRequest.1+631,1,
50,2138519140,1,%Net.HttpRequest.1+631,1,
50,2138519143,1,%Net.HttpRequest.1+631,1,
51,2138519158,1,%Net.HttpRequest.1+631,1,
50,2138519159,1,%Net.HttpRequest.1+631,1,
51,2138519161,1,%Net.HttpRequest.1+631,1,
51,2138519161,1,%Net.HttpRequest.1+631,1,
51,2138519162,1,%Net.HttpRequest.1+631,1,
51,2138519163,1,%Net.HttpRequest.1+631,1,
50,2138519164,1,%Net.HttpRequest.1+631,1,
37,2138519166,1,%Net.HttpRequest.1+632,1,
50,2138519167,1,%Net.HttpRequest.1+632,1,
37,2138519168,1,%Net.HttpRequest.1+633,1,
51,2138519170,1,%Net.HttpRequest.1+633,1,
50,2138519171,1,%Net.HttpRequest.1+633,1,
37,2138519172,1,%Net.HttpRequest.1+634,1,
50,2138519173,1,%Net.HttpRequest.1+634,1,
37,2138519174,1,%Net.HttpRequest.1+635,1,
37,2138519177,1,%Net.HttpRequest.1+636,1,
37,2138519178,1,%Net.HttpRequest.1+633,1,
51,2138519179,1,%Net.HttpRequest.1+633,1,
50,2138519180,1,%Net.HttpRequest.1+633,1,
37,2138519181,1,%Net.HttpRequest.1+634,1,
51,2138519182,1,%Net.HttpRequest.1+635,1,
50,2138519183,1,%Net.HttpRequest.1+635,1,
37,2138519184,1,%Net.HttpRequest.1+635,1,
37,2138519185,1,%Net.HttpRequest.1+636,1,
37,2138519186,1,%Net.HttpRequest.1+633,1,
51,2138519187,1,%Net.HttpRequest.1+633,1,
50,2138519188,1,%Net.HttpRequest.1+633,1,
37,2138519189,1,%Net.HttpRequest.1+634,1,
37,2138519190,1,%Net.HttpRequest.1+635,1,
37,2138519191,1,%Net.HttpRequest.1+636,1,
37,2138519192,1,%Net.HttpRequest.1+633,1,
37,2138519193,1,%Net.HttpRequest.1+637,1,
37,2138519195,1,%Net.HttpRequest.1+638,1,
CALL,2138519197,1,%Net.HttpRequest.1+638
ARG,[ 0] INT: 2
ARG,[ 1] STR (len=0): 4H@5ºªª
ARG,[ 2] STR (len=16): 4H006100700069002E00670065006E0064006500720069007A0065002E0069006F
ARG,[ 3] INT: 99
50,2138519204,1,%Net.HttpRequest.1+343,1,
50,2138519205,1,%Net.HttpRequest.1+343,1,
50,2138519206,1,%Net.HttpRequest.1+343,1,
37,2138519207,1,%Net.HttpRequest.1+344,1,
50,2138519209,1,%Net.HttpRequest.1+344,1,
37,2138519211,1,%Net.HttpRequest.1+345,1,
37,2138519212,1,%Net.HttpRequest.1+346,1,
37,2138519214,1,%Net.HttpRequest.1+347,1,
37,2138519215,1,%Net.HttpRequest.1+348,1,
37,2138519216,1,%Net.HttpRequest.1+349,1,
50,2138519218,1,%Net.HttpRequest.1+349,1,
37,2138519219,1,%Net.HttpRequest.1+350,1,
50,2138519220,1,%Net.HttpRequest.1+350,1,
37,2138519221,1,%Net.HttpRequest.1+351,1,
37,2138519222,1,%Net.HttpRequest.1+352,1,
37,2138519224,1,%Net.HttpRequest.1+354,1,
QUIT,2138519225,354
51,2138519225,1,%Net.HttpRequest.1+354,1,
51,2138519226,1,%Net.HttpRequest.1+354,1,
51,2138519227,1,%Net.HttpRequest.1+354,1,
51,2138519228,1,%Net.HttpRequest.1+354,1,
51,2138519229,1,%Net.HttpRequest.1+354,1,
51,2138519230,1,%Net.HttpRequest.1+354,1,
50,2138519231,1,%Net.HttpRequest.1+639,1,
37,2138519232,1,%Net.HttpRequest.1+639,1,
37,2138519233,1,%Net.HttpRequest.1+641,1,
37,2138519237,1,%Net.HttpRequest.1+642,1,
37,2138519238,1,%Net.HttpRequest.1+643,1,
QUIT,2138519239,643
51,2138519240,1,%Net.HttpRequest.1+643,1,
51,2138519241,1,%Net.HttpRequest.1+643,1,
51,2138519241,1,%Net.HttpRequest.1+643,1,
51,2138519242,1,%Net.HttpRequest.1+643,1,
51,2138519243,1,%Net.HttpRequest.1+643,1,
51,2138519244,1,%Net.HttpRequest.1+643,1,
51,2138519245,1,%Net.HttpRequest.1+643,1,
51,2138519246,1,%Net.HttpRequest.1+643,1,
51,2138519247,1,%Net.HttpRequest.1+643,1,
51,2138519248,1,%Net.HttpRequest.1+643,1,
51,2138519249,1,%Net.HttpRequest.1+643,1,
37,2138519250,1,%Net.HttpRequest.1+1148,1,
37,2138519251,1,%Net.HttpRequest.1+1149,1,
50,2138519252,1,%Net.HttpRequest.1+1150,1,
37,2138519253,1,%Net.HttpRequest.1+1150,1,
37,2138519253,1,%Net.HttpRequest.1+1151,1,
CALL,2138519256,1,%Net.HttpRequest.1+1151
ARG,[ 0] INT: 1
ARG,[ 1] STR (len=0): 4H006100700069002E00670065006E0064006500720069007A0065002E0069006F
ARG,[ 2] INT: 120
ARG,[ 3] OREF: 14
38,2138519267,1,%Library.AbstractStream.1+0,0,
50,2138519268,1,%Library.AbstractStream.1+128,1,
50,2138519269,1,%Library.AbstractStream.1+128,1,
50,2138519270,1,%Library.AbstractStream.1+128,1,
37,2138519272,1,%Library.AbstractStream.1+130,1,
37,2138519273,1,%Library.AbstractStream.1+131,1,
37,2138519274,1,%Library.AbstractStream.1+132,1,
QUIT,2138519787,132
51,2138519788,1,%Library.AbstractStream.1+132,1,
51,2138519789,1,%Library.AbstractStream.1+132,1,
38,2138519790,1,%Net.HttpRequest.1+0,0,
37,2138519792,1,%Net.HttpRequest.1+1161,1,
37,2138519795,1,%Net.HttpRequest.1+1168,1,
CALL,2138519796,1,%Net.HttpRequest.1+1168
ARG,[ 0] INT: 0
ARG,[ 1] OREF: 14
38,2138519812,1,%Library.GlobalBinaryStream.1+0,0,
37,2138519813,1,%Library.GlobalBinaryStream.1+425,1,
QUIT,2138519814,425
38,2138519815,1,%Net.HttpRequest.1+0,0,
37,2138519816,1,%Net.HttpRequest.1+1223,1,
37,2138519818,1,%Net.HttpRequest.1+1226,1,
CALL,2138519819,1,%Net.HttpRequest.1+1226
ARG,[ 0] INT: 1
ARG,[ 1] STR (len=12): 4H0043004F004E00540045004E0054002D0054005900500045
ARG,[ 2] INT: 95
ARG,[ 3] OREF: 14
38,2138519824,1,%Library.AbstractStream.1+0,0,
50,2138519825,1,%Library.AbstractStream.1+93,1,
50,2138519826,1,%Library.AbstractStream.1+93,1,
50,2138519827,1,%Library.AbstractStream.1+93,1,
37,2138519828,1,%Library.AbstractStream.1+94,1,
QUIT,2138519830,94
51,2138519830,1,%Library.AbstractStream.1+94,1,
51,2138519831,1,%Library.AbstractStream.1+94,1,
51,2138519832,1,%Library.AbstractStream.1+94,1,
38,2138519833,1,%Net.HttpRequest.1+0,0,
50,2138519834,1,%Net.HttpRequest.1+1227,1,
37,2138519835,1,%Net.HttpRequest.1+1227,1,
37,2138519836,1,%Net.HttpRequest.1+1228,1,
37,2138519838,1,%Net.HttpRequest.1+1230,1,
37,2138721937,1,%Net.HttpRequest.1+1231,1,
37,2138721959,1,%Net.HttpRequest.1+1235,1,
50,2138721967,1,%Net.HttpRequest.1+1235,1,
50,2138721969,1,%Net.HttpRequest.1+1235,1,
50,2138721972,1,%Net.HttpRequest.1+1235,1,
50,2138721973,1,%Net.HttpRequest.1+1235,1,
50,2138721974,1,%Net.HttpRequest.1+1235,1,
50,2138721975,1,%Net.HttpRequest.1+1235,1,
50,2138721976,1,%Net.HttpRequest.1+1235,1,
50,2138721977,1,%Net.HttpRequest.1+1235,1,
50,2138721978,1,%Net.HttpRequest.1+1235,1,
50,2138721979,1,%Net.HttpRequest.1+1235,1,
50,2138721980,1,%Net.HttpRequest.1+1235,1,
50,2138721981,1,%Net.HttpRequest.1+1235,1,
50,2138721982,1,%Net.HttpRequest.1+1235,1,
CALL,2138721986,1,%Net.HttpRequest.1+1235
ARG,[ 0] INT: 0
ARG,[ 1] OREF: 17
38,2138722371,1,%Net.HttpResponse.1+0,0,
50,2138722379,1,%Net.HttpResponse.1+5,1,
37,2138722380,1,%Net.HttpResponse.1+6,1,
51,2138722387,1,%Net.HttpResponse.1+6,1,
37,2138722388,1,%Net.HttpResponse.1+7,1,
QUIT,2138722389,7
51,2138722391,1,%Net.HttpResponse.1+7,1,
38,2138722394,1,%Net.HttpRequest.1+0,0,
50,2138722397,1,%Net.HttpRequest.1+1235,1,
50,2138722403,1,%Net.HttpRequest.1+1235,1,
51,2138722404,1,%Net.HttpRequest.1+1235,1,
50,2138722405,1,%Net.HttpRequest.1+1235,1,
37,2138722406,1,%Net.HttpRequest.1+1236,1,
37,2138722409,1,%Net.HttpRequest.1+1237,1,
CALL,2138722412,1,%Net.HttpRequest.1+1237
ARG,[ 0] INT: 4
ARG,[ 1] STR (len=3): 4H004700450054
ARG,[ 2] DBL: scale=-6, 00000014 7F771EC9
ARG,[ 3] INT: 30
ARG,[ 4] STR (len=13): 4H007C005400430050007C00360032003600320030003200320032
ARG,[ 5] INT: 105
50,2138722422,1,%Net.HttpRequest.1+713,1,
50,2138722424,1,%Net.HttpRequest.1+713,1,
50,2138722425,1,%Net.HttpRequest.1+713,1,
50,2138722426,1,%Net.HttpRequest.1+713,1,
50,2138722427,1,%Net.HttpRequest.1+713,1,
37,2138722429,1,%Net.HttpRequest.1+714,1,
50,2138722430,1,%Net.HttpRequest.1+714,1,
50,2138722431,1,%Net.HttpRequest.1+714,1,
50,2138722433,1,%Net.HttpRequest.1+714,1,
50,2138722434,1,%Net.HttpRequest.1+714,1,
50,2138722437,1,%Net.HttpRequest.1+714,1,
37,2138722439,1,%Net.HttpRequest.1+715,1,
37,2138722441,1,%Net.HttpRequest.1+716,1,
37,2138722443,1,%Net.HttpRequest.1+719,1,
50,2138722444,1,%Net.HttpRequest.1+721,1,
37,2138722445,1,%Net.HttpRequest.1+721,1,
37,2138724338,1,%Net.HttpRequest.1+722,1,
50,2138724348,1,%Net.HttpRequest.1+722,1,
50,2138724350,1,%Net.HttpRequest.1+722,1,
51,2138724352,1,%Net.HttpRequest.1+722,1,
51,2138724353,1,%Net.HttpRequest.1+722,1,
50,2138724354,1,%Net.HttpRequest.1+722,1,
50,2138724355,1,%Net.HttpRequest.1+722,1,
51,2138724356,1,%Net.HttpRequest.1+722,1,
51,2138724357,1,%Net.HttpRequest.1+722,1,
51,2138724358,1,%Net.HttpRequest.1+722,1,
50,2138724359,1,%Net.HttpRequest.1+722,1,
37,2138724360,1,%Net.HttpRequest.1+723,1,
50,2138724361,1,%Net.HttpRequest.1+724,1,
37,2138724362,1,%Net.HttpRequest.1+724,1,
37,2138724365,1,%Net.HttpRequest.1+725,1,
50,2138724366,1,%Net.HttpRequest.1+724,1,
50,2138724367,1,%Net.HttpRequest.1+725,1,
50,2138724368,1,%Net.HttpRequest.1+725,1,
50,2138724369,1,%Net.HttpRequest.1+725,1,
50,2138724370,1,%Net.HttpRequest.1+725,1,
50,2138724371,1,%Net.HttpRequest.1+725,1,
50,2138724372,1,%Net.HttpRequest.1+725,1,
50,2138724373,1,%Net.HttpRequest.1+725,1,
50,2138724374,1,%Net.HttpRequest.1+725,1,
50,2138724375,1,%Net.HttpRequest.1+725,1,
50,2138724376,1,%Net.HttpRequest.1+725,1,
50,2138724377,1,%Net.HttpRequest.1+725,1,
50,2138724379,1,%Net.HttpRequest.1+725,1,
50,2138724380,1,%Net.HttpRequest.1+726,1,
37,2138724381,1,%Net.HttpRequest.1+726,1,
37,2138724383,1,%Net.HttpRequest.1+727,1,
37,2138724384,1,%Net.HttpRequest.1+728,1,
50,2138724385,1,%Net.HttpRequest.1+728,1,
37,2138724387,1,%Net.HttpRequest.1+729,1,
37,2138724388,1,%Net.HttpRequest.1+732,1,
37,2138724391,1,%Net.HttpRequest.1+733,1,
37,2138724392,1,%Net.HttpRequest.1+738,1,
37,2138724393,1,%Net.HttpRequest.1+741,1,
51,2138831738,1,%Net.HttpRequest.1+741,1,
50,2138831764,1,%Net.HttpRequest.1+741,1,
50,2138831773,1,%Net.HttpRequest.1+743,1,
37,2138831776,1,%Net.HttpRequest.1+743,1,
37,2138831779,1,%Net.HttpRequest.1+744,1,
37,2138831782,1,%Net.HttpRequest.1+745,1,
51,2138831791,1,%Net.HttpRequest.1+745,1,
50,2138831794,1,%Net.HttpRequest.1+745,1,
37,2138831799,1,%Net.HttpRequest.1+747,1,
37,2138831802,1,%Net.HttpRequest.1+751,1,
51,2138831809,1,%Net.HttpRequest.1+751,1,
50,2138831811,1,%Net.HttpRequest.1+751,1,
50,2138831817,1,%Net.HttpRequest.1+751,1,
51,2138831820,1,%Net.HttpRequest.1+751,1,
37,2138831822,1,%Net.HttpRequest.1+752,1,
CALL,2138832122,1,%Net.HttpRequest.1+752
ARG,[ 0] INT: 5
ARG,[ 1] STR (len=17): 4H0048005400540050002F0031002E003100200032003000300020004F004B000D000A
ARG,[ 2] STR (len=16): 4H0052006500610064002000660072006F006D0020007300650072007600650072
ARG,[ 3] STR (len=11): 4H00480074007400700052006500710075006500730074
ARG,[ 4] INT: 3
ARG,[ 5] STR (len=18): 4H0025004E00650074002E00480074007400700052006500710075006500730074002E0031
38,2138832176,0,%SYS.ISCLOG+0,0,
50,2138832186,0,%SYS.ISCLOG+8,1,
50,2138832193,0,%SYS.ISCLOG+8,1,
50,2138832195,0,%SYS.ISCLOG+8,1,
50,2138832198,0,%SYS.ISCLOG+8,1,
50,2138832201,0,%SYS.ISCLOG+8,1,
50,2138832205,0,%SYS.ISCLOG+8,1,
50,2138832208,0,%SYS.ISCLOG+8,1,
50,2138832212,0,%SYS.ISCLOG+8,1,
37,2138832216,0,%SYS.ISCLOG+9,1,
37,2138832219,0,%SYS.ISCLOG+10,1,
0,2138832231,0,%SYS.ISCLOG+10,1,254953434C4F47^0^5^0
20,2138832241,0,%SYS.ISCLOG+10,1,254953434C4F47^0^5^0
37,2138832248,0,%SYS.ISCLOG+11,1,
0,2138832252,0,%SYS.ISCLOG+11,1,254953434C4F4700274558494B53565D^0^5^0
20,2138832257,0,%SYS.ISCLOG+11,1,254953434C4F4700274558494B53565D^0^5^0
37,2138832262,0,%SYS.ISCLOG+12,1,
0,2138832264,0,%SYS.ISCLOG+12,1,254953434C4F47002E5346^0^5^0
37,2138832267,0,%SYS.ISCLOG+13,1,
37,2138832270,0,%SYS.ISCLOG+14,1,
37,2138832285,0,%SYS.ISCLOG+15,1,
50,2138832298,0,%SYS.ISCLOG+16,1,
37,2138832300,0,%SYS.ISCLOG+16,1,
37,2138832305,0,%SYS.ISCLOG+17,1,
37,2138832316,0,%SYS.ISCLOG+18,1,
CALL,2138832321,0,%SYS.ISCLOG+18
38,2138832324,0,%SYS.NOJRN+0,0,
37,2138832327,0,%SYS.NOJRN+13,1,
CALL,2138832336,0,%SYS.NOJRN+13
37,2138832338,0,%SYS.NOJRN+9,1,
37,2138832348,0,%SYS.NOJRN+10,1,
QUIT,2138832351,10
QUIT,2138832354,13
38,2138832358,0,%SYS.ISCLOG+0,0,
50,2138832361,0,%SYS.ISCLOG+18,1,
37,2138832364,0,%SYS.ISCLOG+19,1,
37,2138832370,0,%SYS.ISCLOG+20,1,
37,2138832373,0,%SYS.ISCLOG+21,1,
37,2138832375,0,%SYS.ISCLOG+25,1,
0,2138832384,0,%SYS.ISCLOG+25,1,4953434C4F470028455845^0^5^0
1,2138832391,0,%SYS.ISCLOG+25,1,4953434C4F470028455845^0^5^0
20,2138832399,0,%SYS.ISCLOG+25,1,4953434C4F470028455845^0^5^0
50,2138832404,0,%SYS.ISCLOG+26,1,
37,2138832406,0,%SYS.ISCLOG+26,1,
0,2138832435,0,%SYS.ISCLOG+26,1,4953434C4F47002845584500161D284C44^0^5^0
1,2138832442,0,%SYS.ISCLOG+26,1,4953434C4F47002845584500161D284C44^0^5^0
19,2138832453,0,%SYS.ISCLOG+26,1,4953434C4F47002845584500161D284C44^0^5^0
20,2138832504,0,%SYS.ISCLOG+26,1,4953434C4F47002845584500161D284C44^0^5^0
37,2138832515,0,%SYS.ISCLOG+27,1,
0,2138835867,0,%SYS.ISCLOG+27,1,4953434C4F47002845584500161D284C440010^0^5^0
1,2138835876,0,%SYS.ISCLOG+27,1,4953434C4F47002845584500161D284C440010^0^5^0
20,2138835883,0,%SYS.ISCLOG+27,1,4953434C4F47002845584500161D284C440010^0^5^0
0,2138835913,0,%SYS.ISCLOG+27,1,4953434C4F47002845584500161D284C440010^0^5^0
37,2138835917,0,%SYS.ISCLOG+28,1,
37,2138835924,0,%SYS.ISCLOG+29,1,
CALL,2138835931,0,%SYS.ISCLOG+29
ARG,[ 0] INT: 0
38,2138835937,0,%SYS.ProcessQuery.1+0,0,
37,2138835944,0,%SYS.ProcessQuery.1+552,1,
37,2138835954,0,%SYS.ProcessQuery.1+553,1,
CALL,2138835960,0,%SYS.ProcessQuery.1+553
38,2138835962,0,%SYS.NOJRN+0,0,
37,2138835965,0,%SYS.NOJRN+17,1,
37,2138835975,0,%SYS.NOJRN+18,1,
QUIT,2138835978,18
38,2138835983,0,%SYS.ProcessQuery.1+0,0,
37,2138835986,0,%SYS.ProcessQuery.1+554,1,
QUIT,2138835988,554
38,2138835991,0,%SYS.ISCLOG+0,0,
37,2138835994,0,%SYS.ISCLOG+30,1,
37,2138836004,0,%SYS.ISCLOG+31,1,
QUIT,2138836006,31
51,2138836008,0,%SYS.ISCLOG+31,1,
51,2138836014,0,%SYS.ISCLOG+31,1,
51,2138836017,0,%SYS.ISCLOG+31,1,
51,2138836019,0,%SYS.ISCLOG+31,1,
51,2138836021,0,%SYS.ISCLOG+31,1,
51,2138836024,0,%SYS.ISCLOG+31,1,
51,2138836026,0,%SYS.ISCLOG+31,1,
51,2138836028,0,%SYS.ISCLOG+31,1,
51,2138836038,0,%SYS.ISCLOG+31,1,
51,2138836040,0,%SYS.ISCLOG+31,1,
51,2138836042,0,%SYS.ISCLOG+31,1,
38,2138836046,1,%Net.HttpRequest.1+0,0,
37,2138836049,1,%Net.HttpRequest.1+753,1,
37,2138836055,1,%Net.HttpRequest.1+757,1,
37,2138836063,1,%Net.HttpRequest.1+758,1,
37,2138836065,1,%Net.HttpRequest.1+765,1,
37,2138836068,1,%Net.HttpRequest.1+774,1,
37,2138836071,1,%Net.HttpRequest.1+727,1,
37,2138836073,1,%Net.HttpRequest.1+728,1,
37,2138836077,1,%Net.HttpRequest.1+729,1,
37,2138836079,1,%Net.HttpRequest.1+730,1,
50,2138836084,1,%Net.HttpRequest.1+730,1,
51,2138836087,1,%Net.HttpRequest.1+730,1,
37,2138836090,1,%Net.HttpRequest.1+777,1,
CALL,2138836095,1,%Net.HttpRequest.1+777
ARG,[ 0] INT: 5
ARG,[ 1] STR (len=15): 4H0048005400540050002F0031002E003100200032003000300020004F004B
ARG,[ 2] STR (len=22): 4H0052004500410044003A002000730074006100740065003D0031002C00200075007300650064003D00310036
ARG,[ 3] STR (len=11): 4H00480074007400700052006500710075006500730074
ARG,[ 4] INT: 3
ARG,[ 5] STR (len=18): 4H0025004E00650074002E00480074007400700052006500710075006500730074002E0031
38,2138836136,0,%SYS.ISCLOG+0,0,
50,2138836140,0,%SYS.ISCLOG+8,1,
50,2138836143,0,%SYS.ISCLOG+8,1,
50,2138836146,0,%SYS.ISCLOG+8,1,
50,2138836149,0,%SYS.ISCLOG+8,1,
50,2138836151,0,%SYS.ISCLOG+8,1,
50,2138836154,0,%SYS.ISCLOG+8,1,
50,2138836156,0,%SYS.ISCLOG+8,1,
50,2138836158,0,%SYS.ISCLOG+8,1,
37,2138836161,0,%SYS.ISCLOG+9,1,
37,2138836163,0,%SYS.ISCLOG+10,1,
0,2138836168,0,%SYS.ISCLOG+10,1,254953434C4F47^0^5^0
20,2138836172,0,%SYS.ISCLOG+10,1,254953434C4F47^0^5^0
37,2138836176,0,%SYS.ISCLOG+11,1,
0,2138836179,0,%SYS.ISCLOG+11,1,254953434C4F4700274558494B53565D^0^5^0
20,2138836183,0,%SYS.ISCLOG+11,1,254953434C4F4700274558494B53565D^0^5^0
37,2138836186,0,%SYS.ISCLOG+12,1,
0,2138836189,0,%SYS.ISCLOG+12,1,254953434C4F47002E5346^0^5^0
37,2138836192,0,%SYS.ISCLOG+13,1,
37,2138836194,0,%SYS.ISCLOG+14,1,
37,2138836200,0,%SYS.ISCLOG+15,1,
50,2138836203,0,%SYS.ISCLOG+16,1,
37,2138836205,0,%SYS.ISCLOG+16,1,
37,2138836208,0,%SYS.ISCLOG+17,1,
37,2138836210,0,%SYS.ISCLOG+18,1,
CALL,2138836213,0,%SYS.ISCLOG+18
38,2138836215,0,%SYS.NOJRN+0,0,
37,2138836218,0,%SYS.NOJRN+13,1,
CALL,2138836221,0,%SYS.NOJRN+13
37,2138836222,0,%SYS.NOJRN+9,1,
37,2138836226,0,%SYS.NOJRN+10,1,
QUIT,2138836228,10
QUIT,2138836229,13
38,2138836230,0,%SYS.ISCLOG+0,0,
50,2138836233,0,%SYS.ISCLOG+18,1,
37,2138836236,0,%SYS.ISCLOG+19,1,
37,2138836239,0,%SYS.ISCLOG+20,1,
37,2138836242,0,%SYS.ISCLOG+21,1,
37,2138836244,0,%SYS.ISCLOG+25,1,
0,2138836249,0,%SYS.ISCLOG+25,1,4953434C4F470028455845^0^5^0
1,2138836252,0,%SYS.ISCLOG+25,1,4953434C4F470028455845^0^5^0
20,2138836255,0,%SYS.ISCLOG+25,1,4953434C4F470028455845^0^5^0
50,2138836258,0,%SYS.ISCLOG+26,1,
37,2138836261,0,%SYS.ISCLOG+26,1,
0,2138836274,0,%SYS.ISCLOG+26,1,4953434C4F47002845584500161D284C45^0^5^0
1,2138836277,0,%SYS.ISCLOG+26,1,4953434C4F47002845584500161D284C45^0^5^0
20,2138837929,0,%SYS.ISCLOG+26,1,4953434C4F47002845584500161D284C45^0^5^0
37,2138837975,0,%SYS.ISCLOG+27,1,
0,2138838713,0,%SYS.ISCLOG+27,1,4953434C4F47002845584500161D284C450010^0^5^0
1,2138838717,0,%SYS.ISCLOG+27,1,4953434C4F47002845584500161D284C450010^0^5^0
20,2138838720,0,%SYS.ISCLOG+27,1,4953434C4F47002845584500161D284C450010^0^5^0
0,2138838725,0,%SYS.ISCLOG+27,1,4953434C4F47002845584500161D284C450010^0^5^0
37,2138838728,0,%SYS.ISCLOG+28,1,
37,2138838732,0,%SYS.ISCLOG+29,1,
CALL,2138838736,0,%SYS.ISCLOG+29
ARG,[ 0] INT: 0
38,2138838740,0,%SYS.ProcessQuery.1+0,0,
37,2138838745,0,%SYS.ProcessQuery.1+552,1,
37,2138838749,0,%SYS.ProcessQuery.1+553,1,
CALL,2138838759,0,%SYS.ProcessQuery.1+553
38,2138838761,0,%SYS.NOJRN+0,0,
37,2138838763,0,%SYS.NOJRN+17,1,
37,2138838770,0,%SYS.NOJRN+18,1,
QUIT,2138838773,18
38,2138838774,0,%SYS.ProcessQuery.1+0,0,
37,2138838777,0,%SYS.ProcessQuery.1+554,1,
QUIT,2138838780,554
38,2138838781,0,%SYS.ISCLOG+0,0,
37,2138838784,0,%SYS.ISCLOG+30,1,
37,2138838790,0,%SYS.ISCLOG+31,1,
QUIT,2138838792,31
51,2138838794,0,%SYS.ISCLOG+31,1,
51,2138838796,0,%SYS.ISCLOG+31,1,
51,2138838799,0,%SYS.ISCLOG+31,1,
51,2138838801,0,%SYS.ISCLOG+31,1,
51,2138838803,0,%SYS.ISCLOG+31,1,
51,2138838805,0,%SYS.ISCLOG+31,1,
51,2138838808,0,%SYS.ISCLOG+31,1,
51,2138838810,0,%SYS.ISCLOG+31,1,
51,2138838812,0,%SYS.ISCLOG+31,1,
51,2138838814,0,%SYS.ISCLOG+31,1,
51,2138838817,0,%SYS.ISCLOG+31,1,
38,2138838820,1,%Net.HttpRequest.1+0,0,
37,2138838822,1,%Net.HttpRequest.1+778,1,
37,2138838825,1,%Net.HttpRequest.1+779,1,
37,2138838828,1,%Net.HttpRequest.1+780,1,
37,2138838831,1,%Net.HttpRequest.1+781,1,
51,2138838837,1,%Net.HttpRequest.1+781,1,
50,2138838840,1,%Net.HttpRequest.1+781,1,
37,2138838842,1,%Net.HttpRequest.1+782,1,
51,2138838845,1,%Net.HttpRequest.1+782,1,
50,2138838847,1,%Net.HttpRequest.1+782,1,
37,2138838852,1,%Net.HttpRequest.1+783,1,
37,2138838854,1,%Net.HttpRequest.1+784,1,
37,2138838856,1,%Net.HttpRequest.1+727,1,
51,2138838859,1,%Net.HttpRequest.1+727,1,
50,2138838862,1,%Net.HttpRequest.1+727,1,
37,2138838864,1,%Net.HttpRequest.1+728,1,
37,2138838867,1,%Net.HttpRequest.1+729,1,
37,2138838869,1,%Net.HttpRequest.1+732,1,
37,2138838872,1,%Net.HttpRequest.1+733,1,
37,2138838875,1,%Net.HttpRequest.1+738,1,
37,2138838877,1,%Net.HttpRequest.1+741,1,
37,2138840362,1,%Net.HttpRequest.1+743,1,
37,2138840369,1,%Net.HttpRequest.1+747,1,
37,2138840372,1,%Net.HttpRequest.1+751,1,
37,2138840378,1,%Net.HttpRequest.1+752,1,
CALL,2138840384,1,%Net.HttpRequest.1+752
ARG,[ 0] INT: 5
ARG,[ 1] STR (len=22): 4H005300650072007600650072003A0020006E00670069006E0078002F0031002E00310036002E0031000D000A
ARG,[ 2] STR (len=16): 4H0052006500610064002000660072006F006D0020007300650072007600650072
ARG,[ 3] STR (len=11): 4H00480074007400700052006500710075006500730074
ARG,[ 4] INT: 3
ARG,[ 5] STR (len=18): 4H0025004E00650074002E00480074007400700052006500710075006500730074002E0031
38,2138840426,0,%SYS.ISCLOG+0,0,
50,2138840430,0,%SYS.ISCLOG+8,1,
50,2138840434,0,%SYS.ISCLOG+8,1,
50,2138840437,0,%SYS.ISCLOG+8,1,
50,2138840439,0,%SYS.ISCLOG+8,1,
50,2138840441,0,%SYS.ISCLOG+8,1,
50,2138840444,0,%SYS.ISCLOG+8,1,
50,2138840446,0,%SYS.ISCLOG+8,1,
50,2138840449,0,%SYS.ISCLOG+8,1,
37,2138840451,0,%SYS.ISCLOG+9,1,
37,2138840454,0,%SYS.ISCLOG+10,1,
0,2138840458,0,%SYS.ISCLOG+10,1,254953434C4F47^0^5^0
20,2138840462,0,%SYS.ISCLOG+10,1,254953434C4F47^0^5^0
37,2138840466,0,%SYS.ISCLOG+11,1,
0,2138840469,0,%SYS.ISCLOG+11,1,254953434C4F4700274558494B53565D^0^5^0
20,2138840472,0,%SYS.ISCLOG+11,1,254953434C4F4700274558494B53565D^0^5^0
37,2138840475,0,%SYS.ISCLOG+12,1,
0,2138840478,0,%SYS.ISCLOG+12,1,254953434C4F47002E5346^0^5^0
37,2138840480,0,%SYS.ISCLOG+13,1,
37,2138840483,0,%SYS.ISCLOG+14,1,
37,2138840488,0,%SYS.ISCLOG+15,1,
50,2138840493,0,%SYS.ISCLOG+16,1,
37,2138840495,0,%SYS.ISCLOG+16,1,
37,2138840498,0,%SYS.ISCLOG+17,1,
37,2138840501,0,%SYS.ISCLOG+18,1,
CALL,2138840504,0,%SYS.ISCLOG+18
38,2138840506,0,%SYS.NOJRN+0,0,
37,2138840509,0,%SYS.NOJRN+13,1,
CALL,2138840513,0,%SYS.NOJRN+13
37,2138840515,0,%SYS.NOJRN+9,1,
37,2138840519,0,%SYS.NOJRN+10,1,
QUIT,2138840521,10
QUIT,2138840523,13
38,2138840525,0,%SYS.ISCLOG+0,0,
50,2138840527,0,%SYS.ISCLOG+18,1,
37,2138840530,0,%SYS.ISCLOG+19,1,
37,2138840533,0,%SYS.ISCLOG+20,1,
37,2138840536,0,%SYS.ISCLOG+21,1,
37,2138840538,0,%SYS.ISCLOG+25,1,
0,2138840543,0,%SYS.ISCLOG+25,1,4953434C4F470028455845^0^5^0
1,2138840545,0,%SYS.ISCLOG+25,1,4953434C4F470028455845^0^5^0
20,2138840549,0,%SYS.ISCLOG+25,1,4953434C4F470028455845^0^5^0
50,2138840552,0,%SYS.ISCLOG+26,1,
37,2138840555,0,%SYS.ISCLOG+26,1,
0,2138840567,0,%SYS.ISCLOG+26,1,4953434C4F47002845584500161D284C46^0^5^0
1,2138840600,0,%SYS.ISCLOG+26,1,4953434C4F47002845584500161D284C46^0^5^0
20,2138840604,0,%SYS.ISCLOG+26,1,4953434C4F47002845584500161D284C46^0^5^0
37,2138840607,0,%SYS.ISCLOG+27,1,
0,2138841847,0,%SYS.ISCLOG+27,1,4953434C4F47002845584500161D284C460010^0^5^0
1,2138841851,0,%SYS.ISCLOG+27,1,4953434C4F47002845584500161D284C460010^0^5^0
20,2138841853,0,%SYS.ISCLOG+27,1,4953434C4F47002845584500161D284C460010^0^5^0
0,2138841857,0,%SYS.ISCLOG+27,1,4953434C4F47002845584500161D284C460010^0^5^0
37,2138841860,0,%SYS.ISCLOG+28,1,
37,2138841863,0,%SYS.ISCLOG+29,1,
CALL,2138841865,0,%SYS.ISCLOG+29
ARG,[ 0] INT: 0
38,2138841869,0,%SYS.ProcessQuery.1+0,0,
37,2138841872,0,%SYS.ProcessQuery.1+552,1,
37,2138841875,0,%SYS.ProcessQuery.1+553,1,
CALL,2138841877,0,%SYS.ProcessQuery.1+553
38,2138841879,0,%SYS.NOJRN+0,0,
37,2138841881,0,%SYS.NOJRN+17,1,
37,2138841885,0,%SYS.NOJRN+18,1,
QUIT,2138841887,18
38,2138841888,0,%SYS.ProcessQuery.1+0,0,
37,2138841890,0,%SYS.ProcessQuery.1+554,1,
QUIT,2138841892,554
38,2138841894,0,%SYS.ISCLOG+0,0,
37,2138841896,0,%SYS.ISCLOG+30,1,
37,2138841900,0,%SYS.ISCLOG+31,1,
QUIT,2138841902,31
51,2138841903,0,%SYS.ISCLOG+31,1,
51,2138841905,0,%SYS.ISCLOG+31,1,
51,2138841907,0,%SYS.ISCLOG+31,1,
51,2138841909,0,%SYS.ISCLOG+31,1,
51,2138841910,0,%SYS.ISCLOG+31,1,
51,2138841912,0,%SYS.ISCLOG+31,1,
51,2138841914,0,%SYS.ISCLOG+31,1,
51,2138841916,0,%SYS.ISCLOG+31,1,
51,2138841918,0,%SYS.ISCLOG+31,1,
51,2138841919,0,%SYS.ISCLOG+31,1,
51,2138841921,0,%SYS.ISCLOG+31,1,
38,2138841924,1,%Net.HttpRequest.1+0,0,
37,2138841926,1,%Net.HttpRequest.1+753,1,
37,2138841929,1,%Net.HttpRequest.1+757,1,
37,2138841933,1,%Net.HttpRequest.1+758,1,
37,2138841935,1,%Net.HttpRequest.1+765,1,
37,2138841937,1,%Net.HttpRequest.1+774,1,
37,2138841939,1,%Net.HttpRequest.1+727,1,
37,2138841941,1,%Net.HttpRequest.1+728,1,
37,2138841943,1,%Net.HttpRequest.1+729,1,
37,2138841945,1,%Net.HttpRequest.1+730,1,
50,2138841947,1,%Net.HttpRequest.1+730,1,
51,2138841949,1,%Net.HttpRequest.1+730,1,
37,2138841951,1,%Net.HttpRequest.1+777,1,
CALL,2138841955,1,%Net.HttpRequest.1+777
ARG,[ 0] INT: 5
ARG,[ 1] STR (len=20): 4H005300650072007600650072003A0020006E00670069006E0078002F0031002E00310036002E0031
ARG,[ 2] STR (len=22): 4H0052004500410044003A002000730074006100740065003D0032002C00200075007300650064003D00330037
ARG,[ 3] STR (len=11): 4H00480074007400700052006500710075006500730074
ARG,[ 4] INT: 3
ARG,[ 5] STR (len=18): 4H0025004E00650074002E00480074007400700052006500710075006500730074002E0031
38,2138841988,0,%SYS.ISCLOG+0,0,
50,2138841990,0,%SYS.ISCLOG+8,1,
50,2138841993,0,%SYS.ISCLOG+8,1,
50,2138841994,0,%SYS.ISCLOG+8,1,
50,2138841996,0,%SYS.ISCLOG+8,1,
50,2138841998,0,%SYS.ISCLOG+8,1,
50,2138842000,0,%SYS.ISCLOG+8,1,
50,2138842002,0,%SYS.ISCLOG+8,1,
50,2138842004,0,%SYS.ISCLOG+8,1,
37,2138842006,0,%SYS.ISCLOG+9,1,
37,2138842008,0,%SYS.ISCLOG+10,1,
0,2138842011,0,%SYS.ISCLOG+10,1,254953434C4F47^0^5^0
20,2138842014,0,%SYS.ISCLOG+10,1,254953434C4F47^0^5^0
37,2138842016,0,%SYS.ISCLOG+11,1,
0,2138842019,0,%SYS.ISCLOG+11,1,254953434C4F4700274558494B53565D^0^5^0
20,2138842021,0,%SYS.ISCLOG+11,1,254953434C4F4700274558494B53565D^0^5^0
37,2138842023,0,%SYS.ISCLOG+12,1,
0,2138842025,0,%SYS.ISCLOG+12,1,254953434C4F47002E5346^0^5^0
37,2138842028,0,%SYS.ISCLOG+13,1,
37,2138842029,0,%SYS.ISCLOG+14,1,
37,2138842032,0,%SYS.ISCLOG+15,1,
50,2138842035,0,%SYS.ISCLOG+16,1,
37,2138842036,0,%SYS.ISCLOG+16,1,
37,2138842038,0,%SYS.ISCLOG+17,1,
37,2138842041,0,%SYS.ISCLOG+18,1,
CALL,2138842043,0,%SYS.ISCLOG+18
38,2138842044,0,%SYS.NOJRN+0,0,
37,2138842046,0,%SYS.NOJRN+13,1,
CALL,2138842049,0,%SYS.NOJRN+13
37,2138842050,0,%SYS.NOJRN+9,1,
37,2138842052,0,%SYS.NOJRN+10,1,
QUIT,2138842054,10
QUIT,2138842055,13
38,2138842056,0,%SYS.ISCLOG+0,0,
50,2138842058,0,%SYS.ISCLOG+18,1,
37,2138842060,0,%SYS.ISCLOG+19,1,
37,2138842062,0,%SYS.ISCLOG+20,1,
37,2138842064,0,%SYS.ISCLOG+21,1,
37,2138842066,0,%SYS.ISCLOG+25,1,
0,2138842069,0,%SYS.ISCLOG+25,1,4953434C4F470028455845^0^5^0
1,2138842071,0,%SYS.ISCLOG+25,1,4953434C4F470028455845^0^5^0
20,2138842074,0,%SYS.ISCLOG+25,1,4953434C4F470028455845^0^5^0
50,2138842076,0,%SYS.ISCLOG+26,1,
37,2138842078,0,%SYS.ISCLOG+26,1,
0,2138842085,0,%SYS.ISCLOG+26,1,4953434C4F47002845584500161D284C47^0^5^0
1,2138842087,0,%SYS.ISCLOG+26,1,4953434C4F47002845584500161D284C47^0^5^0
20,2138843856,0,%SYS.ISCLOG+26,1,4953434C4F47002845584500161D284C47^0^5^0
37,2138843861,0,%SYS.ISCLOG+27,1,
0,2138844388,0,%SYS.ISCLOG+27,1,4953434C4F47002845584500161D284C470010^0^5^0
1,2138844391,0,%SYS.ISCLOG+27,1,4953434C4F47002845584500161D284C470010^0^5^0
20,2138844394,0,%SYS.ISCLOG+27,1,4953434C4F47002845584500161D284C470010^0^5^0
0,2138844398,0,%SYS.ISCLOG+27,1,4953434C4F47002845584500161D284C470010^0^5^0
37,2138844400,0,%SYS.ISCLOG+28,1,
37,2138844403,0,%SYS.ISCLOG+29,1,
CALL,2138844406,0,%SYS.ISCLOG+29
ARG,[ 0] INT: 0
38,2138844409,0,%SYS.ProcessQuery.1+0,0,
37,2138844412,0,%SYS.ProcessQuery.1+552,1,
37,2138844415,0,%SYS.ProcessQuery.1+553,1,
CALL,2138844418,0,%SYS.ProcessQuery.1+553
38,2138844419,0,%SYS.NOJRN+0,0,
37,2138844422,0,%SYS.NOJRN+17,1,
37,2138844426,0,%SYS.NOJRN+18,1,
QUIT,2138844428,18
38,2138844429,0,%SYS.ProcessQuery.1+0,0,
37,2138844432,0,%SYS.ProcessQuery.1+554,1,
QUIT,2138844433,554
38,2138844435,0,%SYS.ISCLOG+0,0,
37,2138844437,0,%SYS.ISCLOG+30,1,
37,2138844441,0,%SYS.ISCLOG+31,1,
QUIT,2138844443,31
51,2138844444,0,%SYS.ISCLOG+31,1,
51,2138844446,0,%SYS.ISCLOG+31,1,
51,2138844448,0,%SYS.ISCLOG+31,1,
51,2138844450,0,%SYS.ISCLOG+31,1,
51,2138844452,0,%SYS.ISCLOG+31,1,
51,2138844454,0,%SYS.ISCLOG+31,1,
51,2138844455,0,%SYS.ISCLOG+31,1,
51,2138844457,0,%SYS.ISCLOG+31,1,
51,2138844459,0,%SYS.ISCLOG+31,1,
51,2138844461,0,%SYS.ISCLOG+31,1,
51,2138844463,0,%SYS.ISCLOG+31,1,
38,2138844465,1,%Net.HttpRequest.1+0,0,
37,2138844467,1,%Net.HttpRequest.1+778,1,
37,2138844470,1,%Net.HttpRequest.1+786,1,
37,2138844472,1,%Net.HttpRequest.1+787,1,
37,2138844474,1,%Net.HttpRequest.1+790,1,
37,2138844476,1,%Net.HttpRequest.1+805,1,
51,2138844479,1,%Net.HttpRequest.1+806,1,
50,2138844481,1,%Net.HttpRequest.1+806,1,
37,2138844483,1,%Net.HttpRequest.1+806,1,
50,2138844489,1,%Net.HttpRequest.1+806,1,
37,2138844490,1,%Net.HttpRequest.1+808,1,
37,2138844493,1,%Net.HttpRequest.1+853,1,
37,2138844495,1,%Net.HttpRequest.1+891,1,
37,2138844497,1,%Net.HttpRequest.1+894,1,
37,2138844499,1,%Net.HttpRequest.1+925,1,
37,2138844501,1,%Net.HttpRequest.1+727,1,
51,2138844503,1,%Net.HttpRequest.1+727,1,
50,2138844504,1,%Net.HttpRequest.1+727,1,
37,2138844506,1,%Net.HttpRequest.1+728,1,
37,2138844509,1,%Net.HttpRequest.1+729,1,
37,2138844510,1,%Net.HttpRequest.1+732,1,
37,2138844513,1,%Net.HttpRequest.1+733,1,
37,2138844515,1,%Net.HttpRequest.1+738,1,
37,2138844517,1,%Net.HttpRequest.1+741,1,
51,2138845568,1,%Net.HttpRequest.1+741,1,
50,2138845588,1,%Net.HttpRequest.1+741,1,
37,2138845591,1,%Net.HttpRequest.1+743,1,
37,2138845593,1,%Net.HttpRequest.1+747,1,
37,2138845595,1,%Net.HttpRequest.1+751,1,
37,2138845599,1,%Net.HttpRequest.1+752,1,
CALL,2138845602,1,%Net.HttpRequest.1+752
ARG,[ 0] INT: 5
ARG,[ 1] STR (len=37): 4H0044006100740065003A0020005400750065002C0020003000360020004A0061006E00200032003000320036002000310033003A00340037003A0035003600200047004D0054000D000A
ARG,[ 2] STR (len=16): 4H0052006500610064002000660072006F006D0020007300650072007600650072
ARG,[ 3] STR (len=11): 4H00480074007400700052006500710075006500730074
ARG,[ 4] INT: 3
ARG,[ 5] STR (len=18): 4H0025004E00650074002E00480074007400700052006500710075006500730074002E0031
38,2138845639,0,%SYS.ISCLOG+0,0,
50,2138845643,0,%SYS.ISCLOG+8,1,
50,2138845645,0,%SYS.ISCLOG+8,1,
50,2138845647,0,%SYS.ISCLOG+8,1,
50,2138845649,0,%SYS.ISCLOG+8,1,
50,2138845651,0,%SYS.ISCLOG+8,1,
50,2138845653,0,%SYS.ISCLOG+8,1,
50,2138845655,0,%SYS.ISCLOG+8,1,
50,2138845657,0,%SYS.ISCLOG+8,1,
37,2138845659,0,%SYS.ISCLOG+9,1,
37,2138845661,0,%SYS.ISCLOG+10,1,
0,2138845664,0,%SYS.ISCLOG+10,1,254953434C4F47^0^5^0
20,2138845667,0,%SYS.ISCLOG+10,1,254953434C4F47^0^5^0
37,2138845670,0,%SYS.ISCLOG+11,1,
0,2138845672,0,%SYS.ISCLOG+11,1,254953434C4F4700274558494B53565D^0^5^0
20,2138845675,0,%SYS.ISCLOG+11,1,254953434C4F4700274558494B53565D^0^5^0
37,2138845677,0,%SYS.ISCLOG+12,1,
0,2138845679,0,%SYS.ISCLOG+12,1,254953434C4F47002E5346^0^5^0
37,2138845681,0,%SYS.ISCLOG+13,1,
37,2138845683,0,%SYS.ISCLOG+14,1,
37,2138845686,0,%SYS.ISCLOG+15,1,
50,2138845690,0,%SYS.ISCLOG+16,1,
37,2138845691,0,%SYS.ISCLOG+16,1,
37,2138845693,0,%SYS.ISCLOG+17,1,
37,2138845696,0,%SYS.ISCLOG+18,1,
CALL,2138845698,0,%SYS.ISCLOG+18
38,2138845700,0,%SYS.NOJRN+0,0,
37,2138845702,0,%SYS.NOJRN+13,1,
CALL,2138845704,0,%SYS.NOJRN+13
37,2138845706,0,%SYS.NOJRN+9,1,
37,2138845709,0,%SYS.NOJRN+10,1,
QUIT,2138845711,10
QUIT,2138845712,13
38,2138845713,0,%SYS.ISCLOG+0,0,
50,2138845715,0,%SYS.ISCLOG+18,1,
37,2138845717,0,%SYS.ISCLOG+19,1,
37,2138845719,0,%SYS.ISCLOG+20,1,
37,2138845721,0,%SYS.ISCLOG+21,1,
37,2138845723,0,%SYS.ISCLOG+25,1,
0,2138845726,0,%SYS.ISCLOG+25,1,4953434C4F470028455845^0^5^0
1,2138845728,0,%SYS.ISCLOG+25,1,4953434C4F470028455845^0^5^0
20,2138845731,0,%SYS.ISCLOG+25,1,4953434C4F470028455845^0^5^0
50,2138845733,0,%SYS.ISCLOG+26,1,
37,2138845735,0,%SYS.ISCLOG+26,1,
0,2138845742,0,%SYS.ISCLOG+26,1,4953434C4F47002845584500161D284C48^0^5^0
1,2138845744,0,%SYS.ISCLOG+26,1,4953434C4F47002845584500161D284C48^0^5^0
20,2138845746,0,%SYS.ISCLOG+26,1,4953434C4F47002845584500161D284C48^0^5^0
37,2138845749,0,%SYS.ISCLOG+27,1,
0,2138847996,0,%SYS.ISCLOG+27,1,4953434C4F47002845584500161D284C480010^0^5^0
1,2138848005,0,%SYS.ISCLOG+27,1,4953434C4F47002845584500161D284C480010^0^5^0
20,2138848012,0,%SYS.ISCLOG+27,1,4953434C4F47002845584500161D284C480010^0^5^0
0,2138848017,0,%SYS.ISCLOG+27,1,4953434C4F47002845584500161D284C480010^0^5^0
37,2138848020,0,%SYS.ISCLOG+28,1,
37,2138848025,0,%SYS.ISCLOG+29,1,
CALL,2138848031,0,%SYS.ISCLOG+29
ARG,[ 0] INT: 0
38,2138848036,0,%SYS.ProcessQuery.1+0,0,
37,2138848040,0,%SYS.ProcessQuery.1+552,1,
37,2138848046,0,%SYS.ProcessQuery.1+553,1,
CALL,2138848049,0,%SYS.ProcessQuery.1+553
38,2138848051,0,%SYS.NOJRN+0,0,
37,2138848053,0,%SYS.NOJRN+17,1,
37,2138848061,0,%SYS.NOJRN+18,1,
QUIT,2138848063,18
38,2138848065,0,%SYS.ProcessQuery.1+0,0,
37,2138848067,0,%SYS.ProcessQuery.1+554,1,
QUIT,2138848069,554
38,2138848071,0,%SYS.ISCLOG+0,0,
37,2138848073,0,%SYS.ISCLOG+30,1,
37,2138848082,0,%SYS.ISCLOG+31,1,
QUIT,2138848084,31
51,2138848085,0,%SYS.ISCLOG+31,1,
51,2138848088,0,%SYS.ISCLOG+31,1,
51,2138848090,0,%SYS.ISCLOG+31,1,
51,2138848092,0,%SYS.ISCLOG+31,1,
51,2138848094,0,%SYS.ISCLOG+31,1,
51,2138848096,0,%SYS.ISCLOG+31,1,
51,2138848098,0,%SYS.ISCLOG+31,1,
51,2138848100,0,%SYS.ISCLOG+31,1,
51,2138848102,0,%SYS.ISCLOG+31,1,
51,2138848104,0,%SYS.ISCLOG+31,1,
51,2138848106,0,%SYS.ISCLOG+31,1,
38,2138848109,1,%Net.HttpRequest.1+0,0,
37,2138848111,1,%Net.HttpRequest.1+753,1,
37,2138848117,1,%Net.HttpRequest.1+757,1,
37,2138848123,1,%Net.HttpRequest.1+758,1,
37,2138848125,1,%Net.HttpRequest.1+765,1,
37,2138848127,1,%Net.HttpRequest.1+774,1,
37,2138848130,1,%Net.HttpRequest.1+727,1,
37,2138848132,1,%Net.HttpRequest.1+728,1,
37,2138848135,1,%Net.HttpRequest.1+729,1,
37,2138848137,1,%Net.HttpRequest.1+730,1,
50,2138848140,1,%Net.HttpRequest.1+730,1,
51,2138848143,1,%Net.HttpRequest.1+730,1,
37,2138848146,1,%Net.HttpRequest.1+777,1,
CALL,2138848150,1,%Net.HttpRequest.1+777
ARG,[ 0] INT: 5
ARG,[ 1] STR (len=35): 4H0044006100740065003A0020005400750065002C0020003000360020004A0061006E00200032003000320036002000310033003A00340037003A0035003600200047004D0054
ARG,[ 2] STR (len=22): 4H0052004500410044003A002000730074006100740065003D0032002C00200075007300650064003D00370033
ARG,[ 3] STR (len=11): 4H00480074007400700052006500710075006500730074
ARG,[ 4] INT: 3
ARG,[ 5] STR (len=18): 4H0025004E00650074002E00480074007400700052006500710075006500730074002E0031
38,2138848190,0,%SYS.ISCLOG+0,0,
50,2138848193,0,%SYS.ISCLOG+8,1,
50,2138848196,0,%SYS.ISCLOG+8,1,
50,2138848198,0,%SYS.ISCLOG+8,1,
50,2138848200,0,%SYS.ISCLOG+8,1,
50,2138848202,0,%SYS.ISCLOG+8,1,
50,2138848204,0,%SYS.ISCLOG+8,1,
50,2138848206,0,%SYS.ISCLOG+8,1,
50,2138848208,0,%SYS.ISCLOG+8,1,
37,2138848210,0,%SYS.ISCLOG+9,1,
37,2138848212,0,%SYS.ISCLOG+10,1,
0,2138848216,0,%SYS.ISCLOG+10,1,254953434C4F47^0^5^0
20,2138848220,0,%SYS.ISCLOG+10,1,254953434C4F47^0^5^0
37,2138848223,0,%SYS.ISCLOG+11,1,
0,2138848226,0,%SYS.ISCLOG+11,1,254953434C4F4700274558494B53565D^0^5^0
20,2138848228,0,%SYS.ISCLOG+11,1,254953434C4F4700274558494B53565D^0^5^0
37,2138848231,0,%SYS.ISCLOG+12,1,
0,2138848233,0,%SYS.ISCLOG+12,1,254953434C4F47002E5346^0^5^0
37,2138848235,0,%SYS.ISCLOG+13,1,
37,2138848237,0,%SYS.ISCLOG+14,1,
37,2138848241,0,%SYS.ISCLOG+15,1,
50,2138848244,0,%SYS.ISCLOG+16,1,
37,2138848245,0,%SYS.ISCLOG+16,1,
37,2138848247,0,%SYS.ISCLOG+17,1,
37,2138848250,0,%SYS.ISCLOG+18,1,
CALL,2138848252,0,%SYS.ISCLOG+18
38,2138848254,0,%SYS.NOJRN+0,0,
37,2138848256,0,%SYS.NOJRN+13,1,
CALL,2138848258,0,%SYS.NOJRN+13
37,2138848260,0,%SYS.NOJRN+9,1,
37,2138848262,0,%SYS.NOJRN+10,1,
QUIT,2138848264,10
QUIT,2138848265,13
38,2138848266,0,%SYS.ISCLOG+0,0,
50,2138848268,0,%SYS.ISCLOG+18,1,
37,2138848270,0,%SYS.ISCLOG+19,1,
37,2138848273,0,%SYS.ISCLOG+20,1,
37,2138848275,0,%SYS.ISCLOG+21,1,
37,2138848277,0,%SYS.ISCLOG+25,1,
0,2138848280,0,%SYS.ISCLOG+25,1,4953434C4F470028455845^0^5^0
1,2138848282,0,%SYS.ISCLOG+25,1,4953434C4F470028455845^0^5^0
20,2138848285,0,%SYS.ISCLOG+25,1,4953434C4F470028455845^0^5^0
50,2138848289,0,%SYS.ISCLOG+26,1,
37,2138848291,0,%SYS.ISCLOG+26,1,
0,2138848302,0,%SYS.ISCLOG+26,1,4953434C4F47002845584500161D284C49^0^5^0
1,2138849462,0,%SYS.ISCLOG+26,1,4953434C4F47002845584500161D284C49^0^5^0
20,2138849466,0,%SYS.ISCLOG+26,1,4953434C4F47002845584500161D284C49^0^5^0
37,2138849470,0,%SYS.ISCLOG+27,1,
0,2138850115,0,%SYS.ISCLOG+27,1,4953434C4F47002845584500161D284C490010^0^5^0
1,2138850120,0,%SYS.ISCLOG+27,1,4953434C4F47002845584500161D284C490010^0^5^0
20,2138850124,0,%SYS.ISCLOG+27,1,4953434C4F47002845584500161D284C490010^0^5^0
0,2138850128,0,%SYS.ISCLOG+27,1,4953434C4F47002845584500161D284C490010^0^5^0
37,2138850131,0,%SYS.ISCLOG+28,1,
37,2138850134,0,%SYS.ISCLOG+29,1,
CALL,2138850138,0,%SYS.ISCLOG+29
ARG,[ 0] INT: 0
38,2138850141,0,%SYS.ProcessQuery.1+0,0,
37,2138850145,0,%SYS.ProcessQuery.1+552,1,
37,2138850148,0,%SYS.ProcessQuery.1+553,1,
CALL,2138850151,0,%SYS.ProcessQuery.1+553
38,2138850153,0,%SYS.NOJRN+0,0,
37,2138850155,0,%SYS.NOJRN+17,1,
37,2138850160,0,%SYS.NOJRN+18,1,
QUIT,2138850163,18
38,2138850164,0,%SYS.ProcessQuery.1+0,0,
37,2138850166,0,%SYS.ProcessQuery.1+554,1,
QUIT,2138850168,554
38,2138850170,0,%SYS.ISCLOG+0,0,
37,2138850172,0,%SYS.ISCLOG+30,1,
37,2138850177,0,%SYS.ISCLOG+31,1,
QUIT,2138850179,31
51,2138850180,0,%SYS.ISCLOG+31,1,
51,2138850182,0,%SYS.ISCLOG+31,1,
51,2138850184,0,%SYS.ISCLOG+31,1,
51,2138850186,0,%SYS.ISCLOG+31,1,
51,2138850188,0,%SYS.ISCLOG+31,1,
51,2138850191,0,%SYS.ISCLOG+31,1,
51,2138850193,0,%SYS.ISCLOG+31,1,
51,2138850194,0,%SYS.ISCLOG+31,1,
51,2138850196,0,%SYS.ISCLOG+31,1,
51,2138850198,0,%SYS.ISCLOG+31,1,
51,2138850200,0,%SYS.ISCLOG+31,1,
38,2138850203,1,%Net.HttpRequest.1+0,0,
37,2138850205,1,%Net.HttpRequest.1+778,1,
37,2138850207,1,%Net.HttpRequest.1+786,1,
37,2138850210,1,%Net.HttpRequest.1+787,1,
37,2138850212,1,%Net.HttpRequest.1+790,1,
37,2138850214,1,%Net.HttpRequest.1+791,1,
37,2138850216,1,%Net.HttpRequest.1+799,1,
37,2138850219,1,%Net.HttpRequest.1+800,1,
37,2138850221,1,%Net.HttpRequest.1+801,1,
37,2138850223,1,%Net.HttpRequest.1+802,1,
37,2138850225,1,%Net.HttpRequest.1+803,1,
CALL,2138850235,1,%Net.HttpRequest.1+803
ARG,[ 0] INT: 2
ARG,[ 1] STR (len=12): 4H006E00670069006E0078002F0031002E00310036002E0031
ARG,[ 2] STR (len=6): 4H005300450052005600450052
ARG,[ 3] INT: 91
ARG,[ 4] OREF: 17
38,2138850251,1,%Net.HttpResponse.1+0,0,
50,2138850256,1,%Net.HttpResponse.1+56,1,
50,2138850262,1,%Net.HttpResponse.1+56,1,
50,2138850264,1,%Net.HttpResponse.1+56,1,
37,2138850266,1,%Net.HttpResponse.1+57,1,
37,2138850269,1,%Net.HttpResponse.1+58,1,
50,2138850278,1,%Net.HttpResponse.1+58,1,
50,2138850281,1,%Net.HttpResponse.1+58,1,
50,2138850285,1,%Net.HttpResponse.1+58,1,
37,2138850287,1,%Net.HttpResponse.1+59,1,
QUIT,2138850289,59
51,2138850289,1,%Net.HttpResponse.1+59,1,
51,2138850291,1,%Net.HttpResponse.1+59,1,
51,2138850293,1,%Net.HttpResponse.1+59,1,
38,2138850295,1,%Net.HttpRequest.1+0,0,
37,2138850297,1,%Net.HttpRequest.1+805,1,
37,2138850300,1,%Net.HttpRequest.1+806,1,
51,2138850303,1,%Net.HttpRequest.1+808,1,
50,2138850305,1,%Net.HttpRequest.1+808,1,
37,2138850307,1,%Net.HttpRequest.1+808,1,
37,2138850309,1,%Net.HttpRequest.1+853,1,
37,2138850311,1,%Net.HttpRequest.1+891,1,
37,2138850313,1,%Net.HttpRequest.1+894,1,
37,2138850315,1,%Net.HttpRequest.1+925,1,
37,2138850317,1,%Net.HttpRequest.1+727,1,
51,2138850319,1,%Net.HttpRequest.1+727,1,
50,2138850321,1,%Net.HttpRequest.1+727,1,
37,2138850323,1,%Net.HttpRequest.1+728,1,
37,2138850325,1,%Net.HttpRequest.1+729,1,
37,2138850327,1,%Net.HttpRequest.1+732,1,
37,2138850330,1,%Net.HttpRequest.1+733,1,
37,2138850332,1,%Net.HttpRequest.1+738,1,
37,2138850333,1,%Net.HttpRequest.1+741,1,
37,2138851938,1,%Net.HttpRequest.1+743,1,
37,2138851941,1,%Net.HttpRequest.1+747,1,
37,2138851943,1,%Net.HttpRequest.1+751,1,
37,2138851946,1,%Net.HttpRequest.1+752,1,
CALL,2138851949,1,%Net.HttpRequest.1+752
ARG,[ 0] INT: 5
ARG,[ 1] STR (len=47): 4H0043006F006E00740065006E0074002D0054007900700065003A0020006100700070006C00690063006100740069006F006E002F006A0073006F006E003B00200063006800610072007300650074003D007500740066002D0038000D000A
ARG,[ 2] STR (len=16): 4H0052006500610064002000660072006F006D0020007300650072007600650072
ARG,[ 3] STR (len=11): 4H00480074007400700052006500710075006500730074
ARG,[ 4] INT: 3
ARG,[ 5] STR (len=18): 4H0025004E00650074002E00480074007400700052006500710075006500730074002E0031
38,2138851983,0,%SYS.ISCLOG+0,0,
50,2138851985,0,%SYS.ISCLOG+8,1,
50,2138851987,0,%SYS.ISCLOG+8,1,
50,2138851989,0,%SYS.ISCLOG+8,1,
50,2138851990,0,%SYS.ISCLOG+8,1,
50,2138851992,0,%SYS.ISCLOG+8,1,
50,2138851994,0,%SYS.ISCLOG+8,1,
50,2138851995,0,%SYS.ISCLOG+8,1,
50,2138851997,0,%SYS.ISCLOG+8,1,
37,2138851999,0,%SYS.ISCLOG+9,1,
37,2138852001,0,%SYS.ISCLOG+10,1,
0,2138852003,0,%SYS.ISCLOG+10,1,254953434C4F47^0^5^0
20,2138852006,0,%SYS.ISCLOG+10,1,254953434C4F47^0^5^0
37,2138852008,0,%SYS.ISCLOG+11,1,
0,2138852011,0,%SYS.ISCLOG+11,1,254953434C4F4700274558494B53565D^0^5^0
20,2138852013,0,%SYS.ISCLOG+11,1,254953434C4F4700274558494B53565D^0^5^0
37,2138852015,0,%SYS.ISCLOG+12,1,
0,2138852016,0,%SYS.ISCLOG+12,1,254953434C4F47002E5346^0^5^0
37,2138852018,0,%SYS.ISCLOG+13,1,
37,2138852020,0,%SYS.ISCLOG+14,1,
37,2138852022,0,%SYS.ISCLOG+15,1,
50,2138852025,0,%SYS.ISCLOG+16,1,
37,2138852027,0,%SYS.ISCLOG+16,1,
37,2138852029,0,%SYS.ISCLOG+17,1,
37,2138852031,0,%SYS.ISCLOG+18,1,
CALL,2138852033,0,%SYS.ISCLOG+18
38,2138852034,0,%SYS.NOJRN+0,0,
37,2138852036,0,%SYS.NOJRN+13,1,
CALL,2138852038,0,%SYS.NOJRN+13
37,2138852039,0,%SYS.NOJRN+9,1,
37,2138852042,0,%SYS.NOJRN+10,1,
QUIT,2138852043,10
QUIT,2138852044,13
38,2138852045,0,%SYS.ISCLOG+0,0,
50,2138852047,0,%SYS.ISCLOG+18,1,
37,2138852048,0,%SYS.ISCLOG+19,1,
37,2138852050,0,%SYS.ISCLOG+20,1,
37,2138852052,0,%SYS.ISCLOG+21,1,
37,2138852054,0,%SYS.ISCLOG+25,1,
0,2138852056,0,%SYS.ISCLOG+25,1,4953434C4F470028455845^0^5^0
1,2138852058,0,%SYS.ISCLOG+25,1,4953434C4F470028455845^0^5^0
20,2138852061,0,%SYS.ISCLOG+25,1,4953434C4F470028455845^0^5^0
50,2138852063,0,%SYS.ISCLOG+26,1,
37,2138852064,0,%SYS.ISCLOG+26,1,
0,2138852070,0,%SYS.ISCLOG+26,1,4953434C4F47002845584500161D284C4A^0^5^0
1,2138852072,0,%SYS.ISCLOG+26,1,4953434C4F47002845584500161D284C4A^0^5^0
20,2138852074,0,%SYS.ISCLOG+26,1,4953434C4F47002845584500161D284C4A^0^5^0
37,2138852076,0,%SYS.ISCLOG+27,1,
0,2138853165,0,%SYS.ISCLOG+27,1,4953434C4F47002845584500161D284C4A0010^0^5^0
1,2138853168,0,%SYS.ISCLOG+27,1,4953434C4F47002845584500161D284C4A0010^0^5^0
20,2138853170,0,%SYS.ISCLOG+27,1,4953434C4F47002845584500161D284C4A0010^0^5^0
0,2138853173,0,%SYS.ISCLOG+27,1,4953434C4F47002845584500161D284C4A0010^0^5^0
37,2138853175,0,%SYS.ISCLOG+28,1,
37,2138853177,0,%SYS.ISCLOG+29,1,
CALL,2138853180,0,%SYS.ISCLOG+29
ARG,[ 0] INT: 0
38,2138853182,0,%SYS.ProcessQuery.1+0,0,
37,2138853185,0,%SYS.ProcessQuery.1+552,1,
37,2138853187,0,%SYS.ProcessQuery.1+553,1,
CALL,2138853189,0,%SYS.ProcessQuery.1+553
38,2138853191,0,%SYS.NOJRN+0,0,
37,2138853192,0,%SYS.NOJRN+17,1,
37,2138853196,0,%SYS.NOJRN+18,1,
QUIT,2138853197,18
38,2138853198,0,%SYS.ProcessQuery.1+0,0,
37,2138853200,0,%SYS.ProcessQuery.1+554,1,
QUIT,2138853202,554
38,2138853203,0,%SYS.ISCLOG+0,0,
37,2138853204,0,%SYS.ISCLOG+30,1,
37,2138853208,0,%SYS.ISCLOG+31,1,
QUIT,2138853210,31
51,2138853210,0,%SYS.ISCLOG+31,1,
51,2138853212,0,%SYS.ISCLOG+31,1,
51,2138853214,0,%SYS.ISCLOG+31,1,
51,2138853215,0,%SYS.ISCLOG+31,1,
51,2138853217,0,%SYS.ISCLOG+31,1,
51,2138853219,0,%SYS.ISCLOG+31,1,
51,2138853220,0,%SYS.ISCLOG+31,1,
51,2138853222,0,%SYS.ISCLOG+31,1,
51,2138853223,0,%SYS.ISCLOG+31,1,
51,2138853225,0,%SYS.ISCLOG+31,1,
51,2138853226,0,%SYS.ISCLOG+31,1,
38,2138853228,1,%Net.HttpRequest.1+0,0,
37,2138853230,1,%Net.HttpRequest.1+753,1,
37,2138853233,1,%Net.HttpRequest.1+757,1,
37,2138853236,1,%Net.HttpRequest.1+758,1,
37,2138853238,1,%Net.HttpRequest.1+765,1,
37,2138853239,1,%Net.HttpRequest.1+774,1,
37,2138853241,1,%Net.HttpRequest.1+727,1,
37,2138853243,1,%Net.HttpRequest.1+728,1,
37,2138853245,1,%Net.HttpRequest.1+729,1,
37,2138853247,1,%Net.HttpRequest.1+730,1,
50,2138853249,1,%Net.HttpRequest.1+730,1,
51,2138853251,1,%Net.HttpRequest.1+730,1,
37,2138853253,1,%Net.HttpRequest.1+777,1,
CALL,2138853256,1,%Net.HttpRequest.1+777
ARG,[ 0] INT: 5
ARG,[ 1] STR (len=45): 4H0043006F006E00740065006E0074002D0054007900700065003A0020006100700070006C00690063006100740069006F006E002F006A0073006F006E003B00200063006800610072007300650074003D007500740066002D0038
ARG,[ 2] STR (len=23): 4H0052004500410044003A002000730074006100740065003D0032002C00200075007300650064003D003100310039
ARG,[ 3] STR (len=11): 4H00480074007400700052006500710075006500730074
ARG,[ 4] INT: 3
ARG,[ 5] STR (len=18): 4H0025004E00650074002E00480074007400700052006500710075006500730074002E0031
38,2138853291,0,%SYS.ISCLOG+0,0,
50,2138853293,0,%SYS.ISCLOG+8,1,
50,2138853295,0,%SYS.ISCLOG+8,1,
50,2138853296,0,%SYS.ISCLOG+8,1,
50,2138853298,0,%SYS.ISCLOG+8,1,
50,2138853299,0,%SYS.ISCLOG+8,1,
50,2138853301,0,%SYS.ISCLOG+8,1,
50,2138853303,0,%SYS.ISCLOG+8,1,
50,2138853304,0,%SYS.ISCLOG+8,1,
37,2138853306,0,%SYS.ISCLOG+9,1,
37,2138853308,0,%SYS.ISCLOG+10,1,
0,2138853310,0,%SYS.ISCLOG+10,1,254953434C4F47^0^5^0
20,2138853312,0,%SYS.ISCLOG+10,1,254953434C4F47^0^5^0
37,2138853314,0,%SYS.ISCLOG+11,1,
0,2138853316,0,%SYS.ISCLOG+11,1,254953434C4F4700274558494B53565D^0^5^0
20,2138853318,0,%SYS.ISCLOG+11,1,254953434C4F4700274558494B53565D^0^5^0
37,2138853320,0,%SYS.ISCLOG+12,1,
0,2138853322,0,%SYS.ISCLOG+12,1,254953434C4F47002E5346^0^5^0
37,2138853323,0,%SYS.ISCLOG+13,1,
37,2138853325,0,%SYS.ISCLOG+14,1,
37,2138853327,0,%SYS.ISCLOG+15,1,
50,2138853329,0,%SYS.ISCLOG+16,1,
37,2138853331,0,%SYS.ISCLOG+16,1,
37,2138853332,0,%SYS.ISCLOG+17,1,
37,2138853334,0,%SYS.ISCLOG+18,1,
CALL,2138853336,0,%SYS.ISCLOG+18
38,2138853337,0,%SYS.NOJRN+0,0,
37,2138853338,0,%SYS.NOJRN+13,1,
CALL,2138853340,0,%SYS.NOJRN+13
37,2138853341,0,%SYS.NOJRN+9,1,
37,2138853343,0,%SYS.NOJRN+10,1,
QUIT,2138853345,10
QUIT,2138853346,13
38,2138853346,0,%SYS.ISCLOG+0,0,
50,2138853348,0,%SYS.ISCLOG+18,1,
37,2138853350,0,%SYS.ISCLOG+19,1,
37,2138853351,0,%SYS.ISCLOG+20,1,
37,2138853353,0,%SYS.ISCLOG+21,1,
37,2138853355,0,%SYS.ISCLOG+25,1,
0,2138853357,0,%SYS.ISCLOG+25,1,4953434C4F470028455845^0^5^0
1,2138853359,0,%SYS.ISCLOG+25,1,4953434C4F470028455845^0^5^0
20,2138853361,0,%SYS.ISCLOG+25,1,4953434C4F470028455845^0^5^0
50,2138853363,0,%SYS.ISCLOG+26,1,
37,2138853364,0,%SYS.ISCLOG+26,1,
0,2138853369,0,%SYS.ISCLOG+26,1,4953434C4F47002845584500161D284C4B^0^5^0
1,2138854449,0,%SYS.ISCLOG+26,1,4953434C4F47002845584500161D284C4B^0^5^0
20,2138854452,0,%SYS.ISCLOG+26,1,4953434C4F47002845584500161D284C4B^0^5^0
37,2138854455,0,%SYS.ISCLOG+27,1,
0,2138855059,0,%SYS.ISCLOG+27,1,4953434C4F47002845584500161D284C4B0010^0^5^0
1,2138855062,0,%SYS.ISCLOG+27,1,4953434C4F47002845584500161D284C4B0010^0^5^0
20,2138855064,0,%SYS.ISCLOG+27,1,4953434C4F47002845584500161D284C4B0010^0^5^0
0,2138855067,0,%SYS.ISCLOG+27,1,4953434C4F47002845584500161D284C4B0010^0^5^0
37,2138855069,0,%SYS.ISCLOG+28,1,
37,2138855071,0,%SYS.ISCLOG+29,1,
CALL,2138855074,0,%SYS.ISCLOG+29
ARG,[ 0] INT: 0
38,2138855077,0,%SYS.ProcessQuery.1+0,0,
37,2138855079,0,%SYS.ProcessQuery.1+552,1,
37,2138855082,0,%SYS.ProcessQuery.1+553,1,
CALL,2138855084,0,%SYS.ProcessQuery.1+553
38,2138855085,0,%SYS.NOJRN+0,0,
37,2138855087,0,%SYS.NOJRN+17,1,
37,2138855091,0,%SYS.NOJRN+18,1,
QUIT,2138855092,18
38,2138855093,0,%SYS.ProcessQuery.1+0,0,
37,2138855095,0,%SYS.ProcessQuery.1+554,1,
QUIT,2138855097,554
38,2138855098,0,%SYS.ISCLOG+0,0,
37,2138855100,0,%SYS.ISCLOG+30,1,
37,2138855103,0,%SYS.ISCLOG+31,1,
QUIT,2138855105,31
51,2138855106,0,%SYS.ISCLOG+31,1,
51,2138855108,0,%SYS.ISCLOG+31,1,
51,2138855109,0,%SYS.ISCLOG+31,1,
51,2138855111,0,%SYS.ISCLOG+31,1,
51,2138855112,0,%SYS.ISCLOG+31,1,
51,2138855114,0,%SYS.ISCLOG+31,1,
51,2138855115,0,%SYS.ISCLOG+31,1,
51,2138855117,0,%SYS.ISCLOG+31,1,
51,2138855119,0,%SYS.ISCLOG+31,1,
51,2138855120,0,%SYS.ISCLOG+31,1,
51,2138855122,0,%SYS.ISCLOG+31,1,
38,2138855124,1,%Net.HttpRequest.1+0,0,
37,2138855125,1,%Net.HttpRequest.1+778,1,
37,2138855127,1,%Net.HttpRequest.1+786,1,
37,2138855129,1,%Net.HttpRequest.1+787,1,
37,2138855131,1,%Net.HttpRequest.1+790,1,
37,2138855133,1,%Net.HttpRequest.1+791,1,
37,2138855135,1,%Net.HttpRequest.1+799,1,
37,2138855137,1,%Net.HttpRequest.1+800,1,
37,2138855138,1,%Net.HttpRequest.1+801,1,
37,2138855140,1,%Net.HttpRequest.1+802,1,
37,2138855142,1,%Net.HttpRequest.1+803,1,
CALL,2138855144,1,%Net.HttpRequest.1+803
ARG,[ 0] STR (len=29): 4H005400750065002C0020003000360020004A0061006E00200032003000320036002000310033003A00340037003A0035003600200047004D0054
ARG,[ 1] STR (len=4): 4H0044004100540045
ARG,[ 2] INT: 91
ARG,[ 3] OREF: 17
38,2138855160,1,%Net.HttpResponse.1+0,0,
50,2138855163,1,%Net.HttpResponse.1+56,1,
50,2138855165,1,%Net.HttpResponse.1+56,1,
50,2138855167,1,%Net.HttpResponse.1+56,1,
37,2138855168,1,%Net.HttpResponse.1+57,1,
37,2138855170,1,%Net.HttpResponse.1+58,1,
50,2138855175,1,%Net.HttpResponse.1+58,1,
50,2138855178,1,%Net.HttpResponse.1+58,1,
51,2138855179,1,%Net.HttpResponse.1+58,1,
50,2138855181,1,%Net.HttpResponse.1+58,1,
50,2138855184,1,%Net.HttpResponse.1+58,1,
37,2138855186,1,%Net.HttpResponse.1+59,1,
QUIT,2138855187,59
51,2138855188,1,%Net.HttpResponse.1+59,1,
51,2138855189,1,%Net.HttpResponse.1+59,1,
51,2138855191,1,%Net.HttpResponse.1+59,1,
38,2138855193,1,%Net.HttpRequest.1+0,0,
37,2138855195,1,%Net.HttpRequest.1+805,1,
51,2138855196,1,%Net.HttpRequest.1+806,1,
50,2138855198,1,%Net.HttpRequest.1+806,1,
37,2138855200,1,%Net.HttpRequest.1+806,1,
37,2138855203,1,%Net.HttpRequest.1+808,1,
37,2138855205,1,%Net.HttpRequest.1+853,1,
37,2138855206,1,%Net.HttpRequest.1+891,1,
37,2138855208,1,%Net.HttpRequest.1+894,1,
37,2138855210,1,%Net.HttpRequest.1+925,1,
37,2138855211,1,%Net.HttpRequest.1+727,1,
51,2138855213,1,%Net.HttpRequest.1+727,1,
50,2138855215,1,%Net.HttpRequest.1+727,1,
37,2138855217,1,%Net.HttpRequest.1+728,1,
37,2138855220,1,%Net.HttpRequest.1+729,1,
37,2138855221,1,%Net.HttpRequest.1+732,1,
37,2138855222,1,%Net.HttpRequest.1+733,1,
37,2138855223,1,%Net.HttpRequest.1+738,1,
37,2138855224,1,%Net.HttpRequest.1+741,1,
51,2138856015,1,%Net.HttpRequest.1+741,1,
50,2138856017,1,%Net.HttpRequest.1+741,1,
37,2138856018,1,%Net.HttpRequest.1+743,1,
37,2138856020,1,%Net.HttpRequest.1+747,1,
37,2138856021,1,%Net.HttpRequest.1+751,1,
37,2138856023,1,%Net.HttpRequest.1+752,1,
CALL,2138856025,1,%Net.HttpRequest.1+752
ARG,[ 0] INT: 5
ARG,[ 1] STR (len=20): 4H0043006F006E00740065006E0074002D004C0065006E006700740068003A002000380036000D000A
ARG,[ 2] STR (len=16): 4H0052006500610064002000660072006F006D0020007300650072007600650072
ARG,[ 3] STR (len=11): 4H00480074007400700052006500710075006500730074
ARG,[ 4] INT: 3
ARG,[ 5] STR (len=18): 4H0025004E00650074002E00480074007400700052006500710075006500730074002E0031
38,2138856041,0,%SYS.ISCLOG+0,0,
50,2138856043,0,%SYS.ISCLOG+8,1,
50,2138856044,0,%SYS.ISCLOG+8,1,
50,2138856045,0,%SYS.ISCLOG+8,1,
50,2138856046,0,%SYS.ISCLOG+8,1,
50,2138856047,0,%SYS.ISCLOG+8,1,
50,2138856048,0,%SYS.ISCLOG+8,1,
50,2138856049,0,%SYS.ISCLOG+8,1,
50,2138856050,0,%SYS.ISCLOG+8,1,
37,2138856051,0,%SYS.ISCLOG+9,1,
37,2138856052,0,%SYS.ISCLOG+10,1,
0,2138856054,0,%SYS.ISCLOG+10,1,254953434C4F47^0^5^0
20,2138856056,0,%SYS.ISCLOG+10,1,254953434C4F47^0^5^0
37,2138856057,0,%SYS.ISCLOG+11,1,
0,2138856058,0,%SYS.ISCLOG+11,1,254953434C4F4700274558494B53565D^0^5^0
20,2138856060,0,%SYS.ISCLOG+11,1,254953434C4F4700274558494B53565D^0^5^0
37,2138856061,0,%SYS.ISCLOG+12,1,
0,2138856062,0,%SYS.ISCLOG+12,1,254953434C4F47002E5346^0^5^0
37,2138856063,0,%SYS.ISCLOG+13,1,
37,2138856064,0,%SYS.ISCLOG+14,1,
37,2138856066,0,%SYS.ISCLOG+15,1,
50,2138856068,0,%SYS.ISCLOG+16,1,
37,2138856069,0,%SYS.ISCLOG+16,1,
37,2138856070,0,%SYS.ISCLOG+17,1,
37,2138856071,0,%SYS.ISCLOG+18,1,
CALL,2138856072,0,%SYS.ISCLOG+18
38,2138856073,0,%SYS.NOJRN+0,0,
37,2138856074,0,%SYS.NOJRN+13,1,
CALL,2138856076,0,%SYS.NOJRN+13
37,2138856076,0,%SYS.NOJRN+9,1,
37,2138856078,0,%SYS.NOJRN+10,1,
QUIT,2138856079,10
QUIT,2138856080,13
38,2138856080,0,%SYS.ISCLOG+0,0,
50,2138856081,0,%SYS.ISCLOG+18,1,
37,2138856082,0,%SYS.ISCLOG+19,1,
37,2138856084,0,%SYS.ISCLOG+20,1,
37,2138856085,0,%SYS.ISCLOG+21,1,
37,2138856086,0,%SYS.ISCLOG+25,1,
0,2138856087,0,%SYS.ISCLOG+25,1,4953434C4F470028455845^0^5^0
1,2138856088,0,%SYS.ISCLOG+25,1,4953434C4F470028455845^0^5^0
20,2138856090,0,%SYS.ISCLOG+25,1,4953434C4F470028455845^0^5^0
50,2138856091,0,%SYS.ISCLOG+26,1,
37,2138856092,0,%SYS.ISCLOG+26,1,
0,2138856096,0,%SYS.ISCLOG+26,1,4953434C4F47002845584500161D284C4C^0^5^0
1,2138856097,0,%SYS.ISCLOG+26,1,4953434C4F47002845584500161D284C4C^0^5^0
20,2138856098,0,%SYS.ISCLOG+26,1,4953434C4F47002845584500161D284C4C^0^5^0
37,2138856100,0,%SYS.ISCLOG+27,1,
0,2138857920,0,%SYS.ISCLOG+27,1,4953434C4F47002845584500161D284C4C0010^0^5^0
1,2138857924,0,%SYS.ISCLOG+27,1,4953434C4F47002845584500161D284C4C0010^0^5^0
20,2138857927,0,%SYS.ISCLOG+27,1,4953434C4F47002845584500161D284C4C0010^0^5^0
0,2138857930,0,%SYS.ISCLOG+27,1,4953434C4F47002845584500161D284C4C0010^0^5^0
37,2138857932,0,%SYS.ISCLOG+28,1,
37,2138857935,0,%SYS.ISCLOG+29,1,
CALL,2138857938,0,%SYS.ISCLOG+29
ARG,[ 0] INT: 0
38,2138857940,0,%SYS.ProcessQuery.1+0,0,
37,2138857943,0,%SYS.ProcessQuery.1+552,1,
37,2138857945,0,%SYS.ProcessQuery.1+553,1,
CALL,2138857948,0,%SYS.ProcessQuery.1+553
38,2138857949,0,%SYS.NOJRN+0,0,
37,2138857951,0,%SYS.NOJRN+17,1,
37,2138857954,0,%SYS.NOJRN+18,1,
QUIT,2138857956,18
38,2138857957,0,%SYS.ProcessQuery.1+0,0,
37,2138857959,0,%SYS.ProcessQuery.1+554,1,
QUIT,2138857961,554
38,2138857962,0,%SYS.ISCLOG+0,0,
37,2138857964,0,%SYS.ISCLOG+30,1,
37,2138857967,0,%SYS.ISCLOG+31,1,
QUIT,2138857969,31
51,2138857970,0,%SYS.ISCLOG+31,1,
51,2138857972,0,%SYS.ISCLOG+31,1,
51,2138857974,0,%SYS.ISCLOG+31,1,
51,2138857976,0,%SYS.ISCLOG+31,1,
51,2138857977,0,%SYS.ISCLOG+31,1,
51,2138857979,0,%SYS.ISCLOG+31,1,
51,2138857981,0,%SYS.ISCLOG+31,1,
51,2138857982,0,%SYS.ISCLOG+31,1,
51,2138857984,0,%SYS.ISCLOG+31,1,
51,2138857985,0,%SYS.ISCLOG+31,1,
51,2138857987,0,%SYS.ISCLOG+31,1,
38,2138857990,1,%Net.HttpRequest.1+0,0,
37,2138857991,1,%Net.HttpRequest.1+753,1,
37,2138857994,1,%Net.HttpRequest.1+757,1,
37,2138857997,1,%Net.HttpRequest.1+758,1,
37,2138857999,1,%Net.HttpRequest.1+765,1,
37,2138858000,1,%Net.HttpRequest.1+774,1,
37,2138858002,1,%Net.HttpRequest.1+727,1,
37,2138858004,1,%Net.HttpRequest.1+728,1,
37,2138858006,1,%Net.HttpRequest.1+729,1,
37,2138858007,1,%Net.HttpRequest.1+730,1,
50,2138858009,1,%Net.HttpRequest.1+730,1,
51,2138858011,1,%Net.HttpRequest.1+730,1,
37,2138858013,1,%Net.HttpRequest.1+777,1,
CALL,2138858016,1,%Net.HttpRequest.1+777
ARG,[ 0] INT: 5
ARG,[ 1] STR (len=18): 4H0043006F006E00740065006E0074002D004C0065006E006700740068003A002000380036
ARG,[ 2] STR (len=23): 4H0052004500410044003A002000730074006100740065003D0032002C00200075007300650064003D003100330038
ARG,[ 3] STR (len=11): 4H00480074007400700052006500710075006500730074
ARG,[ 4] INT: 3
ARG,[ 5] STR (len=18): 4H0025004E00650074002E00480074007400700052006500710075006500730074002E0031
38,2138858043,0,%SYS.ISCLOG+0,0,
50,2138858045,0,%SYS.ISCLOG+8,1,
50,2138858047,0,%SYS.ISCLOG+8,1,
50,2138858049,0,%SYS.ISCLOG+8,1,
50,2138858051,0,%SYS.ISCLOG+8,1,
50,2138858052,0,%SYS.ISCLOG+8,1,
50,2138858054,0,%SYS.ISCLOG+8,1,
50,2138858056,0,%SYS.ISCLOG+8,1,
50,2138858058,0,%SYS.ISCLOG+8,1,
37,2138858059,0,%SYS.ISCLOG+9,1,
37,2138858061,0,%SYS.ISCLOG+10,1,
0,2138858064,0,%SYS.ISCLOG+10,1,254953434C4F47^0^5^0
20,2138858066,0,%SYS.ISCLOG+10,1,254953434C4F47^0^5^0
37,2138858069,0,%SYS.ISCLOG+11,1,
0,2138858071,0,%SYS.ISCLOG+11,1,254953434C4F4700274558494B53565D^0^5^0
20,2138858073,0,%SYS.ISCLOG+11,1,254953434C4F4700274558494B53565D^0^5^0
37,2138858075,0,%SYS.ISCLOG+12,1,
0,2138858076,0,%SYS.ISCLOG+12,1,254953434C4F47002E5346^0^5^0
37,2138858078,0,%SYS.ISCLOG+13,1,
37,2138858080,0,%SYS.ISCLOG+14,1,
37,2138858082,0,%SYS.ISCLOG+15,1,
50,2138858084,0,%SYS.ISCLOG+16,1,
37,2138858086,0,%SYS.ISCLOG+16,1,
37,2138858087,0,%SYS.ISCLOG+17,1,
37,2138858089,0,%SYS.ISCLOG+18,1,
CALL,2138858091,0,%SYS.ISCLOG+18
38,2138858092,0,%SYS.NOJRN+0,0,
37,2138858094,0,%SYS.NOJRN+13,1,
CALL,2138858096,0,%SYS.NOJRN+13
37,2138858097,0,%SYS.NOJRN+9,1,
37,2138858099,0,%SYS.NOJRN+10,1,
QUIT,2138858100,10
QUIT,2138858101,13
38,2138858102,0,%SYS.ISCLOG+0,0,
50,2138858104,0,%SYS.ISCLOG+18,1,
37,2138858105,0,%SYS.ISCLOG+19,1,
37,2138858107,0,%SYS.ISCLOG+20,1,
37,2138858109,0,%SYS.ISCLOG+21,1,
37,2138858111,0,%SYS.ISCLOG+25,1,
0,2138858113,0,%SYS.ISCLOG+25,1,4953434C4F470028455845^0^5^0
1,2138858115,0,%SYS.ISCLOG+25,1,4953434C4F470028455845^0^5^0
20,2138858118,0,%SYS.ISCLOG+25,1,4953434C4F470028455845^0^5^0
50,2138858120,0,%SYS.ISCLOG+26,1,
37,2138858122,0,%SYS.ISCLOG+26,1,
0,2138858127,0,%SYS.ISCLOG+26,1,4953434C4F47002845584500161D284C4D^0^5^0
1,2138858129,0,%SYS.ISCLOG+26,1,4953434C4F47002845584500161D284C4D^0^5^0
20,2138859016,0,%SYS.ISCLOG+26,1,4953434C4F47002845584500161D284C4D^0^5^0
37,2138859021,0,%SYS.ISCLOG+27,1,
0,2138859855,0,%SYS.ISCLOG+27,1,4953434C4F47002845584500161D284C4D0010^0^5^0
1,2138859859,0,%SYS.ISCLOG+27,1,4953434C4F47002845584500161D284C4D0010^0^5^0
20,2138859864,0,%SYS.ISCLOG+27,1,4953434C4F47002845584500161D284C4D0010^0^5^0
0,2138859868,0,%SYS.ISCLOG+27,1,4953434C4F47002845584500161D284C4D0010^0^5^0
37,2138859870,0,%SYS.ISCLOG+28,1,
37,2138859872,0,%SYS.ISCLOG+29,1,
CALL,2138859875,0,%SYS.ISCLOG+29
ARG,[ 0] INT: 0
38,2138859878,0,%SYS.ProcessQuery.1+0,0,
37,2138859881,0,%SYS.ProcessQuery.1+552,1,
37,2138859884,0,%SYS.ProcessQuery.1+553,1,
CALL,2138859886,0,%SYS.ProcessQuery.1+553
38,2138859887,0,%SYS.NOJRN+0,0,
37,2138859889,0,%SYS.NOJRN+17,1,
37,2138859893,0,%SYS.NOJRN+18,1,
QUIT,2138859895,18
38,2138859896,0,%SYS.ProcessQuery.1+0,0,
37,2138859898,0,%SYS.ProcessQuery.1+554,1,
QUIT,2138859900,554
38,2138859901,0,%SYS.ISCLOG+0,0,
37,2138859903,0,%SYS.ISCLOG+30,1,
37,2138859907,0,%SYS.ISCLOG+31,1,
QUIT,2138859908,31
51,2138859909,0,%SYS.ISCLOG+31,1,
51,2138859911,0,%SYS.ISCLOG+31,1,
51,2138859913,0,%SYS.ISCLOG+31,1,
51,2138859915,0,%SYS.ISCLOG+31,1,
51,2138859916,0,%SYS.ISCLOG+31,1,
51,2138859918,0,%SYS.ISCLOG+31,1,
51,2138859919,0,%SYS.ISCLOG+31,1,
51,2138859921,0,%SYS.ISCLOG+31,1,
51,2138859923,0,%SYS.ISCLOG+31,1,
51,2138859924,0,%SYS.ISCLOG+31,1,
51,2138859926,0,%SYS.ISCLOG+31,1,
38,2138859928,1,%Net.HttpRequest.1+0,0,
37,2138859930,1,%Net.HttpRequest.1+778,1,
37,2138859932,1,%Net.HttpRequest.1+786,1,
37,2138859934,1,%Net.HttpRequest.1+787,1,
37,2138859936,1,%Net.HttpRequest.1+790,1,
37,2138859937,1,%Net.HttpRequest.1+791,1,
37,2138859940,1,%Net.HttpRequest.1+792,1,
51,2138859944,1,%Net.HttpRequest.1+792,1,
50,2138859945,1,%Net.HttpRequest.1+792,1,
51,2138859949,1,%Net.HttpRequest.1+792,1,
50,2138859951,1,%Net.HttpRequest.1+792,1,
37,2138859952,1,%Net.HttpRequest.1+793,1,
CALL,2138859959,1,%Net.HttpRequest.1+793
ARG,[ 0] INT: 2
ARG,[ 1] SCOPE: level=0, 0x00aaaac5a445e8
ARG,[ 2] STR (len=13): 4H0063006800610072007300650074003D007500740066002D0038
50,2138859970,1,%Net.HttpRequest.1+669,1,
50,2138859972,1,%Net.HttpRequest.1+669,1,
37,2138859973,1,%Net.HttpRequest.1+670,1,
37,2138859976,1,%Net.HttpRequest.1+671,1,
50,2138859978,1,%Net.HttpRequest.1+671,1,
50,2138859980,1,%Net.HttpRequest.1+672,1,
37,2138859982,1,%Net.HttpRequest.1+672,1,
37,2138859983,1,%Net.HttpRequest.1+673,1,
50,2138859986,1,%Net.HttpRequest.1+673,1,
50,2138859987,1,%Net.HttpRequest.1+673,1,
51,2138859989,1,%Net.HttpRequest.1+673,1,
51,2138859991,1,%Net.HttpRequest.1+673,1,
50,2138859993,1,%Net.HttpRequest.1+673,1,
37,2138859995,1,%Net.HttpRequest.1+672,1,
37,2138859996,1,%Net.HttpRequest.1+677,1,
50,2138859999,1,%Net.HttpRequest.1+677,1,
51,2138860000,1,%Net.HttpRequest.1+677,1,
50,2138860002,1,%Net.HttpRequest.1+677,1,
37,2138860004,1,%Net.HttpRequest.1+672,1,
37,2138860006,1,%Net.HttpRequest.1+673,1,
50,2138860007,1,%Net.HttpRequest.1+673,1,
51,2138860009,1,%Net.HttpRequest.1+673,1,
51,2138860011,1,%Net.HttpRequest.1+673,1,
50,2138860012,1,%Net.HttpRequest.1+673,1,
37,2138860014,1,%Net.HttpRequest.1+672,1,
37,2138860015,1,%Net.HttpRequest.1+678,1,
50,2138860019,1,%Net.HttpRequest.1+678,1,
50,2138860022,1,%Net.HttpRequest.1+678,1,
50,2138860024,1,%Net.HttpRequest.1+678,1,
QUIT,2138860026,678
51,2138860026,1,%Net.HttpRequest.1+678,1,
51,2138860028,1,%Net.HttpRequest.1+678,1,
51,2138860030,1,%Net.HttpRequest.1+678,1,
51,2138860031,1,%Net.HttpRequest.1+678,1,
51,2138860033,1,%Net.HttpRequest.1+678,1,
51,2138860034,1,%Net.HttpRequest.1+678,1,
37,2138860036,1,%Net.HttpRequest.1+796,1,
37,2138860038,1,%Net.HttpRequest.1+799,1,
37,2138860040,1,%Net.HttpRequest.1+800,1,
37,2138860042,1,%Net.HttpRequest.1+801,1,
37,2138860044,1,%Net.HttpRequest.1+802,1,
37,2138860045,1,%Net.HttpRequest.1+803,1,
CALL,2138860049,1,%Net.HttpRequest.1+803
ARG,[ 0] STR (len=31): 4H006100700070006C00690063006100740069006F006E002F006A0073006F006E003B00200063006800610072007300650074003D007500740066002D0038
ARG,[ 1] STR (len=12): 4H0043004F004E00540045004E0054002D0054005900500045
ARG,[ 2] INT: 91
ARG,[ 3] OREF: 17
38,2138860071,1,%Net.HttpResponse.1+0,0,
50,2138860074,1,%Net.HttpResponse.1+56,1,
50,2138861937,1,%Net.HttpResponse.1+56,1,
50,2138861939,1,%Net.HttpResponse.1+56,1,
37,2138861941,1,%Net.HttpResponse.1+57,1,
37,2138861944,1,%Net.HttpResponse.1+58,1,
50,2138861950,1,%Net.HttpResponse.1+58,1,
50,2138861953,1,%Net.HttpResponse.1+58,1,
37,2138861954,1,%Net.HttpResponse.1+59,1,
QUIT,2138861956,59
51,2138861957,1,%Net.HttpResponse.1+59,1,
51,2138861959,1,%Net.HttpResponse.1+59,1,
51,2138861960,1,%Net.HttpResponse.1+59,1,
38,2138861963,1,%Net.HttpRequest.1+0,0,
37,2138861965,1,%Net.HttpRequest.1+805,1,
37,2138861967,1,%Net.HttpRequest.1+806,1,
51,2138861970,1,%Net.HttpRequest.1+808,1,
50,2138861972,1,%Net.HttpRequest.1+808,1,
37,2138861973,1,%Net.HttpRequest.1+808,1,
37,2138861975,1,%Net.HttpRequest.1+853,1,
37,2138861977,1,%Net.HttpRequest.1+891,1,
37,2138861979,1,%Net.HttpRequest.1+894,1,
37,2138861980,1,%Net.HttpRequest.1+925,1,
37,2138861982,1,%Net.HttpRequest.1+727,1,
51,2138861984,1,%Net.HttpRequest.1+727,1,
50,2138861985,1,%Net.HttpRequest.1+727,1,
37,2138861987,1,%Net.HttpRequest.1+728,1,
37,2138861989,1,%Net.HttpRequest.1+729,1,
37,2138861990,1,%Net.HttpRequest.1+732,1,
37,2138861993,1,%Net.HttpRequest.1+733,1,
37,2138861994,1,%Net.HttpRequest.1+738,1,
37,2138861996,1,%Net.HttpRequest.1+741,1,
37,2138862522,1,%Net.HttpRequest.1+743,1,
37,2138862525,1,%Net.HttpRequest.1+747,1,
37,2138862526,1,%Net.HttpRequest.1+751,1,
37,2138862529,1,%Net.HttpRequest.1+752,1,
CALL,2138862531,1,%Net.HttpRequest.1+752
ARG,[ 0] INT: 5
ARG,[ 1] STR (len=24): 4H0043006F006E006E0065006300740069006F006E003A0020006B006500650070002D0061006C006900760065000D000A
ARG,[ 2] STR (len=16): 4H0052006500610064002000660072006F006D0020007300650072007600650072
ARG,[ 3] STR (len=11): 4H00480074007400700052006500710075006500730074
ARG,[ 4] INT: 3
ARG,[ 5] STR (len=18): 4H0025004E00650074002E00480074007400700052006500710075006500730074002E0031
38,2138862549,0,%SYS.ISCLOG+0,0,
50,2138862551,0,%SYS.ISCLOG+8,1,
50,2138862553,0,%SYS.ISCLOG+8,1,
50,2138862555,0,%SYS.ISCLOG+8,1,
50,2138862556,0,%SYS.ISCLOG+8,1,
50,2138862557,0,%SYS.ISCLOG+8,1,
50,2138862558,0,%SYS.ISCLOG+8,1,
50,2138862559,0,%SYS.ISCLOG+8,1,
50,2138862560,0,%SYS.ISCLOG+8,1,
37,2138862561,0,%SYS.ISCLOG+9,1,
37,2138862562,0,%SYS.ISCLOG+10,1,
0,2138862564,0,%SYS.ISCLOG+10,1,254953434C4F47^0^5^0
20,2138862566,0,%SYS.ISCLOG+10,1,254953434C4F47^0^5^0
37,2138862568,0,%SYS.ISCLOG+11,1,
0,2138862569,0,%SYS.ISCLOG+11,1,254953434C4F4700274558494B53565D^0^5^0
20,2138862589,0,%SYS.ISCLOG+11,1,254953434C4F4700274558494B53565D^0^5^0
37,2138862590,0,%SYS.ISCLOG+12,1,
0,2138862592,0,%SYS.ISCLOG+12,1,254953434C4F47002E5346^0^5^0
37,2138862593,0,%SYS.ISCLOG+13,1,
37,2138862594,0,%SYS.ISCLOG+14,1,
37,2138862596,0,%SYS.ISCLOG+15,1,
50,2138862599,0,%SYS.ISCLOG+16,1,
37,2138862600,0,%SYS.ISCLOG+16,1,
37,2138862601,0,%SYS.ISCLOG+17,1,
37,2138862603,0,%SYS.ISCLOG+18,1,
CALL,2138862604,0,%SYS.ISCLOG+18
38,2138862605,0,%SYS.NOJRN+0,0,
37,2138862606,0,%SYS.NOJRN+13,1,
CALL,2138862608,0,%SYS.NOJRN+13
37,2138862609,0,%SYS.NOJRN+9,1,
37,2138862610,0,%SYS.NOJRN+10,1,
QUIT,2138862611,10
QUIT,2138862612,13
38,2138862613,0,%SYS.ISCLOG+0,0,
50,2138862614,0,%SYS.ISCLOG+18,1,
37,2138862615,0,%SYS.ISCLOG+19,1,
37,2138862617,0,%SYS.ISCLOG+20,1,
37,2138862618,0,%SYS.ISCLOG+21,1,
37,2138862619,0,%SYS.ISCLOG+25,1,
0,2138862621,0,%SYS.ISCLOG+25,1,4953434C4F470028455845^0^5^0
1,2138862622,0,%SYS.ISCLOG+25,1,4953434C4F470028455845^0^5^0
20,2138862624,0,%SYS.ISCLOG+25,1,4953434C4F470028455845^0^5^0
50,2138862625,0,%SYS.ISCLOG+26,1,
37,2138862626,0,%SYS.ISCLOG+26,1,
0,2138862630,0,%SYS.ISCLOG+26,1,4953434C4F47002845584500161D284C4E^0^5^0
1,2138862631,0,%SYS.ISCLOG+26,1,4953434C4F47002845584500161D284C4E^0^5^0
20,2138862635,0,%SYS.ISCLOG+26,1,4953434C4F47002845584500161D284C4E^0^5^0
37,2138862637,0,%SYS.ISCLOG+27,1,
0,2138863559,0,%SYS.ISCLOG+27,1,4953434C4F47002845584500161D284C4E0010^0^5^0
1,2138863562,0,%SYS.ISCLOG+27,1,4953434C4F47002845584500161D284C4E0010^0^5^0
20,2138863567,0,%SYS.ISCLOG+27,1,4953434C4F47002845584500161D284C4E0010^0^5^0
0,2138863569,0,%SYS.ISCLOG+27,1,4953434C4F47002845584500161D284C4E0010^0^5^0
37,2138863645,0,%SYS.ISCLOG+28,1,
37,2138863648,0,%SYS.ISCLOG+29,1,
CALL,2138863650,0,%SYS.ISCLOG+29
ARG,[ 0] INT: 0
38,2138863653,0,%SYS.ProcessQuery.1+0,0,
37,2138863656,0,%SYS.ProcessQuery.1+552,1,
37,2138863659,0,%SYS.ProcessQuery.1+553,1,
CALL,2138863660,0,%SYS.ProcessQuery.1+553
38,2138863661,0,%SYS.NOJRN+0,0,
37,2138863663,0,%SYS.NOJRN+17,1,
37,2138863666,0,%SYS.NOJRN+18,1,
QUIT,2138863667,18
38,2138863669,0,%SYS.ProcessQuery.1+0,0,
37,2138863670,0,%SYS.ProcessQuery.1+554,1,
QUIT,2138863671,554
38,2138863672,0,%SYS.ISCLOG+0,0,
37,2138863673,0,%SYS.ISCLOG+30,1,
37,2138863677,0,%SYS.ISCLOG+31,1,
QUIT,2138863678,31
51,2138863679,0,%SYS.ISCLOG+31,1,
51,2138863680,0,%SYS.ISCLOG+31,1,
51,2138863681,0,%SYS.ISCLOG+31,1,
51,2138863682,0,%SYS.ISCLOG+31,1,
51,2138863684,0,%SYS.ISCLOG+31,1,
51,2138863685,0,%SYS.ISCLOG+31,1,
51,2138863686,0,%SYS.ISCLOG+31,1,
51,2138863688,0,%SYS.ISCLOG+31,1,
51,2138863689,0,%SYS.ISCLOG+31,1,
51,2138863690,0,%SYS.ISCLOG+31,1,
51,2138863691,0,%SYS.ISCLOG+31,1,
38,2138863693,1,%Net.HttpRequest.1+0,0,
37,2138863694,1,%Net.HttpRequest.1+753,1,
37,2138863698,1,%Net.HttpRequest.1+757,1,
37,2138863701,1,%Net.HttpRequest.1+758,1,
37,2138863703,1,%Net.HttpRequest.1+765,1,
37,2138863704,1,%Net.HttpRequest.1+774,1,
37,2138863706,1,%Net.HttpRequest.1+727,1,
37,2138863707,1,%Net.HttpRequest.1+728,1,
37,2138863708,1,%Net.HttpRequest.1+729,1,
37,2138863710,1,%Net.HttpRequest.1+730,1,
50,2138863711,1,%Net.HttpRequest.1+730,1,
51,2138863713,1,%Net.HttpRequest.1+730,1,
37,2138863714,1,%Net.HttpRequest.1+777,1,
CALL,2138863717,1,%Net.HttpRequest.1+777
ARG,[ 0] INT: 5
ARG,[ 1] STR (len=22): 4H0043006F006E006E0065006300740069006F006E003A0020006B006500650070002D0061006C006900760065
ARG,[ 2] STR (len=23): 4H0052004500410044003A002000730074006100740065003D0032002C00200075007300650064003D003100360031
ARG,[ 3] STR (len=11): 4H00480074007400700052006500710075006500730074
ARG,[ 4] INT: 3
ARG,[ 5] STR (len=18): 4H0025004E00650074002E00480074007400700052006500710075006500730074002E0031
38,2138863738,0,%SYS.ISCLOG+0,0,
50,2138863741,0,%SYS.ISCLOG+8,1,
50,2138863742,0,%SYS.ISCLOG+8,1,
50,2138863743,0,%SYS.ISCLOG+8,1,
50,2138863745,0,%SYS.ISCLOG+8,1,
50,2138863746,0,%SYS.ISCLOG+8,1,
50,2138863747,0,%SYS.ISCLOG+8,1,
50,2138863749,0,%SYS.ISCLOG+8,1,
50,2138863750,0,%SYS.ISCLOG+8,1,
37,2138863751,0,%SYS.ISCLOG+9,1,
37,2138863752,0,%SYS.ISCLOG+10,1,
0,2138863755,0,%SYS.ISCLOG+10,1,254953434C4F47^0^5^0
20,2138863758,0,%SYS.ISCLOG+10,1,254953434C4F47^0^5^0
37,2138863759,0,%SYS.ISCLOG+11,1,
0,2138863761,0,%SYS.ISCLOG+11,1,254953434C4F4700274558494B53565D^0^5^0
20,2138863763,0,%SYS.ISCLOG+11,1,254953434C4F4700274558494B53565D^0^5^0
37,2138863764,0,%SYS.ISCLOG+12,1,
0,2138863766,0,%SYS.ISCLOG+12,1,254953434C4F47002E5346^0^5^0
37,2138863767,0,%SYS.ISCLOG+13,1,
37,2138863768,0,%SYS.ISCLOG+14,1,
37,2138863771,0,%SYS.ISCLOG+15,1,
50,2138863772,0,%SYS.ISCLOG+16,1,
37,2138863773,0,%SYS.ISCLOG+16,1,
37,2138863774,0,%SYS.ISCLOG+17,1,
37,2138863776,0,%SYS.ISCLOG+18,1,
CALL,2138863777,0,%SYS.ISCLOG+18
38,2138863778,0,%SYS.NOJRN+0,0,
37,2138863779,0,%SYS.NOJRN+13,1,
CALL,2138863781,0,%SYS.NOJRN+13
37,2138863781,0,%SYS.NOJRN+9,1,
37,2138863783,0,%SYS.NOJRN+10,1,
QUIT,2138863784,10
QUIT,2138863785,13
38,2138863785,0,%SYS.ISCLOG+0,0,
50,2138863787,0,%SYS.ISCLOG+18,1,
37,2138863788,0,%SYS.ISCLOG+19,1,
37,2138863790,0,%SYS.ISCLOG+20,1,
37,2138863791,0,%SYS.ISCLOG+21,1,
37,2138863792,0,%SYS.ISCLOG+25,1,
0,2138863795,0,%SYS.ISCLOG+25,1,4953434C4F470028455845^0^5^0
1,2138863796,0,%SYS.ISCLOG+25,1,4953434C4F470028455845^0^5^0
20,2138863799,0,%SYS.ISCLOG+25,1,4953434C4F470028455845^0^5^0
50,2138863800,0,%SYS.ISCLOG+26,1,
37,2138863801,0,%SYS.ISCLOG+26,1,
0,2138863807,0,%SYS.ISCLOG+26,1,4953434C4F47002845584500161D284C4F^0^5^0
1,2138863809,0,%SYS.ISCLOG+26,1,4953434C4F47002845584500161D284C4F^0^5^0
20,2138864754,0,%SYS.ISCLOG+26,1,4953434C4F47002845584500161D284C4F^0^5^0
37,2138864758,0,%SYS.ISCLOG+27,1,
0,2138865837,0,%SYS.ISCLOG+27,1,4953434C4F47002845584500161D284C4F0010^0^5^0
1,2138865840,0,%SYS.ISCLOG+27,1,4953434C4F47002845584500161D284C4F0010^0^5^0
20,2138865842,0,%SYS.ISCLOG+27,1,4953434C4F47002845584500161D284C4F0010^0^5^0
0,2138865845,0,%SYS.ISCLOG+27,1,4953434C4F47002845584500161D284C4F0010^0^5^0
37,2138865847,0,%SYS.ISCLOG+28,1,
37,2138865849,0,%SYS.ISCLOG+29,1,
CALL,2138865851,0,%SYS.ISCLOG+29
ARG,[ 0] INT: 0
38,2138865853,0,%SYS.ProcessQuery.1+0,0,
37,2138865855,0,%SYS.ProcessQuery.1+552,1,
37,2138865858,0,%SYS.ProcessQuery.1+553,1,
CALL,2138865860,0,%SYS.ProcessQuery.1+553
38,2138865861,0,%SYS.NOJRN+0,0,
37,2138865862,0,%SYS.NOJRN+17,1,
37,2138865866,0,%SYS.NOJRN+18,1,
QUIT,2138865867,18
38,2138865868,0,%SYS.ProcessQuery.1+0,0,
37,2138865869,0,%SYS.ProcessQuery.1+554,1,
QUIT,2138865870,554
38,2138865871,0,%SYS.ISCLOG+0,0,
37,2138865872,0,%SYS.ISCLOG+30,1,
37,2138865876,0,%SYS.ISCLOG+31,1,
QUIT,2138865877,31
51,2138865878,0,%SYS.ISCLOG+31,1,
51,2138865879,0,%SYS.ISCLOG+31,1,
51,2138865881,0,%SYS.ISCLOG+31,1,
51,2138865882,0,%SYS.ISCLOG+31,1,
51,2138865884,0,%SYS.ISCLOG+31,1,
51,2138865885,0,%SYS.ISCLOG+31,1,
51,2138865886,0,%SYS.ISCLOG+31,1,
51,2138865887,0,%SYS.ISCLOG+31,1,
51,2138865888,0,%SYS.ISCLOG+31,1,
51,2138865889,0,%SYS.ISCLOG+31,1,
51,2138865890,0,%SYS.ISCLOG+31,1,
38,2138865892,1,%Net.HttpRequest.1+0,0,
37,2138865894,1,%Net.HttpRequest.1+778,1,
37,2138865895,1,%Net.HttpRequest.1+786,1,
37,2138865896,1,%Net.HttpRequest.1+787,1,
37,2138865898,1,%Net.HttpRequest.1+790,1,
37,2138865899,1,%Net.HttpRequest.1+791,1,
37,2138865900,1,%Net.HttpRequest.1+799,1,
37,2138865902,1,%Net.HttpRequest.1+800,1,
37,2138865903,1,%Net.HttpRequest.1+801,1,
37,2138865904,1,%Net.HttpRequest.1+802,1,
37,2138865906,1,%Net.HttpRequest.1+803,1,
CALL,2138865907,1,%Net.HttpRequest.1+803
ARG,[ 0] STR (len=2): 4H00380036
ARG,[ 1] STR (len=14): 4H0043004F004E00540045004E0054002D004C0045004E004700540048
ARG,[ 2] INT: 91
ARG,[ 3] OREF: 17
38,2138865914,1,%Net.HttpResponse.1+0,0,
50,2138865916,1,%Net.HttpResponse.1+56,1,
50,2138865917,1,%Net.HttpResponse.1+56,1,
50,2138865918,1,%Net.HttpResponse.1+56,1,
37,2138865919,1,%Net.HttpResponse.1+57,1,
37,2138865921,1,%Net.HttpResponse.1+58,1,
50,2138865924,1,%Net.HttpResponse.1+58,1,
50,2138865925,1,%Net.HttpResponse.1+58,1,
51,2138865927,1,%Net.HttpResponse.1+58,1,
50,2138865928,1,%Net.HttpResponse.1+58,1,
50,2138865930,1,%Net.HttpResponse.1+58,1,
37,2138865931,1,%Net.HttpResponse.1+59,1,
QUIT,2138865932,59
51,2138865933,1,%Net.HttpResponse.1+59,1,
51,2138865934,1,%Net.HttpResponse.1+59,1,
51,2138865935,1,%Net.HttpResponse.1+59,1,
38,2138865936,1,%Net.HttpRequest.1+0,0,
37,2138865937,1,%Net.HttpRequest.1+805,1,
37,2138865939,1,%Net.HttpRequest.1+806,1,
51,2138865941,1,%Net.HttpRequest.1+808,1,
50,2138865942,1,%Net.HttpRequest.1+808,1,
37,2138865943,1,%Net.HttpRequest.1+808,1,
37,2138865944,1,%Net.HttpRequest.1+853,1,
37,2138865946,1,%Net.HttpRequest.1+891,1,
37,2138865947,1,%Net.HttpRequest.1+894,1,
37,2138865948,1,%Net.HttpRequest.1+925,1,
37,2138865949,1,%Net.HttpRequest.1+727,1,
51,2138865950,1,%Net.HttpRequest.1+727,1,
50,2138865951,1,%Net.HttpRequest.1+727,1,
37,2138865953,1,%Net.HttpRequest.1+728,1,
37,2138865954,1,%Net.HttpRequest.1+729,1,
37,2138865955,1,%Net.HttpRequest.1+732,1,
37,2138865957,1,%Net.HttpRequest.1+733,1,
37,2138865958,1,%Net.HttpRequest.1+738,1,
37,2138865959,1,%Net.HttpRequest.1+741,1,
37,2138866350,1,%Net.HttpRequest.1+743,1,
37,2138866353,1,%Net.HttpRequest.1+747,1,
37,2138866355,1,%Net.HttpRequest.1+751,1,
37,2138866357,1,%Net.HttpRequest.1+752,1,
CALL,2138866361,1,%Net.HttpRequest.1+752
ARG,[ 0] INT: 5
ARG,[ 1] STR (len=23): 4H0076006100720079003A0020006100630063006500700074002D0065006E0063006F00640069006E0067000D000A
ARG,[ 2] STR (len=16): 4H0052006500610064002000660072006F006D0020007300650072007600650072
ARG,[ 3] STR (len=11): 4H00480074007400700052006500710075006500730074
ARG,[ 4] INT: 3
ARG,[ 5] STR (len=18): 4H0025004E00650074002E00480074007400700052006500710075006500730074002E0031
38,2138866381,0,%SYS.ISCLOG+0,0,
50,2138866383,0,%SYS.ISCLOG+8,1,
50,2138866385,0,%SYS.ISCLOG+8,1,
50,2138866386,0,%SYS.ISCLOG+8,1,
50,2138866388,0,%SYS.ISCLOG+8,1,
50,2138866389,0,%SYS.ISCLOG+8,1,
50,2138866390,0,%SYS.ISCLOG+8,1,
50,2138866391,0,%SYS.ISCLOG+8,1,
50,2138866392,0,%SYS.ISCLOG+8,1,
37,2138866394,0,%SYS.ISCLOG+9,1,
37,2138866395,0,%SYS.ISCLOG+10,1,
0,2138866398,0,%SYS.ISCLOG+10,1,254953434C4F47^0^5^0
20,2138866400,0,%SYS.ISCLOG+10,1,254953434C4F47^0^5^0
37,2138866402,0,%SYS.ISCLOG+11,1,
0,2138866403,0,%SYS.ISCLOG+11,1,254953434C4F4700274558494B53565D^0^5^0
20,2138866405,0,%SYS.ISCLOG+11,1,254953434C4F4700274558494B53565D^0^5^0
37,2138866406,0,%SYS.ISCLOG+12,1,
0,2138866407,0,%SYS.ISCLOG+12,1,254953434C4F47002E5346^0^5^0
37,2138866409,0,%SYS.ISCLOG+13,1,
37,2138866410,0,%SYS.ISCLOG+14,1,
37,2138866412,0,%SYS.ISCLOG+15,1,
50,2138866416,0,%SYS.ISCLOG+16,1,
37,2138866417,0,%SYS.ISCLOG+16,1,
37,2138866418,0,%SYS.ISCLOG+17,1,
37,2138866421,0,%SYS.ISCLOG+18,1,
CALL,2138866422,0,%SYS.ISCLOG+18
38,2138866423,0,%SYS.NOJRN+0,0,
37,2138866424,0,%SYS.NOJRN+13,1,
CALL,2138866426,0,%SYS.NOJRN+13
37,2138866427,0,%SYS.NOJRN+9,1,
37,2138866429,0,%SYS.NOJRN+10,1,
QUIT,2138866431,10
QUIT,2138866431,13
38,2138866432,0,%SYS.ISCLOG+0,0,
50,2138866434,0,%SYS.ISCLOG+18,1,
37,2138866435,0,%SYS.ISCLOG+19,1,
37,2138866437,0,%SYS.ISCLOG+20,1,
37,2138866438,0,%SYS.ISCLOG+21,1,
37,2138866439,0,%SYS.ISCLOG+25,1,
0,2138866441,0,%SYS.ISCLOG+25,1,4953434C4F470028455845^0^5^0
1,2138866443,0,%SYS.ISCLOG+25,1,4953434C4F470028455845^0^5^0
20,2138866445,0,%SYS.ISCLOG+25,1,4953434C4F470028455845^0^5^0
50,2138866447,0,%SYS.ISCLOG+26,1,
37,2138866448,0,%SYS.ISCLOG+26,1,
0,2138866454,0,%SYS.ISCLOG+26,1,4953434C4F47002845584500161D284C50^0^5^0
1,2138866455,0,%SYS.ISCLOG+26,1,4953434C4F47002845584500161D284C50^0^5^0
20,2138866457,0,%SYS.ISCLOG+26,1,4953434C4F47002845584500161D284C50^0^5^0
37,2138866458,0,%SYS.ISCLOG+27,1,
0,2138867730,0,%SYS.ISCLOG+27,1,4953434C4F47002845584500161D284C500010^0^5^0
1,2138867732,0,%SYS.ISCLOG+27,1,4953434C4F47002845584500161D284C500010^0^5^0
20,2138867734,0,%SYS.ISCLOG+27,1,4953434C4F47002845584500161D284C500010^0^5^0
0,2138867737,0,%SYS.ISCLOG+27,1,4953434C4F47002845584500161D284C500010^0^5^0
37,2138867738,0,%SYS.ISCLOG+28,1,
37,2138867741,0,%SYS.ISCLOG+29,1,
CALL,2138867743,0,%SYS.ISCLOG+29
ARG,[ 0] INT: 0
38,2138867746,0,%SYS.ProcessQuery.1+0,0,
37,2138867748,0,%SYS.ProcessQuery.1+552,1,
37,2138867750,0,%SYS.ProcessQuery.1+553,1,
CALL,2138867751,0,%SYS.ProcessQuery.1+553
38,2138867752,0,%SYS.NOJRN+0,0,
37,2138867754,0,%SYS.NOJRN+17,1,
37,2138867756,0,%SYS.NOJRN+18,1,
QUIT,2138867758,18
38,2138867758,0,%SYS.ProcessQuery.1+0,0,
37,2138867760,0,%SYS.ProcessQuery.1+554,1,
QUIT,2138867761,554
38,2138867762,0,%SYS.ISCLOG+0,0,
37,2138867763,0,%SYS.ISCLOG+30,1,
37,2138867766,0,%SYS.ISCLOG+31,1,
QUIT,2138867767,31
51,2138867768,0,%SYS.ISCLOG+31,1,
51,2138867770,0,%SYS.ISCLOG+31,1,
51,2138867771,0,%SYS.ISCLOG+31,1,
51,2138867772,0,%SYS.ISCLOG+31,1,
51,2138867773,0,%SYS.ISCLOG+31,1,
51,2138867774,0,%SYS.ISCLOG+31,1,
51,2138867776,0,%SYS.ISCLOG+31,1,
51,2138867777,0,%SYS.ISCLOG+31,1,
51,2138867778,0,%SYS.ISCLOG+31,1,
51,2138867779,0,%SYS.ISCLOG+31,1,
51,2138867780,0,%SYS.ISCLOG+31,1,
38,2138867782,1,%Net.HttpRequest.1+0,0,
37,2138867783,1,%Net.HttpRequest.1+753,1,
37,2138867786,1,%Net.HttpRequest.1+757,1,
37,2138867788,1,%Net.HttpRequest.1+758,1,
37,2138867789,1,%Net.HttpRequest.1+765,1,
37,2138867791,1,%Net.HttpRequest.1+774,1,
37,2138867792,1,%Net.HttpRequest.1+727,1,
37,2138867793,1,%Net.HttpRequest.1+728,1,
37,2138867795,1,%Net.HttpRequest.1+729,1,
37,2138867796,1,%Net.HttpRequest.1+730,1,
50,2138867798,1,%Net.HttpRequest.1+730,1,
51,2138867799,1,%Net.HttpRequest.1+730,1,
37,2138867801,1,%Net.HttpRequest.1+777,1,
CALL,2138867803,1,%Net.HttpRequest.1+777
ARG,[ 0] INT: 5
ARG,[ 1] STR (len=21): 4H0076006100720079003A0020006100630063006500700074002D0065006E0063006F00640069006E0067
ARG,[ 2] STR (len=23): 4H0052004500410044003A002000730074006100740065003D0032002C00200075007300650064003D003100380033
ARG,[ 3] STR (len=11): 4H00480074007400700052006500710075006500730074
ARG,[ 4] INT: 3
ARG,[ 5] STR (len=18): 4H0025004E00650074002E00480074007400700052006500710075006500730074002E0031
38,2138867824,0,%SYS.ISCLOG+0,0,
50,2138867826,0,%SYS.ISCLOG+8,1,
50,2138867827,0,%SYS.ISCLOG+8,1,
50,2138867828,0,%SYS.ISCLOG+8,1,
50,2138867830,0,%SYS.ISCLOG+8,1,
50,2138867831,0,%SYS.ISCLOG+8,1,
50,2138867832,0,%SYS.ISCLOG+8,1,
50,2138867833,0,%SYS.ISCLOG+8,1,
50,2138867835,0,%SYS.ISCLOG+8,1,
37,2138867836,0,%SYS.ISCLOG+9,1,
37,2138867837,0,%SYS.ISCLOG+10,1,
0,2138867839,0,%SYS.ISCLOG+10,1,254953434C4F47^0^5^0
20,2138867841,0,%SYS.ISCLOG+10,1,254953434C4F47^0^5^0
37,2138867842,0,%SYS.ISCLOG+11,1,
0,2138867844,0,%SYS.ISCLOG+11,1,254953434C4F4700274558494B53565D^0^5^0
20,2138867845,0,%SYS.ISCLOG+11,1,254953434C4F4700274558494B53565D^0^5^0
37,2138867847,0,%SYS.ISCLOG+12,1,
0,2138867848,0,%SYS.ISCLOG+12,1,254953434C4F47002E5346^0^5^0
37,2138867849,0,%SYS.ISCLOG+13,1,
37,2138867851,0,%SYS.ISCLOG+14,1,
37,2138867852,0,%SYS.ISCLOG+15,1,
50,2138867854,0,%SYS.ISCLOG+16,1,
37,2138867855,0,%SYS.ISCLOG+16,1,
37,2138867860,0,%SYS.ISCLOG+17,1,
37,2138867862,0,%SYS.ISCLOG+18,1,
CALL,2138867863,0,%SYS.ISCLOG+18
38,2138867864,0,%SYS.NOJRN+0,0,
37,2138867865,0,%SYS.NOJRN+13,1,
CALL,2138867867,0,%SYS.NOJRN+13
37,2138867867,0,%SYS.NOJRN+9,1,
37,2138867869,0,%SYS.NOJRN+10,1,
QUIT,2138867870,10
QUIT,2138867871,13
38,2138867871,0,%SYS.ISCLOG+0,0,
50,2138867872,0,%SYS.ISCLOG+18,1,
37,2138867874,0,%SYS.ISCLOG+19,1,
37,2138867875,0,%SYS.ISCLOG+20,1,
37,2138867876,0,%SYS.ISCLOG+21,1,
37,2138867878,0,%SYS.ISCLOG+25,1,
0,2138867879,0,%SYS.ISCLOG+25,1,4953434C4F470028455845^0^5^0
1,2138867881,0,%SYS.ISCLOG+25,1,4953434C4F470028455845^0^5^0
20,2138867882,0,%SYS.ISCLOG+25,1,4953434C4F470028455845^0^5^0
50,2138867884,0,%SYS.ISCLOG+26,1,
37,2138867885,0,%SYS.ISCLOG+26,1,
0,2138867889,0,%SYS.ISCLOG+26,1,4953434C4F47002845584500161D284C51^0^5^0
1,2138867890,0,%SYS.ISCLOG+26,1,4953434C4F47002845584500161D284C51^0^5^0
20,2138868809,0,%SYS.ISCLOG+26,1,4953434C4F47002845584500161D284C51^0^5^0
37,2138868812,0,%SYS.ISCLOG+27,1,
0,2138869784,0,%SYS.ISCLOG+27,1,4953434C4F47002845584500161D284C510010^0^5^0
1,2138869786,0,%SYS.ISCLOG+27,1,4953434C4F47002845584500161D284C510010^0^5^0
20,2138869788,0,%SYS.ISCLOG+27,1,4953434C4F47002845584500161D284C510010^0^5^0
0,2138869790,0,%SYS.ISCLOG+27,1,4953434C4F47002845584500161D284C510010^0^5^0
37,2138869792,0,%SYS.ISCLOG+28,1,
37,2138869793,0,%SYS.ISCLOG+29,1,
CALL,2138869795,0,%SYS.ISCLOG+29
ARG,[ 0] INT: 0
38,2138869798,0,%SYS.ProcessQuery.1+0,0,
37,2138869799,0,%SYS.ProcessQuery.1+552,1,
37,2138869802,0,%SYS.ProcessQuery.1+553,1,
CALL,2138869803,0,%SYS.ProcessQuery.1+553
38,2138869804,0,%SYS.NOJRN+0,0,
37,2138869806,0,%SYS.NOJRN+17,1,
37,2138869808,0,%SYS.NOJRN+18,1,
QUIT,2138869809,18
38,2138869810,0,%SYS.ProcessQuery.1+0,0,
37,2138869811,0,%SYS.ProcessQuery.1+554,1,
QUIT,2138869812,554
38,2138869813,0,%SYS.ISCLOG+0,0,
37,2138869815,0,%SYS.ISCLOG+30,1,
37,2138869817,0,%SYS.ISCLOG+31,1,
QUIT,2138869819,31
51,2138869819,0,%SYS.ISCLOG+31,1,
51,2138869821,0,%SYS.ISCLOG+31,1,
51,2138869823,0,%SYS.ISCLOG+31,1,
51,2138869824,0,%SYS.ISCLOG+31,1,
51,2138869826,0,%SYS.ISCLOG+31,1,
51,2138869827,0,%SYS.ISCLOG+31,1,
51,2138869828,0,%SYS.ISCLOG+31,1,
51,2138869830,0,%SYS.ISCLOG+31,1,
51,2138869831,0,%SYS.ISCLOG+31,1,
51,2138869832,0,%SYS.ISCLOG+31,1,
51,2138869833,0,%SYS.ISCLOG+31,1,
38,2138869835,1,%Net.HttpRequest.1+0,0,
37,2138869837,1,%Net.HttpRequest.1+778,1,
37,2138869838,1,%Net.HttpRequest.1+786,1,
37,2138869840,1,%Net.HttpRequest.1+787,1,
37,2138869841,1,%Net.HttpRequest.1+790,1,
37,2138869842,1,%Net.HttpRequest.1+791,1,
37,2138869844,1,%Net.HttpRequest.1+799,1,
37,2138869845,1,%Net.HttpRequest.1+800,1,
37,2138869847,1,%Net.HttpRequest.1+801,1,
37,2138869848,1,%Net.HttpRequest.1+802,1,
37,2138869849,1,%Net.HttpRequest.1+803,1,
CALL,2138869851,1,%Net.HttpRequest.1+803
ARG,[ 0] STR (len=10): 4H006B006500650070002D0061006C006900760065
ARG,[ 1] STR (len=10): 4H0043004F004E004E0045004300540049004F004E
ARG,[ 2] INT: 91
ARG,[ 3] OREF: 17
38,2138869860,1,%Net.HttpResponse.1+0,0,
50,2138869861,1,%Net.HttpResponse.1+56,1,
50,2138869863,1,%Net.HttpResponse.1+56,1,
50,2138869864,1,%Net.HttpResponse.1+56,1,
37,2138869865,1,%Net.HttpResponse.1+57,1,
37,2138869867,1,%Net.HttpResponse.1+58,1,
50,2138869869,1,%Net.HttpResponse.1+58,1,
50,2138869870,1,%Net.HttpResponse.1+58,1,
51,2138869872,1,%Net.HttpResponse.1+58,1,
50,2138869873,1,%Net.HttpResponse.1+58,1,
50,2138869875,1,%Net.HttpResponse.1+58,1,
37,2138869876,1,%Net.HttpResponse.1+59,1,
QUIT,2138869878,59
51,2138869878,1,%Net.HttpResponse.1+59,1,
51,2138869879,1,%Net.HttpResponse.1+59,1,
51,2138869880,1,%Net.HttpResponse.1+59,1,
38,2138869882,1,%Net.HttpRequest.1+0,0,
37,2138869883,1,%Net.HttpRequest.1+805,1,
51,2138869885,1,%Net.HttpRequest.1+806,1,
50,2138869886,1,%Net.HttpRequest.1+806,1,
37,2138869887,1,%Net.HttpRequest.1+806,1,
37,2138869889,1,%Net.HttpRequest.1+808,1,
37,2138869890,1,%Net.HttpRequest.1+853,1,
37,2138869892,1,%Net.HttpRequest.1+891,1,
37,2138869893,1,%Net.HttpRequest.1+894,1,
37,2138869894,1,%Net.HttpRequest.1+925,1,
37,2138869896,1,%Net.HttpRequest.1+727,1,
51,2138869897,1,%Net.HttpRequest.1+727,1,
50,2138869898,1,%Net.HttpRequest.1+727,1,
37,2138869900,1,%Net.HttpRequest.1+728,1,
37,2138869901,1,%Net.HttpRequest.1+729,1,
37,2138869902,1,%Net.HttpRequest.1+732,1,
37,2138869904,1,%Net.HttpRequest.1+733,1,
37,2138869905,1,%Net.HttpRequest.1+738,1,
37,2138869906,1,%Net.HttpRequest.1+741,1,
37,2138870650,1,%Net.HttpRequest.1+743,1,
37,2138870653,1,%Net.HttpRequest.1+747,1,
37,2138870655,1,%Net.HttpRequest.1+751,1,
37,2138870658,1,%Net.HttpRequest.1+752,1,
CALL,2138870661,1,%Net.HttpRequest.1+752
ARG,[ 0] INT: 5
ARG,[ 1] STR (len=24): 4H0063006F006E00740065006E0074002D0065006E0063006F00640069006E0067003A00200067007A00690070000D000A
ARG,[ 2] STR (len=16): 4H0052006500610064002000660072006F006D0020007300650072007600650072
ARG,[ 3] STR (len=11): 4H00480074007400700052006500710075006500730074
ARG,[ 4] INT: 3
ARG,[ 5] STR (len=18): 4H0025004E00650074002E00480074007400700052006500710075006500730074002E0031
38,2138870684,0,%SYS.ISCLOG+0,0,
50,2138870686,0,%SYS.ISCLOG+8,1,
50,2138870688,0,%SYS.ISCLOG+8,1,
50,2138870689,0,%SYS.ISCLOG+8,1,
50,2138870690,0,%SYS.ISCLOG+8,1,
50,2138870691,0,%SYS.ISCLOG+8,1,
50,2138870693,0,%SYS.ISCLOG+8,1,
50,2138870695,0,%SYS.ISCLOG+8,1,
50,2138870696,0,%SYS.ISCLOG+8,1,
37,2138870698,0,%SYS.ISCLOG+9,1,
37,2138870699,0,%SYS.ISCLOG+10,1,
0,2138870702,0,%SYS.ISCLOG+10,1,254953434C4F47^0^5^0
20,2138870705,0,%SYS.ISCLOG+10,1,254953434C4F47^0^5^0
37,2138870707,0,%SYS.ISCLOG+11,1,
0,2138870708,0,%SYS.ISCLOG+11,1,254953434C4F4700274558494B53565D^0^5^0
20,2138870710,0,%SYS.ISCLOG+11,1,254953434C4F4700274558494B53565D^0^5^0
37,2138870712,0,%SYS.ISCLOG+12,1,
0,2138870714,0,%SYS.ISCLOG+12,1,254953434C4F47002E5346^0^5^0
37,2138870715,0,%SYS.ISCLOG+13,1,
37,2138870716,0,%SYS.ISCLOG+14,1,
37,2138870719,0,%SYS.ISCLOG+15,1,
50,2138870722,0,%SYS.ISCLOG+16,1,
37,2138870723,0,%SYS.ISCLOG+16,1,
37,2138870725,0,%SYS.ISCLOG+17,1,
37,2138870726,0,%SYS.ISCLOG+18,1,
CALL,2138870728,0,%SYS.ISCLOG+18
38,2138870729,0,%SYS.NOJRN+0,0,
37,2138870731,0,%SYS.NOJRN+13,1,
CALL,2138870733,0,%SYS.NOJRN+13
37,2138870734,0,%SYS.NOJRN+9,1,
37,2138870736,0,%SYS.NOJRN+10,1,
QUIT,2138870738,10
QUIT,2138870738,13
38,2138870739,0,%SYS.ISCLOG+0,0,
50,2138870741,0,%SYS.ISCLOG+18,1,
37,2138870742,0,%SYS.ISCLOG+19,1,
37,2138870744,0,%SYS.ISCLOG+20,1,
37,2138870746,0,%SYS.ISCLOG+21,1,
37,2138870747,0,%SYS.ISCLOG+25,1,
0,2138870750,0,%SYS.ISCLOG+25,1,4953434C4F470028455845^0^5^0
1,2138870751,0,%SYS.ISCLOG+25,1,4953434C4F470028455845^0^5^0
20,2138870754,0,%SYS.ISCLOG+25,1,4953434C4F470028455845^0^5^0
50,2138870756,0,%SYS.ISCLOG+26,1,
37,2138870757,0,%SYS.ISCLOG+26,1,
0,2138870765,0,%SYS.ISCLOG+26,1,4953434C4F47002845584500161D284C52^0^5^0
1,2138870767,0,%SYS.ISCLOG+26,1,4953434C4F47002845584500161D284C52^0^5^0
20,2138870769,0,%SYS.ISCLOG+26,1,4953434C4F47002845584500161D284C52^0^5^0
37,2138870770,0,%SYS.ISCLOG+27,1,
0,2138871949,0,%SYS.ISCLOG+27,1,4953434C4F47002845584500161D284C520010^0^5^0
1,2138871954,0,%SYS.ISCLOG+27,1,4953434C4F47002845584500161D284C520010^0^5^0
20,2138871957,0,%SYS.ISCLOG+27,1,4953434C4F47002845584500161D284C520010^0^5^0
0,2138871961,0,%SYS.ISCLOG+27,1,4953434C4F47002845584500161D284C520010^0^5^0
37,2138871964,0,%SYS.ISCLOG+28,1,
37,2138871967,0,%SYS.ISCLOG+29,1,
CALL,2138871970,0,%SYS.ISCLOG+29
ARG,[ 0] INT: 0
38,2138871973,0,%SYS.ProcessQuery.1+0,0,
37,2138871976,0,%SYS.ProcessQuery.1+552,1,
37,2138871980,0,%SYS.ProcessQuery.1+553,1,
CALL,2138871982,0,%SYS.ProcessQuery.1+553
38,2138871984,0,%SYS.NOJRN+0,0,
37,2138871985,0,%SYS.NOJRN+17,1,
37,2138871990,0,%SYS.NOJRN+18,1,
QUIT,2138871991,18
38,2138871993,0,%SYS.ProcessQuery.1+0,0,
37,2138871994,0,%SYS.ProcessQuery.1+554,1,
QUIT,2138871996,554
38,2138871997,0,%SYS.ISCLOG+0,0,
37,2138871999,0,%SYS.ISCLOG+30,1,
37,2138872004,0,%SYS.ISCLOG+31,1,
QUIT,2138872005,31
51,2138872006,0,%SYS.ISCLOG+31,1,
51,2138872008,0,%SYS.ISCLOG+31,1,
51,2138872010,0,%SYS.ISCLOG+31,1,
51,2138872012,0,%SYS.ISCLOG+31,1,
51,2138872013,0,%SYS.ISCLOG+31,1,
51,2138872015,0,%SYS.ISCLOG+31,1,
51,2138872016,0,%SYS.ISCLOG+31,1,
51,2138872018,0,%SYS.ISCLOG+31,1,
51,2138872019,0,%SYS.ISCLOG+31,1,
51,2138872020,0,%SYS.ISCLOG+31,1,
51,2138872022,0,%SYS.ISCLOG+31,1,
38,2138872024,1,%Net.HttpRequest.1+0,0,
37,2138872026,1,%Net.HttpRequest.1+753,1,
37,2138872029,1,%Net.HttpRequest.1+757,1,
37,2138872032,1,%Net.HttpRequest.1+758,1,
37,2138872034,1,%Net.HttpRequest.1+765,1,
37,2138872035,1,%Net.HttpRequest.1+774,1,
37,2138872037,1,%Net.HttpRequest.1+727,1,
37,2138872038,1,%Net.HttpRequest.1+728,1,
37,2138872040,1,%Net.HttpRequest.1+729,1,
37,2138872041,1,%Net.HttpRequest.1+730,1,
50,2138872043,1,%Net.HttpRequest.1+730,1,
51,2138872045,1,%Net.HttpRequest.1+730,1,
37,2138872047,1,%Net.HttpRequest.1+777,1,
CALL,2138872049,1,%Net.HttpRequest.1+777
ARG,[ 0] INT: 5
ARG,[ 1] STR (len=22): 4H0063006F006E00740065006E0074002D0065006E0063006F00640069006E0067003A00200067007A00690070
ARG,[ 2] STR (len=23): 4H0052004500410044003A002000730074006100740065003D0032002C00200075007300650064003D003200300036
ARG,[ 3] STR (len=11): 4H00480074007400700052006500710075006500730074
ARG,[ 4] INT: 3
ARG,[ 5] STR (len=18): 4H0025004E00650074002E00480074007400700052006500710075006500730074002E0031
38,2138872074,0,%SYS.ISCLOG+0,0,
50,2138872079,0,%SYS.ISCLOG+8,1,
50,2138872081,0,%SYS.ISCLOG+8,1,
50,2138872083,0,%SYS.ISCLOG+8,1,
50,2138872084,0,%SYS.ISCLOG+8,1,
50,2138872086,0,%SYS.ISCLOG+8,1,
50,2138872088,0,%SYS.ISCLOG+8,1,
50,2138872089,0,%SYS.ISCLOG+8,1,
50,2138872091,0,%SYS.ISCLOG+8,1,
37,2138872093,0,%SYS.ISCLOG+9,1,
37,2138872094,0,%SYS.ISCLOG+10,1,
0,2138872100,0,%SYS.ISCLOG+10,1,254953434C4F47^0^5^0
20,2138872103,0,%SYS.ISCLOG+10,1,254953434C4F47^0^5^0
37,2138872105,0,%SYS.ISCLOG+11,1,
0,2138872107,0,%SYS.ISCLOG+11,1,254953434C4F4700274558494B53565D^0^5^0
20,2138872109,0,%SYS.ISCLOG+11,1,254953434C4F4700274558494B53565D^0^5^0
37,2138872111,0,%SYS.ISCLOG+12,1,
0,2138872113,0,%SYS.ISCLOG+12,1,254953434C4F47002E5346^0^5^0
37,2138872115,0,%SYS.ISCLOG+13,1,
37,2138872116,0,%SYS.ISCLOG+14,1,
37,2138872119,0,%SYS.ISCLOG+15,1,
50,2138872120,0,%SYS.ISCLOG+16,1,
37,2138872122,0,%SYS.ISCLOG+16,1,
37,2138872123,0,%SYS.ISCLOG+17,1,
37,2138872125,0,%SYS.ISCLOG+18,1,
CALL,2138872127,0,%SYS.ISCLOG+18
38,2138872128,0,%SYS.NOJRN+0,0,
37,2138872129,0,%SYS.NOJRN+13,1,
CALL,2138872131,0,%SYS.NOJRN+13
37,2138872132,0,%SYS.NOJRN+9,1,
37,2138872133,0,%SYS.NOJRN+10,1,
QUIT,2138872135,10
QUIT,2138872135,13
38,2138872136,0,%SYS.ISCLOG+0,0,
50,2138872138,0,%SYS.ISCLOG+18,1,
37,2138872139,0,%SYS.ISCLOG+19,1,
37,2138872143,0,%SYS.ISCLOG+20,1,
37,2138872144,0,%SYS.ISCLOG+21,1,
37,2138872146,0,%SYS.ISCLOG+25,1,
0,2138872149,0,%SYS.ISCLOG+25,1,4953434C4F470028455845^0^5^0
1,2138872150,0,%SYS.ISCLOG+25,1,4953434C4F470028455845^0^5^0
20,2138872153,0,%SYS.ISCLOG+25,1,4953434C4F470028455845^0^5^0
50,2138872155,0,%SYS.ISCLOG+26,1,
37,2138872156,0,%SYS.ISCLOG+26,1,
0,2138872167,0,%SYS.ISCLOG+26,1,4953434C4F47002845584500161D284C53^0^5^0
1,2138872169,0,%SYS.ISCLOG+26,1,4953434C4F47002845584500161D284C53^0^5^0
20,2138873911,0,%SYS.ISCLOG+26,1,4953434C4F47002845584500161D284C53^0^5^0
37,2138873914,0,%SYS.ISCLOG+27,1,
0,2138874298,0,%SYS.ISCLOG+27,1,4953434C4F47002845584500161D284C530010^0^5^0
1,2138874301,0,%SYS.ISCLOG+27,1,4953434C4F47002845584500161D284C530010^0^5^0
20,2138874304,0,%SYS.ISCLOG+27,1,4953434C4F47002845584500161D284C530010^0^5^0
0,2138874306,0,%SYS.ISCLOG+27,1,4953434C4F47002845584500161D284C530010^0^5^0
37,2138874308,0,%SYS.ISCLOG+28,1,
37,2138874310,0,%SYS.ISCLOG+29,1,
CALL,2138874312,0,%SYS.ISCLOG+29
ARG,[ 0] INT: 0
38,2138874314,0,%SYS.ProcessQuery.1+0,0,
37,2138874316,0,%SYS.ProcessQuery.1+552,1,
37,2138874318,0,%SYS.ProcessQuery.1+553,1,
CALL,2138874320,0,%SYS.ProcessQuery.1+553
38,2138874321,0,%SYS.NOJRN+0,0,
37,2138874322,0,%SYS.NOJRN+17,1,
37,2138874325,0,%SYS.NOJRN+18,1,
QUIT,2138874326,18
38,2138874327,0,%SYS.ProcessQuery.1+0,0,
37,2138874328,0,%SYS.ProcessQuery.1+554,1,
QUIT,2138874330,554
38,2138874330,0,%SYS.ISCLOG+0,0,
37,2138874332,0,%SYS.ISCLOG+30,1,
37,2138874334,0,%SYS.ISCLOG+31,1,
QUIT,2138874336,31
51,2138874336,0,%SYS.ISCLOG+31,1,
51,2138874338,0,%SYS.ISCLOG+31,1,
51,2138874339,0,%SYS.ISCLOG+31,1,
51,2138874340,0,%SYS.ISCLOG+31,1,
51,2138874341,0,%SYS.ISCLOG+31,1,
51,2138874343,0,%SYS.ISCLOG+31,1,
51,2138874344,0,%SYS.ISCLOG+31,1,
51,2138874345,0,%SYS.ISCLOG+31,1,
51,2138874346,0,%SYS.ISCLOG+31,1,
51,2138874348,0,%SYS.ISCLOG+31,1,
51,2138874349,0,%SYS.ISCLOG+31,1,
38,2138874351,1,%Net.HttpRequest.1+0,0,
37,2138874352,1,%Net.HttpRequest.1+778,1,
37,2138874354,1,%Net.HttpRequest.1+786,1,
37,2138874355,1,%Net.HttpRequest.1+787,1,
37,2138874357,1,%Net.HttpRequest.1+790,1,
37,2138874358,1,%Net.HttpRequest.1+791,1,
37,2138874360,1,%Net.HttpRequest.1+799,1,
37,2138874362,1,%Net.HttpRequest.1+800,1,
37,2138874363,1,%Net.HttpRequest.1+801,1,
37,2138874364,1,%Net.HttpRequest.1+802,1,
37,2138874365,1,%Net.HttpRequest.1+803,1,
CALL,2138874369,1,%Net.HttpRequest.1+803
ARG,[ 0] STR (len=15): 4H006100630063006500700074002D0065006E0063006F00640069006E0067
ARG,[ 1] STR (len=4): 4H0056004100520059
ARG,[ 2] INT: 91
ARG,[ 3] OREF: 17
38,2138874379,1,%Net.HttpResponse.1+0,0,
50,2138874381,1,%Net.HttpResponse.1+56,1,
50,2138874382,1,%Net.HttpResponse.1+56,1,
50,2138874384,1,%Net.HttpResponse.1+56,1,
37,2138874385,1,%Net.HttpResponse.1+57,1,
37,2138874387,1,%Net.HttpResponse.1+58,1,
50,2138874395,1,%Net.HttpResponse.1+58,1,
50,2138874398,1,%Net.HttpResponse.1+58,1,
37,2138874399,1,%Net.HttpResponse.1+59,1,
QUIT,2138874400,59
51,2138874401,1,%Net.HttpResponse.1+59,1,
51,2138874402,1,%Net.HttpResponse.1+59,1,
51,2138874403,1,%Net.HttpResponse.1+59,1,
38,2138874405,1,%Net.HttpRequest.1+0,0,
37,2138874406,1,%Net.HttpRequest.1+805,1,
51,2138874407,1,%Net.HttpRequest.1+806,1,
50,2138874409,1,%Net.HttpRequest.1+806,1,
37,2138874410,1,%Net.HttpRequest.1+806,1,
51,2138874413,1,%Net.HttpRequest.1+808,1,
50,2138874414,1,%Net.HttpRequest.1+808,1,
37,2138874415,1,%Net.HttpRequest.1+808,1,
37,2138874416,1,%Net.HttpRequest.1+853,1,
37,2138874418,1,%Net.HttpRequest.1+891,1,
37,2138874419,1,%Net.HttpRequest.1+894,1,
37,2138874420,1,%Net.HttpRequest.1+925,1,
37,2138874422,1,%Net.HttpRequest.1+727,1,
51,2138874423,1,%Net.HttpRequest.1+727,1,
50,2138874424,1,%Net.HttpRequest.1+727,1,
37,2138874425,1,%Net.HttpRequest.1+728,1,
37,2138874427,1,%Net.HttpRequest.1+729,1,
37,2138874428,1,%Net.HttpRequest.1+732,1,
37,2138874430,1,%Net.HttpRequest.1+733,1,
37,2138874431,1,%Net.HttpRequest.1+738,1,
37,2138874432,1,%Net.HttpRequest.1+741,1,
51,2138874883,1,%Net.HttpRequest.1+741,1,
50,2138874887,1,%Net.HttpRequest.1+741,1,
37,2138874889,1,%Net.HttpRequest.1+743,1,
37,2138874890,1,%Net.HttpRequest.1+747,1,
37,2138874892,1,%Net.HttpRequest.1+751,1,
37,2138874895,1,%Net.HttpRequest.1+752,1,
CALL,2138874898,1,%Net.HttpRequest.1+752
ARG,[ 0] INT: 5
ARG,[ 1] STR (len=52): 4H00630061006300680065002D0063006F006E00740072006F006C003A0020006D00610078002D006100670065003D0030002C00200070007200690076006100740065002C0020006D007500730074002D0072006500760061006C00690064006100740065000D000A
ARG,[ 2] STR (len=16): 4H0052006500610064002000660072006F006D0020007300650072007600650072
ARG,[ 3] STR (len=11): 4H00480074007400700052006500710075006500730074
ARG,[ 4] INT: 3
ARG,[ 5] STR (len=18): 4H0025004E00650074002E00480074007400700052006500710075006500730074002E0031
38,2138874929,0,%SYS.ISCLOG+0,0,
50,2138874931,0,%SYS.ISCLOG+8,1,
50,2138874933,0,%SYS.ISCLOG+8,1,
50,2138874934,0,%SYS.ISCLOG+8,1,
50,2138874936,0,%SYS.ISCLOG+8,1,
50,2138874937,0,%SYS.ISCLOG+8,1,
50,2138874939,0,%SYS.ISCLOG+8,1,
50,2138874940,0,%SYS.ISCLOG+8,1,
50,2138874941,0,%SYS.ISCLOG+8,1,
37,2138874943,0,%SYS.ISCLOG+9,1,
37,2138874945,0,%SYS.ISCLOG+10,1,
0,2138874948,0,%SYS.ISCLOG+10,1,254953434C4F47^0^5^0
20,2138874950,0,%SYS.ISCLOG+10,1,254953434C4F47^0^5^0
37,2138874952,0,%SYS.ISCLOG+11,1,
0,2138874954,0,%SYS.ISCLOG+11,1,254953434C4F4700274558494B53565D^0^5^0
20,2138874956,0,%SYS.ISCLOG+11,1,254953434C4F4700274558494B53565D^0^5^0
37,2138874957,0,%SYS.ISCLOG+12,1,
0,2138874959,0,%SYS.ISCLOG+12,1,254953434C4F47002E5346^0^5^0
37,2138874961,0,%SYS.ISCLOG+13,1,
37,2138874962,0,%SYS.ISCLOG+14,1,
37,2138874965,0,%SYS.ISCLOG+15,1,
50,2138874967,0,%SYS.ISCLOG+16,1,
37,2138874969,0,%SYS.ISCLOG+16,1,
37,2138874970,0,%SYS.ISCLOG+17,1,
37,2138874972,0,%SYS.ISCLOG+18,1,
CALL,2138874974,0,%SYS.ISCLOG+18
38,2138874975,0,%SYS.NOJRN+0,0,
37,2138874976,0,%SYS.NOJRN+13,1,
CALL,2138874979,0,%SYS.NOJRN+13
37,2138874980,0,%SYS.NOJRN+9,1,
37,2138874982,0,%SYS.NOJRN+10,1,
QUIT,2138874983,10
QUIT,2138874984,13
38,2138874985,0,%SYS.ISCLOG+0,0,
50,2138874987,0,%SYS.ISCLOG+18,1,
37,2138874988,0,%SYS.ISCLOG+19,1,
37,2138874990,0,%SYS.ISCLOG+20,1,
37,2138874992,0,%SYS.ISCLOG+21,1,
37,2138874993,0,%SYS.ISCLOG+25,1,
0,2138874996,0,%SYS.ISCLOG+25,1,4953434C4F470028455845^0^5^0
1,2138874997,0,%SYS.ISCLOG+25,1,4953434C4F470028455845^0^5^0
20,2138875000,0,%SYS.ISCLOG+25,1,4953434C4F470028455845^0^5^0
50,2138875002,0,%SYS.ISCLOG+26,1,
37,2138875003,0,%SYS.ISCLOG+26,1,
0,2138875009,0,%SYS.ISCLOG+26,1,4953434C4F47002845584500161D284C54^0^5^0
1,2138875010,0,%SYS.ISCLOG+26,1,4953434C4F47002845584500161D284C54^0^5^0
20,2138875012,0,%SYS.ISCLOG+26,1,4953434C4F47002845584500161D284C54^0^5^0
37,2138875014,0,%SYS.ISCLOG+27,1,
0,2138876006,0,%SYS.ISCLOG+27,1,4953434C4F47002845584500161D284C540010^0^5^0
1,2138876009,0,%SYS.ISCLOG+27,1,4953434C4F47002845584500161D284C540010^0^5^0
20,2138876010,0,%SYS.ISCLOG+27,1,4953434C4F47002845584500161D284C540010^0^5^0
0,2138876013,0,%SYS.ISCLOG+27,1,4953434C4F47002845584500161D284C540010^0^5^0
37,2138876015,0,%SYS.ISCLOG+28,1,
37,2138876017,0,%SYS.ISCLOG+29,1,
CALL,2138876019,0,%SYS.ISCLOG+29
ARG,[ 0] INT: 0
38,2138876021,0,%SYS.ProcessQuery.1+0,0,
37,2138876023,0,%SYS.ProcessQuery.1+552,1,
37,2138876025,0,%SYS.ProcessQuery.1+553,1,
CALL,2138876027,0,%SYS.ProcessQuery.1+553
38,2138876028,0,%SYS.NOJRN+0,0,
37,2138876029,0,%SYS.NOJRN+17,1,
37,2138876032,0,%SYS.NOJRN+18,1,
QUIT,2138876033,18
38,2138876034,0,%SYS.ProcessQuery.1+0,0,
37,2138876036,0,%SYS.ProcessQuery.1+554,1,
QUIT,2138876037,554
38,2138876038,0,%SYS.ISCLOG+0,0,
37,2138876039,0,%SYS.ISCLOG+30,1,
37,2138876042,0,%SYS.ISCLOG+31,1,
QUIT,2138876044,31
51,2138876044,0,%SYS.ISCLOG+31,1,
51,2138876046,0,%SYS.ISCLOG+31,1,
51,2138876047,0,%SYS.ISCLOG+31,1,
51,2138876049,0,%SYS.ISCLOG+31,1,
51,2138876050,0,%SYS.ISCLOG+31,1,
51,2138876051,0,%SYS.ISCLOG+31,1,
51,2138876052,0,%SYS.ISCLOG+31,1,
51,2138876054,0,%SYS.ISCLOG+31,1,
51,2138876055,0,%SYS.ISCLOG+31,1,
51,2138876056,0,%SYS.ISCLOG+31,1,
51,2138876058,0,%SYS.ISCLOG+31,1,
38,2138876060,1,%Net.HttpRequest.1+0,0,
37,2138876061,1,%Net.HttpRequest.1+753,1,
37,2138876063,1,%Net.HttpRequest.1+757,1,
37,2138876066,1,%Net.HttpRequest.1+758,1,
37,2138876067,1,%Net.HttpRequest.1+765,1,
37,2138876069,1,%Net.HttpRequest.1+774,1,
37,2138876070,1,%Net.HttpRequest.1+727,1,
37,2138876072,1,%Net.HttpRequest.1+728,1,
37,2138876073,1,%Net.HttpRequest.1+729,1,
37,2138876075,1,%Net.HttpRequest.1+730,1,
50,2138876076,1,%Net.HttpRequest.1+730,1,
51,2138876078,1,%Net.HttpRequest.1+730,1,
37,2138876079,1,%Net.HttpRequest.1+777,1,
CALL,2138876082,1,%Net.HttpRequest.1+777
ARG,[ 0] INT: 5
ARG,[ 1] STR (len=50): 4H00630061006300680065002D0063006F006E00740072006F006C003A0020006D00610078002D006100670065003D0030002C00200070007200690076006100740065002C0020006D007500730074002D0072006500760061006C00690064006100740065
ARG,[ 2] STR (len=23): 4H0052004500410044003A002000730074006100740065003D0032002C00200075007300650064003D003200350037
ARG,[ 3] STR (len=11): 4H00480074007400700052006500710075006500730074
ARG,[ 4] INT: 3
ARG,[ 5] STR (len=18): 4H0025004E00650074002E00480074007400700052006500710075006500730074002E0031
38,2138876113,0,%SYS.ISCLOG+0,0,
50,2138876115,0,%SYS.ISCLOG+8,1,
50,2138876116,0,%SYS.ISCLOG+8,1,
50,2138876118,0,%SYS.ISCLOG+8,1,
50,2138876119,0,%SYS.ISCLOG+8,1,
50,2138876120,0,%SYS.ISCLOG+8,1,
50,2138876122,0,%SYS.ISCLOG+8,1,
50,2138876123,0,%SYS.ISCLOG+8,1,
50,2138876125,0,%SYS.ISCLOG+8,1,
37,2138876127,0,%SYS.ISCLOG+9,1,
37,2138876128,0,%SYS.ISCLOG+10,1,
0,2138876130,0,%SYS.ISCLOG+10,1,254953434C4F47^0^5^0
20,2138876132,0,%SYS.ISCLOG+10,1,254953434C4F47^0^5^0
37,2138876134,0,%SYS.ISCLOG+11,1,
0,2138876136,0,%SYS.ISCLOG+11,1,254953434C4F4700274558494B53565D^0^5^0
20,2138876137,0,%SYS.ISCLOG+11,1,254953434C4F4700274558494B53565D^0^5^0
37,2138876139,0,%SYS.ISCLOG+12,1,
0,2138876140,0,%SYS.ISCLOG+12,1,254953434C4F47002E5346^0^5^0
37,2138876142,0,%SYS.ISCLOG+13,1,
37,2138876143,0,%SYS.ISCLOG+14,1,
37,2138876145,0,%SYS.ISCLOG+15,1,
50,2138876147,0,%SYS.ISCLOG+16,1,
37,2138876148,0,%SYS.ISCLOG+16,1,
37,2138876150,0,%SYS.ISCLOG+17,1,
37,2138876151,0,%SYS.ISCLOG+18,1,
CALL,2138876153,0,%SYS.ISCLOG+18
38,2138876154,0,%SYS.NOJRN+0,0,
37,2138876155,0,%SYS.NOJRN+13,1,
CALL,2138876157,0,%SYS.NOJRN+13
37,2138876158,0,%SYS.NOJRN+9,1,
37,2138876160,0,%SYS.NOJRN+10,1,
QUIT,2138876161,10
QUIT,2138876162,13
38,2138876162,0,%SYS.ISCLOG+0,0,
50,2138876164,0,%SYS.ISCLOG+18,1,
37,2138876165,0,%SYS.ISCLOG+19,1,
37,2138876167,0,%SYS.ISCLOG+20,1,
37,2138876168,0,%SYS.ISCLOG+21,1,
37,2138876170,0,%SYS.ISCLOG+25,1,
0,2138876172,0,%SYS.ISCLOG+25,1,4953434C4F470028455845^0^5^0
1,2138876173,0,%SYS.ISCLOG+25,1,4953434C4F470028455845^0^5^0
20,2138876175,0,%SYS.ISCLOG+25,1,4953434C4F470028455845^0^5^0
50,2138876177,0,%SYS.ISCLOG+26,1,
37,2138876178,0,%SYS.ISCLOG+26,1,
0,2138877106,0,%SYS.ISCLOG+26,1,4953434C4F47002845584500161D284C55^0^5^0
1,2138877108,0,%SYS.ISCLOG+26,1,4953434C4F47002845584500161D284C55^0^5^0
20,2138877111,0,%SYS.ISCLOG+26,1,4953434C4F47002845584500161D284C55^0^5^0
37,2138877113,0,%SYS.ISCLOG+27,1,
0,2138877514,0,%SYS.ISCLOG+27,1,4953434C4F47002845584500161D284C550010^0^5^0
1,2138877516,0,%SYS.ISCLOG+27,1,4953434C4F47002845584500161D284C550010^0^5^0
20,2138877518,0,%SYS.ISCLOG+27,1,4953434C4F47002845584500161D284C550010^0^5^0
0,2138877521,0,%SYS.ISCLOG+27,1,4953434C4F47002845584500161D284C550010^0^5^0
37,2138877523,0,%SYS.ISCLOG+28,1,
37,2138877525,0,%SYS.ISCLOG+29,1,
CALL,2138877527,0,%SYS.ISCLOG+29
ARG,[ 0] INT: 0
38,2138877529,0,%SYS.ProcessQuery.1+0,0,
37,2138877531,0,%SYS.ProcessQuery.1+552,1,
37,2138877534,0,%SYS.ProcessQuery.1+553,1,
CALL,2138877535,0,%SYS.ProcessQuery.1+553
38,2138877536,0,%SYS.NOJRN+0,0,
37,2138877538,0,%SYS.NOJRN+17,1,
37,2138877541,0,%SYS.NOJRN+18,1,
QUIT,2138877542,18
38,2138877543,0,%SYS.ProcessQuery.1+0,0,
37,2138877545,0,%SYS.ProcessQuery.1+554,1,
QUIT,2138877546,554
38,2138877547,0,%SYS.ISCLOG+0,0,
37,2138877549,0,%SYS.ISCLOG+30,1,
37,2138877552,0,%SYS.ISCLOG+31,1,
QUIT,2138877553,31
51,2138877554,0,%SYS.ISCLOG+31,1,
51,2138877555,0,%SYS.ISCLOG+31,1,
51,2138877557,0,%SYS.ISCLOG+31,1,
51,2138877558,0,%SYS.ISCLOG+31,1,
51,2138877559,0,%SYS.ISCLOG+31,1,
51,2138877561,0,%SYS.ISCLOG+31,1,
51,2138877562,0,%SYS.ISCLOG+31,1,
51,2138877563,0,%SYS.ISCLOG+31,1,
51,2138877565,0,%SYS.ISCLOG+31,1,
51,2138877566,0,%SYS.ISCLOG+31,1,
51,2138877567,0,%SYS.ISCLOG+31,1,
38,2138877569,1,%Net.HttpRequest.1+0,0,
37,2138877601,1,%Net.HttpRequest.1+778,1,
37,2138877603,1,%Net.HttpRequest.1+786,1,
37,2138877605,1,%Net.HttpRequest.1+787,1,
37,2138877606,1,%Net.HttpRequest.1+790,1,
37,2138877608,1,%Net.HttpRequest.1+791,1,
37,2138877610,1,%Net.HttpRequest.1+799,1,
37,2138877611,1,%Net.HttpRequest.1+800,1,
37,2138877613,1,%Net.HttpRequest.1+801,1,
37,2138877614,1,%Net.HttpRequest.1+802,1,
37,2138877616,1,%Net.HttpRequest.1+803,1,
CALL,2138877618,1,%Net.HttpRequest.1+803
ARG,[ 0] STR (len=4): 4H0067007A00690070
ARG,[ 1] STR (len=16): 4H0043004F004E00540045004E0054002D0045004E0043004F00440049004E0047
ARG,[ 2] INT: 91
ARG,[ 3] OREF: 17
38,2138877628,1,%Net.HttpResponse.1+0,0,
50,2138877631,1,%Net.HttpResponse.1+56,1,
50,2138877632,1,%Net.HttpResponse.1+56,1,
50,2138877634,1,%Net.HttpResponse.1+56,1,
37,2138877636,1,%Net.HttpResponse.1+57,1,
37,2138877637,1,%Net.HttpResponse.1+58,1,
50,2138877642,1,%Net.HttpResponse.1+58,1,
51,2138877644,1,%Net.HttpResponse.1+58,1,
50,2138877645,1,%Net.HttpResponse.1+58,1,
50,2138877647,1,%Net.HttpResponse.1+58,1,
37,2138877649,1,%Net.HttpResponse.1+59,1,
QUIT,2138877650,59
51,2138877651,1,%Net.HttpResponse.1+59,1,
51,2138877652,1,%Net.HttpResponse.1+59,1,
51,2138877654,1,%Net.HttpResponse.1+59,1,
38,2138877655,1,%Net.HttpRequest.1+0,0,
37,2138877657,1,%Net.HttpRequest.1+805,1,
51,2138877658,1,%Net.HttpRequest.1+806,1,
50,2138877660,1,%Net.HttpRequest.1+806,1,
37,2138877661,1,%Net.HttpRequest.1+806,1,
51,2138877663,1,%Net.HttpRequest.1+808,1,
50,2138877665,1,%Net.HttpRequest.1+808,1,
37,2138877666,1,%Net.HttpRequest.1+808,1,
37,2138877668,1,%Net.HttpRequest.1+853,1,
37,2138877669,1,%Net.HttpRequest.1+891,1,
37,2138877671,1,%Net.HttpRequest.1+894,1,
37,2138877672,1,%Net.HttpRequest.1+925,1,
37,2138877674,1,%Net.HttpRequest.1+727,1,
51,2138877675,1,%Net.HttpRequest.1+727,1,
50,2138877677,1,%Net.HttpRequest.1+727,1,
37,2138877678,1,%Net.HttpRequest.1+728,1,
37,2138877680,1,%Net.HttpRequest.1+729,1,
37,2138877681,1,%Net.HttpRequest.1+732,1,
37,2138877683,1,%Net.HttpRequest.1+733,1,
37,2138877684,1,%Net.HttpRequest.1+738,1,
37,2138877686,1,%Net.HttpRequest.1+741,1,
37,2138878753,1,%Net.HttpRequest.1+743,1,
37,2138878756,1,%Net.HttpRequest.1+747,1,
37,2138878758,1,%Net.HttpRequest.1+751,1,
37,2138878761,1,%Net.HttpRequest.1+752,1,
CALL,2138878764,1,%Net.HttpRequest.1+752
ARG,[ 0] INT: 5
ARG,[ 1] STR (len=36): 4H0078002D0072006500710075006500730074002D00690064003A0020004700490067006F005A00760077004500710062003900780062004A0054006F0035005500550044000D000A
ARG,[ 2] STR (len=16): 4H0052006500610064002000660072006F006D0020007300650072007600650072
ARG,[ 3] STR (len=11): 4H00480074007400700052006500710075006500730074
ARG,[ 4] INT: 3
ARG,[ 5] STR (len=18): 4H0025004E00650074002E00480074007400700052006500710075006500730074002E0031
38,2138878795,0,%SYS.ISCLOG+0,0,
50,2138878797,0,%SYS.ISCLOG+8,1,
50,2138878799,0,%SYS.ISCLOG+8,1,
50,2138878801,0,%SYS.ISCLOG+8,1,
50,2138878802,0,%SYS.ISCLOG+8,1,
50,2138878803,0,%SYS.ISCLOG+8,1,
50,2138878805,0,%SYS.ISCLOG+8,1,
50,2138878806,0,%SYS.ISCLOG+8,1,
50,2138878808,0,%SYS.ISCLOG+8,1,
37,2138878809,0,%SYS.ISCLOG+9,1,
37,2138878811,0,%SYS.ISCLOG+10,1,
0,2138878813,0,%SYS.ISCLOG+10,1,254953434C4F47^0^5^0
20,2138878816,0,%SYS.ISCLOG+10,1,254953434C4F47^0^5^0
37,2138878818,0,%SYS.ISCLOG+11,1,
0,2138878820,0,%SYS.ISCLOG+11,1,254953434C4F4700274558494B53565D^0^5^0
20,2138878821,0,%SYS.ISCLOG+11,1,254953434C4F4700274558494B53565D^0^5^0
37,2138878823,0,%SYS.ISCLOG+12,1,
0,2138878825,0,%SYS.ISCLOG+12,1,254953434C4F47002E5346^0^5^0
37,2138878826,0,%SYS.ISCLOG+13,1,
37,2138878828,0,%SYS.ISCLOG+14,1,
37,2138878830,0,%SYS.ISCLOG+15,1,
50,2138878833,0,%SYS.ISCLOG+16,1,
37,2138878834,0,%SYS.ISCLOG+16,1,
37,2138878836,0,%SYS.ISCLOG+17,1,
37,2138878838,0,%SYS.ISCLOG+18,1,
CALL,2138878839,0,%SYS.ISCLOG+18
38,2138878840,0,%SYS.NOJRN+0,0,
37,2138878842,0,%SYS.NOJRN+13,1,
CALL,2138878844,0,%SYS.NOJRN+13
37,2138878845,0,%SYS.NOJRN+9,1,
37,2138878847,0,%SYS.NOJRN+10,1,
QUIT,2138878849,10
QUIT,2138878849,13
38,2138878850,0,%SYS.ISCLOG+0,0,
50,2138878852,0,%SYS.ISCLOG+18,1,
37,2138878853,0,%SYS.ISCLOG+19,1,
37,2138878855,0,%SYS.ISCLOG+20,1,
37,2138878857,0,%SYS.ISCLOG+21,1,
37,2138878858,0,%SYS.ISCLOG+25,1,
0,2138878861,0,%SYS.ISCLOG+25,1,4953434C4F470028455845^0^5^0
1,2138878862,0,%SYS.ISCLOG+25,1,4953434C4F470028455845^0^5^0
20,2138878864,0,%SYS.ISCLOG+25,1,4953434C4F470028455845^0^5^0
50,2138878866,0,%SYS.ISCLOG+26,1,
37,2138878867,0,%SYS.ISCLOG+26,1,
0,2138878873,0,%SYS.ISCLOG+26,1,4953434C4F47002845584500161D284C56^0^5^0
1,2138878875,0,%SYS.ISCLOG+26,1,4953434C4F47002845584500161D284C56^0^5^0
20,2138878877,0,%SYS.ISCLOG+26,1,4953434C4F47002845584500161D284C56^0^5^0
37,2138878879,0,%SYS.ISCLOG+27,1,
0,2138879646,0,%SYS.ISCLOG+27,1,4953434C4F47002845584500161D284C560010^0^5^0
1,2138879649,0,%SYS.ISCLOG+27,1,4953434C4F47002845584500161D284C560010^0^5^0
20,2138879652,0,%SYS.ISCLOG+27,1,4953434C4F47002845584500161D284C560010^0^5^0
0,2138879655,0,%SYS.ISCLOG+27,1,4953434C4F47002845584500161D284C560010^0^5^0
37,2138879657,0,%SYS.ISCLOG+28,1,
37,2138879659,0,%SYS.ISCLOG+29,1,
CALL,2138879662,0,%SYS.ISCLOG+29
ARG,[ 0] INT: 0
38,2138879665,0,%SYS.ProcessQuery.1+0,0,
37,2138879667,0,%SYS.ProcessQuery.1+552,1,
37,2138879670,0,%SYS.ProcessQuery.1+553,1,
CALL,2138879672,0,%SYS.ProcessQuery.1+553
38,2138879673,0,%SYS.NOJRN+0,0,
37,2138879675,0,%SYS.NOJRN+17,1,
37,2138879677,0,%SYS.NOJRN+18,1,
QUIT,2138879679,18
38,2138879680,0,%SYS.ProcessQuery.1+0,0,
37,2138879681,0,%SYS.ProcessQuery.1+554,1,
QUIT,2138879683,554
38,2138879684,0,%SYS.ISCLOG+0,0,
37,2138879686,0,%SYS.ISCLOG+30,1,
37,2138879689,0,%SYS.ISCLOG+31,1,
QUIT,2138879691,31
51,2138879692,0,%SYS.ISCLOG+31,1,
51,2138879693,0,%SYS.ISCLOG+31,1,
51,2138879695,0,%SYS.ISCLOG+31,1,
51,2138879697,0,%SYS.ISCLOG+31,1,
51,2138879698,0,%SYS.ISCLOG+31,1,
51,2138879699,0,%SYS.ISCLOG+31,1,
51,2138879701,0,%SYS.ISCLOG+31,1,
51,2138879702,0,%SYS.ISCLOG+31,1,
51,2138879704,0,%SYS.ISCLOG+31,1,
51,2138879705,0,%SYS.ISCLOG+31,1,
51,2138879707,0,%SYS.ISCLOG+31,1,
38,2138879709,1,%Net.HttpRequest.1+0,0,
37,2138879711,1,%Net.HttpRequest.1+753,1,
37,2138879714,1,%Net.HttpRequest.1+757,1,
37,2138879717,1,%Net.HttpRequest.1+758,1,
37,2138879719,1,%Net.HttpRequest.1+765,1,
37,2138879720,1,%Net.HttpRequest.1+774,1,
37,2138879722,1,%Net.HttpRequest.1+727,1,
37,2138879724,1,%Net.HttpRequest.1+728,1,
37,2138879725,1,%Net.HttpRequest.1+729,1,
37,2138879727,1,%Net.HttpRequest.1+730,1,
50,2138879729,1,%Net.HttpRequest.1+730,1,
51,2138879730,1,%Net.HttpRequest.1+730,1,
37,2138879732,1,%Net.HttpRequest.1+777,1,
CALL,2138879735,1,%Net.HttpRequest.1+777
ARG,[ 0] INT: 5
ARG,[ 1] STR (len=34): 4H0078002D0072006500710075006500730074002D00690064003A0020004700490067006F005A00760077004500710062003900780062004A0054006F0035005500550044
ARG,[ 2] STR (len=23): 4H0052004500410044003A002000730074006100740065003D0032002C00200075007300650064003D003200390032
ARG,[ 3] STR (len=11): 4H00480074007400700052006500710075006500730074
ARG,[ 4] INT: 3
ARG,[ 5] STR (len=18): 4H0025004E00650074002E00480074007400700052006500710075006500730074002E0031
38,2138879762,0,%SYS.ISCLOG+0,0,
50,2138879765,0,%SYS.ISCLOG+8,1,
50,2138879766,0,%SYS.ISCLOG+8,1,
50,2138879768,0,%SYS.ISCLOG+8,1,
50,2138879769,0,%SYS.ISCLOG+8,1,
50,2138879771,0,%SYS.ISCLOG+8,1,
50,2138879772,0,%SYS.ISCLOG+8,1,
50,2138879774,0,%SYS.ISCLOG+8,1,
50,2138879775,0,%SYS.ISCLOG+8,1,
37,2138879777,0,%SYS.ISCLOG+9,1,
37,2138879778,0,%SYS.ISCLOG+10,1,
0,2138879780,0,%SYS.ISCLOG+10,1,254953434C4F47^0^5^0
20,2138879783,0,%SYS.ISCLOG+10,1,254953434C4F47^0^5^0
37,2138879785,0,%SYS.ISCLOG+11,1,
0,2138879787,0,%SYS.ISCLOG+11,1,254953434C4F4700274558494B53565D^0^5^0
20,2138879788,0,%SYS.ISCLOG+11,1,254953434C4F4700274558494B53565D^0^5^0
37,2138879790,0,%SYS.ISCLOG+12,1,
0,2138879791,0,%SYS.ISCLOG+12,1,254953434C4F47002E5346^0^5^0
37,2138879793,0,%SYS.ISCLOG+13,1,
37,2138879794,0,%SYS.ISCLOG+14,1,
37,2138879797,0,%SYS.ISCLOG+15,1,
50,2138879798,0,%SYS.ISCLOG+16,1,
37,2138879800,0,%SYS.ISCLOG+16,1,
37,2138879801,0,%SYS.ISCLOG+17,1,
37,2138879803,0,%SYS.ISCLOG+18,1,
CALL,2138879804,0,%SYS.ISCLOG+18
38,2138879805,0,%SYS.NOJRN+0,0,
37,2138879807,0,%SYS.NOJRN+13,1,
CALL,2138879808,0,%SYS.NOJRN+13
37,2138879809,0,%SYS.NOJRN+9,1,
37,2138879811,0,%SYS.NOJRN+10,1,
QUIT,2138879812,10
QUIT,2138879813,13
38,2138879814,0,%SYS.ISCLOG+0,0,
50,2138879815,0,%SYS.ISCLOG+18,1,
37,2138879817,0,%SYS.ISCLOG+19,1,
37,2138879818,0,%SYS.ISCLOG+20,1,
37,2138879820,0,%SYS.ISCLOG+21,1,
37,2138879821,0,%SYS.ISCLOG+25,1,
0,2138879824,0,%SYS.ISCLOG+25,1,4953434C4F470028455845^0^5^0
1,2138879825,0,%SYS.ISCLOG+25,1,4953434C4F470028455845^0^5^0
20,2138879828,0,%SYS.ISCLOG+25,1,4953434C4F470028455845^0^5^0
50,2138879829,0,%SYS.ISCLOG+26,1,
37,2138879831,0,%SYS.ISCLOG+26,1,
0,2138879836,0,%SYS.ISCLOG+26,1,4953434C4F47002845584500161D284C57^0^5^0
1,2138880747,0,%SYS.ISCLOG+26,1,4953434C4F47002845584500161D284C57^0^5^0
20,2138880749,0,%SYS.ISCLOG+26,1,4953434C4F47002845584500161D284C57^0^5^0
37,2138880752,0,%SYS.ISCLOG+27,1,
0,2138881225,0,%SYS.ISCLOG+27,1,4953434C4F47002845584500161D284C570010^0^5^0
1,2138881227,0,%SYS.ISCLOG+27,1,4953434C4F47002845584500161D284C570010^0^5^0
20,2138881230,0,%SYS.ISCLOG+27,1,4953434C4F47002845584500161D284C570010^0^5^0
0,2138881233,0,%SYS.ISCLOG+27,1,4953434C4F47002845584500161D284C570010^0^5^0
37,2138881235,0,%SYS.ISCLOG+28,1,
37,2138881237,0,%SYS.ISCLOG+29,1,
CALL,2138881239,0,%SYS.ISCLOG+29
ARG,[ 0] INT: 0
38,2138881241,0,%SYS.ProcessQuery.1+0,0,
37,2138881243,0,%SYS.ProcessQuery.1+552,1,
37,2138881246,0,%SYS.ProcessQuery.1+553,1,
CALL,2138881247,0,%SYS.ProcessQuery.1+553
38,2138881248,0,%SYS.NOJRN+0,0,
37,2138881250,0,%SYS.NOJRN+17,1,
37,2138881252,0,%SYS.NOJRN+18,1,
QUIT,2138881254,18
38,2138881254,0,%SYS.ProcessQuery.1+0,0,
37,2138881256,0,%SYS.ProcessQuery.1+554,1,
QUIT,2138881257,554
38,2138881258,0,%SYS.ISCLOG+0,0,
37,2138881259,0,%SYS.ISCLOG+30,1,
37,2138881262,0,%SYS.ISCLOG+31,1,
QUIT,2138881263,31
51,2138881264,0,%SYS.ISCLOG+31,1,
51,2138881266,0,%SYS.ISCLOG+31,1,
51,2138881267,0,%SYS.ISCLOG+31,1,
51,2138881269,0,%SYS.ISCLOG+31,1,
51,2138881270,0,%SYS.ISCLOG+31,1,
51,2138881271,0,%SYS.ISCLOG+31,1,
51,2138881273,0,%SYS.ISCLOG+31,1,
51,2138881274,0,%SYS.ISCLOG+31,1,
51,2138881275,0,%SYS.ISCLOG+31,1,
51,2138881276,0,%SYS.ISCLOG+31,1,
51,2138881278,0,%SYS.ISCLOG+31,1,
38,2138881280,1,%Net.HttpRequest.1+0,0,
37,2138881281,1,%Net.HttpRequest.1+778,1,
37,2138881282,1,%Net.HttpRequest.1+786,1,
37,2138881284,1,%Net.HttpRequest.1+787,1,
37,2138881285,1,%Net.HttpRequest.1+790,1,
37,2138881287,1,%Net.HttpRequest.1+791,1,
37,2138881288,1,%Net.HttpRequest.1+799,1,
37,2138881289,1,%Net.HttpRequest.1+800,1,
37,2138881291,1,%Net.HttpRequest.1+801,1,
37,2138881292,1,%Net.HttpRequest.1+802,1,
37,2138881293,1,%Net.HttpRequest.1+803,1,
CALL,2138881295,1,%Net.HttpRequest.1+803
ARG,[ 0] STR (len=35): 4H006D00610078002D006100670065003D0030002C00200070007200690076006100740065002C0020006D007500730074002D0072006500760061006C00690064006100740065
ARG,[ 1] STR (len=13): 4H00430041004300480045002D0043004F004E00540052004F004C
ARG,[ 2] INT: 91
ARG,[ 3] OREF: 17
38,2138881309,1,%Net.HttpResponse.1+0,0,
50,2138881311,1,%Net.HttpResponse.1+56,1,
50,2138881313,1,%Net.HttpResponse.1+56,1,
50,2138881314,1,%Net.HttpResponse.1+56,1,
37,2138881316,1,%Net.HttpResponse.1+57,1,
37,2138881317,1,%Net.HttpResponse.1+58,1,
50,2138881321,1,%Net.HttpResponse.1+58,1,
50,2138881322,1,%Net.HttpResponse.1+58,1,
51,2138881323,1,%Net.HttpResponse.1+58,1,
50,2138881324,1,%Net.HttpResponse.1+58,1,
50,2138881327,1,%Net.HttpResponse.1+58,1,
37,2138881328,1,%Net.HttpResponse.1+59,1,
QUIT,2138881329,59
51,2138881330,1,%Net.HttpResponse.1+59,1,
51,2138881331,1,%Net.HttpResponse.1+59,1,
51,2138881332,1,%Net.HttpResponse.1+59,1,
38,2138881334,1,%Net.HttpRequest.1+0,0,
37,2138881335,1,%Net.HttpRequest.1+805,1,
37,2138881336,1,%Net.HttpRequest.1+806,1,
51,2138881339,1,%Net.HttpRequest.1+808,1,
50,2138881341,1,%Net.HttpRequest.1+808,1,
37,2138881342,1,%Net.HttpRequest.1+808,1,
37,2138881343,1,%Net.HttpRequest.1+853,1,
37,2138881345,1,%Net.HttpRequest.1+891,1,
37,2138881346,1,%Net.HttpRequest.1+894,1,
37,2138881347,1,%Net.HttpRequest.1+925,1,
37,2138881349,1,%Net.HttpRequest.1+727,1,
51,2138881350,1,%Net.HttpRequest.1+727,1,
50,2138881351,1,%Net.HttpRequest.1+727,1,
37,2138881353,1,%Net.HttpRequest.1+728,1,
37,2138881354,1,%Net.HttpRequest.1+729,1,
37,2138881355,1,%Net.HttpRequest.1+732,1,
37,2138881357,1,%Net.HttpRequest.1+733,1,
37,2138881358,1,%Net.HttpRequest.1+738,1,
37,2138881359,1,%Net.HttpRequest.1+741,1,
37,2138882882,1,%Net.HttpRequest.1+743,1,
37,2138882885,1,%Net.HttpRequest.1+747,1,
37,2138882887,1,%Net.HttpRequest.1+751,1,
37,2138882889,1,%Net.HttpRequest.1+752,1,
CALL,2138882892,1,%Net.HttpRequest.1+752
ARG,[ 0] INT: 5
ARG,[ 1] STR (len=40): 4H006100630063006500730073002D0063006F006E00740072006F006C002D0061006C006C006F0077002D00630072006500640065006E007400690061006C0073003A00200074007200750065000D000A
ARG,[ 2] STR (len=16): 4H0052006500610064002000660072006F006D0020007300650072007600650072
ARG,[ 3] STR (len=11): 4H00480074007400700052006500710075006500730074
ARG,[ 4] INT: 3
ARG,[ 5] STR (len=18): 4H0025004E00650074002E00480074007400700052006500710075006500730074002E0031
38,2138882917,0,%SYS.ISCLOG+0,0,
50,2138882920,0,%SYS.ISCLOG+8,1,
50,2138882922,0,%SYS.ISCLOG+8,1,
50,2138882923,0,%SYS.ISCLOG+8,1,
50,2138882925,0,%SYS.ISCLOG+8,1,
50,2138882926,0,%SYS.ISCLOG+8,1,
50,2138882927,0,%SYS.ISCLOG+8,1,
50,2138882929,0,%SYS.ISCLOG+8,1,
50,2138882930,0,%SYS.ISCLOG+8,1,
37,2138882932,0,%SYS.ISCLOG+9,1,
37,2138882933,0,%SYS.ISCLOG+10,1,
0,2138882936,0,%SYS.ISCLOG+10,1,254953434C4F47^0^5^0
20,2138882938,0,%SYS.ISCLOG+10,1,254953434C4F47^0^5^0
37,2138882939,0,%SYS.ISCLOG+11,1,
0,2138882941,0,%SYS.ISCLOG+11,1,254953434C4F4700274558494B53565D^0^5^0
20,2138882943,0,%SYS.ISCLOG+11,1,254953434C4F4700274558494B53565D^0^5^0
37,2138882944,0,%SYS.ISCLOG+12,1,
0,2138882946,0,%SYS.ISCLOG+12,1,254953434C4F47002E5346^0^5^0
37,2138882947,0,%SYS.ISCLOG+13,1,
37,2138882948,0,%SYS.ISCLOG+14,1,
37,2138882951,0,%SYS.ISCLOG+15,1,
50,2138882953,0,%SYS.ISCLOG+16,1,
37,2138882955,0,%SYS.ISCLOG+16,1,
37,2138882956,0,%SYS.ISCLOG+17,1,
37,2138882958,0,%SYS.ISCLOG+18,1,
CALL,2138882959,0,%SYS.ISCLOG+18
38,2138882960,0,%SYS.NOJRN+0,0,
37,2138882962,0,%SYS.NOJRN+13,1,
CALL,2138882964,0,%SYS.NOJRN+13
37,2138882964,0,%SYS.NOJRN+9,1,
37,2138882966,0,%SYS.NOJRN+10,1,
QUIT,2138882968,10
QUIT,2138882968,13
38,2138882969,0,%SYS.ISCLOG+0,0,
50,2138882971,0,%SYS.ISCLOG+18,1,
37,2138882972,0,%SYS.ISCLOG+19,1,
37,2138882974,0,%SYS.ISCLOG+20,1,
37,2138882975,0,%SYS.ISCLOG+21,1,
37,2138882977,0,%SYS.ISCLOG+25,1,
0,2138882979,0,%SYS.ISCLOG+25,1,4953434C4F470028455845^0^5^0
1,2138882980,0,%SYS.ISCLOG+25,1,4953434C4F470028455845^0^5^0
20,2138882982,0,%SYS.ISCLOG+25,1,4953434C4F470028455845^0^5^0
50,2138882984,0,%SYS.ISCLOG+26,1,
37,2138882985,0,%SYS.ISCLOG+26,1,
0,2138882991,0,%SYS.ISCLOG+26,1,4953434C4F47002845584500161D284C58^0^5^0
1,2138882992,0,%SYS.ISCLOG+26,1,4953434C4F47002845584500161D284C58^0^5^0
20,2138882994,0,%SYS.ISCLOG+26,1,4953434C4F47002845584500161D284C58^0^5^0
37,2138882996,0,%SYS.ISCLOG+27,1,
0,2138883741,0,%SYS.ISCLOG+27,1,4953434C4F47002845584500161D284C580010^0^5^0
1,2138883744,0,%SYS.ISCLOG+27,1,4953434C4F47002845584500161D284C580010^0^5^0
20,2138883746,0,%SYS.ISCLOG+27,1,4953434C4F47002845584500161D284C580010^0^5^0
0,2138883749,0,%SYS.ISCLOG+27,1,4953434C4F47002845584500161D284C580010^0^5^0
37,2138883750,0,%SYS.ISCLOG+28,1,
37,2138883752,0,%SYS.ISCLOG+29,1,
CALL,2138883754,0,%SYS.ISCLOG+29
ARG,[ 0] INT: 0
38,2138883757,0,%SYS.ProcessQuery.1+0,0,
37,2138883759,0,%SYS.ProcessQuery.1+552,1,
37,2138883761,0,%SYS.ProcessQuery.1+553,1,
CALL,2138883762,0,%SYS.ProcessQuery.1+553
38,2138883763,0,%SYS.NOJRN+0,0,
37,2138883765,0,%SYS.NOJRN+17,1,
37,2138883767,0,%SYS.NOJRN+18,1,
QUIT,2138883768,18
38,2138883769,0,%SYS.ProcessQuery.1+0,0,
37,2138883771,0,%SYS.ProcessQuery.1+554,1,
QUIT,2138883772,554
38,2138883773,0,%SYS.ISCLOG+0,0,
37,2138883774,0,%SYS.ISCLOG+30,1,
37,2138883777,0,%SYS.ISCLOG+31,1,
QUIT,2138883778,31
51,2138883779,0,%SYS.ISCLOG+31,1,
51,2138883781,0,%SYS.ISCLOG+31,1,
51,2138883782,0,%SYS.ISCLOG+31,1,
51,2138883784,0,%SYS.ISCLOG+31,1,
51,2138883785,0,%SYS.ISCLOG+31,1,
51,2138883786,0,%SYS.ISCLOG+31,1,
51,2138883788,0,%SYS.ISCLOG+31,1,
51,2138883789,0,%SYS.ISCLOG+31,1,
51,2138883790,0,%SYS.ISCLOG+31,1,
51,2138883791,0,%SYS.ISCLOG+31,1,
51,2138883793,0,%SYS.ISCLOG+31,1,
38,2138883795,1,%Net.HttpRequest.1+0,0,
37,2138883796,1,%Net.HttpRequest.1+753,1,
37,2138883798,1,%Net.HttpRequest.1+757,1,
37,2138883801,1,%Net.HttpRequest.1+758,1,
37,2138883802,1,%Net.HttpRequest.1+765,1,
37,2138883803,1,%Net.HttpRequest.1+774,1,
37,2138883805,1,%Net.HttpRequest.1+727,1,
37,2138883806,1,%Net.HttpRequest.1+728,1,
37,2138883807,1,%Net.HttpRequest.1+729,1,
37,2138883809,1,%Net.HttpRequest.1+730,1,
50,2138883810,1,%Net.HttpRequest.1+730,1,
51,2138883811,1,%Net.HttpRequest.1+730,1,
37,2138883813,1,%Net.HttpRequest.1+777,1,
CALL,2138883816,1,%Net.HttpRequest.1+777
ARG,[ 0] INT: 5
ARG,[ 1] STR (len=38): 4H006100630063006500730073002D0063006F006E00740072006F006C002D0061006C006C006F0077002D00630072006500640065006E007400690061006C0073003A00200074007200750065
ARG,[ 2] STR (len=23): 4H0052004500410044003A002000730074006100740065003D0032002C00200075007300650064003D003300330031
ARG,[ 3] STR (len=11): 4H00480074007400700052006500710075006500730074
ARG,[ 4] INT: 3
ARG,[ 5] STR (len=18): 4H0025004E00650074002E00480074007400700052006500710075006500730074002E0031
38,2138883841,0,%SYS.ISCLOG+0,0,
50,2138883843,0,%SYS.ISCLOG+8,1,
50,2138883844,0,%SYS.ISCLOG+8,1,
50,2138883845,0,%SYS.ISCLOG+8,1,
50,2138883847,0,%SYS.ISCLOG+8,1,
50,2138883848,0,%SYS.ISCLOG+8,1,
50,2138883849,0,%SYS.ISCLOG+8,1,
50,2138883851,0,%SYS.ISCLOG+8,1,
50,2138883852,0,%SYS.ISCLOG+8,1,
37,2138883853,0,%SYS.ISCLOG+9,1,
37,2138883855,0,%SYS.ISCLOG+10,1,
0,2138883857,0,%SYS.ISCLOG+10,1,254953434C4F47^0^5^0
20,2138883859,0,%SYS.ISCLOG+10,1,254953434C4F47^0^5^0
37,2138883861,0,%SYS.ISCLOG+11,1,
0,2138883863,0,%SYS.ISCLOG+11,1,254953434C4F4700274558494B53565D^0^5^0
20,2138883864,0,%SYS.ISCLOG+11,1,254953434C4F4700274558494B53565D^0^5^0
37,2138883866,0,%SYS.ISCLOG+12,1,
0,2138883867,0,%SYS.ISCLOG+12,1,254953434C4F47002E5346^0^5^0
37,2138883869,0,%SYS.ISCLOG+13,1,
37,2138883870,0,%SYS.ISCLOG+14,1,
37,2138883872,0,%SYS.ISCLOG+15,1,
50,2138883873,0,%SYS.ISCLOG+16,1,
37,2138883875,0,%SYS.ISCLOG+16,1,
37,2138883876,0,%SYS.ISCLOG+17,1,
37,2138883877,0,%SYS.ISCLOG+18,1,
CALL,2138883878,0,%SYS.ISCLOG+18
38,2138883879,0,%SYS.NOJRN+0,0,
37,2138883881,0,%SYS.NOJRN+13,1,
CALL,2138883882,0,%SYS.NOJRN+13
37,2138883883,0,%SYS.NOJRN+9,1,
37,2138883884,0,%SYS.NOJRN+10,1,
QUIT,2138883886,10
QUIT,2138883886,13
38,2138883887,0,%SYS.ISCLOG+0,0,
50,2138883888,0,%SYS.ISCLOG+18,1,
37,2138883889,0,%SYS.ISCLOG+19,1,
37,2138883891,0,%SYS.ISCLOG+20,1,
37,2138883892,0,%SYS.ISCLOG+21,1,
37,2138883894,0,%SYS.ISCLOG+25,1,
0,2138883896,0,%SYS.ISCLOG+25,1,4953434C4F470028455845^0^5^0
1,2138883897,0,%SYS.ISCLOG+25,1,4953434C4F470028455845^0^5^0
20,2138883899,0,%SYS.ISCLOG+25,1,4953434C4F470028455845^0^5^0
50,2138883901,0,%SYS.ISCLOG+26,1,
37,2138883902,0,%SYS.ISCLOG+26,1,
0,2138883907,0,%SYS.ISCLOG+26,1,4953434C4F47002845584500161D284C59^0^5^0
1,2138884694,0,%SYS.ISCLOG+26,1,4953434C4F47002845584500161D284C59^0^5^0
20,2138884697,0,%SYS.ISCLOG+26,1,4953434C4F47002845584500161D284C59^0^5^0
37,2138884699,0,%SYS.ISCLOG+27,1,
0,2138885202,0,%SYS.ISCLOG+27,1,4953434C4F47002845584500161D284C590010^0^5^0
1,2138885205,0,%SYS.ISCLOG+27,1,4953434C4F47002845584500161D284C590010^0^5^0
20,2138885209,0,%SYS.ISCLOG+27,1,4953434C4F47002845584500161D284C590010^0^5^0
0,2138885211,0,%SYS.ISCLOG+27,1,4953434C4F47002845584500161D284C590010^0^5^0
37,2138885213,0,%SYS.ISCLOG+28,1,
37,2138885215,0,%SYS.ISCLOG+29,1,
CALL,2138885218,0,%SYS.ISCLOG+29
ARG,[ 0] INT: 0
38,2138885220,0,%SYS.ProcessQuery.1+0,0,
37,2138885222,0,%SYS.ProcessQuery.1+552,1,
37,2138885225,0,%SYS.ProcessQuery.1+553,1,
CALL,2138885226,0,%SYS.ProcessQuery.1+553
38,2138885228,0,%SYS.NOJRN+0,0,
37,2138885229,0,%SYS.NOJRN+17,1,
37,2138885233,0,%SYS.NOJRN+18,1,
QUIT,2138885234,18
38,2138885235,0,%SYS.ProcessQuery.1+0,0,
37,2138885236,0,%SYS.ProcessQuery.1+554,1,
QUIT,2138885238,554
38,2138885239,0,%SYS.ISCLOG+0,0,
37,2138885240,0,%SYS.ISCLOG+30,1,
37,2138885243,0,%SYS.ISCLOG+31,1,
QUIT,2138885244,31
51,2138885245,0,%SYS.ISCLOG+31,1,
51,2138885247,0,%SYS.ISCLOG+31,1,
51,2138885248,0,%SYS.ISCLOG+31,1,
51,2138885250,0,%SYS.ISCLOG+31,1,
51,2138885251,0,%SYS.ISCLOG+31,1,
51,2138885252,0,%SYS.ISCLOG+31,1,
51,2138885253,0,%SYS.ISCLOG+31,1,
51,2138885255,0,%SYS.ISCLOG+31,1,
51,2138885256,0,%SYS.ISCLOG+31,1,
51,2138885257,0,%SYS.ISCLOG+31,1,
51,2138885258,0,%SYS.ISCLOG+31,1,
38,2138885260,1,%Net.HttpRequest.1+0,0,
37,2138885261,1,%Net.HttpRequest.1+778,1,
37,2138885263,1,%Net.HttpRequest.1+786,1,
37,2138885265,1,%Net.HttpRequest.1+787,1,
37,2138885266,1,%Net.HttpRequest.1+790,1,
37,2138885268,1,%Net.HttpRequest.1+791,1,
37,2138885269,1,%Net.HttpRequest.1+799,1,
37,2138885271,1,%Net.HttpRequest.1+800,1,
37,2138885272,1,%Net.HttpRequest.1+801,1,
37,2138885273,1,%Net.HttpRequest.1+802,1,
37,2138885275,1,%Net.HttpRequest.1+803,1,
CALL,2138885277,1,%Net.HttpRequest.1+803
ARG,[ 0] STR (len=20): 4H004700490067006F005A00760077004500710062003900780062004A0054006F0035005500550044
ARG,[ 1] STR (len=12): 4H0058002D0052004500510055004500530054002D00490044
ARG,[ 2] INT: 91
ARG,[ 3] OREF: 17
38,2138885289,1,%Net.HttpResponse.1+0,0,
50,2138885291,1,%Net.HttpResponse.1+56,1,
50,2138885292,1,%Net.HttpResponse.1+56,1,
50,2138885294,1,%Net.HttpResponse.1+56,1,
37,2138885295,1,%Net.HttpResponse.1+57,1,
37,2138885296,1,%Net.HttpResponse.1+58,1,
50,2138885300,1,%Net.HttpResponse.1+58,1,
50,2138885302,1,%Net.HttpResponse.1+58,1,
37,2138885304,1,%Net.HttpResponse.1+59,1,
QUIT,2138885305,59
51,2138885305,1,%Net.HttpResponse.1+59,1,
51,2138885307,1,%Net.HttpResponse.1+59,1,
51,2138885308,1,%Net.HttpResponse.1+59,1,
38,2138885309,1,%Net.HttpRequest.1+0,0,
37,2138885311,1,%Net.HttpRequest.1+805,1,
51,2138885312,1,%Net.HttpRequest.1+806,1,
50,2138885314,1,%Net.HttpRequest.1+806,1,
37,2138885315,1,%Net.HttpRequest.1+806,1,
51,2138885317,1,%Net.HttpRequest.1+808,1,
50,2138885318,1,%Net.HttpRequest.1+808,1,
37,2138885320,1,%Net.HttpRequest.1+808,1,
37,2138885321,1,%Net.HttpRequest.1+853,1,
37,2138885323,1,%Net.HttpRequest.1+891,1,
37,2138885324,1,%Net.HttpRequest.1+894,1,
37,2138885325,1,%Net.HttpRequest.1+925,1,
37,2138885327,1,%Net.HttpRequest.1+727,1,
51,2138885328,1,%Net.HttpRequest.1+727,1,
50,2138885329,1,%Net.HttpRequest.1+727,1,
37,2138885331,1,%Net.HttpRequest.1+728,1,
37,2138885332,1,%Net.HttpRequest.1+729,1,
37,2138885334,1,%Net.HttpRequest.1+732,1,
37,2138885335,1,%Net.HttpRequest.1+733,1,
37,2138885336,1,%Net.HttpRequest.1+738,1,
37,2138885338,1,%Net.HttpRequest.1+741,1,
51,2138886108,1,%Net.HttpRequest.1+741,1,
50,2138886112,1,%Net.HttpRequest.1+741,1,
37,2138886114,1,%Net.HttpRequest.1+743,1,
37,2138886115,1,%Net.HttpRequest.1+747,1,
37,2138886117,1,%Net.HttpRequest.1+751,1,
50,2138886119,1,%Net.HttpRequest.1+751,1,
51,2138886121,1,%Net.HttpRequest.1+751,1,
37,2138886122,1,%Net.HttpRequest.1+752,1,
CALL,2138886125,1,%Net.HttpRequest.1+752
ARG,[ 0] INT: 5
ARG,[ 1] STR (len=32): 4H006100630063006500730073002D0063006F006E00740072006F006C002D0061006C006C006F0077002D006F0072006900670069006E003A0020002A000D000A
ARG,[ 2] STR (len=16): 4H0052006500610064002000660072006F006D0020007300650072007600650072
ARG,[ 3] STR (len=11): 4H00480074007400700052006500710075006500730074
ARG,[ 4] INT: 3
ARG,[ 5] STR (len=18): 4H0025004E00650074002E00480074007400700052006500710075006500730074002E0031
38,2138886148,0,%SYS.ISCLOG+0,0,
50,2138886151,0,%SYS.ISCLOG+8,1,
50,2138886152,0,%SYS.ISCLOG+8,1,
50,2138886154,0,%SYS.ISCLOG+8,1,
50,2138886155,0,%SYS.ISCLOG+8,1,
50,2138886156,0,%SYS.ISCLOG+8,1,
50,2138886158,0,%SYS.ISCLOG+8,1,
50,2138886159,0,%SYS.ISCLOG+8,1,
50,2138886160,0,%SYS.ISCLOG+8,1,
37,2138886162,0,%SYS.ISCLOG+9,1,
37,2138886163,0,%SYS.ISCLOG+10,1,
0,2138886166,0,%SYS.ISCLOG+10,1,254953434C4F47^0^5^0
20,2138886168,0,%SYS.ISCLOG+10,1,254953434C4F47^0^5^0
37,2138886170,0,%SYS.ISCLOG+11,1,
0,2138886172,0,%SYS.ISCLOG+11,1,254953434C4F4700274558494B53565D^0^5^0
20,2138886173,0,%SYS.ISCLOG+11,1,254953434C4F4700274558494B53565D^0^5^0
37,2138886175,0,%SYS.ISCLOG+12,1,
0,2138886176,0,%SYS.ISCLOG+12,1,254953434C4F47002E5346^0^5^0
37,2138886178,0,%SYS.ISCLOG+13,1,
37,2138886179,0,%SYS.ISCLOG+14,1,
37,2138886181,0,%SYS.ISCLOG+15,1,
50,2138886184,0,%SYS.ISCLOG+16,1,
37,2138886185,0,%SYS.ISCLOG+16,1,
37,2138886186,0,%SYS.ISCLOG+17,1,
37,2138886188,0,%SYS.ISCLOG+18,1,
CALL,2138886190,0,%SYS.ISCLOG+18
38,2138886191,0,%SYS.NOJRN+0,0,
37,2138886192,0,%SYS.NOJRN+13,1,
CALL,2138886195,0,%SYS.NOJRN+13
37,2138886195,0,%SYS.NOJRN+9,1,
37,2138886197,0,%SYS.NOJRN+10,1,
QUIT,2138886199,10
QUIT,2138886199,13
38,2138886200,0,%SYS.ISCLOG+0,0,
50,2138886202,0,%SYS.ISCLOG+18,1,
37,2138886203,0,%SYS.ISCLOG+19,1,
37,2138886205,0,%SYS.ISCLOG+20,1,
37,2138886206,0,%SYS.ISCLOG+21,1,
37,2138886208,0,%SYS.ISCLOG+25,1,
0,2138886210,0,%SYS.ISCLOG+25,1,4953434C4F470028455845^0^5^0
1,2138886211,0,%SYS.ISCLOG+25,1,4953434C4F470028455845^0^5^0
20,2138886214,0,%SYS.ISCLOG+25,1,4953434C4F470028455845^0^5^0
50,2138886215,0,%SYS.ISCLOG+26,1,
37,2138886217,0,%SYS.ISCLOG+26,1,
0,2138886221,0,%SYS.ISCLOG+26,1,4953434C4F47002845584500161D284C5A^0^5^0
1,2138886223,0,%SYS.ISCLOG+26,1,4953434C4F47002845584500161D284C5A^0^5^0
20,2138886224,0,%SYS.ISCLOG+26,1,4953434C4F47002845584500161D284C5A^0^5^0
37,2138886226,0,%SYS.ISCLOG+27,1,
0,2138887100,0,%SYS.ISCLOG+27,1,4953434C4F47002845584500161D284C5A0010^0^5^0
1,2138887104,0,%SYS.ISCLOG+27,1,4953434C4F47002845584500161D284C5A0010^0^5^0
20,2138887106,0,%SYS.ISCLOG+27,1,4953434C4F47002845584500161D284C5A0010^0^5^0
0,2138887109,0,%SYS.ISCLOG+27,1,4953434C4F47002845584500161D284C5A0010^0^5^0
37,2138887110,0,%SYS.ISCLOG+28,1,
37,2138887113,0,%SYS.ISCLOG+29,1,
CALL,2138887115,0,%SYS.ISCLOG+29
ARG,[ 0] INT: 0
38,2138887117,0,%SYS.ProcessQuery.1+0,0,
37,2138887119,0,%SYS.ProcessQuery.1+552,1,
37,2138887121,0,%SYS.ProcessQuery.1+553,1,
CALL,2138887122,0,%SYS.ProcessQuery.1+553
38,2138887124,0,%SYS.NOJRN+0,0,
37,2138887126,0,%SYS.NOJRN+17,1,
37,2138887128,0,%SYS.NOJRN+18,1,
QUIT,2138887130,18
38,2138887130,0,%SYS.ProcessQuery.1+0,0,
37,2138887132,0,%SYS.ProcessQuery.1+554,1,
QUIT,2138887133,554
38,2138887134,0,%SYS.ISCLOG+0,0,
37,2138887135,0,%SYS.ISCLOG+30,1,
37,2138887139,0,%SYS.ISCLOG+31,1,
QUIT,2138887140,31
51,2138887141,0,%SYS.ISCLOG+31,1,
51,2138887142,0,%SYS.ISCLOG+31,1,
51,2138887144,0,%SYS.ISCLOG+31,1,
51,2138887145,0,%SYS.ISCLOG+31,1,
51,2138887147,0,%SYS.ISCLOG+31,1,
51,2138887149,0,%SYS.ISCLOG+31,1,
51,2138887150,0,%SYS.ISCLOG+31,1,
51,2138887151,0,%SYS.ISCLOG+31,1,
51,2138887152,0,%SYS.ISCLOG+31,1,
51,2138887154,0,%SYS.ISCLOG+31,1,
51,2138887155,0,%SYS.ISCLOG+31,1,
38,2138887157,1,%Net.HttpRequest.1+0,0,
37,2138887158,1,%Net.HttpRequest.1+753,1,
37,2138887161,1,%Net.HttpRequest.1+757,1,
37,2138887163,1,%Net.HttpRequest.1+758,1,
37,2138887164,1,%Net.HttpRequest.1+765,1,
37,2138887165,1,%Net.HttpRequest.1+774,1,
37,2138887167,1,%Net.HttpRequest.1+727,1,
37,2138887168,1,%Net.HttpRequest.1+728,1,
37,2138887170,1,%Net.HttpRequest.1+729,1,
37,2138887171,1,%Net.HttpRequest.1+730,1,
50,2138887172,1,%Net.HttpRequest.1+730,1,
51,2138887174,1,%Net.HttpRequest.1+730,1,
37,2138887175,1,%Net.HttpRequest.1+777,1,
CALL,2138887178,1,%Net.HttpRequest.1+777
ARG,[ 0] INT: 5
ARG,[ 1] STR (len=30): 4H006100630063006500730073002D0063006F006E00740072006F006C002D0061006C006C006F0077002D006F0072006900670069006E003A0020002A
ARG,[ 2] STR (len=23): 4H0052004500410044003A002000730074006100740065003D0032002C00200075007300650064003D003300360032
ARG,[ 3] STR (len=11): 4H00480074007400700052006500710075006500730074
ARG,[ 4] INT: 3
ARG,[ 5] STR (len=18): 4H0025004E00650074002E00480074007400700052006500710075006500730074002E0031
38,2138887202,0,%SYS.ISCLOG+0,0,
50,2138887203,0,%SYS.ISCLOG+8,1,
50,2138887205,0,%SYS.ISCLOG+8,1,
50,2138887206,0,%SYS.ISCLOG+8,1,
50,2138887207,0,%SYS.ISCLOG+8,1,
50,2138887209,0,%SYS.ISCLOG+8,1,
50,2138887210,0,%SYS.ISCLOG+8,1,
50,2138887211,0,%SYS.ISCLOG+8,1,
50,2138887213,0,%SYS.ISCLOG+8,1,
37,2138887214,0,%SYS.ISCLOG+9,1,
37,2138887215,0,%SYS.ISCLOG+10,1,
0,2138887218,0,%SYS.ISCLOG+10,1,254953434C4F47^0^5^0
20,2138887220,0,%SYS.ISCLOG+10,1,254953434C4F47^0^5^0
37,2138887221,0,%SYS.ISCLOG+11,1,
0,2138887223,0,%SYS.ISCLOG+11,1,254953434C4F4700274558494B53565D^0^5^0
20,2138887225,0,%SYS.ISCLOG+11,1,254953434C4F4700274558494B53565D^0^5^0
37,2138887226,0,%SYS.ISCLOG+12,1,
0,2138887228,0,%SYS.ISCLOG+12,1,254953434C4F47002E5346^0^5^0
37,2138887229,0,%SYS.ISCLOG+13,1,
37,2138887230,0,%SYS.ISCLOG+14,1,
37,2138887232,0,%SYS.ISCLOG+15,1,
50,2138887234,0,%SYS.ISCLOG+16,1,
37,2138887235,0,%SYS.ISCLOG+16,1,
37,2138887236,0,%SYS.ISCLOG+17,1,
37,2138887237,0,%SYS.ISCLOG+18,1,
CALL,2138887239,0,%SYS.ISCLOG+18
38,2138887240,0,%SYS.NOJRN+0,0,
37,2138887241,0,%SYS.NOJRN+13,1,
CALL,2138887242,0,%SYS.NOJRN+13
37,2138887243,0,%SYS.NOJRN+9,1,
37,2138887245,0,%SYS.NOJRN+10,1,
QUIT,2138887246,10
QUIT,2138887247,13
38,2138887247,0,%SYS.ISCLOG+0,0,
50,2138887249,0,%SYS.ISCLOG+18,1,
37,2138887250,0,%SYS.ISCLOG+19,1,
37,2138887252,0,%SYS.ISCLOG+20,1,
37,2138887253,0,%SYS.ISCLOG+21,1,
37,2138887255,0,%SYS.ISCLOG+25,1,
0,2138887256,0,%SYS.ISCLOG+25,1,4953434C4F470028455845^0^5^0
1,2138887258,0,%SYS.ISCLOG+25,1,4953434C4F470028455845^0^5^0
20,2138887260,0,%SYS.ISCLOG+25,1,4953434C4F470028455845^0^5^0
50,2138887262,0,%SYS.ISCLOG+26,1,
37,2138887263,0,%SYS.ISCLOG+26,1,
0,2138887267,0,%SYS.ISCLOG+26,1,4953434C4F47002845584500161D284C5B^0^5^0
1,2138888198,0,%SYS.ISCLOG+26,1,4953434C4F47002845584500161D284C5B^0^5^0
20,2138888202,0,%SYS.ISCLOG+26,1,4953434C4F47002845584500161D284C5B^0^5^0
37,2138888204,0,%SYS.ISCLOG+27,1,
0,2138888701,0,%SYS.ISCLOG+27,1,4953434C4F47002845584500161D284C5B0010^0^5^0
1,2138888704,0,%SYS.ISCLOG+27,1,4953434C4F47002845584500161D284C5B0010^0^5^0
20,2138888706,0,%SYS.ISCLOG+27,1,4953434C4F47002845584500161D284C5B0010^0^5^0
0,2138888709,0,%SYS.ISCLOG+27,1,4953434C4F47002845584500161D284C5B0010^0^5^0
37,2138888710,0,%SYS.ISCLOG+28,1,
37,2138888712,0,%SYS.ISCLOG+29,1,
CALL,2138888714,0,%SYS.ISCLOG+29
ARG,[ 0] INT: 0
38,2138888716,0,%SYS.ProcessQuery.1+0,0,
37,2138888718,0,%SYS.ProcessQuery.1+552,1,
37,2138888720,0,%SYS.ProcessQuery.1+553,1,
CALL,2138888722,0,%SYS.ProcessQuery.1+553
38,2138888723,0,%SYS.NOJRN+0,0,
37,2138888724,0,%SYS.NOJRN+17,1,
37,2138888727,0,%SYS.NOJRN+18,1,
QUIT,2138888728,18
38,2138888729,0,%SYS.ProcessQuery.1+0,0,
37,2138888730,0,%SYS.ProcessQuery.1+554,1,
QUIT,2138888732,554
38,2138888733,0,%SYS.ISCLOG+0,0,
37,2138888734,0,%SYS.ISCLOG+30,1,
37,2138888737,0,%SYS.ISCLOG+31,1,
QUIT,2138888738,31
51,2138888739,0,%SYS.ISCLOG+31,1,
51,2138888740,0,%SYS.ISCLOG+31,1,
51,2138888742,0,%SYS.ISCLOG+31,1,
51,2138888743,0,%SYS.ISCLOG+31,1,
51,2138888744,0,%SYS.ISCLOG+31,1,
51,2138888745,0,%SYS.ISCLOG+31,1,
51,2138888746,0,%SYS.ISCLOG+31,1,
51,2138888748,0,%SYS.ISCLOG+31,1,
51,2138888749,0,%SYS.ISCLOG+31,1,
51,2138888750,0,%SYS.ISCLOG+31,1,
51,2138888751,0,%SYS.ISCLOG+31,1,
38,2138888753,1,%Net.HttpRequest.1+0,0,
37,2138888754,1,%Net.HttpRequest.1+778,1,
37,2138888756,1,%Net.HttpRequest.1+786,1,
37,2138888757,1,%Net.HttpRequest.1+787,1,
37,2138888759,1,%Net.HttpRequest.1+790,1,
37,2138888760,1,%Net.HttpRequest.1+791,1,
37,2138888761,1,%Net.HttpRequest.1+799,1,
37,2138888763,1,%Net.HttpRequest.1+800,1,
37,2138888764,1,%Net.HttpRequest.1+801,1,
37,2138888765,1,%Net.HttpRequest.1+802,1,
37,2138888767,1,%Net.HttpRequest.1+803,1,
CALL,2138888768,1,%Net.HttpRequest.1+803
ARG,[ 0] STR (len=4): 4H0074007200750065
ARG,[ 1] STR (len=32): 4H004100430043004500530053002D0043004F004E00540052004F004C002D0041004C004C004F0057002D00430052004500440045004E005400490041004C0053
ARG,[ 2] INT: 91
ARG,[ 3] OREF: 17
38,2138888780,1,%Net.HttpResponse.1+0,0,
50,2138888782,1,%Net.HttpResponse.1+56,1,
50,2138888784,1,%Net.HttpResponse.1+56,1,
50,2138888785,1,%Net.HttpResponse.1+56,1,
37,2138888786,1,%Net.HttpResponse.1+57,1,
37,2138888788,1,%Net.HttpResponse.1+58,1,
50,2138888790,1,%Net.HttpResponse.1+58,1,
50,2138888792,1,%Net.HttpResponse.1+58,1,
37,2138888794,1,%Net.HttpResponse.1+59,1,
QUIT,2138888795,59
51,2138888795,1,%Net.HttpResponse.1+59,1,
51,2138888797,1,%Net.HttpResponse.1+59,1,
51,2138888798,1,%Net.HttpResponse.1+59,1,
38,2138888799,1,%Net.HttpRequest.1+0,0,
37,2138888801,1,%Net.HttpRequest.1+805,1,
51,2138888802,1,%Net.HttpRequest.1+806,1,
50,2138888803,1,%Net.HttpRequest.1+806,1,
37,2138888805,1,%Net.HttpRequest.1+806,1,
51,2138888806,1,%Net.HttpRequest.1+808,1,
50,2138888807,1,%Net.HttpRequest.1+808,1,
37,2138888809,1,%Net.HttpRequest.1+808,1,
37,2138888810,1,%Net.HttpRequest.1+853,1,
37,2138888812,1,%Net.HttpRequest.1+891,1,
37,2138888813,1,%Net.HttpRequest.1+894,1,
37,2138888814,1,%Net.HttpRequest.1+925,1,
37,2138888815,1,%Net.HttpRequest.1+727,1,
51,2138888817,1,%Net.HttpRequest.1+727,1,
50,2138888818,1,%Net.HttpRequest.1+727,1,
37,2138888819,1,%Net.HttpRequest.1+728,1,
37,2138888821,1,%Net.HttpRequest.1+729,1,
37,2138888822,1,%Net.HttpRequest.1+732,1,
37,2138888823,1,%Net.HttpRequest.1+733,1,
37,2138888825,1,%Net.HttpRequest.1+738,1,
37,2138888826,1,%Net.HttpRequest.1+741,1,
51,2138889709,1,%Net.HttpRequest.1+741,1,
50,2138889713,1,%Net.HttpRequest.1+741,1,
37,2138889715,1,%Net.HttpRequest.1+743,1,
37,2138889717,1,%Net.HttpRequest.1+747,1,
37,2138889718,1,%Net.HttpRequest.1+751,1,
37,2138889722,1,%Net.HttpRequest.1+752,1,
CALL,2138889726,1,%Net.HttpRequest.1+752
ARG,[ 0] INT: 5
ARG,[ 1] STR (len=93): 4H006100630063006500730073002D0063006F006E00740072006F006C002D006500780070006F00730065002D0068006500610064006500720073003A00200078002D0072006100740065002D006C0069006D00690074002D006C0069006D00690074002C0078002D0072006100740065002D006C0069006D00690074002D00720065006D00610069006E0069006E0067002C0078002D0072006100740065002D006C0069006D00690074002D00720065007300650074000D000A
ARG,[ 2] STR (len=16): 4H0052006500610064002000660072006F006D0020007300650072007600650072
ARG,[ 3] STR (len=11): 4H00480074007400700052006500710075006500730074
ARG,[ 4] INT: 3
ARG,[ 5] STR (len=18): 4H0025004E00650074002E00480074007400700052006500710075006500730074002E0031
38,2138889763,0,%SYS.ISCLOG+0,0,
50,2138889766,0,%SYS.ISCLOG+8,1,
50,2138889768,0,%SYS.ISCLOG+8,1,
50,2138889769,0,%SYS.ISCLOG+8,1,
50,2138889771,0,%SYS.ISCLOG+8,1,
50,2138889772,0,%SYS.ISCLOG+8,1,
50,2138889774,0,%SYS.ISCLOG+8,1,
50,2138889775,0,%SYS.ISCLOG+8,1,
50,2138889777,0,%SYS.ISCLOG+8,1,
37,2138889778,0,%SYS.ISCLOG+9,1,
37,2138889784,0,%SYS.ISCLOG+10,1,
0,2138889787,0,%SYS.ISCLOG+10,1,254953434C4F47^0^5^0
20,2138889791,0,%SYS.ISCLOG+10,1,254953434C4F47^0^5^0
37,2138889793,0,%SYS.ISCLOG+11,1,
0,2138889795,0,%SYS.ISCLOG+11,1,254953434C4F4700274558494B53565D^0^5^0
20,2138889797,0,%SYS.ISCLOG+11,1,254953434C4F4700274558494B53565D^0^5^0
37,2138889799,0,%SYS.ISCLOG+12,1,
0,2138889800,0,%SYS.ISCLOG+12,1,254953434C4F47002E5346^0^5^0
37,2138889802,0,%SYS.ISCLOG+13,1,
37,2138889803,0,%SYS.ISCLOG+14,1,
37,2138889807,0,%SYS.ISCLOG+15,1,
50,2138889812,0,%SYS.ISCLOG+16,1,
37,2138889814,0,%SYS.ISCLOG+16,1,
37,2138889816,0,%SYS.ISCLOG+17,1,
37,2138889818,0,%SYS.ISCLOG+18,1,
CALL,2138889820,0,%SYS.ISCLOG+18
38,2138889821,0,%SYS.NOJRN+0,0,
37,2138889823,0,%SYS.NOJRN+13,1,
CALL,2138889825,0,%SYS.NOJRN+13
37,2138889826,0,%SYS.NOJRN+9,1,
37,2138889829,0,%SYS.NOJRN+10,1,
QUIT,2138889830,10
QUIT,2138889831,13
38,2138889833,0,%SYS.ISCLOG+0,0,
50,2138889835,0,%SYS.ISCLOG+18,1,
37,2138889836,0,%SYS.ISCLOG+19,1,
37,2138889838,0,%SYS.ISCLOG+20,1,
37,2138889839,0,%SYS.ISCLOG+21,1,
37,2138889841,0,%SYS.ISCLOG+25,1,
0,2138889843,0,%SYS.ISCLOG+25,1,4953434C4F470028455845^0^5^0
1,2138889844,0,%SYS.ISCLOG+25,1,4953434C4F470028455845^0^5^0
20,2138889847,0,%SYS.ISCLOG+25,1,4953434C4F470028455845^0^5^0
50,2138889849,0,%SYS.ISCLOG+26,1,
37,2138889850,0,%SYS.ISCLOG+26,1,
0,2138889858,0,%SYS.ISCLOG+26,1,4953434C4F47002845584500161D284C5C^0^5^0
1,2138889859,0,%SYS.ISCLOG+26,1,4953434C4F47002845584500161D284C5C^0^5^0
20,2138889861,0,%SYS.ISCLOG+26,1,4953434C4F47002845584500161D284C5C^0^5^0
37,2138889864,0,%SYS.ISCLOG+27,1,
0,2138890454,0,%SYS.ISCLOG+27,1,4953434C4F47002845584500161D284C5C0010^0^5^0
1,2138890457,0,%SYS.ISCLOG+27,1,4953434C4F47002845584500161D284C5C0010^0^5^0
20,2138890459,0,%SYS.ISCLOG+27,1,4953434C4F47002845584500161D284C5C0010^0^5^0
0,2138890462,0,%SYS.ISCLOG+27,1,4953434C4F47002845584500161D284C5C0010^0^5^0
37,2138890463,0,%SYS.ISCLOG+28,1,
37,2138890465,0,%SYS.ISCLOG+29,1,
CALL,2138890467,0,%SYS.ISCLOG+29
ARG,[ 0] INT: 0
38,2138890470,0,%SYS.ProcessQuery.1+0,0,
37,2138890472,0,%SYS.ProcessQuery.1+552,1,
37,2138890474,0,%SYS.ProcessQuery.1+553,1,
CALL,2138890475,0,%SYS.ProcessQuery.1+553
38,2138890476,0,%SYS.NOJRN+0,0,
37,2138890478,0,%SYS.NOJRN+17,1,
37,2138890480,0,%SYS.NOJRN+18,1,
QUIT,2138890482,18
38,2138890482,0,%SYS.ProcessQuery.1+0,0,
37,2138890484,0,%SYS.ProcessQuery.1+554,1,
QUIT,2138890485,554
38,2138890486,0,%SYS.ISCLOG+0,0,
37,2138890487,0,%SYS.ISCLOG+30,1,
37,2138890490,0,%SYS.ISCLOG+31,1,
QUIT,2138890491,31
51,2138890491,0,%SYS.ISCLOG+31,1,
51,2138890493,0,%SYS.ISCLOG+31,1,
51,2138890495,0,%SYS.ISCLOG+31,1,
51,2138890496,0,%SYS.ISCLOG+31,1,
51,2138890498,0,%SYS.ISCLOG+31,1,
51,2138890499,0,%SYS.ISCLOG+31,1,
51,2138890500,0,%SYS.ISCLOG+31,1,
51,2138890502,0,%SYS.ISCLOG+31,1,
51,2138890503,0,%SYS.ISCLOG+31,1,
51,2138890504,0,%SYS.ISCLOG+31,1,
51,2138890506,0,%SYS.ISCLOG+31,1,
38,2138890508,1,%Net.HttpRequest.1+0,0,
37,2138890509,1,%Net.HttpRequest.1+753,1,
37,2138890511,1,%Net.HttpRequest.1+757,1,
37,2138890513,1,%Net.HttpRequest.1+758,1,
37,2138890515,1,%Net.HttpRequest.1+765,1,
37,2138890516,1,%Net.HttpRequest.1+774,1,
37,2138890517,1,%Net.HttpRequest.1+727,1,
37,2138890518,1,%Net.HttpRequest.1+728,1,
37,2138890520,1,%Net.HttpRequest.1+729,1,
37,2138890521,1,%Net.HttpRequest.1+730,1,
50,2138890523,1,%Net.HttpRequest.1+730,1,
51,2138890524,1,%Net.HttpRequest.1+730,1,
37,2138890526,1,%Net.HttpRequest.1+777,1,
CALL,2138890528,1,%Net.HttpRequest.1+777
ARG,[ 0] INT: 5
ARG,[ 1] STR (len=91): 4H006100630063006500730073002D0063006F006E00740072006F006C002D006500780070006F00730065002D0068006500610064006500720073003A00200078002D0072006100740065002D006C0069006D00690074002D006C0069006D00690074002C0078002D0072006100740065002D006C0069006D00690074002D00720065006D00610069006E0069006E0067002C0078002D0072006100740065002D006C0069006D00690074002D00720065007300650074
ARG,[ 2] STR (len=23): 4H0052004500410044003A002000730074006100740065003D0032002C00200075007300650064003D003400350034
ARG,[ 3] STR (len=11): 4H00480074007400700052006500710075006500730074
ARG,[ 4] INT: 3
ARG,[ 5] STR (len=18): 4H0025004E00650074002E00480074007400700052006500710075006500730074002E0031
38,2138890565,0,%SYS.ISCLOG+0,0,
50,2138890566,0,%SYS.ISCLOG+8,1,
50,2138890568,0,%SYS.ISCLOG+8,1,
50,2138890569,0,%SYS.ISCLOG+8,1,
50,2138890595,0,%SYS.ISCLOG+8,1,
50,2138890596,0,%SYS.ISCLOG+8,1,
50,2138890598,0,%SYS.ISCLOG+8,1,
50,2138890599,0,%SYS.ISCLOG+8,1,
50,2138890600,0,%SYS.ISCLOG+8,1,
37,2138890602,0,%SYS.ISCLOG+9,1,
37,2138890603,0,%SYS.ISCLOG+10,1,
0,2138890605,0,%SYS.ISCLOG+10,1,254953434C4F47^0^5^0
20,2138890608,0,%SYS.ISCLOG+10,1,254953434C4F47^0^5^0
37,2138890609,0,%SYS.ISCLOG+11,1,
0,2138890611,0,%SYS.ISCLOG+11,1,254953434C4F4700274558494B53565D^0^5^0
20,2138890613,0,%SYS.ISCLOG+11,1,254953434C4F4700274558494B53565D^0^5^0
37,2138890614,0,%SYS.ISCLOG+12,1,
0,2138890616,0,%SYS.ISCLOG+12,1,254953434C4F47002E5346^0^5^0
37,2138890617,0,%SYS.ISCLOG+13,1,
37,2138890618,0,%SYS.ISCLOG+14,1,
37,2138890620,0,%SYS.ISCLOG+15,1,
50,2138890622,0,%SYS.ISCLOG+16,1,
37,2138890623,0,%SYS.ISCLOG+16,1,
37,2138890624,0,%SYS.ISCLOG+17,1,
37,2138890625,0,%SYS.ISCLOG+18,1,
CALL,2138890627,0,%SYS.ISCLOG+18
38,2138890628,0,%SYS.NOJRN+0,0,
37,2138890629,0,%SYS.NOJRN+13,1,
CALL,2138890631,0,%SYS.NOJRN+13
37,2138890632,0,%SYS.NOJRN+9,1,
37,2138890633,0,%SYS.NOJRN+10,1,
QUIT,2138890634,10
QUIT,2138890635,13
38,2138890636,0,%SYS.ISCLOG+0,0,
50,2138890637,0,%SYS.ISCLOG+18,1,
37,2138890638,0,%SYS.ISCLOG+19,1,
37,2138890640,0,%SYS.ISCLOG+20,1,
37,2138890641,0,%SYS.ISCLOG+21,1,
37,2138890642,0,%SYS.ISCLOG+25,1,
0,2138890644,0,%SYS.ISCLOG+25,1,4953434C4F470028455845^0^5^0
1,2138890646,0,%SYS.ISCLOG+25,1,4953434C4F470028455845^0^5^0
20,2138891564,0,%SYS.ISCLOG+25,1,4953434C4F470028455845^0^5^0
50,2138891567,0,%SYS.ISCLOG+26,1,
37,2138891569,0,%SYS.ISCLOG+26,1,
0,2138891621,0,%SYS.ISCLOG+26,1,4953434C4F47002845584500161D284C5D^0^5^0
1,2138891623,0,%SYS.ISCLOG+26,1,4953434C4F47002845584500161D284C5D^0^5^0
20,2138891626,0,%SYS.ISCLOG+26,1,4953434C4F47002845584500161D284C5D^0^5^0
19,2138891633,0,%SYS.ISCLOG+26,1,4953434C4F47002845584500161D284C5D^0^5^0
20,2138891637,0,%SYS.ISCLOG+26,1,4953434C4F47002845584500161D284C5D^0^5^0
22,2138891693,0,%SYS.ISCLOG+26,1,4953434C4F47002845584500161D284C5D^0^5^0
25,2138891697,0,%SYS.ISCLOG+26,1,4953434C4F47002845584500161D284C5D^0^5^0
13,2138891809,0,%SYS.ISCLOG+26,1,4953434C4F47002845584500161D284C5D^0^5^0
37,2138891827,0,%SYS.ISCLOG+27,1,
0,2138893285,0,%SYS.ISCLOG+27,1,4953434C4F47002845584500161D284C5D0010^0^5^0
1,2138893288,0,%SYS.ISCLOG+27,1,4953434C4F47002845584500161D284C5D0010^0^5^0
20,2138893289,0,%SYS.ISCLOG+27,1,4953434C4F47002845584500161D284C5D0010^0^5^0
0,2138893292,0,%SYS.ISCLOG+27,1,4953434C4F47002845584500161D284C5D0010^0^5^0
37,2138893293,0,%SYS.ISCLOG+28,1,
37,2138893295,0,%SYS.ISCLOG+29,1,
CALL,2138893297,0,%SYS.ISCLOG+29
ARG,[ 0] INT: 0
38,2138893299,0,%SYS.ProcessQuery.1+0,0,
37,2138893300,0,%SYS.ProcessQuery.1+552,1,
37,2138893302,0,%SYS.ProcessQuery.1+553,1,
CALL,2138893304,0,%SYS.ProcessQuery.1+553
38,2138893305,0,%SYS.NOJRN+0,0,
37,2138893306,0,%SYS.NOJRN+17,1,
37,2138893309,0,%SYS.NOJRN+18,1,
QUIT,2138893310,18
38,2138893311,0,%SYS.ProcessQuery.1+0,0,
37,2138893312,0,%SYS.ProcessQuery.1+554,1,
QUIT,2138893313,554
38,2138893314,0,%SYS.ISCLOG+0,0,
37,2138893316,0,%SYS.ISCLOG+30,1,
37,2138893318,0,%SYS.ISCLOG+31,1,
QUIT,2138893319,31
51,2138893320,0,%SYS.ISCLOG+31,1,
51,2138893321,0,%SYS.ISCLOG+31,1,
51,2138893323,0,%SYS.ISCLOG+31,1,
51,2138893324,0,%SYS.ISCLOG+31,1,
51,2138893325,0,%SYS.ISCLOG+31,1,
51,2138893327,0,%SYS.ISCLOG+31,1,
51,2138893328,0,%SYS.ISCLOG+31,1,
51,2138893329,0,%SYS.ISCLOG+31,1,
51,2138893331,0,%SYS.ISCLOG+31,1,
51,2138893332,0,%SYS.ISCLOG+31,1,
51,2138893333,0,%SYS.ISCLOG+31,1,
38,2138893335,1,%Net.HttpRequest.1+0,0,
37,2138893336,1,%Net.HttpRequest.1+778,1,
37,2138893338,1,%Net.HttpRequest.1+786,1,
37,2138893339,1,%Net.HttpRequest.1+787,1,
37,2138893341,1,%Net.HttpRequest.1+790,1,
37,2138893342,1,%Net.HttpRequest.1+791,1,
37,2138893343,1,%Net.HttpRequest.1+799,1,
37,2138893345,1,%Net.HttpRequest.1+800,1,
37,2138893346,1,%Net.HttpRequest.1+801,1,
37,2138893347,1,%Net.HttpRequest.1+802,1,
37,2138893349,1,%Net.HttpRequest.1+803,1,
CALL,2138893351,1,%Net.HttpRequest.1+803
ARG,[ 0] STR (len=1): 4H002A
ARG,[ 1] STR (len=27): 4H004100430043004500530053002D0043004F004E00540052004F004C002D0041004C004C004F0057002D004F0052004900470049004E
ARG,[ 2] INT: 91
ARG,[ 3] OREF: 17
38,2138893361,1,%Net.HttpResponse.1+0,0,
50,2138893363,1,%Net.HttpResponse.1+56,1,
50,2138893364,1,%Net.HttpResponse.1+56,1,
50,2138893365,1,%Net.HttpResponse.1+56,1,
37,2138893367,1,%Net.HttpResponse.1+57,1,
37,2138893368,1,%Net.HttpResponse.1+58,1,
50,2138893371,1,%Net.HttpResponse.1+58,1,
50,2138893372,1,%Net.HttpResponse.1+58,1,
51,2138893374,1,%Net.HttpResponse.1+58,1,
50,2138893375,1,%Net.HttpResponse.1+58,1,
50,2138893377,1,%Net.HttpResponse.1+58,1,
37,2138893378,1,%Net.HttpResponse.1+59,1,
QUIT,2138893380,59
51,2138893380,1,%Net.HttpResponse.1+59,1,
51,2138893381,1,%Net.HttpResponse.1+59,1,
51,2138893383,1,%Net.HttpResponse.1+59,1,
38,2138893384,1,%Net.HttpRequest.1+0,0,
37,2138893385,1,%Net.HttpRequest.1+805,1,
37,2138893387,1,%Net.HttpRequest.1+806,1,
51,2138893389,1,%Net.HttpRequest.1+808,1,
50,2138893390,1,%Net.HttpRequest.1+808,1,
37,2138893391,1,%Net.HttpRequest.1+808,1,
37,2138893393,1,%Net.HttpRequest.1+853,1,
37,2138893394,1,%Net.HttpRequest.1+891,1,
37,2138893395,1,%Net.HttpRequest.1+894,1,
37,2138893397,1,%Net.HttpRequest.1+925,1,
37,2138893398,1,%Net.HttpRequest.1+727,1,
51,2138893399,1,%Net.HttpRequest.1+727,1,
50,2138893401,1,%Net.HttpRequest.1+727,1,
37,2138893402,1,%Net.HttpRequest.1+728,1,
37,2138893403,1,%Net.HttpRequest.1+729,1,
37,2138893404,1,%Net.HttpRequest.1+732,1,
37,2138893406,1,%Net.HttpRequest.1+733,1,
37,2138893407,1,%Net.HttpRequest.1+738,1,
37,2138893409,1,%Net.HttpRequest.1+741,1,
51,2138893847,1,%Net.HttpRequest.1+741,1,
50,2138893851,1,%Net.HttpRequest.1+741,1,
37,2138893853,1,%Net.HttpRequest.1+743,1,
37,2138893855,1,%Net.HttpRequest.1+747,1,
37,2138893857,1,%Net.HttpRequest.1+751,1,
37,2138893859,1,%Net.HttpRequest.1+752,1,
CALL,2138893862,1,%Net.HttpRequest.1+752
ARG,[ 0] INT: 5
ARG,[ 1] STR (len=25): 4H0078002D0072006100740065002D006C0069006D00690074002D006C0069006D00690074003A0020003100300030000D000A
ARG,[ 2] STR (len=16): 4H0052006500610064002000660072006F006D0020007300650072007600650072
ARG,[ 3] STR (len=11): 4H00480074007400700052006500710075006500730074
ARG,[ 4] INT: 3
ARG,[ 5] STR (len=18): 4H0025004E00650074002E00480074007400700052006500710075006500730074002E0031
38,2138893884,0,%SYS.ISCLOG+0,0,
50,2138893887,0,%SYS.ISCLOG+8,1,
50,2138893889,0,%SYS.ISCLOG+8,1,
50,2138893890,0,%SYS.ISCLOG+8,1,
50,2138893892,0,%SYS.ISCLOG+8,1,
50,2138893893,0,%SYS.ISCLOG+8,1,
50,2138893895,0,%SYS.ISCLOG+8,1,
50,2138893896,0,%SYS.ISCLOG+8,1,
50,2138893897,0,%SYS.ISCLOG+8,1,
37,2138893899,0,%SYS.ISCLOG+9,1,
37,2138893900,0,%SYS.ISCLOG+10,1,
0,2138893903,0,%SYS.ISCLOG+10,1,254953434C4F47^0^5^0
20,2138893906,0,%SYS.ISCLOG+10,1,254953434C4F47^0^5^0
37,2138893908,0,%SYS.ISCLOG+11,1,
0,2138893910,0,%SYS.ISCLOG+11,1,254953434C4F4700274558494B53565D^0^5^0
20,2138893911,0,%SYS.ISCLOG+11,1,254953434C4F4700274558494B53565D^0^5^0
37,2138893913,0,%SYS.ISCLOG+12,1,
0,2138893915,0,%SYS.ISCLOG+12,1,254953434C4F47002E5346^0^5^0
37,2138893916,0,%SYS.ISCLOG+13,1,
37,2138893917,0,%SYS.ISCLOG+14,1,
37,2138893920,0,%SYS.ISCLOG+15,1,
50,2138893924,0,%SYS.ISCLOG+16,1,
37,2138893925,0,%SYS.ISCLOG+16,1,
37,2138893926,0,%SYS.ISCLOG+17,1,
37,2138893928,0,%SYS.ISCLOG+18,1,
CALL,2138893930,0,%SYS.ISCLOG+18
38,2138893931,0,%SYS.NOJRN+0,0,
37,2138893932,0,%SYS.NOJRN+13,1,
CALL,2138893935,0,%SYS.NOJRN+13
37,2138893936,0,%SYS.NOJRN+9,1,
37,2138893938,0,%SYS.NOJRN+10,1,
QUIT,2138893939,10
QUIT,2138893940,13
38,2138893941,0,%SYS.ISCLOG+0,0,
50,2138893943,0,%SYS.ISCLOG+18,1,
37,2138893944,0,%SYS.ISCLOG+19,1,
37,2138893946,0,%SYS.ISCLOG+20,1,
37,2138893948,0,%SYS.ISCLOG+21,1,
37,2138893949,0,%SYS.ISCLOG+25,1,
0,2138893951,0,%SYS.ISCLOG+25,1,4953434C4F470028455845^0^5^0
1,2138893953,0,%SYS.ISCLOG+25,1,4953434C4F470028455845^0^5^0
20,2138893956,0,%SYS.ISCLOG+25,1,4953434C4F470028455845^0^5^0
50,2138893957,0,%SYS.ISCLOG+26,1,
37,2138893959,0,%SYS.ISCLOG+26,1,
0,2138893964,0,%SYS.ISCLOG+26,1,4953434C4F47002845584500161D284C5E^0^5^0
1,2138893966,0,%SYS.ISCLOG+26,1,4953434C4F47002845584500161D284C5E^0^5^0
20,2138893968,0,%SYS.ISCLOG+26,1,4953434C4F47002845584500161D284C5E^0^5^0
37,2138893970,0,%SYS.ISCLOG+27,1,
0,2138894796,0,%SYS.ISCLOG+27,1,4953434C4F47002845584500161D284C5E0010^0^5^0
1,2138894799,0,%SYS.ISCLOG+27,1,4953434C4F47002845584500161D284C5E0010^0^5^0
20,2138894801,0,%SYS.ISCLOG+27,1,4953434C4F47002845584500161D284C5E0010^0^5^0
0,2138894803,0,%SYS.ISCLOG+27,1,4953434C4F47002845584500161D284C5E0010^0^5^0
37,2138894805,0,%SYS.ISCLOG+28,1,
37,2138894806,0,%SYS.ISCLOG+29,1,
CALL,2138894808,0,%SYS.ISCLOG+29
ARG,[ 0] INT: 0
38,2138894810,0,%SYS.ProcessQuery.1+0,0,
37,2138894812,0,%SYS.ProcessQuery.1+552,1,
37,2138894813,0,%SYS.ProcessQuery.1+553,1,
CALL,2138894815,0,%SYS.ProcessQuery.1+553
38,2138894816,0,%SYS.NOJRN+0,0,
37,2138894817,0,%SYS.NOJRN+17,1,
37,2138894819,0,%SYS.NOJRN+18,1,
QUIT,2138894820,18
38,2138894821,0,%SYS.ProcessQuery.1+0,0,
37,2138894822,0,%SYS.ProcessQuery.1+554,1,
QUIT,2138894823,554
38,2138894824,0,%SYS.ISCLOG+0,0,
37,2138894825,0,%SYS.ISCLOG+30,1,
37,2138894828,0,%SYS.ISCLOG+31,1,
QUIT,2138894829,31
51,2138894829,0,%SYS.ISCLOG+31,1,
51,2138894831,0,%SYS.ISCLOG+31,1,
51,2138894832,0,%SYS.ISCLOG+31,1,
51,2138894834,0,%SYS.ISCLOG+31,1,
51,2138894835,0,%SYS.ISCLOG+31,1,
51,2138894836,0,%SYS.ISCLOG+31,1,
51,2138894837,0,%SYS.ISCLOG+31,1,
51,2138894838,0,%SYS.ISCLOG+31,1,
51,2138894839,0,%SYS.ISCLOG+31,1,
51,2138894841,0,%SYS.ISCLOG+31,1,
51,2138894842,0,%SYS.ISCLOG+31,1,
38,2138894844,1,%Net.HttpRequest.1+0,0,
37,2138894845,1,%Net.HttpRequest.1+753,1,
37,2138894847,1,%Net.HttpRequest.1+757,1,
37,2138894849,1,%Net.HttpRequest.1+758,1,
37,2138894850,1,%Net.HttpRequest.1+765,1,
37,2138894851,1,%Net.HttpRequest.1+774,1,
37,2138894853,1,%Net.HttpRequest.1+727,1,
37,2138894854,1,%Net.HttpRequest.1+728,1,
37,2138894855,1,%Net.HttpRequest.1+729,1,
37,2138894856,1,%Net.HttpRequest.1+730,1,
50,2138894857,1,%Net.HttpRequest.1+730,1,
51,2138894859,1,%Net.HttpRequest.1+730,1,
37,2138894860,1,%Net.HttpRequest.1+777,1,
CALL,2138894862,1,%Net.HttpRequest.1+777
ARG,[ 0] INT: 5
ARG,[ 1] STR (len=23): 4H0078002D0072006100740065002D006C0069006D00690074002D006C0069006D00690074003A0020003100300030
ARG,[ 2] STR (len=23): 4H0052004500410044003A002000730074006100740065003D0032002C00200075007300650064003D003400370038
ARG,[ 3] STR (len=11): 4H00480074007400700052006500710075006500730074
ARG,[ 4] INT: 3
ARG,[ 5] STR (len=18): 4H0025004E00650074002E00480074007400700052006500710075006500730074002E0031
38,2138894881,0,%SYS.ISCLOG+0,0,
50,2138894883,0,%SYS.ISCLOG+8,1,
50,2138894884,0,%SYS.ISCLOG+8,1,
50,2138894885,0,%SYS.ISCLOG+8,1,
50,2138894887,0,%SYS.ISCLOG+8,1,
50,2138894888,0,%SYS.ISCLOG+8,1,
50,2138894889,0,%SYS.ISCLOG+8,1,
50,2138894890,0,%SYS.ISCLOG+8,1,
50,2138894891,0,%SYS.ISCLOG+8,1,
37,2138894893,0,%SYS.ISCLOG+9,1,
37,2138894894,0,%SYS.ISCLOG+10,1,
0,2138894896,0,%SYS.ISCLOG+10,1,254953434C4F47^0^5^0
20,2138894898,0,%SYS.ISCLOG+10,1,254953434C4F47^0^5^0
37,2138894899,0,%SYS.ISCLOG+11,1,
0,2138894901,0,%SYS.ISCLOG+11,1,254953434C4F4700274558494B53565D^0^5^0
20,2138894902,0,%SYS.ISCLOG+11,1,254953434C4F4700274558494B53565D^0^5^0
37,2138894903,0,%SYS.ISCLOG+12,1,
0,2138894905,0,%SYS.ISCLOG+12,1,254953434C4F47002E5346^0^5^0
37,2138894906,0,%SYS.ISCLOG+13,1,
37,2138894907,0,%SYS.ISCLOG+14,1,
37,2138894908,0,%SYS.ISCLOG+15,1,
50,2138894910,0,%SYS.ISCLOG+16,1,
37,2138894911,0,%SYS.ISCLOG+16,1,
37,2138894912,0,%SYS.ISCLOG+17,1,
37,2138894913,0,%SYS.ISCLOG+18,1,
CALL,2138894915,0,%SYS.ISCLOG+18
38,2138894915,0,%SYS.NOJRN+0,0,
37,2138894917,0,%SYS.NOJRN+13,1,
CALL,2138894918,0,%SYS.NOJRN+13
37,2138894919,0,%SYS.NOJRN+9,1,
37,2138894920,0,%SYS.NOJRN+10,1,
QUIT,2138894921,10
QUIT,2138894922,13
38,2138894922,0,%SYS.ISCLOG+0,0,
50,2138894923,0,%SYS.ISCLOG+18,1,
37,2138894924,0,%SYS.ISCLOG+19,1,
37,2138894928,0,%SYS.ISCLOG+20,1,
37,2138894929,0,%SYS.ISCLOG+21,1,
37,2138894931,0,%SYS.ISCLOG+25,1,
0,2138894932,0,%SYS.ISCLOG+25,1,4953434C4F470028455845^0^5^0
1,2138894933,0,%SYS.ISCLOG+25,1,4953434C4F470028455845^0^5^0
20,2138894935,0,%SYS.ISCLOG+25,1,4953434C4F470028455845^0^5^0
50,2138894937,0,%SYS.ISCLOG+26,1,
37,2138894938,0,%SYS.ISCLOG+26,1,
0,2138894942,0,%SYS.ISCLOG+26,1,4953434C4F47002845584500161D284C5F^0^5^0
1,2138894943,0,%SYS.ISCLOG+26,1,4953434C4F47002845584500161D284C5F^0^5^0
20,2138896359,0,%SYS.ISCLOG+26,1,4953434C4F47002845584500161D284C5F^0^5^0
37,2138896362,0,%SYS.ISCLOG+27,1,
0,2138896894,0,%SYS.ISCLOG+27,1,4953434C4F47002845584500161D284C5F0010^0^5^0
1,2138896897,0,%SYS.ISCLOG+27,1,4953434C4F47002845584500161D284C5F0010^0^5^0
20,2138896899,0,%SYS.ISCLOG+27,1,4953434C4F47002845584500161D284C5F0010^0^5^0
0,2138896901,0,%SYS.ISCLOG+27,1,4953434C4F47002845584500161D284C5F0010^0^5^0
37,2138896903,0,%SYS.ISCLOG+28,1,
37,2138896905,0,%SYS.ISCLOG+29,1,
CALL,2138896906,0,%SYS.ISCLOG+29
ARG,[ 0] INT: 0
38,2138896908,0,%SYS.ProcessQuery.1+0,0,
37,2138896910,0,%SYS.ProcessQuery.1+552,1,
37,2138896912,0,%SYS.ProcessQuery.1+553,1,
CALL,2138896913,0,%SYS.ProcessQuery.1+553
38,2138896914,0,%SYS.NOJRN+0,0,
37,2138896915,0,%SYS.NOJRN+17,1,
37,2138896918,0,%SYS.NOJRN+18,1,
QUIT,2138896919,18
38,2138896920,0,%SYS.ProcessQuery.1+0,0,
37,2138896921,0,%SYS.ProcessQuery.1+554,1,
QUIT,2138896922,554
38,2138896923,0,%SYS.ISCLOG+0,0,
37,2138896924,0,%SYS.ISCLOG+30,1,
37,2138896926,0,%SYS.ISCLOG+31,1,
QUIT,2138896927,31
51,2138896928,0,%SYS.ISCLOG+31,1,
51,2138896929,0,%SYS.ISCLOG+31,1,
51,2138896930,0,%SYS.ISCLOG+31,1,
51,2138896932,0,%SYS.ISCLOG+31,1,
51,2138896933,0,%SYS.ISCLOG+31,1,
51,2138896934,0,%SYS.ISCLOG+31,1,
51,2138896935,0,%SYS.ISCLOG+31,1,
51,2138896936,0,%SYS.ISCLOG+31,1,
51,2138896937,0,%SYS.ISCLOG+31,1,
51,2138896938,0,%SYS.ISCLOG+31,1,
51,2138896940,0,%SYS.ISCLOG+31,1,
38,2138896941,1,%Net.HttpRequest.1+0,0,
37,2138896942,1,%Net.HttpRequest.1+778,1,
37,2138896944,1,%Net.HttpRequest.1+786,1,
37,2138896945,1,%Net.HttpRequest.1+787,1,
37,2138896946,1,%Net.HttpRequest.1+790,1,
37,2138896948,1,%Net.HttpRequest.1+791,1,
37,2138896949,1,%Net.HttpRequest.1+799,1,
37,2138896950,1,%Net.HttpRequest.1+800,1,
37,2138896951,1,%Net.HttpRequest.1+801,1,
37,2138896953,1,%Net.HttpRequest.1+802,1,
37,2138896954,1,%Net.HttpRequest.1+803,1,
CALL,2138896955,1,%Net.HttpRequest.1+803
ARG,[ 0] STR (len=60): 4H0078002D0072006100740065002D006C0069006D00690074002D006C0069006D00690074002C0078002D0072006100740065002D006C0069006D00690074002D00720065006D00610069006E0069006E0067002C0078002D0072006100740065002D006C0069006D00690074002D00720065007300650074
ARG,[ 1] STR (len=29): 4H004100430043004500530053002D0043004F004E00540052004F004C002D004500580050004F00530045002D0048004500410044004500520053
ARG,[ 2] INT: 91
ARG,[ 3] OREF: 17
38,2138896977,1,%Net.HttpResponse.1+0,0,
50,2138896979,1,%Net.HttpResponse.1+56,1,
50,2138896980,1,%Net.HttpResponse.1+56,1,
50,2138896981,1,%Net.HttpResponse.1+56,1,
37,2138896982,1,%Net.HttpResponse.1+57,1,
37,2138896984,1,%Net.HttpResponse.1+58,1,
50,2138896987,1,%Net.HttpResponse.1+58,1,
50,2138896988,1,%Net.HttpResponse.1+58,1,
51,2138896990,1,%Net.HttpResponse.1+58,1,
50,2138896991,1,%Net.HttpResponse.1+58,1,
50,2138896993,1,%Net.HttpResponse.1+58,1,
37,2138896994,1,%Net.HttpResponse.1+59,1,
QUIT,2138896995,59
51,2138896995,1,%Net.HttpResponse.1+59,1,
51,2138896996,1,%Net.HttpResponse.1+59,1,
51,2138896997,1,%Net.HttpResponse.1+59,1,
38,2138896999,1,%Net.HttpRequest.1+0,0,
37,2138897000,1,%Net.HttpRequest.1+805,1,
37,2138897001,1,%Net.HttpRequest.1+806,1,
51,2138897003,1,%Net.HttpRequest.1+808,1,
50,2138897004,1,%Net.HttpRequest.1+808,1,
37,2138897005,1,%Net.HttpRequest.1+808,1,
37,2138897007,1,%Net.HttpRequest.1+853,1,
37,2138897008,1,%Net.HttpRequest.1+891,1,
37,2138897009,1,%Net.HttpRequest.1+894,1,
37,2138897010,1,%Net.HttpRequest.1+925,1,
37,2138897011,1,%Net.HttpRequest.1+727,1,
51,2138897012,1,%Net.HttpRequest.1+727,1,
50,2138897014,1,%Net.HttpRequest.1+727,1,
37,2138897015,1,%Net.HttpRequest.1+728,1,
37,2138897016,1,%Net.HttpRequest.1+729,1,
37,2138897017,1,%Net.HttpRequest.1+732,1,
37,2138897019,1,%Net.HttpRequest.1+733,1,
37,2138897020,1,%Net.HttpRequest.1+738,1,
37,2138897021,1,%Net.HttpRequest.1+741,1,
37,2138897784,1,%Net.HttpRequest.1+743,1,
37,2138897787,1,%Net.HttpRequest.1+747,1,
37,2138897789,1,%Net.HttpRequest.1+751,1,
37,2138897792,1,%Net.HttpRequest.1+752,1,
CALL,2138897795,1,%Net.HttpRequest.1+752
ARG,[ 0] INT: 5
ARG,[ 1] STR (len=28): 4H0078002D0072006100740065002D006C0069006D00690074002D00720065006D00610069006E0069006E0067003A002000390039000D000A
ARG,[ 2] STR (len=16): 4H0052006500610064002000660072006F006D0020007300650072007600650072
ARG,[ 3] STR (len=11): 4H00480074007400700052006500710075006500730074
ARG,[ 4] INT: 3
ARG,[ 5] STR (len=18): 4H0025004E00650074002E00480074007400700052006500710075006500730074002E0031
38,2138897816,0,%SYS.ISCLOG+0,0,
50,2138897819,0,%SYS.ISCLOG+8,1,
50,2138897820,0,%SYS.ISCLOG+8,1,
50,2138897822,0,%SYS.ISCLOG+8,1,
50,2138897823,0,%SYS.ISCLOG+8,1,
50,2138897825,0,%SYS.ISCLOG+8,1,
50,2138897826,0,%SYS.ISCLOG+8,1,
50,2138897827,0,%SYS.ISCLOG+8,1,
50,2138897829,0,%SYS.ISCLOG+8,1,
37,2138897830,0,%SYS.ISCLOG+9,1,
37,2138897831,0,%SYS.ISCLOG+10,1,
0,2138897834,0,%SYS.ISCLOG+10,1,254953434C4F47^0^5^0
20,2138897836,0,%SYS.ISCLOG+10,1,254953434C4F47^0^5^0
37,2138897838,0,%SYS.ISCLOG+11,1,
0,2138897840,0,%SYS.ISCLOG+11,1,254953434C4F4700274558494B53565D^0^5^0
20,2138897842,0,%SYS.ISCLOG+11,1,254953434C4F4700274558494B53565D^0^5^0
37,2138897844,0,%SYS.ISCLOG+12,1,
0,2138897845,0,%SYS.ISCLOG+12,1,254953434C4F47002E5346^0^5^0
37,2138897846,0,%SYS.ISCLOG+13,1,
37,2138897847,0,%SYS.ISCLOG+14,1,
37,2138897850,0,%SYS.ISCLOG+15,1,
50,2138897853,0,%SYS.ISCLOG+16,1,
37,2138897854,0,%SYS.ISCLOG+16,1,
37,2138897856,0,%SYS.ISCLOG+17,1,
37,2138897857,0,%SYS.ISCLOG+18,1,
CALL,2138897859,0,%SYS.ISCLOG+18
38,2138897860,0,%SYS.NOJRN+0,0,
37,2138897861,0,%SYS.NOJRN+13,1,
CALL,2138897863,0,%SYS.NOJRN+13
37,2138897864,0,%SYS.NOJRN+9,1,
37,2138897866,0,%SYS.NOJRN+10,1,
QUIT,2138897867,10
QUIT,2138897868,13
38,2138897869,0,%SYS.ISCLOG+0,0,
50,2138897871,0,%SYS.ISCLOG+18,1,
37,2138897872,0,%SYS.ISCLOG+19,1,
37,2138897873,0,%SYS.ISCLOG+20,1,
37,2138897880,0,%SYS.ISCLOG+21,1,
37,2138897881,0,%SYS.ISCLOG+25,1,
0,2138897883,0,%SYS.ISCLOG+25,1,4953434C4F470028455845^0^5^0
1,2138897884,0,%SYS.ISCLOG+25,1,4953434C4F470028455845^0^5^0
20,2138897886,0,%SYS.ISCLOG+25,1,4953434C4F470028455845^0^5^0
50,2138897888,0,%SYS.ISCLOG+26,1,
37,2138897889,0,%SYS.ISCLOG+26,1,
0,2138897894,0,%SYS.ISCLOG+26,1,4953434C4F47002845584500161D284C60^0^5^0
1,2138897896,0,%SYS.ISCLOG+26,1,4953434C4F47002845584500161D284C60^0^5^0
20,2138897898,0,%SYS.ISCLOG+26,1,4953434C4F47002845584500161D284C60^0^5^0
37,2138897899,0,%SYS.ISCLOG+27,1,
0,2138898618,0,%SYS.ISCLOG+27,1,4953434C4F47002845584500161D284C600010^0^5^0
1,2138898621,0,%SYS.ISCLOG+27,1,4953434C4F47002845584500161D284C600010^0^5^0
20,2138898623,0,%SYS.ISCLOG+27,1,4953434C4F47002845584500161D284C600010^0^5^0
0,2138898625,0,%SYS.ISCLOG+27,1,4953434C4F47002845584500161D284C600010^0^5^0
37,2138898627,0,%SYS.ISCLOG+28,1,
37,2138898629,0,%SYS.ISCLOG+29,1,
CALL,2138898631,0,%SYS.ISCLOG+29
ARG,[ 0] INT: 0
38,2138898633,0,%SYS.ProcessQuery.1+0,0,
37,2138898635,0,%SYS.ProcessQuery.1+552,1,
37,2138898636,0,%SYS.ProcessQuery.1+553,1,
CALL,2138898638,0,%SYS.ProcessQuery.1+553
38,2138898639,0,%SYS.NOJRN+0,0,
37,2138898640,0,%SYS.NOJRN+17,1,
37,2138898643,0,%SYS.NOJRN+18,1,
QUIT,2138898644,18
38,2138898644,0,%SYS.ProcessQuery.1+0,0,
37,2138898646,0,%SYS.ProcessQuery.1+554,1,
QUIT,2138898647,554
38,2138898647,0,%SYS.ISCLOG+0,0,
37,2138898649,0,%SYS.ISCLOG+30,1,
37,2138898651,0,%SYS.ISCLOG+31,1,
QUIT,2138898652,31
51,2138898653,0,%SYS.ISCLOG+31,1,
51,2138898655,0,%SYS.ISCLOG+31,1,
51,2138898656,0,%SYS.ISCLOG+31,1,
51,2138898657,0,%SYS.ISCLOG+31,1,
51,2138898658,0,%SYS.ISCLOG+31,1,
51,2138898660,0,%SYS.ISCLOG+31,1,
51,2138898661,0,%SYS.ISCLOG+31,1,
51,2138898662,0,%SYS.ISCLOG+31,1,
51,2138898663,0,%SYS.ISCLOG+31,1,
51,2138898664,0,%SYS.ISCLOG+31,1,
51,2138898665,0,%SYS.ISCLOG+31,1,
38,2138898668,1,%Net.HttpRequest.1+0,0,
37,2138898669,1,%Net.HttpRequest.1+753,1,
37,2138898671,1,%Net.HttpRequest.1+757,1,
37,2138898673,1,%Net.HttpRequest.1+758,1,
37,2138898674,1,%Net.HttpRequest.1+765,1,
37,2138898675,1,%Net.HttpRequest.1+774,1,
37,2138898676,1,%Net.HttpRequest.1+727,1,
37,2138898678,1,%Net.HttpRequest.1+728,1,
37,2138898679,1,%Net.HttpRequest.1+729,1,
37,2138898680,1,%Net.HttpRequest.1+730,1,
50,2138898682,1,%Net.HttpRequest.1+730,1,
51,2138898683,1,%Net.HttpRequest.1+730,1,
37,2138898684,1,%Net.HttpRequest.1+777,1,
CALL,2138898686,1,%Net.HttpRequest.1+777
ARG,[ 0] INT: 5
ARG,[ 1] STR (len=26): 4H0078002D0072006100740065002D006C0069006D00690074002D00720065006D00610069006E0069006E0067003A002000390039
ARG,[ 2] STR (len=23): 4H0052004500410044003A002000730074006100740065003D0032002C00200075007300650064003D003500300035
ARG,[ 3] STR (len=11): 4H00480074007400700052006500710075006500730074
ARG,[ 4] INT: 3
ARG,[ 5] STR (len=18): 4H0025004E00650074002E00480074007400700052006500710075006500730074002E0031
38,2138898707,0,%SYS.ISCLOG+0,0,
50,2138898708,0,%SYS.ISCLOG+8,1,
50,2138898710,0,%SYS.ISCLOG+8,1,
50,2138898711,0,%SYS.ISCLOG+8,1,
50,2138898712,0,%SYS.ISCLOG+8,1,
50,2138898713,0,%SYS.ISCLOG+8,1,
50,2138898715,0,%SYS.ISCLOG+8,1,
50,2138898716,0,%SYS.ISCLOG+8,1,
50,2138898717,0,%SYS.ISCLOG+8,1,
37,2138898718,0,%SYS.ISCLOG+9,1,
37,2138898719,0,%SYS.ISCLOG+10,1,
0,2138898721,0,%SYS.ISCLOG+10,1,254953434C4F47^0^5^0
20,2138898723,0,%SYS.ISCLOG+10,1,254953434C4F47^0^5^0
37,2138898725,0,%SYS.ISCLOG+11,1,
0,2138898727,0,%SYS.ISCLOG+11,1,254953434C4F4700274558494B53565D^0^5^0
20,2138898728,0,%SYS.ISCLOG+11,1,254953434C4F4700274558494B53565D^0^5^0
37,2138898729,0,%SYS.ISCLOG+12,1,
0,2138898731,0,%SYS.ISCLOG+12,1,254953434C4F47002E5346^0^5^0
37,2138898732,0,%SYS.ISCLOG+13,1,
37,2138898733,0,%SYS.ISCLOG+14,1,
37,2138898735,0,%SYS.ISCLOG+15,1,
50,2138898737,0,%SYS.ISCLOG+16,1,
37,2138898738,0,%SYS.ISCLOG+16,1,
37,2138898739,0,%SYS.ISCLOG+17,1,
37,2138898740,0,%SYS.ISCLOG+18,1,
CALL,2138898741,0,%SYS.ISCLOG+18
38,2138898742,0,%SYS.NOJRN+0,0,
37,2138898743,0,%SYS.NOJRN+13,1,
CALL,2138898745,0,%SYS.NOJRN+13
37,2138898746,0,%SYS.NOJRN+9,1,
37,2138898747,0,%SYS.NOJRN+10,1,
QUIT,2138898748,10
QUIT,2138898749,13
38,2138898749,0,%SYS.ISCLOG+0,0,
50,2138898750,0,%SYS.ISCLOG+18,1,
37,2138898752,0,%SYS.ISCLOG+19,1,
37,2138898753,0,%SYS.ISCLOG+20,1,
37,2138898754,0,%SYS.ISCLOG+21,1,
37,2138898756,0,%SYS.ISCLOG+25,1,
0,2138898757,0,%SYS.ISCLOG+25,1,4953434C4F470028455845^0^5^0
1,2138898759,0,%SYS.ISCLOG+25,1,4953434C4F470028455845^0^5^0
20,2138898761,0,%SYS.ISCLOG+25,1,4953434C4F470028455845^0^5^0
50,2138898762,0,%SYS.ISCLOG+26,1,
37,2138898763,0,%SYS.ISCLOG+26,1,
0,2138898767,0,%SYS.ISCLOG+26,1,4953434C4F47002845584500161D284C61^0^5^0
1,2138898769,0,%SYS.ISCLOG+26,1,4953434C4F47002845584500161D284C61^0^5^0
20,2138899444,0,%SYS.ISCLOG+26,1,4953434C4F47002845584500161D284C61^0^5^0
37,2138899446,0,%SYS.ISCLOG+27,1,
0,2138899822,0,%SYS.ISCLOG+27,1,4953434C4F47002845584500161D284C610010^0^5^0
1,2138899824,0,%SYS.ISCLOG+27,1,4953434C4F47002845584500161D284C610010^0^5^0
20,2138899827,0,%SYS.ISCLOG+27,1,4953434C4F47002845584500161D284C610010^0^5^0
0,2138899830,0,%SYS.ISCLOG+27,1,4953434C4F47002845584500161D284C610010^0^5^0
37,2138899832,0,%SYS.ISCLOG+28,1,
37,2138899834,0,%SYS.ISCLOG+29,1,
CALL,2138899837,0,%SYS.ISCLOG+29
ARG,[ 0] INT: 0
38,2138899840,0,%SYS.ProcessQuery.1+0,0,
37,2138899842,0,%SYS.ProcessQuery.1+552,1,
37,2138899845,0,%SYS.ProcessQuery.1+553,1,
CALL,2138899847,0,%SYS.ProcessQuery.1+553
38,2138899848,0,%SYS.NOJRN+0,0,
37,2138899849,0,%SYS.NOJRN+17,1,
37,2138899852,0,%SYS.NOJRN+18,1,
QUIT,2138899853,18
38,2138899854,0,%SYS.ProcessQuery.1+0,0,
37,2138899856,0,%SYS.ProcessQuery.1+554,1,
QUIT,2138899857,554
38,2138899858,0,%SYS.ISCLOG+0,0,
37,2138899859,0,%SYS.ISCLOG+30,1,
37,2138899862,0,%SYS.ISCLOG+31,1,
QUIT,2138899863,31
51,2138899864,0,%SYS.ISCLOG+31,1,
51,2138899865,0,%SYS.ISCLOG+31,1,
51,2138899867,0,%SYS.ISCLOG+31,1,
51,2138899869,0,%SYS.ISCLOG+31,1,
51,2138899870,0,%SYS.ISCLOG+31,1,
51,2138899871,0,%SYS.ISCLOG+31,1,
51,2138899872,0,%SYS.ISCLOG+31,1,
51,2138899874,0,%SYS.ISCLOG+31,1,
51,2138899875,0,%SYS.ISCLOG+31,1,
51,2138899876,0,%SYS.ISCLOG+31,1,
51,2138899877,0,%SYS.ISCLOG+31,1,
38,2138899879,1,%Net.HttpRequest.1+0,0,
37,2138899880,1,%Net.HttpRequest.1+778,1,
37,2138899882,1,%Net.HttpRequest.1+786,1,
37,2138899883,1,%Net.HttpRequest.1+787,1,
37,2138899884,1,%Net.HttpRequest.1+790,1,
37,2138899886,1,%Net.HttpRequest.1+791,1,
37,2138899887,1,%Net.HttpRequest.1+799,1,
37,2138899888,1,%Net.HttpRequest.1+800,1,
37,2138899890,1,%Net.HttpRequest.1+801,1,
37,2138899891,1,%Net.HttpRequest.1+802,1,
37,2138899892,1,%Net.HttpRequest.1+803,1,
CALL,2138899895,1,%Net.HttpRequest.1+803
ARG,[ 0] STR (len=3): 4H003100300030
ARG,[ 1] STR (len=18): 4H0058002D0052004100540045002D004C0049004D00490054002D004C0049004D00490054
ARG,[ 2] INT: 91
ARG,[ 3] OREF: 17
38,2138899905,1,%Net.HttpResponse.1+0,0,
50,2138899907,1,%Net.HttpResponse.1+56,1,
50,2138899908,1,%Net.HttpResponse.1+56,1,
50,2138899909,1,%Net.HttpResponse.1+56,1,
37,2138899911,1,%Net.HttpResponse.1+57,1,
37,2138899912,1,%Net.HttpResponse.1+58,1,
50,2138899921,1,%Net.HttpResponse.1+58,1,
50,2138899923,1,%Net.HttpResponse.1+58,1,
51,2138899924,1,%Net.HttpResponse.1+58,1,
50,2138899925,1,%Net.HttpResponse.1+58,1,
50,2138899927,1,%Net.HttpResponse.1+58,1,
37,2138899928,1,%Net.HttpResponse.1+59,1,
QUIT,2138899929,59
51,2138899930,1,%Net.HttpResponse.1+59,1,
51,2138899931,1,%Net.HttpResponse.1+59,1,
51,2138899932,1,%Net.HttpResponse.1+59,1,
38,2138899933,1,%Net.HttpRequest.1+0,0,
37,2138899934,1,%Net.HttpRequest.1+805,1,
37,2138899936,1,%Net.HttpRequest.1+806,1,
37,2138899941,1,%Net.HttpRequest.1+808,1,
37,2138899943,1,%Net.HttpRequest.1+853,1,
37,2138899944,1,%Net.HttpRequest.1+891,1,
37,2138899945,1,%Net.HttpRequest.1+894,1,
37,2138899946,1,%Net.HttpRequest.1+925,1,
37,2138899948,1,%Net.HttpRequest.1+727,1,
51,2138899949,1,%Net.HttpRequest.1+727,1,
50,2138899950,1,%Net.HttpRequest.1+727,1,
37,2138899951,1,%Net.HttpRequest.1+728,1,
37,2138899952,1,%Net.HttpRequest.1+729,1,
37,2138899953,1,%Net.HttpRequest.1+732,1,
37,2138899955,1,%Net.HttpRequest.1+733,1,
37,2138899956,1,%Net.HttpRequest.1+738,1,
37,2138899957,1,%Net.HttpRequest.1+741,1,
37,2138900279,1,%Net.HttpRequest.1+743,1,
37,2138900282,1,%Net.HttpRequest.1+747,1,
37,2138900283,1,%Net.HttpRequest.1+751,1,
37,2138900285,1,%Net.HttpRequest.1+752,1,
CALL,2138900287,1,%Net.HttpRequest.1+752
ARG,[ 0] INT: 5
ARG,[ 1] STR (len=27): 4H0078002D0072006100740065002D006C0069006D00690074002D00720065007300650074003A002000330036003700320034000D000A
ARG,[ 2] STR (len=16): 4H0052006500610064002000660072006F006D0020007300650072007600650072
ARG,[ 3] STR (len=11): 4H00480074007400700052006500710075006500730074
ARG,[ 4] INT: 3
ARG,[ 5] STR (len=18): 4H0025004E00650074002E00480074007400700052006500710075006500730074002E0031
38,2138900307,0,%SYS.ISCLOG+0,0,
50,2138900309,0,%SYS.ISCLOG+8,1,
50,2138900310,0,%SYS.ISCLOG+8,1,
50,2138900311,0,%SYS.ISCLOG+8,1,
50,2138900312,0,%SYS.ISCLOG+8,1,
50,2138900313,0,%SYS.ISCLOG+8,1,
50,2138900315,0,%SYS.ISCLOG+8,1,
50,2138900316,0,%SYS.ISCLOG+8,1,
50,2138900317,0,%SYS.ISCLOG+8,1,
37,2138900318,0,%SYS.ISCLOG+9,1,
37,2138900319,0,%SYS.ISCLOG+10,1,
0,2138900321,0,%SYS.ISCLOG+10,1,254953434C4F47^0^5^0
20,2138900324,0,%SYS.ISCLOG+10,1,254953434C4F47^0^5^0
37,2138900325,0,%SYS.ISCLOG+11,1,
0,2138900327,0,%SYS.ISCLOG+11,1,254953434C4F4700274558494B53565D^0^5^0
20,2138900328,0,%SYS.ISCLOG+11,1,254953434C4F4700274558494B53565D^0^5^0
37,2138900329,0,%SYS.ISCLOG+12,1,
0,2138900331,0,%SYS.ISCLOG+12,1,254953434C4F47002E5346^0^5^0
37,2138900332,0,%SYS.ISCLOG+13,1,
37,2138900333,0,%SYS.ISCLOG+14,1,
37,2138900335,0,%SYS.ISCLOG+15,1,
50,2138900337,0,%SYS.ISCLOG+16,1,
37,2138900338,0,%SYS.ISCLOG+16,1,
37,2138900339,0,%SYS.ISCLOG+17,1,
37,2138900341,0,%SYS.ISCLOG+18,1,
CALL,2138900342,0,%SYS.ISCLOG+18
38,2138900343,0,%SYS.NOJRN+0,0,
37,2138900344,0,%SYS.NOJRN+13,1,
CALL,2138900346,0,%SYS.NOJRN+13
37,2138900347,0,%SYS.NOJRN+9,1,
37,2138900348,0,%SYS.NOJRN+10,1,
QUIT,2138900349,10
QUIT,2138900350,13
38,2138900351,0,%SYS.ISCLOG+0,0,
50,2138900352,0,%SYS.ISCLOG+18,1,
37,2138900353,0,%SYS.ISCLOG+19,1,
37,2138900355,0,%SYS.ISCLOG+20,1,
37,2138900356,0,%SYS.ISCLOG+21,1,
37,2138900357,0,%SYS.ISCLOG+25,1,
0,2138900359,0,%SYS.ISCLOG+25,1,4953434C4F470028455845^0^5^0
1,2138900360,0,%SYS.ISCLOG+25,1,4953434C4F470028455845^0^5^0
20,2138900363,0,%SYS.ISCLOG+25,1,4953434C4F470028455845^0^5^0
50,2138900364,0,%SYS.ISCLOG+26,1,
37,2138900365,0,%SYS.ISCLOG+26,1,
0,2138900370,0,%SYS.ISCLOG+26,1,4953434C4F47002845584500161D284C62^0^5^0
1,2138900371,0,%SYS.ISCLOG+26,1,4953434C4F47002845584500161D284C62^0^5^0
20,2138900373,0,%SYS.ISCLOG+26,1,4953434C4F47002845584500161D284C62^0^5^0
37,2138900374,0,%SYS.ISCLOG+27,1,
0,2138901083,0,%SYS.ISCLOG+27,1,4953434C4F47002845584500161D284C620010^0^5^0
1,2138901085,0,%SYS.ISCLOG+27,1,4953434C4F47002845584500161D284C620010^0^5^0
20,2138901086,0,%SYS.ISCLOG+27,1,4953434C4F47002845584500161D284C620010^0^5^0
0,2138901088,0,%SYS.ISCLOG+27,1,4953434C4F47002845584500161D284C620010^0^5^0
37,2138901090,0,%SYS.ISCLOG+28,1,
37,2138901092,0,%SYS.ISCLOG+29,1,
CALL,2138901093,0,%SYS.ISCLOG+29
ARG,[ 0] INT: 0
38,2138901095,0,%SYS.ProcessQuery.1+0,0,
37,2138901096,0,%SYS.ProcessQuery.1+552,1,
37,2138901098,0,%SYS.ProcessQuery.1+553,1,
CALL,2138901100,0,%SYS.ProcessQuery.1+553
38,2138901100,0,%SYS.NOJRN+0,0,
37,2138901102,0,%SYS.NOJRN+17,1,
37,2138901104,0,%SYS.NOJRN+18,1,
QUIT,2138901105,18
38,2138901106,0,%SYS.ProcessQuery.1+0,0,
37,2138901107,0,%SYS.ProcessQuery.1+554,1,
QUIT,2138901108,554
38,2138901109,0,%SYS.ISCLOG+0,0,
37,2138901110,0,%SYS.ISCLOG+30,1,
37,2138901112,0,%SYS.ISCLOG+31,1,
QUIT,2138901113,31
51,2138901114,0,%SYS.ISCLOG+31,1,
51,2138901115,0,%SYS.ISCLOG+31,1,
51,2138901116,0,%SYS.ISCLOG+31,1,
51,2138901117,0,%SYS.ISCLOG+31,1,
51,2138901118,0,%SYS.ISCLOG+31,1,
51,2138901119,0,%SYS.ISCLOG+31,1,
51,2138901120,0,%SYS.ISCLOG+31,1,
51,2138901121,0,%SYS.ISCLOG+31,1,
51,2138901122,0,%SYS.ISCLOG+31,1,
51,2138901123,0,%SYS.ISCLOG+31,1,
51,2138901124,0,%SYS.ISCLOG+31,1,
38,2138901126,1,%Net.HttpRequest.1+0,0,
37,2138901127,1,%Net.HttpRequest.1+753,1,
37,2138901131,1,%Net.HttpRequest.1+757,1,
37,2138901135,1,%Net.HttpRequest.1+758,1,
37,2138901136,1,%Net.HttpRequest.1+765,1,
37,2138901137,1,%Net.HttpRequest.1+774,1,
37,2138901138,1,%Net.HttpRequest.1+727,1,
37,2138901139,1,%Net.HttpRequest.1+728,1,
37,2138901141,1,%Net.HttpRequest.1+729,1,
37,2138901142,1,%Net.HttpRequest.1+730,1,
50,2138901143,1,%Net.HttpRequest.1+730,1,
51,2138901144,1,%Net.HttpRequest.1+730,1,
37,2138901146,1,%Net.HttpRequest.1+777,1,
CALL,2138901148,1,%Net.HttpRequest.1+777
ARG,[ 0] INT: 5
ARG,[ 1] STR (len=25): 4H0078002D0072006100740065002D006C0069006D00690074002D00720065007300650074003A002000330036003700320034
ARG,[ 2] STR (len=23): 4H0052004500410044003A002000730074006100740065003D0032002C00200075007300650064003D003500330031
ARG,[ 3] STR (len=11): 4H00480074007400700052006500710075006500730074
ARG,[ 4] INT: 3
ARG,[ 5] STR (len=18): 4H0025004E00650074002E00480074007400700052006500710075006500730074002E0031
38,2138901168,0,%SYS.ISCLOG+0,0,
50,2138901170,0,%SYS.ISCLOG+8,1,
50,2138901171,0,%SYS.ISCLOG+8,1,
50,2138901172,0,%SYS.ISCLOG+8,1,
50,2138901173,0,%SYS.ISCLOG+8,1,
50,2138901174,0,%SYS.ISCLOG+8,1,
50,2138901176,0,%SYS.ISCLOG+8,1,
50,2138901177,0,%SYS.ISCLOG+8,1,
50,2138901178,0,%SYS.ISCLOG+8,1,
37,2138901179,0,%SYS.ISCLOG+9,1,
37,2138901180,0,%SYS.ISCLOG+10,1,
0,2138901182,0,%SYS.ISCLOG+10,1,254953434C4F47^0^5^0
20,2138901183,0,%SYS.ISCLOG+10,1,254953434C4F47^0^5^0
37,2138901185,0,%SYS.ISCLOG+11,1,
0,2138901186,0,%SYS.ISCLOG+11,1,254953434C4F4700274558494B53565D^0^5^0
20,2138901188,0,%SYS.ISCLOG+11,1,254953434C4F4700274558494B53565D^0^5^0
37,2138901189,0,%SYS.ISCLOG+12,1,
0,2138901190,0,%SYS.ISCLOG+12,1,254953434C4F47002E5346^0^5^0
37,2138901191,0,%SYS.ISCLOG+13,1,
37,2138901193,0,%SYS.ISCLOG+14,1,
37,2138901194,0,%SYS.ISCLOG+15,1,
50,2138901196,0,%SYS.ISCLOG+16,1,
37,2138901197,0,%SYS.ISCLOG+16,1,
37,2138901198,0,%SYS.ISCLOG+17,1,
37,2138901199,0,%SYS.ISCLOG+18,1,
CALL,2138901200,0,%SYS.ISCLOG+18
38,2138901201,0,%SYS.NOJRN+0,0,
37,2138901202,0,%SYS.NOJRN+13,1,
CALL,2138901204,0,%SYS.NOJRN+13
37,2138901204,0,%SYS.NOJRN+9,1,
37,2138901206,0,%SYS.NOJRN+10,1,
QUIT,2138901207,10
QUIT,2138901208,13
38,2138901208,0,%SYS.ISCLOG+0,0,
50,2138901209,0,%SYS.ISCLOG+18,1,
37,2138901210,0,%SYS.ISCLOG+19,1,
37,2138901212,0,%SYS.ISCLOG+20,1,
37,2138901213,0,%SYS.ISCLOG+21,1,
37,2138901214,0,%SYS.ISCLOG+25,1,
0,2138901216,0,%SYS.ISCLOG+25,1,4953434C4F470028455845^0^5^0
1,2138901217,0,%SYS.ISCLOG+25,1,4953434C4F470028455845^0^5^0
20,2138901219,0,%SYS.ISCLOG+25,1,4953434C4F470028455845^0^5^0
50,2138901220,0,%SYS.ISCLOG+26,1,
37,2138901221,0,%SYS.ISCLOG+26,1,
0,2138901225,0,%SYS.ISCLOG+26,1,4953434C4F47002845584500161D284C63^0^5^0
1,2138901227,0,%SYS.ISCLOG+26,1,4953434C4F47002845584500161D284C63^0^5^0
20,2138901957,0,%SYS.ISCLOG+26,1,4953434C4F47002845584500161D284C63^0^5^0
37,2138901959,0,%SYS.ISCLOG+27,1,
0,2138902845,0,%SYS.ISCLOG+27,1,4953434C4F47002845584500161D284C630010^0^5^0
1,2138902847,0,%SYS.ISCLOG+27,1,4953434C4F47002845584500161D284C630010^0^5^0
20,2138902848,0,%SYS.ISCLOG+27,1,4953434C4F47002845584500161D284C630010^0^5^0
0,2138902850,0,%SYS.ISCLOG+27,1,4953434C4F47002845584500161D284C630010^0^5^0
37,2138902852,0,%SYS.ISCLOG+28,1,
37,2138902853,0,%SYS.ISCLOG+29,1,
CALL,2138902855,0,%SYS.ISCLOG+29
ARG,[ 0] INT: 0
38,2138902856,0,%SYS.ProcessQuery.1+0,0,
37,2138902858,0,%SYS.ProcessQuery.1+552,1,
37,2138902860,0,%SYS.ProcessQuery.1+553,1,
CALL,2138902861,0,%SYS.ProcessQuery.1+553
38,2138902862,0,%SYS.NOJRN+0,0,
37,2138902863,0,%SYS.NOJRN+17,1,
37,2138902865,0,%SYS.NOJRN+18,1,
QUIT,2138902866,18
38,2138902867,0,%SYS.ProcessQuery.1+0,0,
37,2138902868,0,%SYS.ProcessQuery.1+554,1,
QUIT,2138902869,554
38,2138902870,0,%SYS.ISCLOG+0,0,
37,2138902871,0,%SYS.ISCLOG+30,1,
37,2138902873,0,%SYS.ISCLOG+31,1,
QUIT,2138902874,31
51,2138902874,0,%SYS.ISCLOG+31,1,
51,2138902875,0,%SYS.ISCLOG+31,1,
51,2138902876,0,%SYS.ISCLOG+31,1,
51,2138902877,0,%SYS.ISCLOG+31,1,
51,2138902878,0,%SYS.ISCLOG+31,1,
51,2138902879,0,%SYS.ISCLOG+31,1,
51,2138902880,0,%SYS.ISCLOG+31,1,
51,2138902881,0,%SYS.ISCLOG+31,1,
51,2138902882,0,%SYS.ISCLOG+31,1,
51,2138902883,0,%SYS.ISCLOG+31,1,
51,2138902884,0,%SYS.ISCLOG+31,1,
38,2138902885,1,%Net.HttpRequest.1+0,0,
37,2138902886,1,%Net.HttpRequest.1+778,1,
37,2138902889,1,%Net.HttpRequest.1+786,1,
37,2138902891,1,%Net.HttpRequest.1+787,1,
37,2138902892,1,%Net.HttpRequest.1+790,1,
37,2138902893,1,%Net.HttpRequest.1+791,1,
37,2138902894,1,%Net.HttpRequest.1+799,1,
37,2138902895,1,%Net.HttpRequest.1+800,1,
37,2138902896,1,%Net.HttpRequest.1+801,1,
37,2138902897,1,%Net.HttpRequest.1+802,1,
37,2138902898,1,%Net.HttpRequest.1+803,1,
CALL,2138902900,1,%Net.HttpRequest.1+803
ARG,[ 0] STR (len=2): 4H00390039
ARG,[ 1] STR (len=22): 4H0058002D0052004100540045002D004C0049004D00490054002D00520045004D00410049004E0049004E0047
ARG,[ 2] INT: 91
ARG,[ 3] OREF: 17
38,2138902907,1,%Net.HttpResponse.1+0,0,
50,2138902909,1,%Net.HttpResponse.1+56,1,
50,2138902910,1,%Net.HttpResponse.1+56,1,
50,2138902911,1,%Net.HttpResponse.1+56,1,
37,2138902912,1,%Net.HttpResponse.1+57,1,
37,2138902914,1,%Net.HttpResponse.1+58,1,
50,2138902916,1,%Net.HttpResponse.1+58,1,
50,2138902918,1,%Net.HttpResponse.1+58,1,
51,2138902919,1,%Net.HttpResponse.1+58,1,
50,2138902920,1,%Net.HttpResponse.1+58,1,
50,2138902921,1,%Net.HttpResponse.1+58,1,
37,2138902923,1,%Net.HttpResponse.1+59,1,
QUIT,2138902924,59
51,2138902924,1,%Net.HttpResponse.1+59,1,
51,2138902925,1,%Net.HttpResponse.1+59,1,
51,2138902926,1,%Net.HttpResponse.1+59,1,
38,2138902927,1,%Net.HttpRequest.1+0,0,
37,2138902928,1,%Net.HttpRequest.1+805,1,
37,2138902929,1,%Net.HttpRequest.1+806,1,
51,2138902931,1,%Net.HttpRequest.1+808,1,
50,2138902932,1,%Net.HttpRequest.1+808,1,
37,2138902933,1,%Net.HttpRequest.1+808,1,
37,2138902934,1,%Net.HttpRequest.1+853,1,
37,2138902935,1,%Net.HttpRequest.1+891,1,
37,2138902936,1,%Net.HttpRequest.1+894,1,
37,2138902937,1,%Net.HttpRequest.1+925,1,
37,2138902939,1,%Net.HttpRequest.1+727,1,
51,2138902940,1,%Net.HttpRequest.1+727,1,
50,2138902941,1,%Net.HttpRequest.1+727,1,
37,2138902942,1,%Net.HttpRequest.1+728,1,
37,2138902943,1,%Net.HttpRequest.1+729,1,
37,2138902944,1,%Net.HttpRequest.1+732,1,
37,2138902945,1,%Net.HttpRequest.1+733,1,
37,2138902946,1,%Net.HttpRequest.1+738,1,
37,2138902947,1,%Net.HttpRequest.1+741,1,
51,2138903526,1,%Net.HttpRequest.1+741,1,
50,2138903529,1,%Net.HttpRequest.1+741,1,
37,2138903530,1,%Net.HttpRequest.1+743,1,
37,2138903531,1,%Net.HttpRequest.1+747,1,
37,2138903532,1,%Net.HttpRequest.1+751,1,
37,2138903534,1,%Net.HttpRequest.1+752,1,
CALL,2138903536,1,%Net.HttpRequest.1+752
ARG,[ 0] INT: 5
ARG,[ 1] STR (len=2): 4H000D000A
ARG,[ 2] STR (len=16): 4H0052006500610064002000660072006F006D0020007300650072007600650072
ARG,[ 3] STR (len=11): 4H00480074007400700052006500710075006500730074
ARG,[ 4] INT: 3
ARG,[ 5] STR (len=18): 4H0025004E00650074002E00480074007400700052006500710075006500730074002E0031
38,2138903549,0,%SYS.ISCLOG+0,0,
50,2138903551,0,%SYS.ISCLOG+8,1,
50,2138903552,0,%SYS.ISCLOG+8,1,
50,2138903553,0,%SYS.ISCLOG+8,1,
50,2138903554,0,%SYS.ISCLOG+8,1,
50,2138903555,0,%SYS.ISCLOG+8,1,
50,2138903556,0,%SYS.ISCLOG+8,1,
50,2138903557,0,%SYS.ISCLOG+8,1,
50,2138903558,0,%SYS.ISCLOG+8,1,
37,2138903559,0,%SYS.ISCLOG+9,1,
37,2138903560,0,%SYS.ISCLOG+10,1,
0,2138903562,0,%SYS.ISCLOG+10,1,254953434C4F47^0^5^0
20,2138903563,0,%SYS.ISCLOG+10,1,254953434C4F47^0^5^0
37,2138903565,0,%SYS.ISCLOG+11,1,
0,2138903566,0,%SYS.ISCLOG+11,1,254953434C4F4700274558494B53565D^0^5^0
20,2138903567,0,%SYS.ISCLOG+11,1,254953434C4F4700274558494B53565D^0^5^0
37,2138903568,0,%SYS.ISCLOG+12,1,
0,2138903569,0,%SYS.ISCLOG+12,1,254953434C4F47002E5346^0^5^0
37,2138903587,0,%SYS.ISCLOG+13,1,
37,2138903588,0,%SYS.ISCLOG+14,1,
37,2138903590,0,%SYS.ISCLOG+15,1,
50,2138903592,0,%SYS.ISCLOG+16,1,
37,2138903593,0,%SYS.ISCLOG+16,1,
37,2138903594,0,%SYS.ISCLOG+17,1,
37,2138903595,0,%SYS.ISCLOG+18,1,
CALL,2138903596,0,%SYS.ISCLOG+18
38,2138903597,0,%SYS.NOJRN+0,0,
37,2138903598,0,%SYS.NOJRN+13,1,
CALL,2138903600,0,%SYS.NOJRN+13
37,2138903600,0,%SYS.NOJRN+9,1,
37,2138903602,0,%SYS.NOJRN+10,1,
QUIT,2138903603,10
QUIT,2138903603,13
38,2138903604,0,%SYS.ISCLOG+0,0,
50,2138903605,0,%SYS.ISCLOG+18,1,
37,2138903606,0,%SYS.ISCLOG+19,1,
37,2138903608,0,%SYS.ISCLOG+20,1,
37,2138903609,0,%SYS.ISCLOG+21,1,
37,2138903610,0,%SYS.ISCLOG+25,1,
0,2138903611,0,%SYS.ISCLOG+25,1,4953434C4F470028455845^0^5^0
1,2138903612,0,%SYS.ISCLOG+25,1,4953434C4F470028455845^0^5^0
20,2138903614,0,%SYS.ISCLOG+25,1,4953434C4F470028455845^0^5^0
50,2138903615,0,%SYS.ISCLOG+26,1,
37,2138903616,0,%SYS.ISCLOG+26,1,
0,2138903619,0,%SYS.ISCLOG+26,1,4953434C4F47002845584500161D284C64^0^5^0
1,2138903621,0,%SYS.ISCLOG+26,1,4953434C4F47002845584500161D284C64^0^5^0
20,2138903622,0,%SYS.ISCLOG+26,1,4953434C4F47002845584500161D284C64^0^5^0
37,2138903623,0,%SYS.ISCLOG+27,1,
0,2138904157,0,%SYS.ISCLOG+27,1,4953434C4F47002845584500161D284C640010^0^5^0
1,2138904159,0,%SYS.ISCLOG+27,1,4953434C4F47002845584500161D284C640010^0^5^0
20,2138904160,0,%SYS.ISCLOG+27,1,4953434C4F47002845584500161D284C640010^0^5^0
0,2138904162,0,%SYS.ISCLOG+27,1,4953434C4F47002845584500161D284C640010^0^5^0
37,2138904163,0,%SYS.ISCLOG+28,1,
37,2138904165,0,%SYS.ISCLOG+29,1,
CALL,2138904166,0,%SYS.ISCLOG+29
ARG,[ 0] INT: 0
38,2138904168,0,%SYS.ProcessQuery.1+0,0,
37,2138904169,0,%SYS.ProcessQuery.1+552,1,
37,2138904171,0,%SYS.ProcessQuery.1+553,1,
CALL,2138904172,0,%SYS.ProcessQuery.1+553
38,2138904173,0,%SYS.NOJRN+0,0,
37,2138904174,0,%SYS.NOJRN+17,1,
37,2138904176,0,%SYS.NOJRN+18,1,
QUIT,2138904177,18
38,2138904178,0,%SYS.ProcessQuery.1+0,0,
37,2138904179,0,%SYS.ProcessQuery.1+554,1,
QUIT,2138904180,554
38,2138904181,0,%SYS.ISCLOG+0,0,
37,2138904182,0,%SYS.ISCLOG+30,1,
37,2138904184,0,%SYS.ISCLOG+31,1,
QUIT,2138904185,31
51,2138904185,0,%SYS.ISCLOG+31,1,
51,2138904186,0,%SYS.ISCLOG+31,1,
51,2138904187,0,%SYS.ISCLOG+31,1,
51,2138904188,0,%SYS.ISCLOG+31,1,
51,2138904189,0,%SYS.ISCLOG+31,1,
51,2138904190,0,%SYS.ISCLOG+31,1,
51,2138904191,0,%SYS.ISCLOG+31,1,
51,2138904192,0,%SYS.ISCLOG+31,1,
51,2138904193,0,%SYS.ISCLOG+31,1,
51,2138904194,0,%SYS.ISCLOG+31,1,
51,2138904195,0,%SYS.ISCLOG+31,1,
38,2138904196,1,%Net.HttpRequest.1+0,0,
37,2138904197,1,%Net.HttpRequest.1+753,1,
37,2138904199,1,%Net.HttpRequest.1+757,1,
37,2138904201,1,%Net.HttpRequest.1+758,1,
37,2138904202,1,%Net.HttpRequest.1+765,1,
37,2138904203,1,%Net.HttpRequest.1+774,1,
37,2138904204,1,%Net.HttpRequest.1+727,1,
37,2138904205,1,%Net.HttpRequest.1+728,1,
37,2138904206,1,%Net.HttpRequest.1+729,1,
37,2138904207,1,%Net.HttpRequest.1+730,1,
37,2138904209,1,%Net.HttpRequest.1+777,1,
CALL,2138904210,1,%Net.HttpRequest.1+777
ARG,[ 0] INT: 5
ARG,[ 1] STR (len=0): 4HÐÿÿÿ€ÿÿÿ
ARG,[ 2] STR (len=23): 4H0052004500410044003A002000730074006100740065003D0032002C00200075007300650064003D003500330032
ARG,[ 3] STR (len=11): 4H00480074007400700052006500710075006500730074
ARG,[ 4] INT: 3
ARG,[ 5] STR (len=18): 4H0025004E00650074002E00480074007400700052006500710075006500730074002E0031
38,2138904224,0,%SYS.ISCLOG+0,0,
50,2138904226,0,%SYS.ISCLOG+8,1,
50,2138904227,0,%SYS.ISCLOG+8,1,
50,2138904228,0,%SYS.ISCLOG+8,1,
50,2138904229,0,%SYS.ISCLOG+8,1,
50,2138904230,0,%SYS.ISCLOG+8,1,
50,2138904231,0,%SYS.ISCLOG+8,1,
50,2138904232,0,%SYS.ISCLOG+8,1,
50,2138904233,0,%SYS.ISCLOG+8,1,
37,2138904234,0,%SYS.ISCLOG+9,1,
37,2138904235,0,%SYS.ISCLOG+10,1,
0,2138904236,0,%SYS.ISCLOG+10,1,254953434C4F47^0^5^0
20,2138904238,0,%SYS.ISCLOG+10,1,254953434C4F47^0^5^0
37,2138904239,0,%SYS.ISCLOG+11,1,
0,2138904240,0,%SYS.ISCLOG+11,1,254953434C4F4700274558494B53565D^0^5^0
20,2138904242,0,%SYS.ISCLOG+11,1,254953434C4F4700274558494B53565D^0^5^0
37,2138904243,0,%SYS.ISCLOG+12,1,
0,2138904244,0,%SYS.ISCLOG+12,1,254953434C4F47002E5346^0^5^0
37,2138904245,0,%SYS.ISCLOG+13,1,
37,2138904246,0,%SYS.ISCLOG+14,1,
37,2138904247,0,%SYS.ISCLOG+15,1,
50,2138904249,0,%SYS.ISCLOG+16,1,
37,2138904249,0,%SYS.ISCLOG+16,1,
37,2138904250,0,%SYS.ISCLOG+17,1,
37,2138904252,0,%SYS.ISCLOG+18,1,
CALL,2138904255,0,%SYS.ISCLOG+18
38,2138904256,0,%SYS.NOJRN+0,0,
37,2138904257,0,%SYS.NOJRN+13,1,
CALL,2138904258,0,%SYS.NOJRN+13
37,2138904259,0,%SYS.NOJRN+9,1,
37,2138904260,0,%SYS.NOJRN+10,1,
QUIT,2138904261,10
QUIT,2138904262,13
38,2138904262,0,%SYS.ISCLOG+0,0,
50,2138904263,0,%SYS.ISCLOG+18,1,
37,2138904264,0,%SYS.ISCLOG+19,1,
37,2138904266,0,%SYS.ISCLOG+20,1,
37,2138904267,0,%SYS.ISCLOG+21,1,
37,2138904268,0,%SYS.ISCLOG+25,1,
0,2138904269,0,%SYS.ISCLOG+25,1,4953434C4F470028455845^0^5^0
1,2138904270,0,%SYS.ISCLOG+25,1,4953434C4F470028455845^0^5^0
20,2138904272,0,%SYS.ISCLOG+25,1,4953434C4F470028455845^0^5^0
50,2138904273,0,%SYS.ISCLOG+26,1,
37,2138904274,0,%SYS.ISCLOG+26,1,
0,2138904277,0,%SYS.ISCLOG+26,1,4953434C4F47002845584500161D284C65^0^5^0
1,2138904278,0,%SYS.ISCLOG+26,1,4953434C4F47002845584500161D284C65^0^5^0
20,2138904279,0,%SYS.ISCLOG+26,1,4953434C4F47002845584500161D284C65^0^5^0
37,2138904280,0,%SYS.ISCLOG+27,1,
37,2138904282,0,%SYS.ISCLOG+28,1,
37,2138905821,0,%SYS.ISCLOG+29,1,
CALL,2138905823,0,%SYS.ISCLOG+29
ARG,[ 0] INT: 0
38,2138905825,0,%SYS.ProcessQuery.1+0,0,
37,2138905827,0,%SYS.ProcessQuery.1+552,1,
37,2138905829,0,%SYS.ProcessQuery.1+553,1,
CALL,2138905830,0,%SYS.ProcessQuery.1+553
38,2138905831,0,%SYS.NOJRN+0,0,
37,2138905832,0,%SYS.NOJRN+17,1,
37,2138905835,0,%SYS.NOJRN+18,1,
QUIT,2138905836,18
38,2138905837,0,%SYS.ProcessQuery.1+0,0,
37,2138905838,0,%SYS.ProcessQuery.1+554,1,
QUIT,2138905839,554
38,2138905840,0,%SYS.ISCLOG+0,0,
37,2138905841,0,%SYS.ISCLOG+30,1,
37,2138905843,0,%SYS.ISCLOG+31,1,
QUIT,2138905844,31
51,2138905845,0,%SYS.ISCLOG+31,1,
51,2138905846,0,%SYS.ISCLOG+31,1,
51,2138905847,0,%SYS.ISCLOG+31,1,
51,2138905849,0,%SYS.ISCLOG+31,1,
51,2138905850,0,%SYS.ISCLOG+31,1,
51,2138905851,0,%SYS.ISCLOG+31,1,
51,2138905852,0,%SYS.ISCLOG+31,1,
51,2138905853,0,%SYS.ISCLOG+31,1,
51,2138905854,0,%SYS.ISCLOG+31,1,
51,2138905855,0,%SYS.ISCLOG+31,1,
51,2138905856,0,%SYS.ISCLOG+31,1,
38,2138905858,1,%Net.HttpRequest.1+0,0,
37,2138905859,1,%Net.HttpRequest.1+778,1,
37,2138905860,1,%Net.HttpRequest.1+786,1,
37,2138905861,1,%Net.HttpRequest.1+787,1,
37,2138905863,1,%Net.HttpRequest.1+790,1,
37,2138905864,1,%Net.HttpRequest.1+791,1,
37,2138905865,1,%Net.HttpRequest.1+799,1,
37,2138905866,1,%Net.HttpRequest.1+800,1,
37,2138905867,1,%Net.HttpRequest.1+801,1,
37,2138905869,1,%Net.HttpRequest.1+802,1,
37,2138905870,1,%Net.HttpRequest.1+803,1,
CALL,2138905871,1,%Net.HttpRequest.1+803
ARG,[ 0] STR (len=5): 4H00330036003700320034
ARG,[ 1] STR (len=18): 4H0058002D0052004100540045002D004C0049004D00490054002D00520045005300450054
ARG,[ 2] INT: 91
ARG,[ 3] OREF: 17
38,2138905880,1,%Net.HttpResponse.1+0,0,
50,2138905881,1,%Net.HttpResponse.1+56,1,
50,2138905883,1,%Net.HttpResponse.1+56,1,
50,2138905884,1,%Net.HttpResponse.1+56,1,
37,2138905885,1,%Net.HttpResponse.1+57,1,
37,2138905886,1,%Net.HttpResponse.1+58,1,
50,2138905889,1,%Net.HttpResponse.1+58,1,
50,2138905890,1,%Net.HttpResponse.1+58,1,
51,2138905891,1,%Net.HttpResponse.1+58,1,
50,2138905892,1,%Net.HttpResponse.1+58,1,
50,2138905894,1,%Net.HttpResponse.1+58,1,
37,2138905895,1,%Net.HttpResponse.1+59,1,
QUIT,2138905896,59
51,2138905897,1,%Net.HttpResponse.1+59,1,
51,2138905898,1,%Net.HttpResponse.1+59,1,
51,2138905899,1,%Net.HttpResponse.1+59,1,
38,2138905900,1,%Net.HttpRequest.1+0,0,
37,2138905901,1,%Net.HttpRequest.1+805,1,
51,2138905903,1,%Net.HttpRequest.1+806,1,
50,2138905904,1,%Net.HttpRequest.1+806,1,
37,2138905905,1,%Net.HttpRequest.1+806,1,
51,2138905906,1,%Net.HttpRequest.1+808,1,
50,2138905907,1,%Net.HttpRequest.1+808,1,
37,2138905908,1,%Net.HttpRequest.1+808,1,
37,2138905910,1,%Net.HttpRequest.1+809,1,
51,2138905911,1,%Net.HttpRequest.1+809,1,
37,2138905912,1,%Net.HttpRequest.1+810,1,
37,2138905913,1,%Net.HttpRequest.1+811,1,
37,2138905915,1,%Net.HttpRequest.1+812,1,
37,2138905918,1,%Net.HttpRequest.1+813,1,
37,2138905919,1,%Net.HttpRequest.1+817,1,
50,2138905920,1,%Net.HttpRequest.1+817,1,
37,2138905921,1,%Net.HttpRequest.1+818,1,
37,2138905924,1,%Net.HttpRequest.1+819,1,
50,2138905926,1,%Net.HttpRequest.1+819,1,
37,2138905928,1,%Net.HttpRequest.1+820,1,
37,2138905929,1,%Net.HttpRequest.1+832,1,
37,2138905932,1,%Net.HttpRequest.1+833,1,
CALL,2138905934,1,%Net.HttpRequest.1+833
ARG,[ 0] INT: 1
ARG,[ 1] SCOPE: level=0, 0x00aaaac5a44630
ARG,[ 2] INT: 110
50,2138905937,1,%Net.HttpRequest.1+355,1,
37,2138905938,1,%Net.HttpRequest.1+356,1,
CALL,2138905940,1,%Net.HttpRequest.1+356
ARG,[ 0] STR (len=5): 4H007500740066002D0038
38,2138905943,0,%SYS.NLS+0,0,
50,2138905944,0,%SYS.NLS+232,1,
50,2138905946,0,%SYS.NLS+232,1,
37,2138905947,0,%SYS.NLS+233,1,
50,2138905949,0,%SYS.NLS+233,1,
50,2138905950,0,%SYS.NLS+233,1,
37,2138905952,0,%SYS.NLS+234,1,
0,2138905957,0,%SYS.NLS+234,1,255359530032303700274C57002D5258112D52580059584A111C^0^5^0
20,2138905960,0,%SYS.NLS+234,1,255359530032303700274C57002D5258112D52580059584A111C^0^5^0
0,2138905964,0,%SYS.NLS+234,1,255359530032303700274C5700295C58112D52580059584A111C^0^5^0
20,2138905965,0,%SYS.NLS+234,1,255359530032303700274C5700295C58112D52580059584A111C^0^5^0
50,2138906562,0,%SYS.NLS+234,1,
37,2138906564,0,%SYS.NLS+235,1,
37,2138906565,0,%SYS.NLS+236,1,
0,2138906568,0,%SYS.NLS+236,1,25535953003033272530290027393636293238^0^5^0
20,2138906585,0,%SYS.NLS+236,1,25535953003033272530290027393636293238^0^5^0
50,2138906588,0,%SYS.NLS+236,1,
37,2138906589,0,%SYS.NLS+237,1,
37,2138906590,0,%SYS.NLS+238,1,
50,2138906593,0,%SYS.NLS+238,1,
0,2138906597,0,%SYS.NLS+238,1,53595300323037003053474550495728004952595B^0^5^0
20,2138906599,0,%SYS.NLS+238,1,53595300323037003053474550495728004952595B^0^5^0
50,2138906600,0,%SYS.NLS+238,1,
37,2138906602,0,%SYS.NLS+239,1,
50,2138906603,0,%SYS.NLS+239,1,
37,2138906604,0,%SYS.NLS+240,1,
37,2138906605,0,%SYS.NLS+241,1,
37,2138906606,0,%SYS.NLS+244,1,
37,2138906608,0,%SYS.NLS+245,1,
QUIT,2138906609,245
51,2138906609,0,%SYS.NLS+245,1,
51,2138906611,0,%SYS.NLS+245,1,
51,2138906612,0,%SYS.NLS+245,1,
51,2138906613,0,%SYS.NLS+245,1,
51,2138906614,0,%SYS.NLS+245,1,
51,2138906615,0,%SYS.NLS+245,1,
51,2138906616,0,%SYS.NLS+245,1,
51,2138906617,0,%SYS.NLS+245,1,
51,2138906618,0,%SYS.NLS+245,1,
38,2138906620,1,%Net.HttpRequest.1+0,0,
QUIT,2138906621,356
51,2138906622,1,%Net.HttpRequest.1+356,1,
50,2138906624,1,%Net.HttpRequest.1+833,1,
37,2138906625,1,%Net.HttpRequest.1+838,1,
37,2138906626,1,%Net.HttpRequest.1+839,1,
0,2138906628,1,%Net.HttpRequest.1+839,1,255359530038495154284D56^0^5^0
20,2138906629,1,%Net.HttpRequest.1+839,1,255359530038495154284D56^0^5^0
CALL,2138906632,1,%Net.HttpRequest.1+839
ARG,[ 0] INT: 1
ARG,[ 1] STR (len=19): 4H002F0064006100740061002F0049005200490053002F006D00670072002F00540065006D0070
38,2138906646,1,%Library.File.1+0,0,
50,2138906648,1,%Library.File.1+539,1,
50,2138906649,1,%Library.File.1+539,1,
50,2138906650,1,%Library.File.1+539,1,
50,2138906652,1,%Library.File.1+539,1,
37,2138906677,1,%Library.File.1+540,1,
37,2138906679,1,%Library.File.1+550,1,
50,2138906680,1,%Library.File.1+552,1,
37,2138906681,1,%Library.File.1+552,1,
50,2138906702,1,%Library.File.1+552,1,
37,2138906704,1,%Library.File.1+553,1,
37,2138906705,1,%Library.File.1+556,1,
QUIT,2138906706,556
51,2138906706,1,%Library.File.1+556,1,
51,2138906707,1,%Library.File.1+556,1,
51,2138906708,1,%Library.File.1+556,1,
51,2138906709,1,%Library.File.1+556,1,
51,2138906710,1,%Library.File.1+556,1,
38,2138906716,1,%Net.HttpRequest.1+0,0,
50,2138906717,1,%Net.HttpRequest.1+839,1,
CALL,2138906719,1,%Net.HttpRequest.1+839
ARG,[ 0] INT: 1
ARG,[ 1] STR (len=4): 4H0068007400740070
38,2138906722,1,%Stream.FileBinary.1+0,0,
50,2138906740,1,%Stream.FileBinary.1+313,1,
50,2138906741,1,%Stream.FileBinary.1+313,1,
50,2138906742,1,%Stream.FileBinary.1+313,1,
37,2138906767,1,%Stream.FileBinary.1+314,1,
37,2138906769,1,%Stream.FileBinary.1+315,1,
37,2138906770,1,%Stream.FileBinary.1+316,1,
37,2138906771,1,%Stream.FileBinary.1+317,1,
50,2138906773,1,%Stream.FileBinary.1+317,1,
51,2138907167,1,%Stream.FileBinary.1+317,1,
QUIT,2138907173,317
51,2138907173,1,%Stream.FileBinary.1+317,1,
51,2138907174,1,%Stream.FileBinary.1+317,1,
51,2138907175,1,%Stream.FileBinary.1+317,1,
38,2138907177,1,%Net.HttpRequest.1+0,0,
51,2138907178,1,%Net.HttpRequest.1+839,1,
50,2138907179,1,%Net.HttpRequest.1+839,1,
37,2138907181,1,%Net.HttpRequest.1+840,1,
50,2138908388,1,%Net.HttpRequest.1+840,1,
51,2138909180,1,%Net.HttpRequest.1+840,1,
50,2138909182,1,%Net.HttpRequest.1+840,1,
50,2138909186,1,%Net.HttpRequest.1+840,1,
50,2138909187,1,%Net.HttpRequest.1+840,1,
50,2138909188,1,%Net.HttpRequest.1+840,1,
50,2138909189,1,%Net.HttpRequest.1+840,1,
50,2138909190,1,%Net.HttpRequest.1+840,1,
50,2138909194,1,%Net.HttpRequest.1+840,1,
50,2138909195,1,%Net.HttpRequest.1+840,1,
50,2138909196,1,%Net.HttpRequest.1+840,1,
50,2138909197,1,%Net.HttpRequest.1+840,1,
50,2138909198,1,%Net.HttpRequest.1+840,1,
51,2138909199,1,%Net.HttpRequest.1+840,1,
51,2138909201,1,%Net.HttpRequest.1+840,1,
51,2138909202,1,%Net.HttpRequest.1+840,1,
51,2138909203,1,%Net.HttpRequest.1+840,1,
51,2138909204,1,%Net.HttpRequest.1+840,1,
37,2138910950,1,%Net.HttpRequest.1+841,1,
37,2138911482,1,%Net.HttpRequest.1+843,1,
37,2138911485,1,%Net.HttpRequest.1+846,1,
37,2138911768,1,%Net.HttpRequest.1+847,1,
50,2138911776,1,%Net.HttpRequest.1+847,1,
37,2138911777,1,%Net.HttpRequest.1+848,1,
50,2138911780,1,%Net.HttpRequest.1+848,1,
50,2138911781,1,%Net.HttpRequest.1+848,1,
51,2138911782,1,%Net.HttpRequest.1+848,1,
51,2138911783,1,%Net.HttpRequest.1+848,1,
50,2138911785,1,%Net.HttpRequest.1+848,1,
50,2138911786,1,%Net.HttpRequest.1+848,1,
51,2138911787,1,%Net.HttpRequest.1+848,1,
51,2138911788,1,%Net.HttpRequest.1+848,1,
51,2138911789,1,%Net.HttpRequest.1+848,1,
50,2138911790,1,%Net.HttpRequest.1+848,1,
37,2138911791,1,%Net.HttpRequest.1+850,1,
37,2138911792,1,%Net.HttpRequest.1+727,1,
37,2138911793,1,%Net.HttpRequest.1+728,1,
37,2138911795,1,%Net.HttpRequest.1+729,1,
37,2138911796,1,%Net.HttpRequest.1+732,1,
37,2138911798,1,%Net.HttpRequest.1+733,1,
37,2138911799,1,%Net.HttpRequest.1+738,1,
37,2138911800,1,%Net.HttpRequest.1+739,1,
51,2138912048,1,%Net.HttpRequest.1+739,1,
50,2138912051,1,%Net.HttpRequest.1+739,1,
37,2138912053,1,%Net.HttpRequest.1+743,1,
37,2138912054,1,%Net.HttpRequest.1+747,1,
37,2138912055,1,%Net.HttpRequest.1+751,1,
37,2138912056,1,%Net.HttpRequest.1+752,1,
CALL,2138912059,1,%Net.HttpRequest.1+752
ARG,[ 0] INT: 5
ARG,[ 1] STR (len=86): 4H001F008B0008000000000000000000000000000300AB0056004A00CE002F00CD002B005100B200320037003300370037003200D1005100CA004B00CC004D005500B200520072004A002C004A004A002C004A005400D20051004A004F00CD004B0049002D0002000A00A500A500E6002600E600A400020045000A008A00F2009300120093003200730032004B002A009500AC000C00F5000C006A0001008C0066001C00940045000000000000
ARG,[ 2] STR (len=16): 4H0052006500610064002000660072006F006D0020007300650072007600650072
ARG,[ 3] STR (len=11): 4H00480074007400700052006500710075006500730074
ARG,[ 4] INT: 3
ARG,[ 5] STR (len=18): 4H0025004E00650074002E00480074007400700052006500710075006500730074002E0031
38,2138912087,0,%SYS.ISCLOG+0,0,
50,2138912089,0,%SYS.ISCLOG+8,1,
50,2138912091,0,%SYS.ISCLOG+8,1,
50,2138912092,0,%SYS.ISCLOG+8,1,
50,2138912093,0,%SYS.ISCLOG+8,1,
50,2138912094,0,%SYS.ISCLOG+8,1,
50,2138912095,0,%SYS.ISCLOG+8,1,
50,2138912096,0,%SYS.ISCLOG+8,1,
50,2138912097,0,%SYS.ISCLOG+8,1,
37,2138912099,0,%SYS.ISCLOG+9,1,
37,2138912100,0,%SYS.ISCLOG+10,1,
0,2138912102,0,%SYS.ISCLOG+10,1,254953434C4F47^0^5^0
20,2138912104,0,%SYS.ISCLOG+10,1,254953434C4F47^0^5^0
37,2138912106,0,%SYS.ISCLOG+11,1,
0,2138912107,0,%SYS.ISCLOG+11,1,254953434C4F4700274558494B53565D^0^5^0
20,2138912109,0,%SYS.ISCLOG+11,1,254953434C4F4700274558494B53565D^0^5^0
37,2138912110,0,%SYS.ISCLOG+12,1,
0,2138912111,0,%SYS.ISCLOG+12,1,254953434C4F47002E5346^0^5^0
37,2138912112,0,%SYS.ISCLOG+13,1,
37,2138912113,0,%SYS.ISCLOG+14,1,
37,2138912116,0,%SYS.ISCLOG+15,1,
50,2138912119,0,%SYS.ISCLOG+16,1,
37,2138912120,0,%SYS.ISCLOG+16,1,
37,2138912121,0,%SYS.ISCLOG+17,1,
37,2138912122,0,%SYS.ISCLOG+18,1,
CALL,2138912124,0,%SYS.ISCLOG+18
38,2138912125,0,%SYS.NOJRN+0,0,
37,2138912126,0,%SYS.NOJRN+13,1,
CALL,2138912127,0,%SYS.NOJRN+13
37,2138912128,0,%SYS.NOJRN+9,1,
37,2138912130,0,%SYS.NOJRN+10,1,
QUIT,2138912132,10
QUIT,2138912132,13
38,2138912133,0,%SYS.ISCLOG+0,0,
50,2138912134,0,%SYS.ISCLOG+18,1,
37,2138912135,0,%SYS.ISCLOG+19,1,
37,2138912137,0,%SYS.ISCLOG+20,1,
37,2138912138,0,%SYS.ISCLOG+21,1,
37,2138912139,0,%SYS.ISCLOG+25,1,
0,2138912141,0,%SYS.ISCLOG+25,1,4953434C4F470028455845^0^5^0
1,2138912142,0,%SYS.ISCLOG+25,1,4953434C4F470028455845^0^5^0
20,2138912144,0,%SYS.ISCLOG+25,1,4953434C4F470028455845^0^5^0
50,2138912146,0,%SYS.ISCLOG+26,1,
37,2138912147,0,%SYS.ISCLOG+26,1,
0,2138912152,0,%SYS.ISCLOG+26,1,4953434C4F47002845584500161D284C66^0^5^0
1,2138912153,0,%SYS.ISCLOG+26,1,4953434C4F47002845584500161D284C66^0^5^0
20,2138912154,0,%SYS.ISCLOG+26,1,4953434C4F47002845584500161D284C66^0^5^0
37,2138912156,0,%SYS.ISCLOG+27,1,
0,2138912672,0,%SYS.ISCLOG+27,1,4953434C4F47002845584500161D284C660010^0^5^0
1,2138912674,0,%SYS.ISCLOG+27,1,4953434C4F47002845584500161D284C660010^0^5^0
20,2138912680,0,%SYS.ISCLOG+27,1,4953434C4F47002845584500161D284C660010^0^5^0
0,2138912682,0,%SYS.ISCLOG+27,1,4953434C4F47002845584500161D284C660010^0^5^0
37,2138912683,0,%SYS.ISCLOG+28,1,
37,2138912684,0,%SYS.ISCLOG+29,1,
CALL,2138912686,0,%SYS.ISCLOG+29
ARG,[ 0] INT: 0
38,2138912688,0,%SYS.ProcessQuery.1+0,0,
37,2138912690,0,%SYS.ProcessQuery.1+552,1,
37,2138912691,0,%SYS.ProcessQuery.1+553,1,
CALL,2138912692,0,%SYS.ProcessQuery.1+553
38,2138912693,0,%SYS.NOJRN+0,0,
37,2138912694,0,%SYS.NOJRN+17,1,
37,2138912696,0,%SYS.NOJRN+18,1,
QUIT,2138912697,18
38,2138912698,0,%SYS.ProcessQuery.1+0,0,
37,2138912699,0,%SYS.ProcessQuery.1+554,1,
QUIT,2138912700,554
38,2138912701,0,%SYS.ISCLOG+0,0,
37,2138912702,0,%SYS.ISCLOG+30,1,
37,2138912704,0,%SYS.ISCLOG+31,1,
QUIT,2138912705,31
51,2138912705,0,%SYS.ISCLOG+31,1,
51,2138912706,0,%SYS.ISCLOG+31,1,
51,2138912707,0,%SYS.ISCLOG+31,1,
51,2138912708,0,%SYS.ISCLOG+31,1,
51,2138912709,0,%SYS.ISCLOG+31,1,
51,2138912710,0,%SYS.ISCLOG+31,1,
51,2138912711,0,%SYS.ISCLOG+31,1,
51,2138912712,0,%SYS.ISCLOG+31,1,
51,2138912713,0,%SYS.ISCLOG+31,1,
51,2138912714,0,%SYS.ISCLOG+31,1,
51,2138912715,0,%SYS.ISCLOG+31,1,
38,2138912716,1,%Net.HttpRequest.1+0,0,
37,2138912717,1,%Net.HttpRequest.1+753,1,
37,2138912720,1,%Net.HttpRequest.1+754,1,
37,2138912721,1,%Net.HttpRequest.1+765,1,
37,2138912722,1,%Net.HttpRequest.1+774,1,
37,2138912723,1,%Net.HttpRequest.1+727,1,
37,2138912724,1,%Net.HttpRequest.1+728,1,
37,2138912725,1,%Net.HttpRequest.1+729,1,
37,2138912726,1,%Net.HttpRequest.1+732,1,
50,2138912727,1,%Net.HttpRequest.1+732,1,
51,2138912729,1,%Net.HttpRequest.1+732,1,
37,2138912730,1,%Net.HttpRequest.1+733,1,
37,2138912731,1,%Net.HttpRequest.1+734,1,
37,2138912732,1,%Net.HttpRequest.1+735,1,
37,2138912733,1,%Net.HttpRequest.1+777,1,
CALL,2138912735,1,%Net.HttpRequest.1+777
ARG,[ 0] INT: 5
ARG,[ 1] STR (len=86): 4H001F008B0008000000000000000000000000000300AB0056004A00CE002F00CD002B005100B200320037003300370037003200D1005100CA004B00CC004D005500B200520072004A002C004A004A002C004A005400D20051004A004F00CD004B0049002D0002000A00A500A500E6002600E600A400020045000A008A00F2009300120093003200730032004B002A009500AC000C00F5000C006A0001008C0066001C00940045000000000000
ARG,[ 2] STR (len=22): 4H0052004500410044003A002000730074006100740065003D0033002C00200075007300650064003D00380036
ARG,[ 3] STR (len=11): 4H00480074007400700052006500710075006500730074
ARG,[ 4] INT: 3
ARG,[ 5] STR (len=18): 4H0025004E00650074002E00480074007400700052006500710075006500730074002E0031
38,2138912764,0,%SYS.ISCLOG+0,0,
50,2138912765,0,%SYS.ISCLOG+8,1,
50,2138912766,0,%SYS.ISCLOG+8,1,
50,2138912767,0,%SYS.ISCLOG+8,1,
50,2138912768,0,%SYS.ISCLOG+8,1,
50,2138912769,0,%SYS.ISCLOG+8,1,
50,2138912770,0,%SYS.ISCLOG+8,1,
50,2138912771,0,%SYS.ISCLOG+8,1,
50,2138912772,0,%SYS.ISCLOG+8,1,
37,2138912773,0,%SYS.ISCLOG+9,1,
37,2138912774,0,%SYS.ISCLOG+10,1,
0,2138912776,0,%SYS.ISCLOG+10,1,254953434C4F47^0^5^0
20,2138912777,0,%SYS.ISCLOG+10,1,254953434C4F47^0^5^0
37,2138912778,0,%SYS.ISCLOG+11,1,
0,2138912780,0,%SYS.ISCLOG+11,1,254953434C4F4700274558494B53565D^0^5^0
20,2138912781,0,%SYS.ISCLOG+11,1,254953434C4F4700274558494B53565D^0^5^0
37,2138912782,0,%SYS.ISCLOG+12,1,
0,2138912783,0,%SYS.ISCLOG+12,1,254953434C4F47002E5346^0^5^0
37,2138912784,0,%SYS.ISCLOG+13,1,
37,2138912785,0,%SYS.ISCLOG+14,1,
37,2138912787,0,%SYS.ISCLOG+15,1,
50,2138912788,0,%SYS.ISCLOG+16,1,
37,2138912789,0,%SYS.ISCLOG+16,1,
37,2138912790,0,%SYS.ISCLOG+17,1,
37,2138912791,0,%SYS.ISCLOG+18,1,
CALL,2138912792,0,%SYS.ISCLOG+18
38,2138912793,0,%SYS.NOJRN+0,0,
37,2138912794,0,%SYS.NOJRN+13,1,
CALL,2138912795,0,%SYS.NOJRN+13
37,2138912796,0,%SYS.NOJRN+9,1,
37,2138912797,0,%SYS.NOJRN+10,1,
QUIT,2138912798,10
QUIT,2138912798,13
38,2138912799,0,%SYS.ISCLOG+0,0,
50,2138912800,0,%SYS.ISCLOG+18,1,
37,2138912801,0,%SYS.ISCLOG+19,1,
37,2138912802,0,%SYS.ISCLOG+20,1,
37,2138912803,0,%SYS.ISCLOG+21,1,
37,2138912804,0,%SYS.ISCLOG+25,1,
0,2138912806,0,%SYS.ISCLOG+25,1,4953434C4F470028455845^0^5^0
1,2138914138,0,%SYS.ISCLOG+25,1,4953434C4F470028455845^0^5^0
20,2138914140,0,%SYS.ISCLOG+25,1,4953434C4F470028455845^0^5^0
50,2138914142,0,%SYS.ISCLOG+26,1,
37,2138914143,0,%SYS.ISCLOG+26,1,
0,2138914147,0,%SYS.ISCLOG+26,1,4953434C4F47002845584500161D284C67^0^5^0
1,2138914148,0,%SYS.ISCLOG+26,1,4953434C4F47002845584500161D284C67^0^5^0
20,2138914150,0,%SYS.ISCLOG+26,1,4953434C4F47002845584500161D284C67^0^5^0
37,2138914151,0,%SYS.ISCLOG+27,1,
0,2138914401,0,%SYS.ISCLOG+27,1,4953434C4F47002845584500161D284C670010^0^5^0
1,2138914404,0,%SYS.ISCLOG+27,1,4953434C4F47002845584500161D284C670010^0^5^0
20,2138914406,0,%SYS.ISCLOG+27,1,4953434C4F47002845584500161D284C670010^0^5^0
0,2138914409,0,%SYS.ISCLOG+27,1,4953434C4F47002845584500161D284C670010^0^5^0
37,2138914410,0,%SYS.ISCLOG+28,1,
37,2138914413,0,%SYS.ISCLOG+29,1,
CALL,2138914415,0,%SYS.ISCLOG+29
ARG,[ 0] INT: 0
38,2138914417,0,%SYS.ProcessQuery.1+0,0,
37,2138914419,0,%SYS.ProcessQuery.1+552,1,
37,2138914422,0,%SYS.ProcessQuery.1+553,1,
CALL,2138914423,0,%SYS.ProcessQuery.1+553
38,2138914424,0,%SYS.NOJRN+0,0,
37,2138914425,0,%SYS.NOJRN+17,1,
37,2138914429,0,%SYS.NOJRN+18,1,
QUIT,2138914430,18
38,2138914431,0,%SYS.ProcessQuery.1+0,0,
37,2138914432,0,%SYS.ProcessQuery.1+554,1,
QUIT,2138914433,554
38,2138914434,0,%SYS.ISCLOG+0,0,
37,2138914435,0,%SYS.ISCLOG+30,1,
37,2138914439,0,%SYS.ISCLOG+31,1,
QUIT,2138914440,31
51,2138914440,0,%SYS.ISCLOG+31,1,
51,2138914442,0,%SYS.ISCLOG+31,1,
51,2138914443,0,%SYS.ISCLOG+31,1,
51,2138914444,0,%SYS.ISCLOG+31,1,
51,2138914445,0,%SYS.ISCLOG+31,1,
51,2138914446,0,%SYS.ISCLOG+31,1,
51,2138914447,0,%SYS.ISCLOG+31,1,
51,2138914448,0,%SYS.ISCLOG+31,1,
51,2138914449,0,%SYS.ISCLOG+31,1,
51,2138914450,0,%SYS.ISCLOG+31,1,
51,2138914451,0,%SYS.ISCLOG+31,1,
38,2138914453,1,%Net.HttpRequest.1+0,0,
37,2138914454,1,%Net.HttpRequest.1+778,1,
37,2138914455,1,%Net.HttpRequest.1+786,1,
37,2138914456,1,%Net.HttpRequest.1+853,1,
37,2138914458,1,%Net.HttpRequest.1+854,1,
37,2138914459,1,%Net.HttpRequest.1+855,1,
37,2138914460,1,%Net.HttpRequest.1+856,1,
38,2138914718,1,%X364+0,0,
38,2138914720,1,%Net.HttpRequest.1+0,0,
37,2138914722,1,%Net.HttpRequest.1+857,1,
49,2138914725,1,%Net.HttpRequest.1+857,1,
37,2138914726,1,%Net.HttpRequest.1+858,1,
37,2138915324,1,%Net.HttpRequest.1+878,1,
51,2138915327,1,%Net.HttpRequest.1+880,1,
50,2138915331,1,%Net.HttpRequest.1+880,1,
37,2138915332,1,%Net.HttpRequest.1+880,1,
37,2138915333,1,%Net.HttpRequest.1+881,1,
37,2138915334,1,%Net.HttpRequest.1+887,1,
37,2138915335,1,%Net.HttpRequest.1+891,1,
37,2138915336,1,%Net.HttpRequest.1+894,1,
37,2138915337,1,%Net.HttpRequest.1+925,1,
37,2138915339,1,%Net.HttpRequest.1+926,1,
37,2138915340,1,%Net.HttpRequest.1+927,1,
51,2138915681,1,%Net.HttpRequest.1+927,1,
51,2138915684,1,%Net.HttpRequest.1+927,1,
51,2138915685,1,%Net.HttpRequest.1+927,1,
51,2138915686,1,%Net.HttpRequest.1+927,1,
51,2138915687,1,%Net.HttpRequest.1+927,1,
51,2138915688,1,%Net.HttpRequest.1+927,1,
37,2138915690,1,%Net.HttpRequest.1+928,1,
37,2138915692,1,%Net.HttpRequest.1+929,1,
50,2138915695,1,%Net.HttpRequest.1+929,1,
50,2138915697,1,%Net.HttpRequest.1+929,1,
50,2138915698,1,%Net.HttpRequest.1+929,1,
50,2138915699,1,%Net.HttpRequest.1+929,1,
50,2138915701,1,%Net.HttpRequest.1+929,1,
50,2138915701,1,%Net.HttpRequest.1+929,1,
50,2138915702,1,%Net.HttpRequest.1+929,1,
50,2138915703,1,%Net.HttpRequest.1+929,1,
50,2138915704,1,%Net.HttpRequest.1+929,1,
50,2138915705,1,%Net.HttpRequest.1+929,1,
50,2138915706,1,%Net.HttpRequest.1+929,1,
50,2138915707,1,%Net.HttpRequest.1+929,1,
50,2138915708,1,%Net.HttpRequest.1+929,1,
50,2138915709,1,%Net.HttpRequest.1+929,1,
50,2138915710,1,%Net.HttpRequest.1+929,1,
50,2138915711,1,%Net.HttpRequest.1+929,1,
50,2138915712,1,%Net.HttpRequest.1+929,1,
50,2138915713,1,%Net.HttpRequest.1+929,1,
50,2138915714,1,%Net.HttpRequest.1+929,1,
50,2138915715,1,%Net.HttpRequest.1+929,1,
50,2138915716,1,%Net.HttpRequest.1+929,1,
50,2138915717,1,%Net.HttpRequest.1+929,1,
50,2138915718,1,%Net.HttpRequest.1+929,1,
CALL,2138915720,1,%Net.HttpRequest.1+929
ARG,[ 0] INT: 0
ARG,[ 1] OREF: 15
38,2138915736,1,%Stream.FileCharacter.1+0,0,
50,2138915738,1,%Stream.FileCharacter.1+5,1,
37,2138915974,1,%Stream.FileCharacter.1+6,1,
0,2138915984,1,%Stream.FileCharacter.1+6,1,255359530037585649455100304D5249384956514D5245585356^0^5^0
20,2138915986,1,%Stream.FileCharacter.1+6,1,255359530037585649455100304D5249384956514D5245585356^0^5^0
37,2138915990,1,%Stream.FileCharacter.1+7,1,
37,2138915992,1,%Stream.FileCharacter.1+8,1,
CALL,2138915995,1,%Stream.FileCharacter.1+8
ARG,[ 0] INT: 1
ARG,[ 1] SCOPE: level=0, 0x00aaaac5a446c8
ARG,[ 2] INT: 0
38,2138915998,1,%Stream.FileBinary.1+0,0,
50,2138916001,1,%Stream.FileBinary.1+102,1,
50,2138916003,1,%Stream.FileBinary.1+102,1,
37,2138916004,1,%Stream.FileBinary.1+103,1,
37,2138916024,1,%Stream.FileBinary.1+104,1,
37,2138916025,1,%Stream.FileBinary.1+107,1,
37,2138916026,1,%Stream.FileBinary.1+109,1,
37,2138916027,1,%Stream.FileBinary.1+110,1,
CALL,2138916028,1,%Stream.FileBinary.1+110
ARG,[ 0] INT: 1
ARG,[ 1] INT: 1
50,2138916030,1,%Stream.FileBinary.1+216,1,
50,2138916031,1,%Stream.FileBinary.1+216,1,
37,2138916032,1,%Stream.FileBinary.1+217,1,
37,2138916033,1,%Stream.FileBinary.1+218,1,
0,2138916035,1,%Stream.FileBinary.1+218,1,255359530038495154284D56002D362D37253434^0^5^0
20,2138916036,1,%Stream.FileBinary.1+218,1,255359530038495154284D56002D362D37253434^0^5^0
50,2138916038,1,%Stream.FileBinary.1+219,1,
37,2138916039,1,%Stream.FileBinary.1+219,1,
0,2138916040,1,%Stream.FileBinary.1+219,1,255359530038495154284D56^0^5^0
51,2138916042,1,%Stream.FileBinary.1+220,1,
50,2138916043,1,%Stream.FileBinary.1+220,1,
37,2138916044,1,%Stream.FileBinary.1+220,1,
QUIT,2138916045,220
51,2138916046,1,%Stream.FileBinary.1+220,1,
51,2138916047,1,%Stream.FileBinary.1+220,1,
51,2138916048,1,%Stream.FileBinary.1+220,1,
51,2138916049,1,%Stream.FileBinary.1+111,1,
50,2138916050,1,%Stream.FileBinary.1+111,1,
37,2138916051,1,%Stream.FileBinary.1+111,1,
37,2138916052,1,%Stream.FileBinary.1+115,1,
51,2138916826,1,%Stream.FileBinary.1+115,1,
50,2138916829,1,%Stream.FileBinary.1+115,1,
37,2138916830,1,%Stream.FileBinary.1+116,1,
QUIT,2138916831,116
51,2138916832,1,%Stream.FileBinary.1+116,1,
38,2138916834,1,%Stream.FileCharacter.1+0,0,
QUIT,2138916835,8
51,2138916836,1,%Stream.FileCharacter.1+8,1,
51,2138916837,1,%Stream.FileCharacter.1+8,1,
38,2138916838,1,%Net.HttpRequest.1+0,0,
51,2138916840,1,%Net.HttpRequest.1+930,1,
50,2138916841,1,%Net.HttpRequest.1+930,1,
37,2138916842,1,%Net.HttpRequest.1+930,1,
CALL,2138916844,1,%Net.HttpRequest.1+930
ARG,[ 0] INT: 1
ARG,[ 1] STR (len=39): 4H002F0064006100740061002F0049005200490053002F006D00670072002F00540065006D0070002F006A003400680034003800610077007400710054004E006D00340067002E0068007400740070
ARG,[ 2] INT: 101
ARG,[ 3] OREF: 15
38,2138917352,1,%Stream.FileBinary.1+0,0,
50,2138917355,1,%Stream.FileBinary.1+260,1,
50,2138917357,1,%Stream.FileBinary.1+260,1,
37,2138917358,1,%Stream.FileBinary.1+261,1,
37,2138917359,1,%Stream.FileBinary.1+262,1,
37,2138917751,1,%Stream.FileBinary.1+263,1,
37,2138917764,1,%Stream.FileBinary.1+264,1,
CALL,2138917766,1,%Stream.FileBinary.1+264
ARG,[ 0] INT: 2
ARG,[ 1] INT: 1
ARG,[ 2] STR (len=39): 4H002F0064006100740061002F0049005200490053002F006D00670072002F00540065006D0070002F006A003400680034003800610077007400710054004E006D00340067002E0068007400740070
ARG,[ 3] INT: 0
38,2138917777,1,%Library.File.1+0,0,
50,2138917779,1,%Library.File.1+372,1,
50,2138917780,1,%Library.File.1+372,1,
50,2138917782,1,%Library.File.1+372,1,
37,2138917783,1,%Library.File.1+373,1,
37,2138917784,1,%Library.File.1+374,1,
37,2138917785,1,%Library.File.1+378,1,
37,2138917786,1,%Library.File.1+379,1,
51,2138917788,1,%Library.File.1+380,1,
50,2138917789,1,%Library.File.1+380,1,
37,2138917790,1,%Library.File.1+380,1,
37,2138917791,1,%Library.File.1+381,1,
QUIT,2138917793,381
51,2138917794,1,%Library.File.1+381,1,
51,2138917795,1,%Library.File.1+381,1,
51,2138917796,1,%Library.File.1+381,1,
38,2138917798,1,%Stream.FileBinary.1+0,0,
50,2138917799,1,%Stream.FileBinary.1+264,1,
37,2138917800,1,%Stream.FileBinary.1+265,1,
50,2138917803,1,%Stream.FileBinary.1+266,1,
37,2138917804,1,%Stream.FileBinary.1+266,1,
37,2138917805,1,%Stream.FileBinary.1+267,1,
50,2138917812,1,%Stream.FileBinary.1+268,1,
37,2138917813,1,%Stream.FileBinary.1+271,1,
37,2138917815,1,%Stream.FileBinary.1+272,1,
37,2138917817,1,%Stream.FileBinary.1+275,1,
37,2138917818,1,%Stream.FileBinary.1+276,1,
50,2138917819,1,%Stream.FileBinary.1+277,1,
37,2138917820,1,%Stream.FileBinary.1+277,1,
CALL,2138917821,1,%Stream.FileBinary.1+277
ARG,[ 0] INT: 0
50,2138917822,1,%Stream.FileBinary.1+216,1,
50,2138917824,1,%Stream.FileBinary.1+216,1,
37,2138917825,1,%Stream.FileBinary.1+217,1,
0,2138917827,1,%Stream.FileBinary.1+217,1,255359530037585649455130534745584D5352002D362D37253434^0^5^0
20,2138917829,1,%Stream.FileBinary.1+217,1,255359530037585649455130534745584D5352002D362D37253434^0^5^0
50,2138917831,1,%Stream.FileBinary.1+217,1,
37,2138917832,1,%Stream.FileBinary.1+218,1,
37,2138917833,1,%Stream.FileBinary.1+219,1,
37,2138917834,1,%Stream.FileBinary.1+220,1,
QUIT,2138917835,220
51,2138917836,1,%Stream.FileBinary.1+220,1,
51,2138917837,1,%Stream.FileBinary.1+220,1,
51,2138917838,1,%Stream.FileBinary.1+220,1,
51,2138917839,1,%Stream.FileBinary.1+278,1,
50,2138917840,1,%Stream.FileBinary.1+278,1,
37,2138917841,1,%Stream.FileBinary.1+278,1,
37,2138918566,1,%Stream.FileBinary.1+281,1,
CALL,2138918569,1,%Stream.FileBinary.1+281
ARG,[ 0] INT: 1
ARG,[ 1] STR (len=39): 4H002F0064006100740061002F0049005200490053002F006D00670072002F00540065006D0070002F006A003400680034003800610077007400710054004E006D00340067002E0068007400740070
ARG,[ 2] INT: 3
50,2138918599,1,%Stream.FileBinary.1+245,1,
50,2138918601,1,%Stream.FileBinary.1+245,1,
37,2138918602,1,%Stream.FileBinary.1+246,1,
37,2138918608,1,%Stream.FileBinary.1+247,1,
50,2138918609,1,%Stream.FileBinary.1+247,1,
CALL,2138918611,1,%Stream.FileBinary.1+247
ARG,[ 0] INT: 1
ARG,[ 1] STR (len=39): 4H002F0064006100740061002F0049005200490053002F006D00670072002F00540065006D0070002F006A003400680034003800610077007400710054004E006D00340067002E0068007400740070
ARG,[ 2] INT: 1
38,2138918620,1,%Library.File.1+0,0,
50,2138918621,1,%Library.File.1+427,1,
50,2138918622,1,%Library.File.1+427,1,
37,2138918623,1,%Library.File.1+428,1,
QUIT,2138918625,428
51,2138918626,1,%Library.File.1+428,1,
51,2138918627,1,%Library.File.1+428,1,
38,2138918628,1,%Stream.FileBinary.1+0,0,
51,2138918629,1,%Stream.FileBinary.1+247,1,
51,2138918631,1,%Stream.FileBinary.1+247,1,
50,2138918632,1,%Stream.FileBinary.1+247,1,
37,2138918633,1,%Stream.FileBinary.1+251,1,
51,2138918634,1,%Stream.FileBinary.1+251,1,
50,2138918635,1,%Stream.FileBinary.1+251,1,
37,2138918636,1,%Stream.FileBinary.1+252,1,
50,2138918637,1,%Stream.FileBinary.1+252,1,
CALL,2138918638,1,%Stream.FileBinary.1+252
ARG,[ 0] INT: 0
ARG,[ 1] INT: 16
38,2138919132,1,%Stream.FileCharacter.1+0,0,
37,2138919134,1,%Stream.FileCharacter.1+38,1,
QUIT,2138919137,38
38,2138919138,1,%Stream.FileBinary.1+0,0,
51,2138919139,1,%Stream.FileBinary.1+252,1,
51,2138919141,1,%Stream.FileBinary.1+252,1,
50,2138919142,1,%Stream.FileBinary.1+252,1,
37,2138919143,1,%Stream.FileBinary.1+253,1,
QUIT,2138919144,253
51,2138919145,1,%Stream.FileBinary.1+253,1,
51,2138919146,1,%Stream.FileBinary.1+253,1,
37,2138919147,1,%Stream.FileBinary.1+282,1,
37,2138919148,1,%Stream.FileBinary.1+285,1,
37,2138919149,1,%Stream.FileBinary.1+287,1,
QUIT,2138919150,287
51,2138919151,1,%Stream.FileBinary.1+287,1,
51,2138919152,1,%Stream.FileBinary.1+287,1,
51,2138919153,1,%Stream.FileBinary.1+287,1,
51,2138919154,1,%Stream.FileBinary.1+287,1,
51,2138919155,1,%Stream.FileBinary.1+287,1,
51,2138919155,1,%Stream.FileBinary.1+287,1,
38,2138919157,1,%Net.HttpRequest.1+0,0,
50,2138919158,1,%Net.HttpRequest.1+930,1,
37,2138919159,1,%Net.HttpRequest.1+931,1,
CALL,2138919162,1,%Net.HttpRequest.1+931
ARG,[ 0] INT: 1
ARG,[ 1] STR (len=4): 4H0055005400460038
ARG,[ 2] INT: 5
ARG,[ 3] OREF: 15
38,2138919166,1,%Stream.FileCharacter.1+0,0,
50,2138919167,1,%Stream.FileCharacter.1+157,1,
50,2138919168,1,%Stream.FileCharacter.1+157,1,
37,2138919169,1,%Stream.FileCharacter.1+158,1,
37,2138919170,1,%Stream.FileCharacter.1+159,1,
37,2138919172,1,%Stream.FileCharacter.1+160,1,
37,2138919173,1,%Stream.FileCharacter.1+162,1,
50,2138919175,1,%Stream.FileCharacter.1+163,1,
37,2138919176,1,%Stream.FileCharacter.1+163,1,
37,2138919177,1,%Stream.FileCharacter.1+174,1,
37,2138919178,1,%Stream.FileCharacter.1+176,1,
51,2138919179,1,%Stream.FileCharacter.1+176,1,
50,2138919180,1,%Stream.FileCharacter.1+176,1,
51,2138919181,1,%Stream.FileCharacter.1+176,1,
50,2138919182,1,%Stream.FileCharacter.1+176,1,
37,2138919183,1,%Stream.FileCharacter.1+177,1,
37,2138919184,1,%Stream.FileCharacter.1+179,1,
37,2138919185,1,%Stream.FileCharacter.1+182,1,
37,2138919187,1,%Stream.FileCharacter.1+187,1,
QUIT,2138919188,187
51,2138919188,1,%Stream.FileCharacter.1+187,1,
51,2138919189,1,%Stream.FileCharacter.1+187,1,
51,2138919190,1,%Stream.FileCharacter.1+187,1,
38,2138919191,1,%Net.HttpRequest.1+0,0,
37,2138919192,1,%Net.HttpRequest.1+932,1,
CALL,2138919193,1,%Net.HttpRequest.1+932
ARG,[ 0] INT: 1
ARG,[ 1] STR (len=2): 4H000D000A
ARG,[ 2] INT: 16
ARG,[ 3] OREF: 15
38,2138919197,1,%Stream.FileBinary.1+0,0,
50,2138919198,1,%Stream.FileBinary.1+257,1,
50,2138919199,1,%Stream.FileBinary.1+257,1,
37,2138919200,1,%Stream.FileBinary.1+258,1,
37,2138919201,1,%Stream.FileBinary.1+259,1,
QUIT,2138919202,259
51,2138919202,1,%Stream.FileBinary.1+259,1,
51,2138919203,1,%Stream.FileBinary.1+259,1,
38,2138919204,1,%Net.HttpRequest.1+0,0,
37,2138919205,1,%Net.HttpRequest.1+933,1,
37,2138919207,1,%Net.HttpRequest.1+934,1,
51,2138919208,1,%Net.HttpRequest.1+934,1,
50,2138919209,1,%Net.HttpRequest.1+934,1,
37,2138919210,1,%Net.HttpRequest.1+954,1,
37,2138919211,1,%Net.HttpRequest.1+959,1,
CALL,2138919215,1,%Net.HttpRequest.1+959
ARG,[ 0] INT: 0
ARG,[ 1] INT: 111
ARG,[ 2] OREF: 15
38,2138919217,1,%Stream.FileBinary.1+0,0,
37,2138919218,1,%Stream.FileBinary.1+434,1,
37,2138919219,1,%Stream.FileBinary.1+435,1,
37,2138919221,1,%Stream.FileBinary.1+436,1,
37,2138919222,1,%Stream.FileBinary.1+437,1,
QUIT,2138919223,437
38,2138919224,1,%Net.HttpRequest.1+0,0,
37,2138919225,1,%Net.HttpRequest.1+960,1,
50,2138919226,1,%Net.HttpRequest.1+960,1,
51,2138919227,1,%Net.HttpRequest.1+960,1,
50,2138919228,1,%Net.HttpRequest.1+960,1,
37,2138919229,1,%Net.HttpRequest.1+961,1,
37,2138919230,1,%Net.HttpRequest.1+962,1,
37,2138919231,1,%Net.HttpRequest.1+963,1,
37,2138919233,1,%Net.HttpRequest.1+964,1,
37,2138919235,1,%Net.HttpRequest.1+965,1,
QUIT,2138919236,965
51,2138919236,1,%Net.HttpRequest.1+965,1,
51,2138919237,1,%Net.HttpRequest.1+965,1,
51,2138919239,1,%Net.HttpRequest.1+965,1,
51,2138919240,1,%Net.HttpRequest.1+965,1,
51,2138919241,1,%Net.HttpRequest.1+965,1,
51,2138919242,1,%Net.HttpRequest.1+965,1,
51,2138919242,1,%Net.HttpRequest.1+965,1,
51,2138919243,1,%Net.HttpRequest.1+965,1,
51,2138919712,1,%Net.HttpRequest.1+965,1,
51,2138919714,1,%Net.HttpRequest.1+965,1,
51,2138919715,1,%Net.HttpRequest.1+965,1,
51,2138919716,1,%Net.HttpRequest.1+965,1,
51,2138919717,1,%Net.HttpRequest.1+965,1,
51,2138919718,1,%Net.HttpRequest.1+965,1,
51,2138919719,1,%Net.HttpRequest.1+965,1,
51,2138919720,1,%Net.HttpRequest.1+965,1,
51,2138919721,1,%Net.HttpRequest.1+965,1,
51,2138919721,1,%Net.HttpRequest.1+965,1,
51,2138919722,1,%Net.HttpRequest.1+965,1,
51,2138919723,1,%Net.HttpRequest.1+965,1,
51,2138919724,1,%Net.HttpRequest.1+965,1,
51,2138919725,1,%Net.HttpRequest.1+965,1,
51,2138919726,1,%Net.HttpRequest.1+965,1,
51,2138919727,1,%Net.HttpRequest.1+965,1,
51,2138919728,1,%Net.HttpRequest.1+965,1,
51,2138919729,1,%Net.HttpRequest.1+965,1,
51,2138919730,1,%Net.HttpRequest.1+965,1,
51,2138919731,1,%Net.HttpRequest.1+965,1,
51,2138919732,1,%Net.HttpRequest.1+965,1,
51,2138919733,1,%Net.HttpRequest.1+965,1,
51,2138919734,1,%Net.HttpRequest.1+965,1,
51,2138919735,1,%Net.HttpRequest.1+965,1,
51,2138919736,1,%Net.HttpRequest.1+965,1,
51,2138919737,1,%Net.HttpRequest.1+965,1,
51,2138919738,1,%Net.HttpRequest.1+965,1,
51,2138919739,1,%Net.HttpRequest.1+965,1,
51,2138919740,1,%Net.HttpRequest.1+965,1,
37,2138919742,1,%Net.HttpRequest.1+1238,1,
37,2138919743,1,%Net.HttpRequest.1+1239,1,
51,2138919745,1,%Net.HttpRequest.1+1239,1,
50,2138919746,1,%Net.HttpRequest.1+1239,1,
37,2138919747,1,%Net.HttpRequest.1+1240,1,
37,2138920196,1,%Net.HttpRequest.1+1241,1,
37,2138920199,1,%Net.HttpRequest.1+1246,1,
CALL,2138920201,1,%Net.HttpRequest.1+1246
ARG,[ 0] STR (len=10): 4H0043004F004E004E0045004300540049004F004E
ARG,[ 1] INT: 124
ARG,[ 2] OREF: 17
38,2138920206,1,%Net.HttpResponse.1+0,0,
50,2138920208,1,%Net.HttpResponse.1+32,1,
50,2138920209,1,%Net.HttpResponse.1+32,1,
37,2138920210,1,%Net.HttpResponse.1+33,1,
QUIT,2138920213,33
51,2138920213,1,%Net.HttpResponse.1+33,1,
51,2138920214,1,%Net.HttpResponse.1+33,1,
38,2138920216,1,%Net.HttpRequest.1+0,0,
37,2138920217,1,%Net.HttpRequest.1+1250,1,
37,2138920219,1,%Net.HttpRequest.1+1251,1,
CALL,2138920222,1,%Net.HttpRequest.1+1251
ARG,[ 0] INT: 0
ARG,[ 1] STR (len=14): 4H002F003F006E0061006D0065003D0042006100720062006100720061
ARG,[ 2] STR (len=3): 4H004700450054
ARG,[ 3] SCOPE: level=0, 0x00aaaac5a44170
ARG,[ 4] INT: 125
ARG,[ 5] OREF: 12
38,2138920229,1,%Net.HttpAuthentication.1+0,0,
50,2138920231,1,%Net.HttpAuthentication.1+183,1,
50,2138920233,1,%Net.HttpAuthentication.1+183,1,
50,2138920234,1,%Net.HttpAuthentication.1+183,1,
50,2138920235,1,%Net.HttpAuthentication.1+183,1,
37,2138920236,1,%Net.HttpAuthentication.1+184,1,
37,2138920238,1,%Net.HttpAuthentication.1+186,1,
50,2138920240,1,%Net.HttpAuthentication.1+186,1,
CALL,2138920241,1,%Net.HttpAuthentication.1+186
ARG,[ 0] INT: 0
37,2138920243,1,%Net.HttpAuthentication.1+135,1,
QUIT,2138920245,135
51,2138920245,1,%Net.HttpAuthentication.1+186,1,
50,2138920246,1,%Net.HttpAuthentication.1+186,1,
CALL,2138920247,1,%Net.HttpAuthentication.1+186
ARG,[ 0] INT: 0
37,2138920248,1,%Net.HttpAuthentication.1+215,1,
QUIT,2138920250,215
51,2138920250,1,%Net.HttpAuthentication.1+186,1,
CALL,2138920251,1,%Net.HttpAuthentication.1+186
ARG,[ 0] STR (len=18): 4H00500072006F00780079002D00410075007400680065006E007400690063006100740065
ARG,[ 1] INT: 27
ARG,[ 2] OREF: 17
38,2138920257,1,%Net.HttpResponse.1+0,0,
50,2138920258,1,%Net.HttpResponse.1+32,1,
50,2138920259,1,%Net.HttpResponse.1+32,1,
37,2138920260,1,%Net.HttpResponse.1+33,1,
QUIT,2138920261,33
51,2138920262,1,%Net.HttpResponse.1+33,1,
51,2138920263,1,%Net.HttpResponse.1+33,1,
38,2138920264,1,%Net.HttpAuthentication.1+0,0,
50,2138920265,1,%Net.HttpAuthentication.1+187,1,
37,2138920266,1,%Net.HttpAuthentication.1+187,1,
QUIT,2138920267,187
51,2138920268,1,%Net.HttpAuthentication.1+187,1,
51,2138920269,1,%Net.HttpAuthentication.1+187,1,
51,2138920270,1,%Net.HttpAuthentication.1+187,1,
51,2138920271,1,%Net.HttpAuthentication.1+187,1,
51,2138920272,1,%Net.HttpAuthentication.1+187,1,
38,2138920273,1,%Net.HttpRequest.1+0,0,
37,2138920274,1,%Net.HttpRequest.1+1252,1,
CALL,2138920276,1,%Net.HttpRequest.1+1252
ARG,[ 0] INT: 0
ARG,[ 1] STR (len=14): 4H002F003F006E0061006D0065003D0042006100720062006100720061
ARG,[ 2] STR (len=3): 4H004700450054
ARG,[ 3] SCOPE: level=0, 0x00aaaac5a44170
ARG,[ 4] INT: 125
ARG,[ 5] OREF: 11
38,2138920283,1,%Net.HttpAuthentication.1+0,0,
50,2138920284,1,%Net.HttpAuthentication.1+183,1,
50,2138920285,1,%Net.HttpAuthentication.1+183,1,
50,2138920286,1,%Net.HttpAuthentication.1+183,1,
50,2138920287,1,%Net.HttpAuthentication.1+183,1,
37,2138920288,1,%Net.HttpAuthentication.1+184,1,
37,2138920289,1,%Net.HttpAuthentication.1+186,1,
50,2138920290,1,%Net.HttpAuthentication.1+186,1,
CALL,2138920291,1,%Net.HttpAuthentication.1+186
ARG,[ 0] INT: 0
37,2138920292,1,%Net.HttpAuthentication.1+135,1,
QUIT,2138920293,135
51,2138920294,1,%Net.HttpAuthentication.1+186,1,
50,2138920295,1,%Net.HttpAuthentication.1+186,1,
CALL,2138920296,1,%Net.HttpAuthentication.1+186
ARG,[ 0] INT: 0
37,2138920297,1,%Net.HttpAuthentication.1+215,1,
QUIT,2138920298,215
51,2138920298,1,%Net.HttpAuthentication.1+186,1,
CALL,2138920299,1,%Net.HttpAuthentication.1+186
ARG,[ 0] STR (len=16): 4H005700570057002D00410075007400680065006E007400690063006100740065
ARG,[ 1] INT: 27
ARG,[ 2] OREF: 17
38,2138920304,1,%Net.HttpResponse.1+0,0,
50,2138920305,1,%Net.HttpResponse.1+32,1,
50,2138920307,1,%Net.HttpResponse.1+32,1,
37,2138920308,1,%Net.HttpResponse.1+33,1,
QUIT,2138920309,33
51,2138920309,1,%Net.HttpResponse.1+33,1,
51,2138920310,1,%Net.HttpResponse.1+33,1,
38,2138920767,1,%Net.HttpAuthentication.1+0,0,
50,2138920768,1,%Net.HttpAuthentication.1+187,1,
37,2138920770,1,%Net.HttpAuthentication.1+187,1,
QUIT,2138920771,187
51,2138920772,1,%Net.HttpAuthentication.1+187,1,
51,2138920773,1,%Net.HttpAuthentication.1+187,1,
51,2138920774,1,%Net.HttpAuthentication.1+187,1,
51,2138920775,1,%Net.HttpAuthentication.1+187,1,
51,2138920776,1,%Net.HttpAuthentication.1+187,1,
38,2138920778,1,%Net.HttpRequest.1+0,0,
37,2138920779,1,%Net.HttpRequest.1+1253,1,
50,2138920781,1,%Net.HttpRequest.1+1254,1,
37,2138920782,1,%Net.HttpRequest.1+1254,1,
37,2138920784,1,%Net.HttpRequest.1+1255,1,
37,2138920785,1,%Net.HttpRequest.1+1285,1,
CALL,2138920786,1,%Net.HttpRequest.1+1285
ARG,[ 0] INT: 0
37,2138920788,1,%Net.HttpRequest.1+979,1,
50,2138920789,1,%Net.HttpRequest.1+979,1,
50,2138920792,1,%Net.HttpRequest.1+979,1,
50,2138920794,1,%Net.HttpRequest.1+979,1,
37,2138920795,1,%Net.HttpRequest.1+980,1,
51,2138920797,1,%Net.HttpRequest.1+980,1,
51,2138920799,1,%Net.HttpRequest.1+980,1,
51,2138920800,1,%Net.HttpRequest.1+980,1,
51,2138920801,1,%Net.HttpRequest.1+980,1,
51,2138920802,1,%Net.HttpRequest.1+980,1,
51,2138920803,1,%Net.HttpRequest.1+980,1,
51,2138920804,1,%Net.HttpRequest.1+980,1,
51,2138920805,1,%Net.HttpRequest.1+980,1,
51,2138920806,1,%Net.HttpRequest.1+980,1,
51,2138920807,1,%Net.HttpRequest.1+980,1,
51,2138920808,1,%Net.HttpRequest.1+980,1,
51,2138920809,1,%Net.HttpRequest.1+980,1,
51,2138920810,1,%Net.HttpRequest.1+980,1,
51,2138920811,1,%Net.HttpRequest.1+980,1,
51,2138920812,1,%Net.HttpRequest.1+980,1,
51,2138920813,1,%Net.HttpRequest.1+980,1,
51,2138920814,1,%Net.HttpRequest.1+980,1,
51,2138920815,1,%Net.HttpRequest.1+980,1,
51,2138920816,1,%Net.HttpRequest.1+980,1,
51,2138920817,1,%Net.HttpRequest.1+980,1,
51,2138920818,1,%Net.HttpRequest.1+980,1,
37,2138920819,1,%Net.HttpRequest.1+981,1,
CALL,2138920820,1,%Net.HttpRequest.1+981
ARG,[ 0] INT: 0
50,2138920822,1,%Net.HttpRequest.1+1555,1,
50,2138920823,1,%Net.HttpRequest.1+1555,1,
37,2138920824,1,%Net.HttpRequest.1+1556,1,
37,2138920826,1,%Net.HttpRequest.1+1557,1,
50,2138920827,1,%Net.HttpRequest.1+1558,1,
37,2138920828,1,%Net.HttpRequest.1+1558,1,
37,2138920829,1,%Net.HttpRequest.1+1559,1,
51,2138920830,1,%Net.HttpRequest.1+1560,1,
50,2138920831,1,%Net.HttpRequest.1+1560,1,
37,2138920832,1,%Net.HttpRequest.1+1563,1,
50,2138920835,1,%Net.HttpRequest.1+1563,1,
50,2138920836,1,%Net.HttpRequest.1+1563,1,
50,2138920837,1,%Net.HttpRequest.1+1563,1,
50,2138920838,1,%Net.HttpRequest.1+1563,1,
50,2138920840,1,%Net.HttpRequest.1+1563,1,
50,2138920840,1,%Net.HttpRequest.1+1563,1,
50,2138920841,1,%Net.HttpRequest.1+1563,1,
50,2138920842,1,%Net.HttpRequest.1+1563,1,
50,2138920843,1,%Net.HttpRequest.1+1563,1,
50,2138920844,1,%Net.HttpRequest.1+1563,1,
50,2138920845,1,%Net.HttpRequest.1+1563,1,
50,2138920847,1,%Net.HttpRequest.1+1563,1,
50,2138920847,1,%Net.HttpRequest.1+1563,1,
50,2138920848,1,%Net.HttpRequest.1+1563,1,
50,2138920849,1,%Net.HttpRequest.1+1563,1,
50,2138920850,1,%Net.HttpRequest.1+1563,1,
50,2138920851,1,%Net.HttpRequest.1+1563,1,
50,2138920852,1,%Net.HttpRequest.1+1563,1,
50,2138920853,1,%Net.HttpRequest.1+1563,1,
50,2138920854,1,%Net.HttpRequest.1+1563,1,
50,2138920855,1,%Net.HttpRequest.1+1563,1,
50,2138920856,1,%Net.HttpRequest.1+1563,1,
CALL,2138920858,1,%Net.HttpRequest.1+1563
ARG,[ 0] INT: 1
ARG,[ 1] STR (len=0): 4HÀ¥|âÿÿ
ARG,[ 2] OREF: 18
38,2138920861,1,%Library.GlobalBinaryStream.1+0,0,
50,2138920863,1,%Library.GlobalBinaryStream.1+5,1,
50,2138920864,1,%Library.GlobalBinaryStream.1+5,1,
37,2138920865,1,%Library.GlobalBinaryStream.1+6,1,
37,2138920867,1,%Library.GlobalBinaryStream.1+7,1,
51,2138920871,1,%Library.GlobalBinaryStream.1+7,1,
50,2138920872,1,%Library.GlobalBinaryStream.1+7,1,
37,2138920873,1,%Library.GlobalBinaryStream.1+8,1,
51,2138920874,1,%Library.GlobalBinaryStream.1+8,1,
51,2138920875,1,%Library.GlobalBinaryStream.1+8,1,
37,2138920876,1,%Library.GlobalBinaryStream.1+9,1,
CALL,2138920877,1,%Library.GlobalBinaryStream.1+9
ARG,[ 0] INT: 1
ARG,[ 1] SCOPE: level=0, 0x00aaaac5a44308
ARG,[ 2] INT: 2
50,2138921282,1,%Library.GlobalBinaryStream.1+128,1,
37,2138921284,1,%Library.GlobalBinaryStream.1+129,1,
37,2138921286,1,%Library.GlobalBinaryStream.1+130,1,
37,2138921287,1,%Library.GlobalBinaryStream.1+131,1,
37,2138921292,1,%Library.GlobalBinaryStream.1+132,1,
QUIT,2138921294,132
51,2138921294,1,%Library.GlobalBinaryStream.1+132,1,
QUIT,2138921296,9
51,2138921296,1,%Library.GlobalBinaryStream.1+9,1,
51,2138921298,1,%Library.GlobalBinaryStream.1+9,1,
38,2138921299,1,%Net.HttpRequest.1+0,0,
50,2138921301,1,%Net.HttpRequest.1+1563,1,
37,2138921302,1,%Net.HttpRequest.1+1564,1,
51,2138921304,1,%Net.HttpRequest.1+1564,1,
51,2138921305,1,%Net.HttpRequest.1+1564,1,
50,2138921306,1,%Net.HttpRequest.1+1564,1,
50,2138921307,1,%Net.HttpRequest.1+1564,1,
51,2138921308,1,%Net.HttpRequest.1+1564,1,
50,2138921309,1,%Net.HttpRequest.1+1564,1,
37,2138921310,1,%Net.HttpRequest.1+1565,1,
QUIT,2138921311,1565
51,2138921311,1,%Net.HttpRequest.1+1565,1,
51,2138921312,1,%Net.HttpRequest.1+1565,1,
51,2138921314,1,%Net.HttpRequest.1+1565,1,
51,2138921315,1,%Net.HttpRequest.1+1565,1,
37,2138921316,1,%Net.HttpRequest.1+982,1,
37,2138921317,1,%Net.HttpRequest.1+983,1,
50,2138921319,1,%Net.HttpRequest.1+984,1,
37,2138921320,1,%Net.HttpRequest.1+984,1,
50,2138921322,1,%Net.HttpRequest.1+984,1,
CALL,2138921323,1,%Net.HttpRequest.1+984
ARG,[ 0] INT: 0
37,2138921324,1,%Net.HttpRequest.1+688,1,
37,2138921325,1,%Net.HttpRequest.1+689,1,
50,2138921327,1,%Net.HttpRequest.1+690,1,
37,2138921328,1,%Net.HttpRequest.1+690,1,
QUIT,2138921329,690
51,2138921329,1,%Net.HttpRequest.1+690,1,
51,2138921330,1,%Net.HttpRequest.1+984,1,
50,2138921331,1,%Net.HttpRequest.1+984,1,
37,2138921332,1,%Net.HttpRequest.1+985,1,
CALL,2138921334,1,%Net.HttpRequest.1+985
ARG,[ 0] INT: 3
ARG,[ 1] STR (len=44): 4H004D006F007A0069006C006C0061002F0034002E0030002000280063006F006D00700061007400690062006C0065003B00200049006E00740065007200530079007300740065006D007300200049005200490053003B0029
ARG,[ 2] STR (len=29): 4H00680074007400700073003A002F002F006100700069002E00670065006E0064006500720069007A0065002E0069006F003A003400340033002F
ARG,[ 3] STR (len=16): 4H006100700069002E00670065006E0064006500720069007A0065002E0069006F
50,2138921354,1,%Net.HttpRequest.1+395,1,
50,2138921355,1,%Net.HttpRequest.1+395,1,
50,2138921356,1,%Net.HttpRequest.1+395,1,
50,2138921357,1,%Net.HttpRequest.1+395,1,
37,2138921358,1,%Net.HttpRequest.1+396,1,
37,2138921359,1,%Net.HttpRequest.1+397,1,
50,2138921361,1,%Net.HttpRequest.1+397,1,
50,2138921363,1,%Net.HttpRequest.1+397,1,
50,2138921365,1,%Net.HttpRequest.1+397,1,
50,2138921366,1,%Net.HttpRequest.1+397,1,
50,2138921368,1,%Net.HttpRequest.1+397,1,
50,2138921369,1,%Net.HttpRequest.1+397,1,
50,2138921370,1,%Net.HttpRequest.1+397,1,
37,2138921371,1,%Net.HttpRequest.1+398,1,
50,2138921372,1,%Net.HttpRequest.1+398,1,
50,2138921373,1,%Net.HttpRequest.1+398,1,
51,2138921374,1,%Net.HttpRequest.1+398,1,
50,2138921375,1,%Net.HttpRequest.1+398,1,
50,2138921377,1,%Net.HttpRequest.1+398,1,
50,2138921378,1,%Net.HttpRequest.1+398,1,
50,2138921379,1,%Net.HttpRequest.1+398,1,
50,2138921380,1,%Net.HttpRequest.1+398,1,
50,2138921381,1,%Net.HttpRequest.1+398,1,
37,2138921382,1,%Net.HttpRequest.1+399,1,
50,2138921383,1,%Net.HttpRequest.1+399,1,
37,2138921384,1,%Net.HttpRequest.1+400,1,
37,2138921385,1,%Net.HttpRequest.1+401,1,
50,2138921387,1,%Net.HttpRequest.1+401,1,
51,2138921388,1,%Net.HttpRequest.1+401,1,
50,2138921389,1,%Net.HttpRequest.1+401,1,
50,2138921391,1,%Net.HttpRequest.1+401,1,
50,2138921392,1,%Net.HttpRequest.1+401,1,
50,2138921393,1,%Net.HttpRequest.1+401,1,
50,2138921394,1,%Net.HttpRequest.1+401,1,
50,2138921395,1,%Net.HttpRequest.1+401,1,
37,2138921396,1,%Net.HttpRequest.1+402,1,
37,2138921397,1,%Net.HttpRequest.1+404,1,
37,2138921398,1,%Net.HttpRequest.1+405,1,
50,2138921399,1,%Net.HttpRequest.1+405,1,
50,2138921401,1,%Net.HttpRequest.1+405,1,
50,2138921402,1,%Net.HttpRequest.1+405,1,
50,2138921403,1,%Net.HttpRequest.1+405,1,
50,2138921404,1,%Net.HttpRequest.1+405,1,
50,2138921405,1,%Net.HttpRequest.1+405,1,
37,2138921406,1,%Net.HttpRequest.1+406,1,
37,2138921838,1,%Net.HttpRequest.1+422,1,
QUIT,2138921840,422
51,2138921840,1,%Net.HttpRequest.1+422,1,
51,2138921842,1,%Net.HttpRequest.1+422,1,
51,2138921843,1,%Net.HttpRequest.1+422,1,
51,2138921844,1,%Net.HttpRequest.1+422,1,
37,2138921845,1,%Net.HttpRequest.1+986,1,
QUIT,2138921846,986
51,2138921847,1,%Net.HttpRequest.1+986,1,
51,2138921848,1,%Net.HttpRequest.1+986,1,
51,2138921849,1,%Net.HttpRequest.1+986,1,
51,2138921850,1,%Net.HttpRequest.1+986,1,
51,2138921851,1,%Net.HttpRequest.1+986,1,
37,2138921852,1,%Net.HttpRequest.1+1286,1,
37,2138921853,1,%Net.HttpRequest.1+1287,1,
37,2138921854,1,%Net.HttpRequest.1+1288,1,
37,2138921856,1,%Net.HttpRequest.1+1289,1,
QUIT,2138921857,1289
51,2138921858,1,%Net.HttpRequest.1+1289,1,
51,2138921859,1,%Net.HttpRequest.1+1289,1,
51,2138921860,1,%Net.HttpRequest.1+1289,1,
51,2138921861,1,%Net.HttpRequest.1+1289,1,
51,2138921862,1,%Net.HttpRequest.1+1289,1,
51,2138921863,1,%Net.HttpRequest.1+1289,1,
51,2138921864,1,%Net.HttpRequest.1+1289,1,
51,2138921865,1,%Net.HttpRequest.1+1289,1,
51,2138921866,1,%Net.HttpRequest.1+1289,1,
51,2138921867,1,%Net.HttpRequest.1+1289,1,
51,2138921868,1,%Net.HttpRequest.1+1289,1,
51,2138921869,1,%Net.HttpRequest.1+1289,1,
51,2138921870,1,%Net.HttpRequest.1+1289,1,
51,2138921871,1,%Net.HttpRequest.1+1289,1,
51,2138921872,1,%Net.HttpRequest.1+1289,1,
51,2138921873,1,%Net.HttpRequest.1+1289,1,
51,2138921874,1,%Net.HttpRequest.1+1289,1,
51,2138921875,1,%Net.HttpRequest.1+1289,1,
51,2138921876,1,%Net.HttpRequest.1+1289,1,
51,2138921877,1,%Net.HttpRequest.1+1289,1,
51,2138921878,1,%Net.HttpRequest.1+1289,1,
51,2138921879,1,%Net.HttpRequest.1+1289,1,
51,2138921880,1,%Net.HttpRequest.1+1289,1,
38,2138921882,13,EnsLib.HTTP.OutboundAdapter.1+0,0,
37,2138921883,13,EnsLib.HTTP.OutboundAdapter.1+448,1,
CALL,2138921886,13,EnsLib.HTTP.OutboundAdapter.1+447
ARG,[ 0] INT: 0
ARG,[ 1] OREF: 14
38,2138921889,1,%Stream.Object.1+0,0,
50,2138921891,1,%Stream.Object.1+38,1,
37,2138921903,1,%Stream.Object.1+39,1,
CALL,2138921906,1,%Stream.Object.1+39
ARG,[ 0] INT: 0
ARG,[ 1] INT: 4
38,2138921908,1,%Library.GlobalBinaryStream.1+0,0,
37,2138921909,1,%Library.GlobalBinaryStream.1+117,1,
37,2138921913,1,%Library.GlobalBinaryStream.1+118,1,
37,2138921914,1,%Library.GlobalBinaryStream.1+119,1,
QUIT,2138921915,119
38,2138921915,1,%Stream.Object.1+0,0,
37,2138921917,1,%Stream.Object.1+40,1,
37,2138921918,1,%Stream.Object.1+41,1,
QUIT,2138921919,41
38,2138921919,13,EnsLib.HTTP.OutboundAdapter.1+0,0,
51,2138921921,13,EnsLib.HTTP.OutboundAdapter.1+447,1,
51,2138921922,13,EnsLib.HTTP.OutboundAdapter.1+447,1,
51,2138921923,13,EnsLib.HTTP.OutboundAdapter.1+447,1,
51,2138921924,13,EnsLib.HTTP.OutboundAdapter.1+447,1,
51,2138921925,13,EnsLib.HTTP.OutboundAdapter.1+447,1,
51,2138921926,13,EnsLib.HTTP.OutboundAdapter.1+447,1,
51,2138921927,13,EnsLib.HTTP.OutboundAdapter.1+447,1,
51,2138921928,13,EnsLib.HTTP.OutboundAdapter.1+447,1,
51,2138921929,13,EnsLib.HTTP.OutboundAdapter.1+447,1,
51,2138921930,13,EnsLib.HTTP.OutboundAdapter.1+447,1,
51,2138921931,13,EnsLib.HTTP.OutboundAdapter.1+447,1,
51,2138921932,13,EnsLib.HTTP.OutboundAdapter.1+447,1,
51,2138921933,13,EnsLib.HTTP.OutboundAdapter.1+447,1,
51,2138921934,13,EnsLib.HTTP.OutboundAdapter.1+447,1,
51,2138921935,13,EnsLib.HTTP.OutboundAdapter.1+447,1,
51,2138921936,13,EnsLib.HTTP.OutboundAdapter.1+447,1,
51,2138921936,13,EnsLib.HTTP.OutboundAdapter.1+447,1,
51,2138921937,13,EnsLib.HTTP.OutboundAdapter.1+447,1,
51,2138921938,13,EnsLib.HTTP.OutboundAdapter.1+447,1,
51,2138921939,13,EnsLib.HTTP.OutboundAdapter.1+447,1,
37,2138921941,13,EnsLib.HTTP.OutboundAdapter.1+448,1,
51,2138921942,13,EnsLib.HTTP.OutboundAdapter.1+449,1,
50,2138921943,13,EnsLib.HTTP.OutboundAdapter.1+449,1,
37,2138921944,13,EnsLib.HTTP.OutboundAdapter.1+449,1,
37,2138921946,13,EnsLib.HTTP.OutboundAdapter.1+453,1,
37,2138921948,13,EnsLib.HTTP.OutboundAdapter.1+468,1,
37,2138921949,13,EnsLib.HTTP.OutboundAdapter.1+469,1,
CALL,2138921951,13,EnsLib.HTTP.OutboundAdapter.1+469
ARG,[ 0] INT: 5922
ARG,[ 1] INT: 6059
ARG,[ 2] INT: 1
38,2138921953,1,%apiOBJ+0,0,
50,2138921955,1,%apiOBJ+1208,1,
50,2138922355,1,%apiOBJ+1208,1,
50,2138922356,1,%apiOBJ+1208,1,
50,2138922357,1,%apiOBJ+1208,1,
50,2138922358,1,%apiOBJ+1208,1,
50,2138922359,1,%apiOBJ+1208,1,
37,2138922374,1,%apiOBJ+1209,1,
CALL,2138922376,1,%apiOBJ+1209
ARG,[ 0] INT: 1
ARG,[ 1] INT: 2
ARG,[ 2] SCOPE: level=0, 0x00aaaac5a43dc8
ARG,[ 3] INT: 1
50,2138922379,1,%apiOBJ+1211,1,
50,2138922379,1,%apiOBJ+1211,1,
37,2138922380,1,%apiOBJ+1212,1,
QUIT,2138922381,1212
51,2138922382,1,%apiOBJ+1212,1,
51,2138922383,1,%apiOBJ+1212,1,
QUIT,2138922384,1209
51,2138922384,1,%apiOBJ+1209,1,
51,2138922385,1,%apiOBJ+1209,1,
51,2138922386,1,%apiOBJ+1209,1,
51,2138922387,1,%apiOBJ+1209,1,
51,2138922388,1,%apiOBJ+1209,1,
51,2138922388,1,%apiOBJ+1209,1,
38,2138922390,13,EnsLib.HTTP.OutboundAdapter.1+0,0,
37,2138922391,13,EnsLib.HTTP.OutboundAdapter.1+470,1,
37,2138922395,13,EnsLib.HTTP.OutboundAdapter.1+471,1,
50,2138922396,13,EnsLib.HTTP.OutboundAdapter.1+471,1,
CALL,2138922398,13,EnsLib.HTTP.OutboundAdapter.1+471
ARG,[ 0] INT: 1
ARG,[ 1] STR (len=38): 4H0056004E0044002E0049004E00540045005200530059005300540045004D0053002E0045004E00530045004D0042004C0045002E0053005500500045005200530045005300530049004F004E
ARG,[ 2] INT: 98
ARG,[ 3] OREF: 17
38,2138922406,1,%Net.HttpResponse.1+0,0,
50,2138922407,1,%Net.HttpResponse.1+32,1,
50,2138922408,1,%Net.HttpResponse.1+32,1,
37,2138922409,1,%Net.HttpResponse.1+33,1,
QUIT,2138922411,33
51,2138922411,1,%Net.HttpResponse.1+33,1,
51,2138922412,1,%Net.HttpResponse.1+33,1,
38,2138922413,13,EnsLib.HTTP.OutboundAdapter.1+0,0,
51,2138922414,13,EnsLib.HTTP.OutboundAdapter.1+471,1,
CALL,2138922416,13,EnsLib.HTTP.OutboundAdapter.1+471
ARG,[ 0] INT: 1
ARG,[ 1] STR (len=0): 4H%%%%%%%%%%%%%%%%.so.69: %s
ARG,[ 2] INT: 36
ARG,[ 3] OREF: 2
38,2138922419,13,Ens.Host.1+0,0,
50,2138922420,13,Ens.Host.1+94,1,
50,2138922421,13,Ens.Host.1+94,1,
37,2138922422,13,Ens.Host.1+95,1,
37,2138922423,13,Ens.Host.1+96,1,
37,2138922425,13,Ens.Host.1+97,1,
QUIT,2138922426,97
51,2138922426,13,Ens.Host.1+97,1,
51,2138922427,13,Ens.Host.1+97,1,
38,2138922428,13,EnsLib.HTTP.OutboundAdapter.1+0,0,
37,2138922429,13,EnsLib.HTTP.OutboundAdapter.1+473,1,
CALL,2138922430,13,EnsLib.HTTP.OutboundAdapter.1+473
ARG,[ 0] INT: 1
ARG,[ 1] SCOPE: level=0, 0x00aaaac5a43c20
50,2138922431,13,EnsLib.HTTP.OutboundAdapter.1+325,1,
37,2138922432,13,EnsLib.HTTP.OutboundAdapter.1+327,1,
37,2138922434,13,EnsLib.HTTP.OutboundAdapter.1+335,1,
QUIT,2138922435,335
51,2138922435,13,EnsLib.HTTP.OutboundAdapter.1+335,1,
37,2138922436,13,EnsLib.HTTP.OutboundAdapter.1+475,1,
QUIT,2138922437,475
51,2138922437,13,EnsLib.HTTP.OutboundAdapter.1+475,1,
51,2138922438,13,EnsLib.HTTP.OutboundAdapter.1+475,1,
51,2138922439,13,EnsLib.HTTP.OutboundAdapter.1+475,1,
51,2138922440,13,EnsLib.HTTP.OutboundAdapter.1+475,1,
51,2138922441,13,EnsLib.HTTP.OutboundAdapter.1+475,1,
51,2138922441,13,EnsLib.HTTP.OutboundAdapter.1+475,1,
51,2138922442,13,EnsLib.HTTP.OutboundAdapter.1+475,1,
51,2138922443,13,EnsLib.HTTP.OutboundAdapter.1+475,1,
38,2138922445,10,HTTP.operation.1+0,0,
37,2138922446,10,HTTP.operation.1+499,1,
50,2138922456,10,HTTP.operation.1+499,1,
50,2138922457,10,HTTP.operation.1+499,1,
50,2138922472,10,HTTP.operation.1+499,1,
50,2138922473,10,HTTP.operation.1+499,1,
CALL,2138922474,10,HTTP.operation.1+499
ARG,[ 0] INT: 1
ARG,[ 1] OREF: 15
ARG,[ 2] INT: 83
ARG,[ 3] OREF: 14
38,2138922481,1,%Library.DynamicAbstractObject.1+0,0,
50,2138922486,1,%Library.DynamicAbstractObject.1+19,1,
50,2138922487,1,%Library.DynamicAbstractObject.1+19,1,
CALL,2138922489,1,%Library.DynamicAbstractObject.1+19
ARG,[ 0] INT: 0
ARG,[ 1] OREF: 14
50,2138922490,1,%Library.DynamicAbstractObject.1+283,1,
37,2138922493,1,%Library.DynamicAbstractObject.1+286,1,
51,2138922510,1,%Library.DynamicAbstractObject.1+286,1,
51,2138922510,1,%Library.DynamicAbstractObject.1+286,1,
37,2138922511,1,%Library.DynamicAbstractObject.1+287,1,
37,2138922512,1,%Library.DynamicAbstractObject.1+290,1,
QUIT,2138922513,290
51,2138922514,1,%Library.DynamicAbstractObject.1+19,1,
51,2138922514,1,%Library.DynamicAbstractObject.1+19,1,
37,2138922515,1,%Library.DynamicAbstractObject.1+21,1,
37,2138922887,1,%Library.DynamicAbstractObject.1+23,1,
CALL,2138922888,1,%Library.DynamicAbstractObject.1+23
ARG,[ 0] INT: 0
ARG,[ 1] INT: 0
ARG,[ 2] OREF: 15
38,2138922891,1,%Stream.FileBinary.1+0,0,
37,2138922892,1,%Stream.FileBinary.1+434,1,
37,2138922894,1,%Stream.FileBinary.1+435,1,
37,2138922895,1,%Stream.FileBinary.1+436,1,
37,2138922897,1,%Stream.FileBinary.1+437,1,
QUIT,2138922898,437
38,2138922898,1,%Library.DynamicAbstractObject.1+0,0,
37,2138922899,1,%Library.DynamicAbstractObject.1+24,1,
37,2138922900,1,%Library.DynamicAbstractObject.1+26,1,
37,2138922901,1,%Library.DynamicAbstractObject.1+30,1,
50,2138922902,1,%Library.DynamicAbstractObject.1+30,1,
50,2138922903,1,%Library.DynamicAbstractObject.1+31,1,
37,2138922904,1,%Library.DynamicAbstractObject.1+31,1,
50,2138923139,1,%Library.DynamicAbstractObject.1+31,1,
51,2138923142,1,%Library.DynamicAbstractObject.1+31,1,
37,2138923143,1,%Library.DynamicAbstractObject.1+33,1,
50,2138923456,1,%Library.DynamicAbstractObject.1+33,1,
50,2138923458,1,%Library.DynamicAbstractObject.1+33,1,
50,2138923469,1,%Library.DynamicAbstractObject.1+33,1,
50,2138923471,1,%Library.DynamicAbstractObject.1+33,1,
50,2138923477,1,%Library.DynamicAbstractObject.1+33,1,
CALL,2138923485,1,%Library.DynamicAbstractObject.1+0
ARG,[ 0] INT: 0
ARG,[ 1] STR (len=4): 4H0052006500610064
ARG,[ 2] OREF: 15
38,2138923488,1,%Stream.FileBinary.1+0,0,
50,2138923490,1,%Stream.FileBinary.1+357,1,
50,2138923491,1,%Stream.FileBinary.1+357,1,
37,2138923492,1,%Stream.FileBinary.1+358,1,
50,2138923493,1,%Stream.FileBinary.1+358,1,
50,2138923495,1,%Stream.FileBinary.1+359,1,
37,2138923495,1,%Stream.FileBinary.1+359,1,
37,2138923497,1,%Stream.FileBinary.1+360,1,
37,2138923498,1,%Stream.FileBinary.1+361,1,
37,2138923499,1,%Stream.FileBinary.1+362,1,
50,2138923501,1,%Stream.FileBinary.1+362,1,
50,2138923502,1,%Stream.FileBinary.1+363,1,
37,2138923503,1,%Stream.FileBinary.1+363,1,
37,2138923504,1,%Stream.FileBinary.1+364,1,
37,2138923505,1,%Stream.FileBinary.1+365,1,
37,2138923506,1,%Stream.FileBinary.1+366,1,
CALL,2138923507,1,%Stream.FileBinary.1+366
ARG,[ 0] INT: 1
ARG,[ 1] INT: 0
ARG,[ 2] INT: 17
50,2138923509,1,%Stream.FileBinary.1+445,1,
50,2138923510,1,%Stream.FileBinary.1+445,1,
50,2138923511,1,%Stream.FileBinary.1+445,1,
37,2138923512,1,%Stream.FileBinary.1+446,1,
37,2138923513,1,%Stream.FileBinary.1+447,1,
50,2138923513,1,%Stream.FileBinary.1+447,1,
50,2138923514,1,%Stream.FileBinary.1+447,1,
37,2138923515,1,%Stream.FileBinary.1+448,1,
37,2138923516,1,%Stream.FileBinary.1+449,1,
37,2138923517,1,%Stream.FileBinary.1+453,1,
37,2138923518,1,%Stream.FileBinary.1+454,1,
50,2138923519,1,%Stream.FileBinary.1+454,1,
37,2138923520,1,%Stream.FileBinary.1+455,1,
37,2138923530,1,%Stream.FileBinary.1+456,1,
CALL,2138923531,1,%Stream.FileBinary.1+456
ARG,[ 0] INT: 3
ARG,[ 1] INT: 0
ARG,[ 2] INT: 0
ARG,[ 3] STR (len=39): 4H002F0064006100740061002F0049005200490053002F006D00670072002F00540065006D0070002F006A003400680034003800610077007400710054004E006D00340067002E0068007400740070
ARG,[ 4] INT: 19
38,2138923540,1,%Stream.FileCharacter.1+0,0,
50,2138923541,1,%Stream.FileCharacter.1+78,1,
50,2138923542,1,%Stream.FileCharacter.1+78,1,
50,2138923543,1,%Stream.FileCharacter.1+78,1,
50,2138923544,1,%Stream.FileCharacter.1+78,1,
37,2138923544,1,%Stream.FileCharacter.1+79,1,
50,2138923546,1,%Stream.FileCharacter.1+79,1,
37,2138923546,1,%Stream.FileCharacter.1+80,1,
37,2138923547,1,%Stream.FileCharacter.1+81,1,
37,2138923548,1,%Stream.FileCharacter.1+82,1,
50,2138923549,1,%Stream.FileCharacter.1+82,1,
37,2138923550,1,%Stream.FileCharacter.1+83,1,
37,2138923551,1,%Stream.FileCharacter.1+84,1,
50,2138923766,1,%Stream.FileCharacter.1+84,1,
51,2138924101,1,%Stream.FileCharacter.1+84,1,
50,2138924103,1,%Stream.FileCharacter.1+84,1,
50,2138924105,1,%Stream.FileCharacter.1+84,1,
50,2138924106,1,%Stream.FileCharacter.1+84,1,
50,2138924107,1,%Stream.FileCharacter.1+84,1,
50,2138924108,1,%Stream.FileCharacter.1+84,1,
50,2138924109,1,%Stream.FileCharacter.1+84,1,
50,2138924111,1,%Stream.FileCharacter.1+84,1,
50,2138924111,1,%Stream.FileCharacter.1+84,1,
50,2138924112,1,%Stream.FileCharacter.1+84,1,
50,2138924113,1,%Stream.FileCharacter.1+84,1,
50,2138924114,1,%Stream.FileCharacter.1+84,1,
51,2138924115,1,%Stream.FileCharacter.1+84,1,
51,2138924116,1,%Stream.FileCharacter.1+84,1,
51,2138924116,1,%Stream.FileCharacter.1+84,1,
51,2138924117,1,%Stream.FileCharacter.1+84,1,
51,2138924118,1,%Stream.FileCharacter.1+84,1,
50,2138924122,1,%Stream.FileCharacter.1+84,1,
50,2138924352,1,%Stream.FileCharacter.1+84,1,
50,2138924354,1,%Stream.FileCharacter.1+84,1,
50,2138924354,1,%Stream.FileCharacter.1+84,1,
50,2138924665,1,%Stream.FileCharacter.1+84,1,
37,2138924670,1,%Stream.FileCharacter.1+86,1,
38,2138925069,1,%X364+0,0,
38,2138925071,1,%Stream.FileCharacter.1+0,0,
48,2138925252,1,%Stream.FileCharacter.1+86,1,
50,2138925440,1,%Stream.FileCharacter.1+86,1,
50,2138925514,1,%Stream.FileCharacter.1+86,1,
37,2138925515,1,%Stream.FileCharacter.1+87,1,
37,2138925516,1,%Stream.FileCharacter.1+90,1,
37,2138925517,1,%Stream.FileCharacter.1+91,1,
37,2138925518,1,%Stream.FileCharacter.1+92,1,
37,2138925519,1,%Stream.FileCharacter.1+99,1,
37,2138925520,1,%Stream.FileCharacter.1+103,1,
37,2138925735,1,%Stream.FileCharacter.1+104,1,
51,2138925947,1,%Stream.FileCharacter.1+104,1,
51,2138925951,1,%Stream.FileCharacter.1+104,1,
51,2138925953,1,%Stream.FileCharacter.1+104,1,
51,2138925954,1,%Stream.FileCharacter.1+104,1,
51,2138925955,1,%Stream.FileCharacter.1+104,1,
51,2138925955,1,%Stream.FileCharacter.1+104,1,
51,2138925956,1,%Stream.FileCharacter.1+104,1,
51,2138925957,1,%Stream.FileCharacter.1+104,1,
51,2138925958,1,%Stream.FileCharacter.1+104,1,
51,2138925959,1,%Stream.FileCharacter.1+104,1,
51,2138925960,1,%Stream.FileCharacter.1+104,1,
51,2138925961,1,%Stream.FileCharacter.1+104,1,
37,2138925962,1,%Stream.FileCharacter.1+107,1,
37,2138925964,1,%Stream.FileCharacter.1+108,1,
50,2138926983,1,%Stream.FileCharacter.1+108,1,
51,2138927235,1,%Stream.FileCharacter.1+108,1,
50,2138927237,1,%Stream.FileCharacter.1+108,1,
50,2138927238,1,%Stream.FileCharacter.1+108,1,
50,2138927239,1,%Stream.FileCharacter.1+108,1,
50,2138927240,1,%Stream.FileCharacter.1+108,1,
50,2138927241,1,%Stream.FileCharacter.1+108,1,
50,2138927242,1,%Stream.FileCharacter.1+108,1,
50,2138927243,1,%Stream.FileCharacter.1+108,1,
50,2138927244,1,%Stream.FileCharacter.1+108,1,
50,2138927245,1,%Stream.FileCharacter.1+108,1,
50,2138927246,1,%Stream.FileCharacter.1+108,1,
50,2138927246,1,%Stream.FileCharacter.1+108,1,
51,2138927247,1,%Stream.FileCharacter.1+108,1,
51,2138927248,1,%Stream.FileCharacter.1+108,1,
51,2138927249,1,%Stream.FileCharacter.1+108,1,
51,2138927249,1,%Stream.FileCharacter.1+108,1,
51,2138927250,1,%Stream.FileCharacter.1+108,1,
50,2138927251,1,%Stream.FileCharacter.1+108,1,
50,2138927252,1,%Stream.FileCharacter.1+108,1,
50,2138927253,1,%Stream.FileCharacter.1+108,1,
50,2138927254,1,%Stream.FileCharacter.1+108,1,
50,2138927491,1,%Stream.FileCharacter.1+108,1,
37,2138927495,1,%Stream.FileCharacter.1+110,1,
51,2138927500,1,%Stream.FileCharacter.1+110,1,
50,2138927501,1,%Stream.FileCharacter.1+110,1,
37,2138927502,1,%Stream.FileCharacter.1+111,1,
QUIT,2138927503,111
51,2138927504,1,%Stream.FileCharacter.1+111,1,
51,2138927505,1,%Stream.FileCharacter.1+111,1,
51,2138927505,1,%Stream.FileCharacter.1+111,1,
51,2138927506,1,%Stream.FileCharacter.1+111,1,
51,2138927507,1,%Stream.FileCharacter.1+111,1,
51,2138927508,1,%Stream.FileCharacter.1+111,1,
51,2138927509,1,%Stream.FileCharacter.1+111,1,
38,2138927510,1,%Stream.FileBinary.1+0,0,
50,2138927511,1,%Stream.FileBinary.1+456,1,
37,2138927512,1,%Stream.FileBinary.1+457,1,
37,2138927513,1,%Stream.FileBinary.1+459,1,
QUIT,2138927514,459
51,2138927514,1,%Stream.FileBinary.1+459,1,
51,2138927515,1,%Stream.FileBinary.1+459,1,
51,2138927516,1,%Stream.FileBinary.1+459,1,
51,2138927517,1,%Stream.FileBinary.1+459,1,
51,2138927518,1,%Stream.FileBinary.1+459,1,
51,2138927518,1,%Stream.FileBinary.1+459,1,
51,2138927519,1,%Stream.FileBinary.1+459,1,
37,2138927520,1,%Stream.FileBinary.1+368,1,
37,2138927521,1,%Stream.FileBinary.1+369,1,
38,2138927900,1,%X364+0,0,
38,2138927902,1,%Stream.FileBinary.1+0,0,
37,2138927903,1,%Stream.FileBinary.1+370,1,
48,2138928095,1,%Stream.FileBinary.1+370,1,
50,2138928100,1,%Stream.FileBinary.1+370,1,
51,2138928119,1,%Stream.FileBinary.1+370,1,
50,2138928120,1,%Stream.FileBinary.1+370,1,
37,2138928121,1,%Stream.FileBinary.1+371,1,
51,2138928326,1,%Stream.FileBinary.1+371,1,
51,2138928327,1,%Stream.FileBinary.1+371,1,
51,2138928329,1,%Stream.FileBinary.1+371,1,
51,2138928329,1,%Stream.FileBinary.1+371,1,
51,2138928330,1,%Stream.FileBinary.1+371,1,
51,2138928331,1,%Stream.FileBinary.1+371,1,
51,2138928332,1,%Stream.FileBinary.1+371,1,
51,2138928333,1,%Stream.FileBinary.1+371,1,
51,2138928333,1,%Stream.FileBinary.1+371,1,
51,2138928334,1,%Stream.FileBinary.1+371,1,
51,2138928335,1,%Stream.FileBinary.1+371,1,
51,2138928336,1,%Stream.FileBinary.1+371,1,
51,2138928337,1,%Stream.FileBinary.1+371,1,
50,2138928339,1,%Stream.FileBinary.1+371,1,
37,2138928340,1,%Stream.FileBinary.1+372,1,
37,2138928519,1,%Stream.FileBinary.1+373,1,
37,2138928522,1,%Stream.FileBinary.1+374,1,
QUIT,2138928523,374
51,2138928524,1,%Stream.FileBinary.1+374,1,
51,2138928525,1,%Stream.FileBinary.1+374,1,
51,2138928526,1,%Stream.FileBinary.1+374,1,
51,2138928527,1,%Stream.FileBinary.1+374,1,
51,2138928527,1,%Stream.FileBinary.1+374,1,
51,2138928529,1,%Stream.FileBinary.1+374,1,
38,2138928530,1,%Library.DynamicAbstractObject.1+0,0,
51,2138928940,1,%Library.DynamicAbstractObject.1+33,1,
51,2138928942,1,%Library.DynamicAbstractObject.1+33,1,
51,2138928944,1,%Library.DynamicAbstractObject.1+33,1,
51,2138929118,1,%Library.DynamicAbstractObject.1+33,1,
51,2138929121,1,%Library.DynamicAbstractObject.1+33,1,
50,2138929132,1,%Library.DynamicAbstractObject.1+33,1,
50,2138929133,1,%Library.DynamicAbstractObject.1+33,1,
50,2138929134,1,%Library.DynamicAbstractObject.1+33,1,
50,2138929135,1,%Library.DynamicAbstractObject.1+33,1,
50,2138929136,1,%Library.DynamicAbstractObject.1+33,1,
50,2138929138,1,%Library.DynamicAbstractObject.1+33,1,
50,2138929139,1,%Library.DynamicAbstractObject.1+33,1,
50,2138929140,1,%Library.DynamicAbstractObject.1+33,1,
50,2138929146,1,%Library.DynamicAbstractObject.1+33,1,
50,2138929148,1,%Library.DynamicAbstractObject.1+33,1,
50,2138929158,1,%Library.DynamicAbstractObject.1+33,1,
50,2138929159,1,%Library.DynamicAbstractObject.1+33,1,
51,2138929160,1,%Library.DynamicAbstractObject.1+33,1,
50,2138929161,1,%Library.DynamicAbstractObject.1+33,1,
51,2138929162,1,%Library.DynamicAbstractObject.1+33,1,
50,2138929162,1,%Library.DynamicAbstractObject.1+33,1,
50,2138929163,1,%Library.DynamicAbstractObject.1+33,1,
51,2138929164,1,%Library.DynamicAbstractObject.1+33,1,
50,2138929165,1,%Library.DynamicAbstractObject.1+33,1,
50,2138929166,1,%Library.DynamicAbstractObject.1+33,1,
51,2138929167,1,%Library.DynamicAbstractObject.1+33,1,
50,2138929168,1,%Library.DynamicAbstractObject.1+33,1,
50,2138929328,1,%Library.DynamicAbstractObject.1+33,1,
50,2138929330,1,%Library.DynamicAbstractObject.1+33,1,
50,2138929332,1,%Library.DynamicAbstractObject.1+33,1,
50,2138929333,1,%Library.DynamicAbstractObject.1+33,1,
50,2138929334,1,%Library.DynamicAbstractObject.1+33,1,
CALL,2138929337,1,%Library.DynamicAbstractObject.1+0
ARG,[ 0] INT: 0
ARG,[ 1] STR (len=4): 4H0052006500610064
ARG,[ 2] OREF: 15
38,2138929340,1,%Stream.FileBinary.1+0,0,
50,2138929342,1,%Stream.FileBinary.1+357,1,
50,2138929343,1,%Stream.FileBinary.1+357,1,
37,2138929344,1,%Stream.FileBinary.1+358,1,
50,2138929345,1,%Stream.FileBinary.1+358,1,
50,2138929346,1,%Stream.FileBinary.1+359,1,
37,2138929347,1,%Stream.FileBinary.1+359,1,
37,2138929348,1,%Stream.FileBinary.1+360,1,
QUIT,2138929350,360
51,2138929350,1,%Stream.FileBinary.1+360,1,
51,2138929351,1,%Stream.FileBinary.1+360,1,
51,2138929352,1,%Stream.FileBinary.1+360,1,
51,2138929352,1,%Stream.FileBinary.1+360,1,
38,2138929354,1,%Library.DynamicAbstractObject.1+0,0,
51,2138929710,1,%Library.DynamicAbstractObject.1+33,1,
51,2138929712,1,%Library.DynamicAbstractObject.1+33,1,
51,2138929713,1,%Library.DynamicAbstractObject.1+33,1,
51,2138929890,1,%Library.DynamicAbstractObject.1+33,1,
51,2138929892,1,%Library.DynamicAbstractObject.1+33,1,
51,2138929895,1,%Library.DynamicAbstractObject.1+33,1,
51,2138929896,1,%Library.DynamicAbstractObject.1+33,1,
51,2138929897,1,%Library.DynamicAbstractObject.1+33,1,
51,2138929899,1,%Library.DynamicAbstractObject.1+33,1,
50,2138929900,1,%Library.DynamicAbstractObject.1+33,1,
50,2138929911,1,%Library.DynamicAbstractObject.1+33,1,
50,2138929912,1,%Library.DynamicAbstractObject.1+33,1,
51,2138929913,1,%Library.DynamicAbstractObject.1+33,1,
50,2138929914,1,%Library.DynamicAbstractObject.1+33,1,
50,2138929915,1,%Library.DynamicAbstractObject.1+34,1,
37,2138929916,1,%Library.DynamicAbstractObject.1+34,1,
37,2138929917,1,%Library.DynamicAbstractObject.1+37,1,
37,2138929918,1,%Library.DynamicAbstractObject.1+39,1,
50,2138930069,1,%Library.DynamicAbstractObject.1+39,1,
37,2138930071,1,%Library.DynamicAbstractObject.1+40,1,
QUIT,2138930072,40
51,2138930073,1,%Library.DynamicAbstractObject.1+40,1,
51,2138930074,1,%Library.DynamicAbstractObject.1+40,1,
51,2138930075,1,%Library.DynamicAbstractObject.1+40,1,
51,2138930076,1,%Library.DynamicAbstractObject.1+40,1,
51,2138930076,1,%Library.DynamicAbstractObject.1+40,1,
51,2138930077,1,%Library.DynamicAbstractObject.1+40,1,
38,2138930079,10,HTTP.operation.1+0,0,
50,2138930080,10,HTTP.operation.1+500,1,
37,2138930082,10,HTTP.operation.1+500,1,
37,2138930085,10,HTTP.operation.1+501,1,
37,2138930086,10,HTTP.operation.1+502,1,
51,2138930089,10,HTTP.operation.1+502,1,
50,2138930089,10,HTTP.operation.1+502,1,
37,2138930090,10,HTTP.operation.1+503,1,
51,2138930091,10,HTTP.operation.1+503,1,
50,2138930092,10,HTTP.operation.1+503,1,
37,2138930093,10,HTTP.operation.1+504,1,
51,2138930094,10,HTTP.operation.1+504,1,
50,2138930095,10,HTTP.operation.1+504,1,
37,2138930096,10,HTTP.operation.1+505,1,
37,2138930097,10,HTTP.operation.1+506,1,
37,2138930098,10,HTTP.operation.1+507,1,
37,2138930098,10,HTTP.operation.1+510,1,
QUIT,2138930099,510
51,2138930100,10,HTTP.operation.1+510,1,
51,2138930101,10,HTTP.operation.1+510,1,
51,2138930101,10,HTTP.operation.1+510,1,
51,2138930102,10,HTTP.operation.1+510,1,
51,2138930103,10,HTTP.operation.1+510,1,
51,2138930104,10,HTTP.operation.1+510,1,
37,2138930105,10,HTTP.operation.1+173,1,
CALL,2138930106,10,HTTP.operation.1+172
ARG,[ 0] INT: 0
ARG,[ 1] OREF: 16
38,2138930108,1,%Library.DynamicAbstractObject.1+0,0,
37,2138930109,1,%Library.DynamicAbstractObject.1+286,1,
51,2138930111,1,%Library.DynamicAbstractObject.1+286,1,
51,2138930112,1,%Library.DynamicAbstractObject.1+286,1,
51,2138930113,1,%Library.DynamicAbstractObject.1+286,1,
51,2138930113,1,%Library.DynamicAbstractObject.1+286,1,
37,2138930114,1,%Library.DynamicAbstractObject.1+287,1,
37,2138930115,1,%Library.DynamicAbstractObject.1+290,1,
QUIT,2138930116,290
38,2138930117,10,HTTP.operation.1+0,0,
51,2138930118,10,HTTP.operation.1+172,1,
51,2138930119,10,HTTP.operation.1+172,1,
37,2138930119,10,HTTP.operation.1+173,1,
CALL,2138930120,10,HTTP.operation.1+172
ARG,[ 0] INT: 0
ARG,[ 1] OREF: 14
38,2138930122,1,%Library.DynamicAbstractObject.1+0,0,
37,2138930123,1,%Library.DynamicAbstractObject.1+286,1,
51,2138930124,1,%Library.DynamicAbstractObject.1+286,1,
51,2138930124,1,%Library.DynamicAbstractObject.1+286,1,
51,2138930125,1,%Library.DynamicAbstractObject.1+286,1,
51,2138930126,1,%Library.DynamicAbstractObject.1+286,1,
51,2138930127,1,%Library.DynamicAbstractObject.1+286,1,
37,2138930128,1,%Library.DynamicAbstractObject.1+287,1,
37,2138930129,1,%Library.DynamicAbstractObject.1+290,1,
QUIT,2138930129,290
38,2138930130,10,HTTP.operation.1+0,0,
51,2138930131,10,HTTP.operation.1+172,1,
51,2138930132,10,HTTP.operation.1+172,1,
37,2138930132,10,HTTP.operation.1+173,1,
0,2138930136,10,HTTP.operation.1+173,1,495249532E54656D702E456E734A6F624D6F6E69746F72002D362D3725343400575D571E1519171C0045544D124B49524849564D5E49124D53001F093149584C5348^3^5^0
1,2138930138,10,HTTP.operation.1+173,1,495249532E54656D702E456E734A6F624D6F6E69746F72002D362D3725343400575D571E1519171C0045544D124B49524849564D5E49124D53001F093149584C5348^3^5^0
20,2138930140,10,HTTP.operation.1+173,1,495249532E54656D702E456E734A6F624D6F6E69746F72002D362D3725343400575D571E1519171C0045544D124B49524849564D5E49124D53001F093149584C5348^3^5^0
0,2138930147,10,HTTP.operation.1+173,1,495249532E54656D702E456E734A6F624D6F6E69746F72002D362D3725343400575D571E1519171C0045544D124B49524849564D5E49124D53001F09304557582547584D5A4D585D^3^5^0
1,2138930148,10,HTTP.operation.1+173,1,495249532E54656D702E456E734A6F624D6F6E69746F72002D362D3725343400575D571E1519171C0045544D124B49524849564D5E49124D53001F09304557582547584D5A4D585D^3^5^0
20,2138930149,10,HTTP.operation.1+173,1,495249532E54656D702E456E734A6F624D6F6E69746F72002D362D3725343400575D571E1519171C0045544D124B49524849564D5E49124D53001F09304557582547584D5A4D585D^3^5^0
37,2138930150,10,HTTP.operation.1+174,1,
37,2138930151,10,HTTP.operation.1+175,1,
CALL,2138930454,10,HTTP.operation.1+175
ARG,[ 0] INT: 3
ARG,[ 1] OREF: 10
ARG,[ 2] STR (len=0): 4H
ARG,[ 3] INT: 1
ARG,[ 4] INT: 68
38,2138930458,13,Ens.Util.IOLogger.1+0,0,
50,2138930460,13,Ens.Util.IOLogger.1+5,1,
50,2138930461,13,Ens.Util.IOLogger.1+5,1,
50,2138930463,13,Ens.Util.IOLogger.1+5,1,
50,2138930464,13,Ens.Util.IOLogger.1+5,1,
37,2138930465,13,Ens.Util.IOLogger.1+6,1,
CALL,2138930466,13,Ens.Util.IOLogger.1+6
ARG,[ 0] INT: 3
ARG,[ 1] OREF: 10
ARG,[ 2] STR (len=0): 4H
ARG,[ 3] INT: 1
50,2138930469,13,Ens.Util.IOLogger.1+87,1,
50,2138930469,13,Ens.Util.IOLogger.1+87,1,
50,2138930470,13,Ens.Util.IOLogger.1+87,1,
50,2138930471,13,Ens.Util.IOLogger.1+87,1,
37,2138930472,13,Ens.Util.IOLogger.1+88,1,
37,2138930473,13,Ens.Util.IOLogger.1+89,1,
37,2138930473,13,Ens.Util.IOLogger.1+90,1,
37,2138930475,13,Ens.Util.IOLogger.1+91,1,
50,2138930476,13,Ens.Util.IOLogger.1+91,1,
CALL,2138930477,13,Ens.Util.IOLogger.1+91
ARG,[ 0] INT: 0
ARG,[ 1] INT: 8
ARG,[ 2] OREF: 7
38,2138930479,1,%Library.Persistent.1+0,0,
37,2138930480,1,%Library.Persistent.1+372,1,
QUIT,2138930482,372
38,2138930483,13,Ens.Util.IOLogger.1+0,0,
51,2138930484,13,Ens.Util.IOLogger.1+91,1,
37,2138930485,13,Ens.Util.IOLogger.1+92,1,
37,2138930485,13,Ens.Util.IOLogger.1+93,1,
37,2138930743,13,Ens.Util.IOLogger.1+98,1,
37,2138930746,13,Ens.Util.IOLogger.1+99,1,
CALL,2138930748,13,Ens.Util.IOLogger.1+99
ARG,[ 0] INT: 0
ARG,[ 1] OREF: 6
38,2138930939,13,Ens.Util.IOLogObj.1+0,0,
50,2138931293,13,Ens.Util.IOLogObj.1+1139,1,
50,2138931294,13,Ens.Util.IOLogObj.1+1139,1,
50,2138931295,13,Ens.Util.IOLogObj.1+1139,1,
37,2138931545,13,Ens.Util.IOLogObj.1+1140,1,
37,2138931547,13,Ens.Util.IOLogObj.1+1141,1,
QUIT,2138931548,1141
51,2138931551,13,Ens.Util.IOLogObj.1+1141,1,
51,2138931552,13,Ens.Util.IOLogObj.1+1141,1,
38,2138931553,13,Ens.Util.IOLogger.1+0,0,
50,2138931555,13,Ens.Util.IOLogger.1+99,1,
51,2138931556,13,Ens.Util.IOLogger.1+99,1,
50,2138931557,13,Ens.Util.IOLogger.1+99,1,
37,2138931558,13,Ens.Util.IOLogger.1+102,1,
51,2138931559,13,Ens.Util.IOLogger.1+102,1,
50,2138931560,13,Ens.Util.IOLogger.1+102,1,
37,2138931561,13,Ens.Util.IOLogger.1+103,1,
51,2138931562,13,Ens.Util.IOLogger.1+103,1,
50,2138931563,13,Ens.Util.IOLogger.1+103,1,
37,2138931563,13,Ens.Util.IOLogger.1+104,1,
CALL,2138931564,13,Ens.Util.IOLogger.1+104
ARG,[ 0] INT: 0
ARG,[ 1] INT: 9
ARG,[ 2] OREF: 6
38,2138931566,13,Ens.Util.IOLogObj.1+0,0,
37,2138931567,13,Ens.Util.IOLogObj.1+1113,1,
CALL,2138931588,13,Ens.Util.IOLogObj.1+1113
ARG,[ 0] INT: 0
ARG,[ 1] INT: 15
38,2138931590,1,%Library.Persistent.1+0,0,
37,2138931591,1,%Library.Persistent.1+372,1,
QUIT,2138931593,372
38,2138931594,13,Ens.Util.IOLogObj.1+0,0,
QUIT,2138931595,1113
38,2138931595,13,Ens.Util.IOLogger.1+0,0,
37,2138931596,13,Ens.Util.IOLogger.1+109,1,
37,2138931598,13,Ens.Util.IOLogger.1+123,1,
51,2138931600,13,Ens.Util.IOLogger.1+123,1,
50,2138931601,13,Ens.Util.IOLogger.1+123,1,
37,2138931602,13,Ens.Util.IOLogger.1+124,1,
CALL,2138931603,13,Ens.Util.IOLogger.1+124
ARG,[ 0] INT: 0
ARG,[ 1] INT: 10
ARG,[ 2] OREF: 6
38,2138931607,13,Ens.Util.IOLog.1+0,0,
50,2138931609,13,Ens.Util.IOLog.1+794,1,
50,2138931610,13,Ens.Util.IOLog.1+794,1,
37,2138931611,13,Ens.Util.IOLog.1+795,1,
37,2138931612,13,Ens.Util.IOLog.1+796,1,
50,2138931613,13,Ens.Util.IOLog.1+796,1,
50,2138931614,13,Ens.Util.IOLog.1+796,1,
50,2138931615,13,Ens.Util.IOLog.1+796,1,
50,2138931615,13,Ens.Util.IOLog.1+796,1,
50,2138931616,13,Ens.Util.IOLog.1+797,1,
37,2138931617,13,Ens.Util.IOLog.1+797,1,
CALL,2138931620,13,Ens.Util.IOLog.1+797
38,2138931621,0,ROLLBACK+0,0,
37,2138931623,0,ROLLBACK+1415,1,
37,2138931624,0,ROLLBACK+1416,1,
37,2138931625,0,ROLLBACK+1417,1,
QUIT,2138931627,1417
38,2138931627,13,Ens.Util.IOLog.1+0,0,
50,2138931628,13,Ens.Util.IOLog.1+798,1,
37,2138931629,13,Ens.Util.IOLog.1+798,1,
37,2138931630,13,Ens.Util.IOLog.1+799,1,
CALL,2138931631,13,Ens.Util.IOLog.1+799
ARG,[ 0] INT: 1
ARG,[ 1] INT: 3
ARG,[ 2] INT: 47
38,2138931633,1,%Library.RegisteredObject.1+0,0,
50,2138931637,1,%Library.RegisteredObject.1+12,1,
50,2138931638,1,%Library.RegisteredObject.1+12,1,
50,2138932978,1,%Library.RegisteredObject.1+12,1,
50,2138932980,1,%Library.RegisteredObject.1+12,1,
37,2138932981,1,%Library.RegisteredObject.1+13,1,
CALL,2138932983,1,%Library.RegisteredObject.1+13
ARG,[ 0] INT: 1
ARG,[ 1] INT: 3
ARG,[ 2] INT: 0
38,2138932985,13,Ens.Util.IOLogObj.1+0,0,
50,2138932987,13,Ens.Util.IOLogObj.1+1068,1,
50,2138932988,13,Ens.Util.IOLogObj.1+1068,1,
50,2138932989,13,Ens.Util.IOLogObj.1+1068,1,
37,2138932989,13,Ens.Util.IOLogObj.1+1069,1,
50,2138932990,13,Ens.Util.IOLogObj.1+1069,1,
50,2138932991,13,Ens.Util.IOLogObj.1+1070,1,
37,2138932992,13,Ens.Util.IOLogObj.1+1070,1,
37,2138932993,13,Ens.Util.IOLogObj.1+1074,1,
50,2138932995,13,Ens.Util.IOLogObj.1+1074,1,
50,2138932996,13,Ens.Util.IOLogObj.1+1074,1,
50,2138933000,13,Ens.Util.IOLogObj.1+1074,1,
50,2138933002,13,Ens.Util.IOLogObj.1+1074,1,
50,2138933003,13,Ens.Util.IOLogObj.1+1074,1,
50,2138933004,13,Ens.Util.IOLogObj.1+1074,1,
50,2138933005,13,Ens.Util.IOLogObj.1+1074,1,
50,2138933006,13,Ens.Util.IOLogObj.1+1074,1,
50,2138933007,13,Ens.Util.IOLogObj.1+1074,1,
50,2138933008,13,Ens.Util.IOLogObj.1+1074,1,
51,2138933009,13,Ens.Util.IOLogObj.1+1074,1,
50,2138933009,13,Ens.Util.IOLogObj.1+1074,1,
50,2138933011,13,Ens.Util.IOLogObj.1+1074,1,
51,2138933012,13,Ens.Util.IOLogObj.1+1074,1,
50,2138933013,13,Ens.Util.IOLogObj.1+1074,1,
50,2138933013,13,Ens.Util.IOLogObj.1+1074,1,
37,2138933014,13,Ens.Util.IOLogObj.1+1075,1,
50,2138933015,13,Ens.Util.IOLogObj.1+1075,1,
37,2138933016,13,Ens.Util.IOLogObj.1+1076,1,
50,2138933017,13,Ens.Util.IOLogObj.1+1076,1,
CALL,2138933018,13,Ens.Util.IOLogObj.1+1076
ARG,[ 0] INT: 3
ARG,[ 1] INT: 1
ARG,[ 2] INT: 1
ARG,[ 3] INT: 3
ARG,[ 4] INT: 48
50,2138933021,13,Ens.Util.IOLogObj.1+361,1,
50,2138933022,13,Ens.Util.IOLogObj.1+361,1,
50,2138933022,13,Ens.Util.IOLogObj.1+361,1,
50,2138933023,13,Ens.Util.IOLogObj.1+361,1,
37,2138933024,13,Ens.Util.IOLogObj.1+362,1,
37,2138933025,13,Ens.Util.IOLogObj.1+363,1,
50,2138933026,13,Ens.Util.IOLogObj.1+363,1,
CALL,2138933028,13,Ens.Util.IOLogObj.1+363
ARG,[ 0] INT: 0
ARG,[ 1] INT: 15
ARG,[ 2] OREF: 10
38,2138933029,1,%Library.Persistent.1+0,0,
37,2138933030,1,%Library.Persistent.1+372,1,
QUIT,2138933032,372
38,2138933033,13,Ens.Util.IOLogObj.1+0,0,
51,2138933034,13,Ens.Util.IOLogObj.1+363,1,
37,2138933035,13,Ens.Util.IOLogObj.1+364,1,
37,2138933035,13,Ens.Util.IOLogObj.1+365,1,
CALL,2138933037,13,Ens.Util.IOLogObj.1+365
ARG,[ 0] INT: 0
ARG,[ 1] INT: 16
ARG,[ 2] OREF: 10
38,2138933038,1,%Library.Persistent.1+0,0,
50,2138933039,1,%Library.Persistent.1+478,1,
50,2138933040,1,%Library.Persistent.1+478,1,
37,2138933041,1,%Library.Persistent.1+479,1,
37,2138933042,1,%Library.Persistent.1+480,1,
50,2138933043,1,%Library.Persistent.1+480,1,
50,2138933044,1,%Library.Persistent.1+480,1,
50,2138933045,1,%Library.Persistent.1+480,1,
37,2138933046,1,%Library.Persistent.1+481,1,
37,2138933046,1,%Library.Persistent.1+482,1,
CALL,2138933048,1,%Library.Persistent.1+482
ARG,[ 0] INT: 0
ARG,[ 1] INT: 39
38,2138933050,1,%Library.RegisteredObject.1+0,0,
37,2138933051,1,%Library.RegisteredObject.1+77,1,
QUIT,2138933053,77
38,2138933053,1,%Library.Persistent.1+0,0,
CALL,2138933055,1,%Library.Persistent.1+482
ARG,[ 0] INT: 1
ARG,[ 1] STR (len=0): 4H
ARG,[ 2] INT: 40
50,2138933057,1,%Library.Persistent.1+495,1,
50,2138933057,1,%Library.Persistent.1+495,1,
50,2138933058,1,%Library.Persistent.1+495,1,
37,2138933059,1,%Library.Persistent.1+497,1,
50,2138933061,1,%Library.Persistent.1+497,1,
50,2138933062,1,%Library.Persistent.1+497,1,
37,2138933062,1,%Library.Persistent.1+498,1,
CALL,2138933064,1,%Library.Persistent.1+498
ARG,[ 0] INT: 2
ARG,[ 1] INT: 0
ARG,[ 2] SCOPE: level=0,            (nil)
ARG,[ 3] INT: 41
38,2138933067,10,HTTP.msg.genderResponse.1+0,0,
50,2138933079,10,HTTP.msg.genderResponse.1+642,1,
50,2138933086,10,HTTP.msg.genderResponse.1+642,1,
50,2138933087,10,HTTP.msg.genderResponse.1+642,1,
37,2138933088,10,HTTP.msg.genderResponse.1+643,1,
50,2138933088,10,HTTP.msg.genderResponse.1+644,1,
37,2138933089,10,HTTP.msg.genderResponse.1+644,1,
37,2138933099,10,HTTP.msg.genderResponse.1+645,1,
50,2138933473,10,HTTP.msg.genderResponse.1+645,1,
CALL,2138933475,10,HTTP.msg.genderResponse.1+645
ARG,[ 0] INT: 1
ARG,[ 1] INT: 767724
50,2138933707,10,HTTP.msg.genderResponse.1+915,1,
50,2138933709,10,HTTP.msg.genderResponse.1+915,1,
37,2138933710,10,HTTP.msg.genderResponse.1+916,1,
QUIT,2138933712,916
51,2138933712,10,HTTP.msg.genderResponse.1+916,1,
51,2138933713,10,HTTP.msg.genderResponse.1+916,1,
50,2138933714,10,HTTP.msg.genderResponse.1+645,1,
37,2138933715,10,HTTP.msg.genderResponse.1+646,1,
51,2138933717,10,HTTP.msg.genderResponse.1+646,1,
50,2138933717,10,HTTP.msg.genderResponse.1+646,1,
37,2138933719,10,HTTP.msg.genderResponse.1+647,1,
37,2138933720,10,HTTP.msg.genderResponse.1+648,1,
CALL,2138933721,10,HTTP.msg.genderResponse.1+648
ARG,[ 0] INT: 1
ARG,[ 1] DBL: scale=-1, 00000000 0000000A
50,2138933723,10,HTTP.msg.genderResponse.1+929,1,
50,2138933723,10,HTTP.msg.genderResponse.1+929,1,
37,2138933724,10,HTTP.msg.genderResponse.1+930,1,
QUIT,2138933725,930
51,2138933725,10,HTTP.msg.genderResponse.1+930,1,
51,2138933726,10,HTTP.msg.genderResponse.1+930,1,
37,2138933727,10,HTTP.msg.genderResponse.1+649,1,
QUIT,2138933728,649
51,2138933728,10,HTTP.msg.genderResponse.1+649,1,
51,2138933729,10,HTTP.msg.genderResponse.1+649,1,
51,2138933730,10,HTTP.msg.genderResponse.1+649,1,
51,2138933730,10,HTTP.msg.genderResponse.1+649,1,
51,2138933731,10,HTTP.msg.genderResponse.1+649,1,
51,2138933732,10,HTTP.msg.genderResponse.1+649,1,
38,2138933733,1,%Library.Persistent.1+0,0,
50,2138933734,1,%Library.Persistent.1+498,1,
37,2138933735,1,%Library.Persistent.1+499,1,
CALL,2138933736,1,%Library.Persistent.1+499
ARG,[ 0] INT: 0
ARG,[ 1] INT: 42
38,2138933738,10,HTTP.msg.genderResponse.1+0,0,
37,2138933739,10,HTTP.msg.genderResponse.1+287,1,
37,2138933741,10,HTTP.msg.genderResponse.1+288,1,
50,2138933742,10,HTTP.msg.genderResponse.1+288,1,
CALL,2138933742,10,HTTP.msg.genderResponse.1+288
ARG,[ 0] INT: 1
ARG,[ 1] INT: 767724
50,2138933744,10,HTTP.msg.genderResponse.1+917,1,
50,2138933745,10,HTTP.msg.genderResponse.1+917,1,
37,2138933745,10,HTTP.msg.genderResponse.1+918,1,
QUIT,2138933746,918
51,2138933747,10,HTTP.msg.genderResponse.1+918,1,
51,2138933747,10,HTTP.msg.genderResponse.1+918,1,
51,2138933748,10,HTTP.msg.genderResponse.1+288,1,
37,2138933749,10,HTTP.msg.genderResponse.1+289,1,
50,2138933750,10,HTTP.msg.genderResponse.1+289,1,
51,2138933751,10,HTTP.msg.genderResponse.1+289,1,
37,2138933752,10,HTTP.msg.genderResponse.1+290,1,
50,2138933753,10,HTTP.msg.genderResponse.1+290,1,
51,2138933754,10,HTTP.msg.genderResponse.1+290,1,
37,2138933754,10,HTTP.msg.genderResponse.1+291,1,
50,2138933755,10,HTTP.msg.genderResponse.1+291,1,
CALL,2138933756,10,HTTP.msg.genderResponse.1+291
ARG,[ 0] INT: 1
ARG,[ 1] DBL: scale=-1, 00000000 0000000A
50,2138933757,10,HTTP.msg.genderResponse.1+935,1,
50,2138933758,10,HTTP.msg.genderResponse.1+935,1,
37,2138933759,10,HTTP.msg.genderResponse.1+936,1,
QUIT,2138933760,936
51,2138933761,10,HTTP.msg.genderResponse.1+936,1,
51,2138933762,10,HTTP.msg.genderResponse.1+936,1,
51,2138933762,10,HTTP.msg.genderResponse.1+291,1,
37,2138933763,10,HTTP.msg.genderResponse.1+292,1,
QUIT,2138933764,292
38,2138933764,1,%Library.Persistent.1+0,0,
37,2138933765,1,%Library.Persistent.1+500,1,
50,2138933766,1,%Library.Persistent.1+500,1,
50,2138933767,1,%Library.Persistent.1+500,1,
37,2138933768,1,%Library.Persistent.1+501,1,
50,2138933769,1,%Library.Persistent.1+501,1,
CALL,2138933770,1,%Library.Persistent.1+501
ARG,[ 0] INT: 1
ARG,[ 1] SCOPE: level=0, 0x00aaaac5a44010
ARG,[ 2] INT: 43
38,2138933772,10,HTTP.msg.genderResponse.1+0,0,
50,2138933773,10,HTTP.msg.genderResponse.1+564,1,
37,2138933774,10,HTTP.msg.genderResponse.1+566,1,
50,2138933775,10,HTTP.msg.genderResponse.1+566,1,
50,2138933776,10,HTTP.msg.genderResponse.1+567,1,
37,2138933777,10,HTTP.msg.genderResponse.1+567,1,
50,2138933777,10,HTTP.msg.genderResponse.1+567,1,
50,2138933778,10,HTTP.msg.genderResponse.1+567,1,
50,2138933779,10,HTTP.msg.genderResponse.1+568,1,
37,2138933780,10,HTTP.msg.genderResponse.1+568,1,
0,2138933782,10,HTTP.msg.genderResponse.1+568,1,456E732E4D657373616765426F647944^9^5^0
1,2138934109,10,HTTP.msg.genderResponse.1+568,1,456E732E4D657373616765426F647944^9^5^0
20,2138934112,10,HTTP.msg.genderResponse.1+568,1,456E732E4D657373616765426F647944^9^5^0
24,2138934116,10,HTTP.msg.genderResponse.1+568,1,456E732E4D657373616765426F647944^9^5^0
CALL,2138934118,10,HTTP.msg.genderResponse.1+568
ARG,[ 0] INT: 1
ARG,[ 1] INT: 221
ARG,[ 2] INT: 27
38,2138934120,1,%Library.Persistent.1+0,0,
50,2138934121,1,%Library.Persistent.1+373,1,
50,2138934122,1,%Library.Persistent.1+373,1,
37,2138934123,1,%Library.Persistent.1+374,1,
50,2138934124,1,%Library.Persistent.1+374,1,
50,2138934126,1,%Library.Persistent.1+374,1,
37,2138934126,1,%Library.Persistent.1+375,1,
37,2138934127,1,%Library.Persistent.1+376,1,
50,2138934129,1,%Library.Persistent.1+376,1,
0,2138934131,1,%Library.Persistent.1+376,1,456E732E4D657373616765426F647944^9^5^0
50,2138934132,1,%Library.Persistent.1+376,1,
50,2138934133,1,%Library.Persistent.1+376,1,
50,2138934134,1,%Library.Persistent.1+376,1,
50,2138934135,1,%Library.Persistent.1+376,1,
51,2138934137,1,%Library.Persistent.1+376,1,
50,2138934138,1,%Library.Persistent.1+376,1,
37,2138934138,1,%Library.Persistent.1+377,1,
QUIT,2138934139,377
51,2138934140,1,%Library.Persistent.1+377,1,
51,2138934141,1,%Library.Persistent.1+377,1,
51,2138934141,1,%Library.Persistent.1+377,1,
51,2138934142,1,%Library.Persistent.1+377,1,
51,2138934143,1,%Library.Persistent.1+377,1,
51,2138934144,1,%Library.Persistent.1+377,1,
51,2138934144,1,%Library.Persistent.1+377,1,
38,2138934145,10,HTTP.msg.genderResponse.1+0,0,
50,2138934147,10,HTTP.msg.genderResponse.1+568,1,
50,2138934147,10,HTTP.msg.genderResponse.1+568,1,
37,2138934148,10,HTTP.msg.genderResponse.1+570,1,
50,2138934149,10,HTTP.msg.genderResponse.1+572,1,
37,2138934150,10,HTTP.msg.genderResponse.1+572,1,
37,2138934151,10,HTTP.msg.genderResponse.1+579,1,
37,2138934151,10,HTTP.msg.genderResponse.1+580,1,
40,2138934301,10,HTTP.msg.genderResponse.1+580,1,
41,2138934311,10,HTTP.msg.genderResponse.1+580,1,
50,2138934312,10,HTTP.msg.genderResponse.1+580,1,
51,2138934315,10,HTTP.msg.genderResponse.1+580,1,
37,2138934317,10,HTTP.msg.genderResponse.1+581,1,
37,2138934318,10,HTTP.msg.genderResponse.1+582,1,
37,2138934319,10,HTTP.msg.genderResponse.1+583,1,
0,2138934320,10,HTTP.msg.genderResponse.1+583,1,456E732E4D657373616765426F64794400141E31^9^5^0
1,2138934321,10,HTTP.msg.genderResponse.1+583,1,456E732E4D657373616765426F64794400141E31^9^5^0
20,2138934323,10,HTTP.msg.genderResponse.1+583,1,456E732E4D657373616765426F64794400141E31^9^5^0
24,2138934328,10,HTTP.msg.genderResponse.1+583,1,456E732E4D657373616765426F64794400141E31^9^5^0
37,2138934329,10,HTTP.msg.genderResponse.1+584,1,
0,2138934330,10,HTTP.msg.genderResponse.1+584,1,456E732E4D657373616765426F64794400141E31004B49524849563649575453525749^9^5^0
1,2138934331,10,HTTP.msg.genderResponse.1+584,1,456E732E4D657373616765426F64794400141E31004B49524849563649575453525749^9^5^0
20,2138934332,10,HTTP.msg.genderResponse.1+584,1,456E732E4D657373616765426F64794400141E31004B49524849563649575453525749^9^5^0
24,2138934333,10,HTTP.msg.genderResponse.1+584,1,456E732E4D657373616765426F64794400141E31004B49524849563649575453525749^9^5^0
37,2138934334,10,HTTP.msg.genderResponse.1+590,1,
50,2138934335,10,HTTP.msg.genderResponse.1+591,1,
37,2138934336,10,HTTP.msg.genderResponse.1+591,1,
37,2138934337,10,HTTP.msg.genderResponse.1+596,1,
37,2138934341,10,HTTP.msg.genderResponse.1+597,1,
37,2138934341,10,HTTP.msg.genderResponse.1+598,1,
37,2138934342,10,HTTP.msg.genderResponse.1+602,1,
QUIT,2138934343,602
51,2138934344,10,HTTP.msg.genderResponse.1+602,1,
51,2138934344,10,HTTP.msg.genderResponse.1+602,1,
51,2138934345,10,HTTP.msg.genderResponse.1+602,1,
51,2138934346,10,HTTP.msg.genderResponse.1+602,1,
51,2138934347,10,HTTP.msg.genderResponse.1+602,1,
51,2138934348,10,HTTP.msg.genderResponse.1+602,1,
51,2138934348,10,HTTP.msg.genderResponse.1+602,1,
51,2138934349,10,HTTP.msg.genderResponse.1+602,1,
38,2138934350,1,%Library.Persistent.1+0,0,
37,2138934351,1,%Library.Persistent.1+502,1,
CALL,2138934353,1,%Library.Persistent.1+502
ARG,[ 0] INT: 0
ARG,[ 1] INT: 44
37,2138934355,1,%Library.Persistent.1+411,1,
QUIT,2138934356,411
51,2138934356,1,%Library.Persistent.1+503,1,
50,2138934357,1,%Library.Persistent.1+503,1,
37,2138934358,1,%Library.Persistent.1+503,1,
37,2138934359,1,%Library.Persistent.1+504,1,
37,2138934360,1,%Library.Persistent.1+506,1,
37,2138934360,1,%Library.Persistent.1+507,1,
37,2138934361,1,%Library.Persistent.1+512,1,
QUIT,2138934362,512
51,2138934362,1,%Library.Persistent.1+512,1,
51,2138934363,1,%Library.Persistent.1+512,1,
51,2138934364,1,%Library.Persistent.1+512,1,
51,2138934365,1,%Library.Persistent.1+512,1,
51,2138934365,1,%Library.Persistent.1+512,1,
37,2138934366,1,%Library.Persistent.1+483,1,
50,2138934367,1,%Library.Persistent.1+483,1,
37,2138934370,1,%Library.Persistent.1+484,1,
37,2138934370,1,%Library.Persistent.1+485,1,
QUIT,2138934372,485
51,2138934372,1,%Library.Persistent.1+485,1,
51,2138934373,1,%Library.Persistent.1+485,1,
51,2138934374,1,%Library.Persistent.1+485,1,
51,2138934375,1,%Library.Persistent.1+485,1,
51,2138934376,1,%Library.Persistent.1+485,1,
51,2138934376,1,%Library.Persistent.1+485,1,
38,2138934377,13,Ens.Util.IOLogObj.1+0,0,
37,2138934378,13,Ens.Util.IOLogObj.1+366,1,
50,2138934379,13,Ens.Util.IOLogObj.1+366,1,
CALL,2138934380,13,Ens.Util.IOLogObj.1+366
ARG,[ 0] INT: 0
ARG,[ 1] INT: 15
ARG,[ 2] OREF: 10
38,2138934382,1,%Library.Persistent.1+0,0,
37,2138934383,1,%Library.Persistent.1+372,1,
QUIT,2138934384,372
38,2138934384,13,Ens.Util.IOLogObj.1+0,0,
51,2138934385,13,Ens.Util.IOLogObj.1+366,1,
37,2138934386,13,Ens.Util.IOLogObj.1+369,1,
37,2138934387,13,Ens.Util.IOLogObj.1+370,1,
50,2138934388,13,Ens.Util.IOLogObj.1+370,1,
CALL,2138934390,13,Ens.Util.IOLogObj.1+370
ARG,[ 0] INT: 0
ARG,[ 1] INT: 15
ARG,[ 2] OREF: 8
38,2138934391,1,%Library.Persistent.1+0,0,
37,2138934392,1,%Library.Persistent.1+372,1,
QUIT,2138934394,372
38,2138934394,13,Ens.Util.IOLogObj.1+0,0,
51,2138934749,13,Ens.Util.IOLogObj.1+370,1,
37,2138934751,13,Ens.Util.IOLogObj.1+371,1,
37,2138934752,13,Ens.Util.IOLogObj.1+376,1,
QUIT,2138934753,376
51,2138934753,13,Ens.Util.IOLogObj.1+376,1,
51,2138934754,13,Ens.Util.IOLogObj.1+376,1,
51,2138934755,13,Ens.Util.IOLogObj.1+376,1,
51,2138934756,13,Ens.Util.IOLogObj.1+376,1,
37,2138934757,13,Ens.Util.IOLogObj.1+1077,1,
37,2138934758,13,Ens.Util.IOLogObj.1+1078,1,
50,2138934759,13,Ens.Util.IOLogObj.1+1078,1,
50,2138934760,13,Ens.Util.IOLogObj.1+1078,1,
50,2138934761,13,Ens.Util.IOLogObj.1+1078,1,
50,2138934762,13,Ens.Util.IOLogObj.1+1078,1,
50,2138934763,13,Ens.Util.IOLogObj.1+1078,1,
50,2138934764,13,Ens.Util.IOLogObj.1+1078,1,
50,2138934765,13,Ens.Util.IOLogObj.1+1078,1,
37,2138934766,13,Ens.Util.IOLogObj.1+1079,1,
50,2138934767,13,Ens.Util.IOLogObj.1+1079,1,
50,2138934768,13,Ens.Util.IOLogObj.1+1079,1,
37,2138934769,13,Ens.Util.IOLogObj.1+1080,1,
QUIT,2138934769,1080
51,2138934770,13,Ens.Util.IOLogObj.1+1080,1,
51,2138934771,13,Ens.Util.IOLogObj.1+1080,1,
51,2138934771,13,Ens.Util.IOLogObj.1+1080,1,
51,2138934772,13,Ens.Util.IOLogObj.1+1080,1,
51,2138934773,13,Ens.Util.IOLogObj.1+1080,1,
51,2138934774,13,Ens.Util.IOLogObj.1+1080,1,
51,2138934774,13,Ens.Util.IOLogObj.1+1080,1,
38,2138934775,1,%Library.RegisteredObject.1+0,0,
50,2138934776,1,%Library.RegisteredObject.1+13,1,
37,2138934777,1,%Library.RegisteredObject.1+14,1,
50,2138934778,1,%Library.RegisteredObject.1+15,1,
37,2138934779,1,%Library.RegisteredObject.1+15,1,
50,2138934780,1,%Library.RegisteredObject.1+16,1,
37,2138934781,1,%Library.RegisteredObject.1+16,1,
37,2138934781,1,%Library.RegisteredObject.1+17,1,
50,2138934783,1,%Library.RegisteredObject.1+17,1,
37,2138934784,1,%Library.RegisteredObject.1+18,1,
CALL,2138934786,1,%Library.RegisteredObject.1+18
ARG,[ 0] INT: 1
ARG,[ 1] INT: 3
ARG,[ 2] INT: 0
ARG,[ 3] OREF: 10
38,2138934788,1,%Library.Persistent.1+0,0,
50,2138934789,1,%Library.Persistent.1+513,1,
50,2138934790,1,%Library.Persistent.1+513,1,
50,2138934791,1,%Library.Persistent.1+513,1,
37,2138934792,1,%Library.Persistent.1+514,1,
50,2138934793,1,%Library.Persistent.1+514,1,
50,2138934794,1,%Library.Persistent.1+515,1,
37,2138934795,1,%Library.Persistent.1+515,1,
37,2138934795,1,%Library.Persistent.1+519,1,
50,2138934796,1,%Library.Persistent.1+519,1,
50,2138934797,1,%Library.Persistent.1+519,1,
51,2138934798,1,%Library.Persistent.1+519,1,
50,2138934799,1,%Library.Persistent.1+519,1,
50,2138934800,1,%Library.Persistent.1+519,1,
50,2138934801,1,%Library.Persistent.1+519,1,
50,2138934802,1,%Library.Persistent.1+519,1,
50,2138934803,1,%Library.Persistent.1+519,1,
51,2138934803,1,%Library.Persistent.1+519,1,
50,2138934804,1,%Library.Persistent.1+519,1,
50,2138934805,1,%Library.Persistent.1+519,1,
37,2138934806,1,%Library.Persistent.1+520,1,
QUIT,2138934807,520
51,2138934807,1,%Library.Persistent.1+520,1,
51,2138934808,1,%Library.Persistent.1+520,1,
51,2138934809,1,%Library.Persistent.1+520,1,
51,2138934810,1,%Library.Persistent.1+520,1,
51,2138934811,1,%Library.Persistent.1+520,1,
51,2138934811,1,%Library.Persistent.1+520,1,
38,2138934812,1,%Library.RegisteredObject.1+0,0,
37,2138934813,1,%Library.RegisteredObject.1+19,1,
37,2138934814,1,%Library.RegisteredObject.1+17,1,
37,2138934815,1,%Library.RegisteredObject.1+18,1,
CALL,2138934816,1,%Library.RegisteredObject.1+18
ARG,[ 0] INT: 1
ARG,[ 1] INT: 3
ARG,[ 2] INT: 0
ARG,[ 3] OREF: 8
38,2138934818,1,%Library.Persistent.1+0,0,
50,2138934819,1,%Library.Persistent.1+513,1,
50,2138934820,1,%Library.Persistent.1+513,1,
50,2138934821,1,%Library.Persistent.1+513,1,
37,2138934822,1,%Library.Persistent.1+514,1,
50,2138934822,1,%Library.Persistent.1+514,1,
50,2138934823,1,%Library.Persistent.1+515,1,
37,2138934824,1,%Library.Persistent.1+515,1,
37,2138934825,1,%Library.Persistent.1+519,1,
50,2138934826,1,%Library.Persistent.1+519,1,
50,2138934826,1,%Library.Persistent.1+519,1,
50,2138934827,1,%Library.Persistent.1+519,1,
51,2138934828,1,%Library.Persistent.1+519,1,
50,2138934829,1,%Library.Persistent.1+519,1,
50,2138934830,1,%Library.Persistent.1+519,1,
50,2138934830,1,%Library.Persistent.1+519,1,
50,2138935175,1,%Library.Persistent.1+519,1,
51,2138935176,1,%Library.Persistent.1+519,1,
50,2138935177,1,%Library.Persistent.1+519,1,
50,2138935179,1,%Library.Persistent.1+519,1,
51,2138935180,1,%Library.Persistent.1+519,1,
50,2138935181,1,%Library.Persistent.1+519,1,
37,2138935181,1,%Library.Persistent.1+520,1,
QUIT,2138935182,520
51,2138935183,1,%Library.Persistent.1+520,1,
51,2138935184,1,%Library.Persistent.1+520,1,
51,2138935184,1,%Library.Persistent.1+520,1,
51,2138935185,1,%Library.Persistent.1+520,1,
51,2138935187,1,%Library.Persistent.1+520,1,
51,2138935188,1,%Library.Persistent.1+520,1,
38,2138935189,1,%Library.RegisteredObject.1+0,0,
37,2138935190,1,%Library.RegisteredObject.1+19,1,
37,2138935191,1,%Library.RegisteredObject.1+17,1,
37,2138935193,1,%Library.RegisteredObject.1+20,1,
37,2138935194,1,%Library.RegisteredObject.1+21,1,
37,2138935195,1,%Library.RegisteredObject.1+22,1,
50,2138935196,1,%Library.RegisteredObject.1+22,1,
37,2138935197,1,%Library.RegisteredObject.1+23,1,
50,2138935197,1,%Library.RegisteredObject.1+23,1,
50,2138935198,1,%Library.RegisteredObject.1+24,1,
37,2138935199,1,%Library.RegisteredObject.1+24,1,
CALL,2138935202,1,%Library.RegisteredObject.1+24
ARG,[ 0] INT: 0
ARG,[ 1] INT: 1
ARG,[ 2] OREF: 6
37,2138935204,1,%Library.RegisteredObject.1+77,1,
QUIT,2138935205,77
37,2138935206,1,%Library.RegisteredObject.1+25,1,
50,2138935207,1,%Library.RegisteredObject.1+25,1,
50,2138935208,1,%Library.RegisteredObject.1+25,1,
50,2138935209,1,%Library.RegisteredObject.1+25,1,
50,2138935210,1,%Library.RegisteredObject.1+25,1,
50,2138935210,1,%Library.RegisteredObject.1+25,1,
37,2138935211,1,%Library.RegisteredObject.1+27,1,
37,2138935212,1,%Library.RegisteredObject.1+22,1,
37,2138935213,1,%Library.RegisteredObject.1+23,1,
37,2138935214,1,%Library.RegisteredObject.1+24,1,
CALL,2138935215,1,%Library.RegisteredObject.1+24
ARG,[ 0] INT: 0
ARG,[ 1] INT: 1
ARG,[ 2] OREF: 10
37,2138935217,1,%Library.RegisteredObject.1+77,1,
37,2138935218,1,%Library.RegisteredObject.1+78,1,
QUIT,2138935219,78
37,2138935219,1,%Library.RegisteredObject.1+27,1,
37,2138935220,1,%Library.RegisteredObject.1+22,1,
37,2138935221,1,%Library.RegisteredObject.1+23,1,
37,2138935221,1,%Library.RegisteredObject.1+24,1,
CALL,2138935223,1,%Library.RegisteredObject.1+24
ARG,[ 0] INT: 0
ARG,[ 1] INT: 1
ARG,[ 2] OREF: 8
37,2138935224,1,%Library.RegisteredObject.1+77,1,
37,2138935225,1,%Library.RegisteredObject.1+78,1,
QUIT,2138935226,78
37,2138935226,1,%Library.RegisteredObject.1+27,1,
37,2138935227,1,%Library.RegisteredObject.1+22,1,
37,2138935228,1,%Library.RegisteredObject.1+28,1,
37,2138935229,1,%Library.RegisteredObject.1+29,1,
51,2138935230,1,%Library.RegisteredObject.1+29,1,
50,2138935231,1,%Library.RegisteredObject.1+29,1,
37,2138935232,1,%Library.RegisteredObject.1+30,1,
50,2138935232,1,%Library.RegisteredObject.1+30,1,
50,2138935233,1,%Library.RegisteredObject.1+31,1,
37,2138935234,1,%Library.RegisteredObject.1+31,1,
37,2138935235,1,%Library.RegisteredObject.1+32,1,
37,2138935236,1,%Library.RegisteredObject.1+48,1,
37,2138935237,1,%Library.RegisteredObject.1+29,1,
37,2138935238,1,%Library.RegisteredObject.1+30,1,
37,2138935238,1,%Library.RegisteredObject.1+31,1,
37,2138935239,1,%Library.RegisteredObject.1+32,1,
37,2138935240,1,%Library.RegisteredObject.1+48,1,
37,2138935241,1,%Library.RegisteredObject.1+29,1,
37,2138935242,1,%Library.RegisteredObject.1+49,1,
51,2138935243,1,%Library.RegisteredObject.1+49,1,
51,2138935243,1,%Library.RegisteredObject.1+49,1,
51,2138935244,1,%Library.RegisteredObject.1+49,1,
51,2138935245,1,%Library.RegisteredObject.1+49,1,
51,2138935246,1,%Library.RegisteredObject.1+49,1,
51,2138935247,1,%Library.RegisteredObject.1+49,1,
51,2138935247,1,%Library.RegisteredObject.1+49,1,
51,2138935248,1,%Library.RegisteredObject.1+49,1,
51,2138935249,1,%Library.RegisteredObject.1+49,1,
51,2138935250,1,%Library.RegisteredObject.1+49,1,
51,2138935251,1,%Library.RegisteredObject.1+49,1,
51,2138935251,1,%Library.RegisteredObject.1+49,1,
37,2138935252,1,%Library.RegisteredObject.1+50,1,
37,2138935605,1,%Library.RegisteredObject.1+51,1,
37,2138935606,1,%Library.RegisteredObject.1+52,1,
37,2138935608,1,%Library.RegisteredObject.1+63,1,
QUIT,2138935608,63
51,2138935609,1,%Library.RegisteredObject.1+63,1,
51,2138935610,1,%Library.RegisteredObject.1+63,1,
51,2138935611,1,%Library.RegisteredObject.1+63,1,
51,2138935611,1,%Library.RegisteredObject.1+63,1,
51,2138935612,1,%Library.RegisteredObject.1+63,1,
51,2138935613,1,%Library.RegisteredObject.1+63,1,
51,2138935614,1,%Library.RegisteredObject.1+63,1,
51,2138935615,1,%Library.RegisteredObject.1+63,1,
51,2138935616,1,%Library.RegisteredObject.1+63,1,
51,2138935616,1,%Library.RegisteredObject.1+63,1,
51,2138935617,1,%Library.RegisteredObject.1+63,1,
51,2138935618,1,%Library.RegisteredObject.1+63,1,
38,2138935619,13,Ens.Util.IOLog.1+0,0,
37,2138935620,13,Ens.Util.IOLog.1+800,1,
37,2138935621,13,Ens.Util.IOLog.1+801,1,
50,2138935622,13,Ens.Util.IOLog.1+801,1,
50,2138935623,13,Ens.Util.IOLog.1+801,1,
50,2138935624,13,Ens.Util.IOLog.1+801,1,
50,2138935625,13,Ens.Util.IOLog.1+801,1,
50,2138935627,13,Ens.Util.IOLog.1+801,1,
50,2138935628,13,Ens.Util.IOLog.1+801,1,
51,2138935629,13,Ens.Util.IOLog.1+801,1,
51,2138935630,13,Ens.Util.IOLog.1+801,1,
51,2138935631,13,Ens.Util.IOLog.1+801,1,
51,2138935632,13,Ens.Util.IOLog.1+801,1,
37,2138935633,13,Ens.Util.IOLog.1+802,1,
50,2138935634,13,Ens.Util.IOLog.1+802,1,
50,2138935635,13,Ens.Util.IOLog.1+802,1,
50,2138935636,13,Ens.Util.IOLog.1+802,1,
CALL,2138935637,13,Ens.Util.IOLog.1+802
ARG,[ 0] INT: 1
ARG,[ 1] SCOPE: level=0, 0x00aaaac5a43b70
ARG,[ 2] INT: 48
ARG,[ 3] OREF: 6
38,2138935641,13,Ens.Util.IOLogObj.1+0,0,
50,2138935642,13,Ens.Util.IOLogObj.1+1048,1,
50,2138935643,13,Ens.Util.IOLogObj.1+1048,1,
37,2138935644,13,Ens.Util.IOLogObj.1+1050,1,
50,2138935645,13,Ens.Util.IOLogObj.1+1050,1,
51,2138935646,13,Ens.Util.IOLogObj.1+1050,1,
50,2138935647,13,Ens.Util.IOLogObj.1+1050,1,
37,2138935648,13,Ens.Util.IOLogObj.1+1051,1,
CALL,2138935649,13,Ens.Util.IOLogObj.1+1051
ARG,[ 0] INT: 2
ARG,[ 1] INT: 0
ARG,[ 2] SCOPE: level=0,            (nil)
50,2138935651,13,Ens.Util.IOLogObj.1+1092,1,
50,2138935651,13,Ens.Util.IOLogObj.1+1092,1,
50,2138935652,13,Ens.Util.IOLogObj.1+1092,1,
37,2138935653,13,Ens.Util.IOLogObj.1+1093,1,
50,2138935654,13,Ens.Util.IOLogObj.1+1094,1,
37,2138935655,13,Ens.Util.IOLogObj.1+1094,1,
37,2138935864,13,Ens.Util.IOLogObj.1+1095,1,
50,2138935866,13,Ens.Util.IOLogObj.1+1095,1,
50,2138935868,13,Ens.Util.IOLogObj.1+1095,1,
37,2138935869,13,Ens.Util.IOLogObj.1+1096,1,
51,2138935870,13,Ens.Util.IOLogObj.1+1096,1,
50,2138935870,13,Ens.Util.IOLogObj.1+1096,1,
37,2138935871,13,Ens.Util.IOLogObj.1+1097,1,
51,2138935872,13,Ens.Util.IOLogObj.1+1097,1,
50,2138935873,13,Ens.Util.IOLogObj.1+1097,1,
37,2138935874,13,Ens.Util.IOLogObj.1+1098,1,
51,2138935875,13,Ens.Util.IOLogObj.1+1098,1,
50,2138935875,13,Ens.Util.IOLogObj.1+1098,1,
CALL,2138935876,13,Ens.Util.IOLogObj.1+1098
ARG,[ 0] INT: 1
ARG,[ 1] STR (len=3): 4H003100380038
ARG,[ 2] INT: 52
38,2138935879,13,Ens.Util.IOLog.1+0,0,
50,2138935881,13,Ens.Util.IOLog.1+1315,1,
50,2138935882,13,Ens.Util.IOLog.1+1315,1,
37,2138935883,13,Ens.Util.IOLog.1+1316,1,
QUIT,2138935884,1316
51,2138935884,13,Ens.Util.IOLog.1+1316,1,
51,2138935885,13,Ens.Util.IOLog.1+1316,1,
38,2138935886,13,Ens.Util.IOLogObj.1+0,0,
37,2138935887,13,Ens.Util.IOLogObj.1+1099,1,
51,2138935888,13,Ens.Util.IOLogObj.1+1099,1,
50,2138935888,13,Ens.Util.IOLogObj.1+1099,1,
37,2138935889,13,Ens.Util.IOLogObj.1+1100,1,
51,2138935890,13,Ens.Util.IOLogObj.1+1100,1,
50,2138935891,13,Ens.Util.IOLogObj.1+1100,1,
37,2138935892,13,Ens.Util.IOLogObj.1+1101,1,
51,2138935893,13,Ens.Util.IOLogObj.1+1101,1,
50,2138935893,13,Ens.Util.IOLogObj.1+1101,1,
37,2138935894,13,Ens.Util.IOLogObj.1+1102,1,
CALL,2138935895,13,Ens.Util.IOLogObj.1+1102
ARG,[ 0] INT: 1
ARG,[ 1] INT: 0
ARG,[ 2] INT: 56
38,2138935897,13,Ens.Util.IOLog.1+0,0,
50,2138935898,13,Ens.Util.IOLog.1+1333,1,
50,2138935898,13,Ens.Util.IOLog.1+1333,1,
37,2138935899,13,Ens.Util.IOLog.1+1334,1,
QUIT,2138935901,1334
51,2138935901,13,Ens.Util.IOLog.1+1334,1,
51,2138935902,13,Ens.Util.IOLog.1+1334,1,
38,2138936296,13,Ens.Util.IOLogObj.1+0,0,
37,2138936298,13,Ens.Util.IOLogObj.1+1103,1,
51,2138936299,13,Ens.Util.IOLogObj.1+1103,1,
50,2138936300,13,Ens.Util.IOLogObj.1+1103,1,
37,2138936301,13,Ens.Util.IOLogObj.1+1104,1,
51,2138936302,13,Ens.Util.IOLogObj.1+1104,1,
50,2138936303,13,Ens.Util.IOLogObj.1+1104,1,
37,2138936304,13,Ens.Util.IOLogObj.1+1105,1,
51,2138936305,13,Ens.Util.IOLogObj.1+1105,1,
50,2138936305,13,Ens.Util.IOLogObj.1+1105,1,
37,2138936306,13,Ens.Util.IOLogObj.1+1106,1,
CALL,2138936307,13,Ens.Util.IOLogObj.1+1106
ARG,[ 0] INT: 1
ARG,[ 1] INT: 187
ARG,[ 2] INT: 60
38,2138936309,13,Ens.Util.IOLog.1+0,0,
50,2138936311,13,Ens.Util.IOLog.1+1315,1,
50,2138936311,13,Ens.Util.IOLog.1+1315,1,
37,2138936312,13,Ens.Util.IOLog.1+1316,1,
QUIT,2138936314,1316
51,2138936314,13,Ens.Util.IOLog.1+1316,1,
51,2138936315,13,Ens.Util.IOLog.1+1316,1,
38,2138936316,13,Ens.Util.IOLogObj.1+0,0,
37,2138936316,13,Ens.Util.IOLogObj.1+1107,1,
51,2138936317,13,Ens.Util.IOLogObj.1+1107,1,
50,2138936318,13,Ens.Util.IOLogObj.1+1107,1,
37,2138936319,13,Ens.Util.IOLogObj.1+1108,1,
51,2138936320,13,Ens.Util.IOLogObj.1+1108,1,
50,2138936321,13,Ens.Util.IOLogObj.1+1108,1,
37,2138936321,13,Ens.Util.IOLogObj.1+1109,1,
51,2138936322,13,Ens.Util.IOLogObj.1+1109,1,
50,2138936323,13,Ens.Util.IOLogObj.1+1109,1,
37,2138936324,13,Ens.Util.IOLogObj.1+1110,1,
37,2138936325,13,Ens.Util.IOLogObj.1+1111,1,
QUIT,2138936326,1111
51,2138936326,13,Ens.Util.IOLogObj.1+1111,1,
51,2138936327,13,Ens.Util.IOLogObj.1+1111,1,
51,2138936328,13,Ens.Util.IOLogObj.1+1111,1,
51,2138936328,13,Ens.Util.IOLogObj.1+1111,1,
51,2138936329,13,Ens.Util.IOLogObj.1+1111,1,
51,2138936330,13,Ens.Util.IOLogObj.1+1111,1,
50,2138936331,13,Ens.Util.IOLogObj.1+1051,1,
37,2138936332,13,Ens.Util.IOLogObj.1+1052,1,
CALL,2138936332,13,Ens.Util.IOLogObj.1+1052
ARG,[ 0] INT: 0
ARG,[ 1] INT: 42
38,2138936334,13,Ens.Util.IOLog.1+0,0,
37,2138936335,13,Ens.Util.IOLog.1+393,1,
37,2138936336,13,Ens.Util.IOLog.1+394,1,
50,2138936337,13,Ens.Util.IOLog.1+394,1,
CALL,2138936338,13,Ens.Util.IOLog.1+394
ARG,[ 0] INT: 1
ARG,[ 1] STR (len=27): 4H0045006E0073004C00690062002E0048005400540050002E004F007500740062006F0075006E00640041006400610070007400650072
50,2138936344,13,Ens.Util.IOLog.1+1303,1,
50,2138936345,13,Ens.Util.IOLog.1+1303,1,
37,2138936346,13,Ens.Util.IOLog.1+1304,1,
QUIT,2138936347,1304
51,2138936347,13,Ens.Util.IOLog.1+1304,1,
51,2138936348,13,Ens.Util.IOLog.1+1304,1,
51,2138936349,13,Ens.Util.IOLog.1+394,1,
37,2138936350,13,Ens.Util.IOLog.1+395,1,
37,2138936351,13,Ens.Util.IOLog.1+396,1,
50,2138936352,13,Ens.Util.IOLog.1+396,1,
CALL,2138936352,13,Ens.Util.IOLog.1+396
ARG,[ 0] INT: 1
ARG,[ 1] STR (len=16): 4H006100700069002E00670065006E0064006500720069007A0065002E0069006F
50,2138936356,13,Ens.Util.IOLog.1+1303,1,
50,2138936357,13,Ens.Util.IOLog.1+1303,1,
37,2138936358,13,Ens.Util.IOLog.1+1304,1,
QUIT,2138936359,1304
51,2138936359,13,Ens.Util.IOLog.1+1304,1,
51,2138936360,13,Ens.Util.IOLog.1+1304,1,
51,2138936360,13,Ens.Util.IOLog.1+396,1,
37,2138936361,13,Ens.Util.IOLog.1+397,1,
50,2138936362,13,Ens.Util.IOLog.1+397,1,
CALL,2138936363,13,Ens.Util.IOLog.1+397
ARG,[ 0] INT: 1
ARG,[ 1] STR (len=3): 4H003100380038
50,2138936365,13,Ens.Util.IOLog.1+1317,1,
50,2138936366,13,Ens.Util.IOLog.1+1317,1,
37,2138936366,13,Ens.Util.IOLog.1+1318,1,
QUIT,2138936367,1318
51,2138936368,13,Ens.Util.IOLog.1+1318,1,
51,2138936369,13,Ens.Util.IOLog.1+1318,1,
51,2138936369,13,Ens.Util.IOLog.1+397,1,
37,2138936370,13,Ens.Util.IOLog.1+398,1,
50,2138936371,13,Ens.Util.IOLog.1+398,1,
CALL,2138936372,13,Ens.Util.IOLog.1+398
ARG,[ 0] INT: 1
ARG,[ 1] STR (len=14): 4H0048005400540050002E006F007000650072006100740069006F006E
50,2138936375,13,Ens.Util.IOLog.1+1303,1,
50,2138936376,13,Ens.Util.IOLog.1+1303,1,
37,2138936377,13,Ens.Util.IOLog.1+1304,1,
QUIT,2138936378,1304
51,2138936378,13,Ens.Util.IOLog.1+1304,1,
51,2138936379,13,Ens.Util.IOLog.1+1304,1,
51,2138936380,13,Ens.Util.IOLog.1+398,1,
37,2138936381,13,Ens.Util.IOLog.1+399,1,
50,2138936381,13,Ens.Util.IOLog.1+399,1,
CALL,2138936382,13,Ens.Util.IOLog.1+399
ARG,[ 0] INT: 1
ARG,[ 1] STR (len=23): 4H0048005400540050002E006D00730067002E00670065006E0064006500720052006500730070006F006E00730065
50,2138936784,13,Ens.Util.IOLog.1+1303,1,
50,2138936786,13,Ens.Util.IOLog.1+1303,1,
37,2138936787,13,Ens.Util.IOLog.1+1304,1,
QUIT,2138936788,1304
51,2138936788,13,Ens.Util.IOLog.1+1304,1,
51,2138936789,13,Ens.Util.IOLog.1+1304,1,
51,2138936790,13,Ens.Util.IOLog.1+399,1,
37,2138936792,13,Ens.Util.IOLog.1+400,1,
50,2138936793,13,Ens.Util.IOLog.1+400,1,
CALL,2138936794,13,Ens.Util.IOLog.1+400
ARG,[ 0] INT: 1
ARG,[ 1] INT: 0
50,2138936796,13,Ens.Util.IOLog.1+1335,1,
50,2138936797,13,Ens.Util.IOLog.1+1335,1,
37,2138936798,13,Ens.Util.IOLog.1+1336,1,
QUIT,2138936799,1336
51,2138936799,13,Ens.Util.IOLog.1+1336,1,
51,2138936800,13,Ens.Util.IOLog.1+1336,1,
51,2138936801,13,Ens.Util.IOLog.1+400,1,
37,2138936801,13,Ens.Util.IOLog.1+401,1,
50,2138936802,13,Ens.Util.IOLog.1+401,1,
CALL,2138936803,13,Ens.Util.IOLog.1+401
ARG,[ 0] INT: 1
ARG,[ 1] STR (len=4): 4H0031003500330038
50,2138936805,13,Ens.Util.IOLog.1+1339,1,
50,2138936806,13,Ens.Util.IOLog.1+1339,1,
37,2138936807,13,Ens.Util.IOLog.1+1340,1,
QUIT,2138936808,1340
51,2138936808,13,Ens.Util.IOLog.1+1340,1,
51,2138936809,13,Ens.Util.IOLog.1+1340,1,
51,2138936810,13,Ens.Util.IOLog.1+401,1,
37,2138936811,13,Ens.Util.IOLog.1+402,1,
50,2138936812,13,Ens.Util.IOLog.1+402,1,
CALL,2138936812,13,Ens.Util.IOLog.1+402
ARG,[ 0] INT: 1
ARG,[ 1] STR (len=22): 4H0048005400540050002E006D00730067002E00670065006E0064006500720052006500710075006500730074
50,2138936817,13,Ens.Util.IOLog.1+1303,1,
50,2138936818,13,Ens.Util.IOLog.1+1303,1,
37,2138936819,13,Ens.Util.IOLog.1+1304,1,
QUIT,2138936819,1304
51,2138936820,13,Ens.Util.IOLog.1+1304,1,
51,2138936821,13,Ens.Util.IOLog.1+1304,1,
51,2138936821,13,Ens.Util.IOLog.1+402,1,
37,2138936822,13,Ens.Util.IOLog.1+403,1,
50,2138936823,13,Ens.Util.IOLog.1+403,1,
CALL,2138936824,13,Ens.Util.IOLog.1+403
ARG,[ 0] INT: 1
ARG,[ 1] INT: 187
50,2138936825,13,Ens.Util.IOLog.1+1317,1,
50,2138936826,13,Ens.Util.IOLog.1+1317,1,
37,2138936827,13,Ens.Util.IOLog.1+1318,1,
QUIT,2138936828,1318
51,2138936828,13,Ens.Util.IOLog.1+1318,1,
51,2138936829,13,Ens.Util.IOLog.1+1318,1,
51,2138936830,13,Ens.Util.IOLog.1+403,1,
37,2138936831,13,Ens.Util.IOLog.1+404,1,
50,2138936831,13,Ens.Util.IOLog.1+404,1,
CALL,2138936832,13,Ens.Util.IOLog.1+404
ARG,[ 0] INT: 1
ARG,[ 1] STR (len=6): 4H00670065006E006400650072
50,2138936835,13,Ens.Util.IOLog.1+1353,1,
50,2138936835,13,Ens.Util.IOLog.1+1353,1,
37,2138936836,13,Ens.Util.IOLog.1+1354,1,
QUIT,2138936837,1354
51,2138936837,13,Ens.Util.IOLog.1+1354,1,
51,2138936838,13,Ens.Util.IOLog.1+1354,1,
51,2138936839,13,Ens.Util.IOLog.1+404,1,
37,2138936840,13,Ens.Util.IOLog.1+405,1,
50,2138936841,13,Ens.Util.IOLog.1+405,1,
CALL,2138936841,13,Ens.Util.IOLog.1+405
ARG,[ 0] INT: 1
ARG,[ 1] STR (len=23): 4H0032003000320036002D00300031002D00300036002000310033003A00340037003A00350036002E003000330038
50,2138936846,13,Ens.Util.IOLog.1+1370,1,
50,2138936847,13,Ens.Util.IOLog.1+1370,1,
37,2138936848,13,Ens.Util.IOLog.1+1371,1,
37,2138936849,13,Ens.Util.IOLog.1+1372,1,
50,2138936850,13,Ens.Util.IOLog.1+1372,1,
37,2138936852,13,Ens.Util.IOLog.1+1373,1,
37,2138936853,13,Ens.Util.IOLog.1+1374,1,
QUIT,2138936853,1374
51,2138936854,13,Ens.Util.IOLog.1+1374,1,
51,2138936855,13,Ens.Util.IOLog.1+1374,1,
51,2138936855,13,Ens.Util.IOLog.1+1374,1,
51,2138936856,13,Ens.Util.IOLog.1+405,1,
37,2138936857,13,Ens.Util.IOLog.1+406,1,
50,2138936858,13,Ens.Util.IOLog.1+406,1,
CALL,2138936859,13,Ens.Util.IOLog.1+406
ARG,[ 0] INT: 1
ARG,[ 1] STR (len=23): 4H0032003000320036002D00300031002D00300036002000310033003A00340037003A00350036002E003600350030
50,2138936863,13,Ens.Util.IOLog.1+1408,1,
50,2138936864,13,Ens.Util.IOLog.1+1408,1,
37,2138936865,13,Ens.Util.IOLog.1+1409,1,
37,2138936866,13,Ens.Util.IOLog.1+1410,1,
50,2138936867,13,Ens.Util.IOLog.1+1410,1,
37,2138936868,13,Ens.Util.IOLog.1+1411,1,
37,2138936869,13,Ens.Util.IOLog.1+1412,1,
QUIT,2138936870,1412
51,2138936870,13,Ens.Util.IOLog.1+1412,1,
51,2138936871,13,Ens.Util.IOLog.1+1412,1,
51,2138936872,13,Ens.Util.IOLog.1+1412,1,
51,2138937282,13,Ens.Util.IOLog.1+406,1,
37,2138937283,13,Ens.Util.IOLog.1+407,1,
QUIT,2138937284,407
38,2138937285,13,Ens.Util.IOLogObj.1+0,0,
37,2138937286,13,Ens.Util.IOLogObj.1+1053,1,
37,2138937288,13,Ens.Util.IOLogObj.1+1054,1,
37,2138937289,13,Ens.Util.IOLogObj.1+1055,1,
50,2138937291,13,Ens.Util.IOLogObj.1+1055,1,
51,2138937295,13,Ens.Util.IOLogObj.1+1055,1,
50,2138937296,13,Ens.Util.IOLogObj.1+1055,1,
37,2138937297,13,Ens.Util.IOLogObj.1+1056,1,
50,2138937298,13,Ens.Util.IOLogObj.1+1056,1,
CALL,2138937299,13,Ens.Util.IOLogObj.1+1056
ARG,[ 0] INT: 1
ARG,[ 1] SCOPE: level=0, 0x00aaaac5a43cd0
ARG,[ 2] INT: 45
50,2138937303,13,Ens.Util.IOLogObj.1+895,1,
37,2138937304,13,Ens.Util.IOLogObj.1+897,1,
50,2138937305,13,Ens.Util.IOLogObj.1+897,1,
50,2138937305,13,Ens.Util.IOLogObj.1+898,1,
37,2138937306,13,Ens.Util.IOLogObj.1+898,1,
50,2138937307,13,Ens.Util.IOLogObj.1+898,1,
50,2138937308,13,Ens.Util.IOLogObj.1+898,1,
50,2138937308,13,Ens.Util.IOLogObj.1+899,1,
37,2138937309,13,Ens.Util.IOLogObj.1+899,1,
0,2138937311,13,Ens.Util.IOLogObj.1+899,1,456E732E5574696C2E494F4C6F6744^9^5^0
1,2138937312,13,Ens.Util.IOLogObj.1+899,1,456E732E5574696C2E494F4C6F6744^9^5^0
20,2138937332,13,Ens.Util.IOLogObj.1+899,1,456E732E5574696C2E494F4C6F6744^9^5^0
24,2138937334,13,Ens.Util.IOLogObj.1+899,1,456E732E5574696C2E494F4C6F6744^9^5^0
CALL,2138937335,13,Ens.Util.IOLogObj.1+899
ARG,[ 0] INT: 1
ARG,[ 1] INT: 26868
ARG,[ 2] INT: 40
38,2138937336,1,%Library.Persistent.1+0,0,
50,2138937338,1,%Library.Persistent.1+373,1,
50,2138937338,1,%Library.Persistent.1+373,1,
37,2138937339,1,%Library.Persistent.1+374,1,
50,2138937340,1,%Library.Persistent.1+374,1,
50,2138937342,1,%Library.Persistent.1+374,1,
37,2138937342,1,%Library.Persistent.1+375,1,
37,2138937344,1,%Library.Persistent.1+376,1,
50,2138937345,1,%Library.Persistent.1+376,1,
0,2138937347,1,%Library.Persistent.1+376,1,456E732E5574696C2E494F4C6F6744^9^5^0
50,2138937348,1,%Library.Persistent.1+376,1,
50,2138937348,1,%Library.Persistent.1+376,1,
50,2138937349,1,%Library.Persistent.1+376,1,
50,2138937350,1,%Library.Persistent.1+376,1,
51,2138937351,1,%Library.Persistent.1+376,1,
50,2138937352,1,%Library.Persistent.1+376,1,
37,2138937353,1,%Library.Persistent.1+377,1,
QUIT,2138937354,377
51,2138937354,1,%Library.Persistent.1+377,1,
51,2138937355,1,%Library.Persistent.1+377,1,
51,2138937356,1,%Library.Persistent.1+377,1,
51,2138937357,1,%Library.Persistent.1+377,1,
51,2138937357,1,%Library.Persistent.1+377,1,
51,2138937358,1,%Library.Persistent.1+377,1,
51,2138937359,1,%Library.Persistent.1+377,1,
38,2138937360,13,Ens.Util.IOLogObj.1+0,0,
50,2138937361,13,Ens.Util.IOLogObj.1+899,1,
51,2138937362,13,Ens.Util.IOLogObj.1+899,1,
50,2138937362,13,Ens.Util.IOLogObj.1+899,1,
37,2138937363,13,Ens.Util.IOLogObj.1+900,1,
50,2138937364,13,Ens.Util.IOLogObj.1+900,1,
50,2138937365,13,Ens.Util.IOLogObj.1+901,1,
37,2138937366,13,Ens.Util.IOLogObj.1+901,1,
50,2138937367,13,Ens.Util.IOLogObj.1+901,1,
37,2138937368,13,Ens.Util.IOLogObj.1+902,1,
50,2138937368,13,Ens.Util.IOLogObj.1+903,1,
37,2138937369,13,Ens.Util.IOLogObj.1+903,1,
50,2138937372,13,Ens.Util.IOLogObj.1+903,1,
37,2138937373,13,Ens.Util.IOLogObj.1+905,1,
50,2138937373,13,Ens.Util.IOLogObj.1+907,1,
37,2138937374,13,Ens.Util.IOLogObj.1+907,1,
37,2138937375,13,Ens.Util.IOLogObj.1+914,1,
37,2138937376,13,Ens.Util.IOLogObj.1+915,1,
40,2138937778,13,Ens.Util.IOLogObj.1+915,1,
41,2138937806,13,Ens.Util.IOLogObj.1+915,1,
50,2138937807,13,Ens.Util.IOLogObj.1+915,1,
51,2138937809,13,Ens.Util.IOLogObj.1+915,1,
37,2138937810,13,Ens.Util.IOLogObj.1+916,1,
37,2138937812,13,Ens.Util.IOLogObj.1+917,1,
37,2138937813,13,Ens.Util.IOLogObj.1+918,1,
0,2138937815,13,Ens.Util.IOLogObj.1+918,1,456E732E5574696C2E494F4C6F674400151E6060^9^5^0
1,2138937817,13,Ens.Util.IOLogObj.1+918,1,456E732E5574696C2E494F4C6F674400151E6060^9^5^0
18,2138937991,13,Ens.Util.IOLogObj.1+918,1,456E732E5574696C2E494F4C6F674400151E6060^9^5^0
19,2138938017,13,Ens.Util.IOLogObj.1+918,1,456E732E5574696C2E494F4C6F674400151E6060^9^5^0
20,2138938024,13,Ens.Util.IOLogObj.1+918,1,456E732E5574696C2E494F4C6F674400151E6060^9^5^0
24,2138938027,13,Ens.Util.IOLogObj.1+918,1,456E732E5574696C2E494F4C6F674400151E6060^9^5^0
37,2138938028,13,Ens.Util.IOLogObj.1+919,1,
0,2138938030,13,Ens.Util.IOLogObj.1+919,1,456E732E5574696C2E494F4C6F674400151E6060002D3330534B33464E^9^5^0
1,2138938031,13,Ens.Util.IOLogObj.1+919,1,456E732E5574696C2E494F4C6F674400151E6060002D3330534B33464E^9^5^0
20,2138938032,13,Ens.Util.IOLogObj.1+919,1,456E732E5574696C2E494F4C6F674400151E6060002D3330534B33464E^9^5^0
24,2138938033,13,Ens.Util.IOLogObj.1+919,1,456E732E5574696C2E494F4C6F674400151E6060002D3330534B33464E^9^5^0
37,2138938034,13,Ens.Util.IOLogObj.1+920,1,
0,2138938036,13,Ens.Util.IOLogObj.1+920,1,456E732E5574696C2E494F4C6F6749001F082D3330534B33464E0012^9^5^0
1,2138938038,13,Ens.Util.IOLogObj.1+920,1,456E732E5574696C2E494F4C6F6749001F082D3330534B33464E0012^9^5^0
20,2138938200,13,Ens.Util.IOLogObj.1+920,1,456E732E5574696C2E494F4C6F6749001F082D3330534B33464E0012^9^5^0
24,2138938204,13,Ens.Util.IOLogObj.1+920,1,456E732E5574696C2E494F4C6F6749001F082D3330534B33464E0012^9^5^0
37,2138938205,13,Ens.Util.IOLogObj.1+921,1,
0,2138938206,13,Ens.Util.IOLogObj.1+921,1,456E732E5574696C2E494F4C6F6749002753524A4D4B32455149001F0425342D122B29322829362D3E29122D330012^9^5^0
1,2138938207,13,Ens.Util.IOLogObj.1+921,1,456E732E5574696C2E494F4C6F6749002753524A4D4B32455149001F0425342D122B29322829362D3E29122D330012^9^5^0
20,2138938208,13,Ens.Util.IOLogObj.1+921,1,456E732E5574696C2E494F4C6F6749002753524A4D4B32455149001F0425342D122B29322829362D3E29122D330012^9^5^0
24,2138938211,13,Ens.Util.IOLogObj.1+921,1,456E732E5574696C2E494F4C6F6749002753524A4D4B32455149001F0425342D122B29322829362D3E29122D330012^9^5^0
37,2138938212,13,Ens.Util.IOLogObj.1+922,1,
0,2138938213,13,Ens.Util.IOLogObj.1+922,1,456E732E5574696C2E494F4C6F674900295C584952580012^9^5^0
1,2138938214,13,Ens.Util.IOLogObj.1+922,1,456E732E5574696C2E494F4C6F674900295C584952580012^9^5^0
19,2138938221,13,Ens.Util.IOLogObj.1+922,1,456E732E5574696C2E494F4C6F674900295C584952580012^9^5^0
20,2138938245,13,Ens.Util.IOLogObj.1+922,1,456E732E5574696C2E494F4C6F674900295C584952580012^9^5^0
24,2138938248,13,Ens.Util.IOLogObj.1+922,1,456E732E5574696C2E494F4C6F674900295C584952580012^9^5^0
37,2138938249,13,Ens.Util.IOLogObj.1+923,1,
0,2138938251,13,Ens.Util.IOLogObj.1+923,1,456E732E5574696C2E494F4C6F674900374957574D53522D4800141D7300151E6060^9^5^0
1,2138938252,13,Ens.Util.IOLogObj.1+923,1,456E732E5574696C2E494F4C6F674900374957574D53522D4800141D7300151E6060^9^5^0
19,2138938253,13,Ens.Util.IOLogObj.1+923,1,456E732E5574696C2E494F4C6F674900374957574D53522D4800141D7300151E6060^9^5^0
20,2138938258,13,Ens.Util.IOLogObj.1+923,1,456E732E5574696C2E494F4C6F674900374957574D53522D4800141D7300151E6060^9^5^0
24,2138938263,13,Ens.Util.IOLogObj.1+923,1,456E732E5574696C2E494F4C6F674900374957574D53522D4800141D7300151E6060^9^5^0
37,2138938263,13,Ens.Util.IOLogObj.1+924,1,
0,2138938265,13,Ens.Util.IOLogObj.1+924,1,456E732E5574696C2E494F4C6F674900384D5149364947494D5A4948001F1614161A11141511141A0415171E181B1E191A1214171C00151E6060^9^5^0
1,2138938266,13,Ens.Util.IOLogObj.1+924,1,456E732E5574696C2E494F4C6F674900384D5149364947494D5A4948001F1614161A11141511141A0415171E181B1E191A1214171C00151E6060^9^5^0
19,2138938267,13,Ens.Util.IOLogObj.1+924,1,456E732E5574696C2E494F4C6F674900384D5149364947494D5A4948001F1614161A11141511141A0415171E181B1E191A1214171C00151E6060^9^5^0
20,2138938748,13,Ens.Util.IOLogObj.1+924,1,456E732E5574696C2E494F4C6F674900384D5149364947494D5A4948001F1614161A11141511141A0415171E181B1E191A1214171C00151E6060^9^5^0
24,2138938752,13,Ens.Util.IOLogObj.1+924,1,456E732E5574696C2E494F4C6F674900384D5149364947494D5A4948001F1614161A11141511141A0415171E181B1E191A1214171C00151E6060^9^5^0
37,2138938753,13,Ens.Util.IOLogObj.1+946,1,
50,2138938754,13,Ens.Util.IOLogObj.1+947,1,
37,2138938755,13,Ens.Util.IOLogObj.1+947,1,
37,2138938756,13,Ens.Util.IOLogObj.1+952,1,
37,2138938759,13,Ens.Util.IOLogObj.1+953,1,
37,2138938760,13,Ens.Util.IOLogObj.1+954,1,
37,2138938760,13,Ens.Util.IOLogObj.1+958,1,
QUIT,2138938761,958
51,2138938762,13,Ens.Util.IOLogObj.1+958,1,
51,2138938763,13,Ens.Util.IOLogObj.1+958,1,
51,2138938764,13,Ens.Util.IOLogObj.1+958,1,
51,2138938764,13,Ens.Util.IOLogObj.1+958,1,
51,2138938765,13,Ens.Util.IOLogObj.1+958,1,
51,2138938766,13,Ens.Util.IOLogObj.1+958,1,
51,2138938769,13,Ens.Util.IOLogObj.1+958,1,
51,2138938770,13,Ens.Util.IOLogObj.1+958,1,
51,2138938770,13,Ens.Util.IOLogObj.1+958,1,
51,2138938771,13,Ens.Util.IOLogObj.1+958,1,
51,2138938772,13,Ens.Util.IOLogObj.1+958,1,
51,2138938773,13,Ens.Util.IOLogObj.1+958,1,
51,2138938773,13,Ens.Util.IOLogObj.1+958,1,
37,2138938774,13,Ens.Util.IOLogObj.1+1057,1,
CALL,2138938776,13,Ens.Util.IOLogObj.1+1057
ARG,[ 0] INT: 0
ARG,[ 1] INT: 46
38,2138938777,1,%Library.Persistent.1+0,0,
37,2138938779,1,%Library.Persistent.1+411,1,
QUIT,2138938780,411
38,2138938780,13,Ens.Util.IOLogObj.1+0,0,
51,2138938781,13,Ens.Util.IOLogObj.1+1058,1,
50,2138938782,13,Ens.Util.IOLogObj.1+1058,1,
37,2138938783,13,Ens.Util.IOLogObj.1+1058,1,
37,2138938784,13,Ens.Util.IOLogObj.1+1059,1,
37,2138938785,13,Ens.Util.IOLogObj.1+1061,1,
37,2138938786,13,Ens.Util.IOLogObj.1+1062,1,
37,2138938786,13,Ens.Util.IOLogObj.1+1067,1,
QUIT,2138938787,1067
51,2138938788,13,Ens.Util.IOLogObj.1+1067,1,
51,2138938788,13,Ens.Util.IOLogObj.1+1067,1,
51,2138938789,13,Ens.Util.IOLogObj.1+1067,1,
51,2138938790,13,Ens.Util.IOLogObj.1+1067,1,
38,2138938791,13,Ens.Util.IOLog.1+0,0,
37,2138938792,13,Ens.Util.IOLog.1+803,1,
37,2138938793,13,Ens.Util.IOLog.1+804,1,
50,2138938794,13,Ens.Util.IOLog.1+804,1,
51,2138938795,13,Ens.Util.IOLog.1+804,1,
50,2138938796,13,Ens.Util.IOLog.1+804,1,
50,2138938797,13,Ens.Util.IOLog.1+804,1,
37,2138938798,13,Ens.Util.IOLog.1+805,1,
50,2138938799,13,Ens.Util.IOLog.1+805,1,
51,2138938801,13,Ens.Util.IOLog.1+802,1,
50,2138938802,13,Ens.Util.IOLog.1+802,1,
37,2138938803,13,Ens.Util.IOLog.1+806,1,
51,2138938804,13,Ens.Util.IOLog.1+806,1,
51,2138938805,13,Ens.Util.IOLog.1+806,1,
51,2138938806,13,Ens.Util.IOLog.1+806,1,
50,2138938807,13,Ens.Util.IOLog.1+806,1,
50,2138938807,13,Ens.Util.IOLog.1+806,1,
37,2138938808,13,Ens.Util.IOLog.1+807,1,
37,2138938809,13,Ens.Util.IOLog.1+814,1,
37,2138938810,13,Ens.Util.IOLog.1+819,1,
50,2138938811,13,Ens.Util.IOLog.1+819,1,
37,2138938812,13,Ens.Util.IOLog.1+820,1,
CALL,2138938819,13,Ens.Util.IOLog.1+820
38,2138938820,0,ROLLBACK+0,0,
37,2138938821,0,ROLLBACK+1419,1,
37,2138938822,0,ROLLBACK+1420,1,
37,2138938824,0,ROLLBACK+1421,1,
QUIT,2138938824,1421
38,2138938825,13,Ens.Util.IOLog.1+0,0,
51,2138938826,13,Ens.Util.IOLog.1+820,1,
51,2138938827,13,Ens.Util.IOLog.1+820,1,
51,2138938827,13,Ens.Util.IOLog.1+820,1,
51,2138938828,13,Ens.Util.IOLog.1+820,1,
51,2138938829,13,Ens.Util.IOLog.1+820,1,
51,2138938830,13,Ens.Util.IOLog.1+820,1,
51,2138938831,13,Ens.Util.IOLog.1+820,1,
51,2138938831,13,Ens.Util.IOLog.1+820,1,
51,2138938832,13,Ens.Util.IOLog.1+820,1,
37,2138938833,13,Ens.Util.IOLog.1+821,1,
QUIT,2138938834,821
51,2138938834,13,Ens.Util.IOLog.1+821,1,
51,2138938835,13,Ens.Util.IOLog.1+821,1,
51,2138938836,13,Ens.Util.IOLog.1+821,1,
51,2138938837,13,Ens.Util.IOLog.1+821,1,
51,2138938838,13,Ens.Util.IOLog.1+821,1,
51,2138938838,13,Ens.Util.IOLog.1+821,1,
51,2138938839,13,Ens.Util.IOLog.1+821,1,
51,2138938840,13,Ens.Util.IOLog.1+821,1,
51,2138938841,13,Ens.Util.IOLog.1+821,1,
51,2138938841,13,Ens.Util.IOLog.1+821,1,
51,2138938842,13,Ens.Util.IOLog.1+821,1,
51,2138938843,13,Ens.Util.IOLog.1+821,1,
51,2138938844,13,Ens.Util.IOLog.1+821,1,
51,2138939304,13,Ens.Util.IOLog.1+821,1,
51,2138939305,13,Ens.Util.IOLog.1+821,1,
51,2138939306,13,Ens.Util.IOLog.1+821,1,
51,2138939307,13,Ens.Util.IOLog.1+821,1,
51,2138939308,13,Ens.Util.IOLog.1+821,1,
51,2138939309,13,Ens.Util.IOLog.1+821,1,
51,2138939310,13,Ens.Util.IOLog.1+821,1,
51,2138939310,13,Ens.Util.IOLog.1+821,1,
51,2138939311,13,Ens.Util.IOLog.1+821,1,
51,2138939312,13,Ens.Util.IOLog.1+821,1,
51,2138939313,13,Ens.Util.IOLog.1+821,1,
51,2138939314,13,Ens.Util.IOLog.1+821,1,
51,2138939314,13,Ens.Util.IOLog.1+821,1,
51,2138939315,13,Ens.Util.IOLog.1+821,1,
51,2138939316,13,Ens.Util.IOLog.1+821,1,
51,2138939317,13,Ens.Util.IOLog.1+821,1,
51,2138939318,13,Ens.Util.IOLog.1+821,1,
51,2138939318,13,Ens.Util.IOLog.1+821,1,
51,2138939319,13,Ens.Util.IOLog.1+821,1,
51,2138939320,13,Ens.Util.IOLog.1+821,1,
51,2138939321,13,Ens.Util.IOLog.1+821,1,
51,2138939321,13,Ens.Util.IOLog.1+821,1,
51,2138939322,13,Ens.Util.IOLog.1+821,1,
51,2138939323,13,Ens.Util.IOLog.1+821,1,
51,2138939324,13,Ens.Util.IOLog.1+821,1,
51,2138939324,13,Ens.Util.IOLog.1+821,1,
51,2138939325,13,Ens.Util.IOLog.1+821,1,
51,2138939326,13,Ens.Util.IOLog.1+821,1,
51,2138939327,13,Ens.Util.IOLog.1+821,1,
38,2138939328,13,Ens.Util.IOLogger.1+0,0,
QUIT,2138939329,124
51,2138939330,13,Ens.Util.IOLogger.1+124,1,
51,2138939331,13,Ens.Util.IOLogger.1+124,1,
51,2138939332,13,Ens.Util.IOLogger.1+124,1,
51,2138939332,13,Ens.Util.IOLogger.1+124,1,
37,2138939333,13,Ens.Util.IOLogger.1+7,1,
51,2138939335,13,Ens.Util.IOLogger.1+7,1,
51,2138939336,13,Ens.Util.IOLogger.1+7,1,
50,2138939337,13,Ens.Util.IOLogger.1+7,1,
CALL,2138939338,13,Ens.Util.IOLogger.1+7
ARG,[ 0] INT: 0
ARG,[ 1] OREF: 6
38,2138939340,1,%Library.Persistent.1+0,0,
37,2138939341,1,%Library.Persistent.1+320,1,
37,2138939343,1,%Library.Persistent.1+321,1,
37,2138939345,1,%Library.Persistent.1+322,1,
37,2138939346,1,%Library.Persistent.1+323,1,
51,2138939347,1,%Library.Persistent.1+323,1,
51,2138939348,1,%Library.Persistent.1+323,1,
51,2138939349,1,%Library.Persistent.1+323,1,
50,2138939350,1,%Library.Persistent.1+323,1,
37,2138939351,1,%Library.Persistent.1+325,1,
QUIT,2138939352,325
38,2138939352,13,Ens.Util.IOLogger.1+0,0,
51,2138939353,13,Ens.Util.IOLogger.1+7,1,
51,2138939354,13,Ens.Util.IOLogger.1+7,1,
51,2138939355,13,Ens.Util.IOLogger.1+7,1,
51,2138939356,13,Ens.Util.IOLogger.1+7,1,
51,2138939356,13,Ens.Util.IOLogger.1+7,1,
51,2138939357,13,Ens.Util.IOLogger.1+7,1,
51,2138939358,13,Ens.Util.IOLogger.1+7,1,
51,2138939359,13,Ens.Util.IOLogger.1+7,1,
51,2138939359,13,Ens.Util.IOLogger.1+7,1,
51,2138939360,13,Ens.Util.IOLogger.1+7,1,
51,2138939362,13,Ens.Util.IOLogger.1+7,1,
51,2138939363,13,Ens.Util.IOLogger.1+7,1,
51,2138939364,13,Ens.Util.IOLogger.1+7,1,
51,2138939365,13,Ens.Util.IOLogger.1+7,1,
51,2138939365,13,Ens.Util.IOLogger.1+7,1,
51,2138939366,13,Ens.Util.IOLogger.1+7,1,
51,2138939367,13,Ens.Util.IOLogger.1+7,1,
51,2138939368,13,Ens.Util.IOLogger.1+7,1,
51,2138939368,13,Ens.Util.IOLogger.1+7,1,
51,2138939369,13,Ens.Util.IOLogger.1+7,1,
51,2138939370,13,Ens.Util.IOLogger.1+7,1,
51,2138939371,13,Ens.Util.IOLogger.1+7,1,
51,2138939372,13,Ens.Util.IOLogger.1+7,1,
51,2138939372,13,Ens.Util.IOLogger.1+7,1,
51,2138939373,13,Ens.Util.IOLogger.1+7,1,
51,2138939374,13,Ens.Util.IOLogger.1+7,1,
QUIT,2138939375,7
51,2138939375,13,Ens.Util.IOLogger.1+7,1,
51,2138939376,13,Ens.Util.IOLogger.1+7,1,
51,2138939377,13,Ens.Util.IOLogger.1+7,1,
51,2138939377,13,Ens.Util.IOLogger.1+7,1,
38,2138939378,10,HTTP.operation.1+0,0,
37,2138939379,10,HTTP.operation.1+176,1,
37,2138939380,10,HTTP.operation.1+186,1,
37,2138939381,10,HTTP.operation.1+187,1,
QUIT,2138939382,187
51,2138939382,10,HTTP.operation.1+187,1,
51,2138939383,10,HTTP.operation.1+187,1,
51,2138939384,10,HTTP.operation.1+187,1,
37,2138939385,10,HTTP.operation.1+216,1,
37,2138939386,10,HTTP.operation.1+225,1,
37,2138939388,10,HTTP.operation.1+226,1,
50,2138939388,10,HTTP.operation.1+227,1,
37,2138939389,10,HTTP.operation.1+227,1,
CALL,2138939390,10,HTTP.operation.1+227
ARG,[ 0] INT: 3
ARG,[ 1] SCOPE: level=0, 0x00aaaac5a43658
ARG,[ 2] SCOPE: level=0, 0x00aaaac5a436e8
ARG,[ 3] OREF: 8
ARG,[ 4] INT: 74
38,2138939847,13,Ens.BusinessOperation.1+0,0,
50,2138939850,13,Ens.BusinessOperation.1+493,1,
50,2138939851,13,Ens.BusinessOperation.1+493,1,
37,2138939852,13,Ens.BusinessOperation.1+494,1,
50,2138939854,13,Ens.BusinessOperation.1+494,1,
50,2138939855,13,Ens.BusinessOperation.1+494,1,
50,2138939857,13,Ens.BusinessOperation.1+495,1,
37,2138939858,13,Ens.BusinessOperation.1+495,1,
50,2138939859,13,Ens.BusinessOperation.1+495,1,
37,2138939860,13,Ens.BusinessOperation.1+536,1,
37,2138939861,13,Ens.BusinessOperation.1+540,1,
QUIT,2138939862,540
51,2138939862,13,Ens.BusinessOperation.1+540,1,
51,2138939863,13,Ens.BusinessOperation.1+540,1,
51,2138939864,13,Ens.BusinessOperation.1+540,1,
51,2138939865,13,Ens.BusinessOperation.1+540,1,
51,2138939865,13,Ens.BusinessOperation.1+540,1,
51,2138939866,13,Ens.BusinessOperation.1+540,1,
38,2138939867,10,HTTP.operation.1+0,0,
50,2138939868,10,HTTP.operation.1+228,1,
37,2138939869,10,HTTP.operation.1+228,1,
37,2138939870,10,HTTP.operation.1+229,1,
37,2138939871,10,HTTP.operation.1+233,1,
37,2138939872,10,HTTP.operation.1+236,1,
37,2138939873,10,HTTP.operation.1+237,1,
37,2138939874,10,HTTP.operation.1+242,1,
37,2138939875,10,HTTP.operation.1+243,1,
37,2138939876,10,HTTP.operation.1+368,1,
0,2138939879,10,HTTP.operation.1+368,1,495249532E54656D702E456E734A6F624D6F6E69746F72002D362D3725343400575D571E1519171C0045544D124B49524849564D5E49124D53001F09364958565D^3^5^0
1,2138939881,10,HTTP.operation.1+368,1,495249532E54656D702E456E734A6F624D6F6E69746F72002D362D3725343400575D571E1519171C0045544D124B49524849564D5E49124D53001F09364958565D^3^5^0
20,2138939883,10,HTTP.operation.1+368,1,495249532E54656D702E456E734A6F624D6F6E69746F72002D362D3725343400575D571E1519171C0045544D124B49524849564D5E49124D53001F09364958565D^3^5^0
0,2138939887,10,HTTP.operation.1+368,1,495249532E54656D702E456E734A6F624D6F6E69746F72002D362D3725343400575D571E1519171C0045544D124B49524849564D5E49124D53001F09304557582547584D5A4D585D^3^5^0
1,2138939888,10,HTTP.operation.1+368,1,495249532E54656D702E456E734A6F624D6F6E69746F72002D362D3725343400575D571E1519171C0045544D124B49524849564D5E49124D53001F09304557582547584D5A4D585D^3^5^0
20,2138939889,10,HTTP.operation.1+368,1,495249532E54656D702E456E734A6F624D6F6E69746F72002D362D3725343400575D571E1519171C0045544D124B49524849564D5E49124D53001F09304557582547584D5A4D585D^3^5^0
37,2138939891,10,HTTP.operation.1+369,1,
37,2138939892,10,HTTP.operation.1+381,1,
37,2138939892,10,HTTP.operation.1+382,1,
37,2138939893,10,HTTP.operation.1+383,1,
50,2138939894,10,HTTP.operation.1+383,1,
0,2138939897,10,HTTP.operation.1+383,1,495249532E54656D702E456E73486F73744D6F6E69746F72002D362D372534340045544D124B49524849564D5E49124D53001F092753595258^3^5^0
1,2138939898,10,HTTP.operation.1+383,1,495249532E54656D702E456E73486F73744D6F6E69746F72002D362D372534340045544D124B49524849564D5E49124D53001F092753595258^3^5^0
20,2138939899,10,HTTP.operation.1+383,1,495249532E54656D702E456E73486F73744D6F6E69746F72002D362D372534340045544D124B49524849564D5E49124D53001F092753595258^3^5^0
0,2138939902,10,HTTP.operation.1+383,1,495249532E54656D702E456E73486F7374436F756E746572002D362D372534340045544D124B49524849564D5E49124D53001522676800144D5F^3^5^0
1,2138939903,10,HTTP.operation.1+383,1,495249532E54656D702E456E73486F7374436F756E746572002D362D372534340045544D124B49524849564D5E49124D53001522676800144D5F^3^5^0
19,2138939915,10,HTTP.operation.1+383,1,495249532E54656D702E456E73486F7374436F756E746572002D362D372534340045544D124B49524849564D5E49124D53001522676800144D5F^3^5^0
20,2138939928,10,HTTP.operation.1+383,1,495249532E54656D702E456E73486F7374436F756E746572002D362D372534340045544D124B49524849564D5E49124D53001522676800144D5F^3^5^0
0,2138939944,10,HTTP.operation.1+383,1,495249532E54656D702E456E73486F73744D6F6E69746F72002D362D372534340045544D124B49524849564D5E49124D53001F09375845585957^3^5^0
1,2138939945,10,HTTP.operation.1+383,1,495249532E54656D702E456E73486F73744D6F6E69746F72002D362D372534340045544D124B49524849564D5E49124D53001F09375845585957^3^5^0
20,2138939946,10,HTTP.operation.1+383,1,495249532E54656D702E456E73486F73744D6F6E69746F72002D362D372534340045544D124B49524849564D5E49124D53001F09375845585957^3^5^0
0,2138940365,10,HTTP.operation.1+383,1,495249532E54656D702E456E73486F73744D6F6E69746F72002D362D372534340045544D124B49524849564D5E49124D53001F09304557582547584D5A4D585D^3^5^0
1,2138940366,10,HTTP.operation.1+383,1,495249532E54656D702E456E73486F73744D6F6E69746F72002D362D372534340045544D124B49524849564D5E49124D53001F09304557582547584D5A4D585D^3^5^0
20,2138940367,10,HTTP.operation.1+383,1,495249532E54656D702E456E73486F73744D6F6E69746F72002D362D372534340045544D124B49524849564D5E49124D53001F09304557582547584D5A4D585D^3^5^0
37,2138940369,10,HTTP.operation.1+384,1,
0,2138940371,10,HTTP.operation.1+384,1,495249532E54656D702E456E734A6F624D6F6E69746F72002D362D3725343400575D571E1519171C0045544D124B49524849564D5E49124D53001F092753595258^3^5^0
1,2138940372,10,HTTP.operation.1+384,1,495249532E54656D702E456E734A6F624D6F6E69746F72002D362D3725343400575D571E1519171C0045544D124B49524849564D5E49124D53001F092753595258^3^5^0
20,2138940373,10,HTTP.operation.1+384,1,495249532E54656D702E456E734A6F624D6F6E69746F72002D362D3725343400575D571E1519171C0045544D124B49524849564D5E49124D53001F092753595258^3^5^0
0,2138940375,10,HTTP.operation.1+384,1,495249532E54656D702E456E734A6F624D6F6E69746F72002D362D3725343400575D571E1519171C0045544D124B49524849564D5E49124D53001F09375845585957^3^5^0
1,2138940376,10,HTTP.operation.1+384,1,495249532E54656D702E456E734A6F624D6F6E69746F72002D362D3725343400575D571E1519171C0045544D124B49524849564D5E49124D53001F09375845585957^3^5^0
20,2138940377,10,HTTP.operation.1+384,1,495249532E54656D702E456E734A6F624D6F6E69746F72002D362D3725343400575D571E1519171C0045544D124B49524849564D5E49124D53001F09375845585957^3^5^0
0,2138940379,10,HTTP.operation.1+384,1,495249532E54656D702E456E734A6F624D6F6E69746F72002D362D3725343400575D571E1519171C0045544D124B49524849564D5E49124D53001F09304557582547584D5A4D585D^3^5^0
1,2138940380,10,HTTP.operation.1+384,1,495249532E54656D702E456E734A6F624D6F6E69746F72002D362D3725343400575D571E1519171C0045544D124B49524849564D5E49124D53001F09304557582547584D5A4D585D^3^5^0
20,2138940381,10,HTTP.operation.1+384,1,495249532E54656D702E456E734A6F624D6F6E69746F72002D362D3725343400575D571E1519171C0045544D124B49524849564D5E49124D53001F09304557582547584D5A4D585D^3^5^0
37,2138940382,10,HTTP.operation.1+385,1,
37,2138940383,10,HTTP.operation.1+389,1,
37,2138940384,10,HTTP.operation.1+398,1,
37,2138940385,10,HTTP.operation.1+408,1,
CALL,2138940386,10,HTTP.operation.1+408
ARG,[ 0] INT: 9
ARG,[ 1] INT: 71
ARG,[ 2] OREF: 7
38,2138940389,13,Ens.MessageHeader.1+0,0,
50,2138940390,13,Ens.MessageHeader.1+1828,1,
50,2138940391,13,Ens.MessageHeader.1+1828,1,
37,2138940392,13,Ens.MessageHeader.1+1828,1,
50,2138940393,13,Ens.MessageHeader.1+1828,1,
37,2138940394,13,Ens.MessageHeader.1+1829,1,
50,2138940395,13,Ens.MessageHeader.1+1829,1,
37,2138940396,13,Ens.MessageHeader.1+1830,1,
37,2138940397,13,Ens.MessageHeader.1+1831,1,
50,2138940398,13,Ens.MessageHeader.1+1831,1,
CALL,2138940400,13,Ens.MessageHeader.1+1831
ARG,[ 0] INT: 0
ARG,[ 1] INT: 38
38,2138940401,1,%Library.Persistent.1+0,0,
37,2138940402,1,%Library.Persistent.1+372,1,
QUIT,2138940405,372
38,2138940405,13,Ens.MessageHeader.1+0,0,
50,2138940406,13,Ens.MessageHeader.1+1831,1,
50,2138940407,13,Ens.MessageHeader.1+1831,1,
50,2138940408,13,Ens.MessageHeader.1+1831,1,
37,2138940409,13,Ens.MessageHeader.1+1832,1,
37,2138940409,13,Ens.MessageHeader.1+1835,1,
50,2138940413,13,Ens.MessageHeader.1+1835,1,
50,2138940414,13,Ens.MessageHeader.1+1835,1,
CALL,2138940415,13,Ens.MessageHeader.1+1835
ARG,[ 0] INT: 0
ARG,[ 1] OREF: 6
38,2138940417,2,%sqlcq.IRISAPP.uEaCvHoxwnsKZevKwmmzhsIL8JXV.1+0,0,
37,2138940418,2,%sqlcq.IRISAPP.uEaCvHoxwnsKZevKwmmzhsIL8JXV.1+13,1,
37,2138940420,2,%sqlcq.IRISAPP.uEaCvHoxwnsKZevKwmmzhsIL8JXV.1+14,1,
37,2138940422,2,%sqlcq.IRISAPP.uEaCvHoxwnsKZevKwmmzhsIL8JXV.1+20,1,
CALL,2138940423,2,%sqlcq.IRISAPP.uEaCvHoxwnsKZevKwmmzhsIL8JXV.1+20
37,2138940423,2,%sqlcq.IRISAPP.uEaCvHoxwnsKZevKwmmzhsIL8JXV.1+23,1,
50,2138940424,2,%sqlcq.IRISAPP.uEaCvHoxwnsKZevKwmmzhsIL8JXV.1+23,1,
37,2138940856,2,%sqlcq.IRISAPP.uEaCvHoxwnsKZevKwmmzhsIL8JXV.1+24,1,
50,2138940860,2,%sqlcq.IRISAPP.uEaCvHoxwnsKZevKwmmzhsIL8JXV.1+24,1,
37,2138940861,2,%sqlcq.IRISAPP.uEaCvHoxwnsKZevKwmmzhsIL8JXV.1+25,1,
50,2138940862,2,%sqlcq.IRISAPP.uEaCvHoxwnsKZevKwmmzhsIL8JXV.1+25,1,
37,2138940863,2,%sqlcq.IRISAPP.uEaCvHoxwnsKZevKwmmzhsIL8JXV.1+26,1,
37,2138940865,2,%sqlcq.IRISAPP.uEaCvHoxwnsKZevKwmmzhsIL8JXV.1+27,1,
50,2138940867,2,%sqlcq.IRISAPP.uEaCvHoxwnsKZevKwmmzhsIL8JXV.1+27,1,
37,2138940868,2,%sqlcq.IRISAPP.uEaCvHoxwnsKZevKwmmzhsIL8JXV.1+28,1,
50,2138940869,2,%sqlcq.IRISAPP.uEaCvHoxwnsKZevKwmmzhsIL8JXV.1+29,1,
37,2138940870,2,%sqlcq.IRISAPP.uEaCvHoxwnsKZevKwmmzhsIL8JXV.1+29,1,
50,2138940870,2,%sqlcq.IRISAPP.uEaCvHoxwnsKZevKwmmzhsIL8JXV.1+30,1,
37,2138940871,2,%sqlcq.IRISAPP.uEaCvHoxwnsKZevKwmmzhsIL8JXV.1+30,1,
50,2138940872,2,%sqlcq.IRISAPP.uEaCvHoxwnsKZevKwmmzhsIL8JXV.1+31,1,
37,2138940873,2,%sqlcq.IRISAPP.uEaCvHoxwnsKZevKwmmzhsIL8JXV.1+31,1,
50,2138940874,2,%sqlcq.IRISAPP.uEaCvHoxwnsKZevKwmmzhsIL8JXV.1+31,1,
50,2138940874,2,%sqlcq.IRISAPP.uEaCvHoxwnsKZevKwmmzhsIL8JXV.1+31,1,
50,2138940876,2,%sqlcq.IRISAPP.uEaCvHoxwnsKZevKwmmzhsIL8JXV.1+32,1,
37,2138940877,2,%sqlcq.IRISAPP.uEaCvHoxwnsKZevKwmmzhsIL8JXV.1+32,1,
50,2138940877,2,%sqlcq.IRISAPP.uEaCvHoxwnsKZevKwmmzhsIL8JXV.1+32,1,
37,2138940878,2,%sqlcq.IRISAPP.uEaCvHoxwnsKZevKwmmzhsIL8JXV.1+33,1,
50,2138940879,2,%sqlcq.IRISAPP.uEaCvHoxwnsKZevKwmmzhsIL8JXV.1+34,1,
37,2138940880,2,%sqlcq.IRISAPP.uEaCvHoxwnsKZevKwmmzhsIL8JXV.1+34,1,
50,2138940881,2,%sqlcq.IRISAPP.uEaCvHoxwnsKZevKwmmzhsIL8JXV.1+34,1,
50,2138940882,2,%sqlcq.IRISAPP.uEaCvHoxwnsKZevKwmmzhsIL8JXV.1+34,1,
CALL,2138940883,2,%sqlcq.IRISAPP.uEaCvHoxwnsKZevKwmmzhsIL8JXV.1+34
38,2138940885,0,ROLLBACK+0,0,
37,2138940887,0,ROLLBACK+1415,1,
37,2138940889,0,ROLLBACK+1416,1,
37,2138940890,0,ROLLBACK+1417,1,
QUIT,2138940891,1417
38,2138940891,2,%sqlcq.IRISAPP.uEaCvHoxwnsKZevKwmmzhsIL8JXV.1+0,0,
37,2138940892,2,%sqlcq.IRISAPP.uEaCvHoxwnsKZevKwmmzhsIL8JXV.1+36,1,
50,2138940893,2,%sqlcq.IRISAPP.uEaCvHoxwnsKZevKwmmzhsIL8JXV.1+37,1,
37,2138940894,2,%sqlcq.IRISAPP.uEaCvHoxwnsKZevKwmmzhsIL8JXV.1+37,1,
CALL,2138940895,2,%sqlcq.IRISAPP.uEaCvHoxwnsKZevKwmmzhsIL8JXV.1+37
37,2138940895,2,%sqlcq.IRISAPP.uEaCvHoxwnsKZevKwmmzhsIL8JXV.1+77,1,
50,2138940896,2,%sqlcq.IRISAPP.uEaCvHoxwnsKZevKwmmzhsIL8JXV.1+77,1,
50,2138940897,2,%sqlcq.IRISAPP.uEaCvHoxwnsKZevKwmmzhsIL8JXV.1+79,1,
37,2138940898,2,%sqlcq.IRISAPP.uEaCvHoxwnsKZevKwmmzhsIL8JXV.1+79,1,
0,2138940899,2,%sqlcq.IRISAPP.uEaCvHoxwnsKZevKwmmzhsIL8JXV.1+79,1,456E732E4D6573736167654865616465724900295C584952580012^9^5^0
20,2138940901,2,%sqlcq.IRISAPP.uEaCvHoxwnsKZevKwmmzhsIL8JXV.1+79,1,456E732E4D6573736167654865616465724900295C584952580012^9^5^0
50,2138940903,2,%sqlcq.IRISAPP.uEaCvHoxwnsKZevKwmmzhsIL8JXV.1+79,1,
37,2138940903,2,%sqlcq.IRISAPP.uEaCvHoxwnsKZevKwmmzhsIL8JXV.1+81,1,
QUIT,2138940904,81
37,2138940905,2,%sqlcq.IRISAPP.uEaCvHoxwnsKZevKwmmzhsIL8JXV.1+38,1,
50,2138940906,2,%sqlcq.IRISAPP.uEaCvHoxwnsKZevKwmmzhsIL8JXV.1+39,1,
37,2138940906,2,%sqlcq.IRISAPP.uEaCvHoxwnsKZevKwmmzhsIL8JXV.1+39,1,
37,2138940908,2,%sqlcq.IRISAPP.uEaCvHoxwnsKZevKwmmzhsIL8JXV.1+40,1,
50,2138940910,2,%sqlcq.IRISAPP.uEaCvHoxwnsKZevKwmmzhsIL8JXV.1+40,1,
51,2138940911,2,%sqlcq.IRISAPP.uEaCvHoxwnsKZevKwmmzhsIL8JXV.1+40,1,
37,2138940912,2,%sqlcq.IRISAPP.uEaCvHoxwnsKZevKwmmzhsIL8JXV.1+42,1,
CALL,2138940913,2,%sqlcq.IRISAPP.uEaCvHoxwnsKZevKwmmzhsIL8JXV.1+42
ARG,[ 0] INT: 1
ARG,[ 1] INT: 188
38,2138940915,13,Ens.MessageHeader.1+0,0,
50,2138940916,13,Ens.MessageHeader.1+786,1,
50,2138940918,13,Ens.MessageHeader.1+786,1,
50,2138940918,13,Ens.MessageHeader.1+786,1,
37,2138940919,13,Ens.MessageHeader.1+787,1,
CALL,2138940921,13,Ens.MessageHeader.1+787
ARG,[ 0] INT: 3
ARG,[ 1] SCOPE: level=0, 0x00fffcd1c67538
ARG,[ 2] INT: 0
ARG,[ 3] INT: 188
50,2138940924,13,Ens.MessageHeader.1+613,1,
50,2138940924,13,Ens.MessageHeader.1+613,1,
50,2138940925,13,Ens.MessageHeader.1+613,1,
50,2138940926,13,Ens.MessageHeader.1+613,1,
37,2138940927,13,Ens.MessageHeader.1+614,1,
50,2138940928,13,Ens.MessageHeader.1+614,1,
37,2138941293,13,Ens.MessageHeader.1+615,1,
50,2138941294,13,Ens.MessageHeader.1+615,1,
50,2138941295,13,Ens.MessageHeader.1+615,1,
37,2138941296,13,Ens.MessageHeader.1+616,1,
40,2138941465,13,Ens.MessageHeader.1+616,1,
41,2138941469,13,Ens.MessageHeader.1+616,1,
50,2138941471,13,Ens.MessageHeader.1+617,1,
37,2138941472,13,Ens.MessageHeader.1+617,1,
50,2138941473,13,Ens.MessageHeader.1+617,1,
51,2138941475,13,Ens.MessageHeader.1+617,1,
37,2138941476,13,Ens.MessageHeader.1+618,1,
37,2138941477,13,Ens.MessageHeader.1+619,1,
QUIT,2138941478,619
51,2138941479,13,Ens.MessageHeader.1+619,1,
51,2138941480,13,Ens.MessageHeader.1+619,1,
51,2138941480,13,Ens.MessageHeader.1+619,1,
51,2138941481,13,Ens.MessageHeader.1+619,1,
51,2138941482,13,Ens.MessageHeader.1+619,1,
51,2138941483,13,Ens.MessageHeader.1+619,1,
51,2138941484,13,Ens.MessageHeader.1+619,1,
QUIT,2138941485,787
51,2138941486,13,Ens.MessageHeader.1+787,1,
51,2138941487,13,Ens.MessageHeader.1+787,1,
51,2138941487,13,Ens.MessageHeader.1+787,1,
51,2138941488,13,Ens.MessageHeader.1+787,1,
38,2138941490,2,%sqlcq.IRISAPP.uEaCvHoxwnsKZevKwmmzhsIL8JXV.1+0,0,
50,2138941491,2,%sqlcq.IRISAPP.uEaCvHoxwnsKZevKwmmzhsIL8JXV.1+42,1,
37,2138941492,2,%sqlcq.IRISAPP.uEaCvHoxwnsKZevKwmmzhsIL8JXV.1+44,1,
CALL,2138941493,2,%sqlcq.IRISAPP.uEaCvHoxwnsKZevKwmmzhsIL8JXV.1+44
37,2138941494,2,%sqlcq.IRISAPP.uEaCvHoxwnsKZevKwmmzhsIL8JXV.1+83,1,
50,2138941495,2,%sqlcq.IRISAPP.uEaCvHoxwnsKZevKwmmzhsIL8JXV.1+85,1,
37,2138941496,2,%sqlcq.IRISAPP.uEaCvHoxwnsKZevKwmmzhsIL8JXV.1+85,1,
0,2138941497,2,%sqlcq.IRISAPP.uEaCvHoxwnsKZevKwmmzhsIL8JXV.1+85,1,456E732E4D6573736167654865616465724900295C584952580012^9^5^0
20,2138941499,2,%sqlcq.IRISAPP.uEaCvHoxwnsKZevKwmmzhsIL8JXV.1+85,1,456E732E4D6573736167654865616465724900295C584952580012^9^5^0
50,2138941501,2,%sqlcq.IRISAPP.uEaCvHoxwnsKZevKwmmzhsIL8JXV.1+85,1,
37,2138941502,2,%sqlcq.IRISAPP.uEaCvHoxwnsKZevKwmmzhsIL8JXV.1+87,1,
QUIT,2138941503,87
37,2138941503,2,%sqlcq.IRISAPP.uEaCvHoxwnsKZevKwmmzhsIL8JXV.1+45,1,
50,2138941504,2,%sqlcq.IRISAPP.uEaCvHoxwnsKZevKwmmzhsIL8JXV.1+46,1,
37,2138941505,2,%sqlcq.IRISAPP.uEaCvHoxwnsKZevKwmmzhsIL8JXV.1+46,1,
37,2138941506,2,%sqlcq.IRISAPP.uEaCvHoxwnsKZevKwmmzhsIL8JXV.1+47,1,
50,2138941508,2,%sqlcq.IRISAPP.uEaCvHoxwnsKZevKwmmzhsIL8JXV.1+47,1,
51,2138941509,2,%sqlcq.IRISAPP.uEaCvHoxwnsKZevKwmmzhsIL8JXV.1+47,1,
37,2138941510,2,%sqlcq.IRISAPP.uEaCvHoxwnsKZevKwmmzhsIL8JXV.1+49,1,
37,2138941511,2,%sqlcq.IRISAPP.uEaCvHoxwnsKZevKwmmzhsIL8JXV.1+50,1,
50,2138941512,2,%sqlcq.IRISAPP.uEaCvHoxwnsKZevKwmmzhsIL8JXV.1+50,1,
50,2138941513,2,%sqlcq.IRISAPP.uEaCvHoxwnsKZevKwmmzhsIL8JXV.1+50,1,
50,2138941514,2,%sqlcq.IRISAPP.uEaCvHoxwnsKZevKwmmzhsIL8JXV.1+50,1,
51,2138941515,2,%sqlcq.IRISAPP.uEaCvHoxwnsKZevKwmmzhsIL8JXV.1+50,1,
50,2138941516,2,%sqlcq.IRISAPP.uEaCvHoxwnsKZevKwmmzhsIL8JXV.1+50,1,
37,2138941517,2,%sqlcq.IRISAPP.uEaCvHoxwnsKZevKwmmzhsIL8JXV.1+51,1,
CALL,2138941518,2,%sqlcq.IRISAPP.uEaCvHoxwnsKZevKwmmzhsIL8JXV.1+51
ARG,[ 0] INT: 8
ARG,[ 1] SCOPE: level=0, 0x00fffcd1c674f0
ARG,[ 2] SCOPE: level=0,            (nil)
ARG,[ 3] SCOPE: level=0,            (nil)
ARG,[ 4] INT: 0
ARG,[ 5] SCOPE: level=0,            (nil)
ARG,[ 6] SCOPE: level=0, 0x00fffcd1c674d8
ARG,[ 7] STR (len=8): 4H00000002000000000000000000000000
ARG,[ 8] INT: 188
38,2138941525,13,Ens.MessageHeader.1+0,0,
50,2138941527,13,Ens.MessageHeader.1+946,1,
50,2138941528,13,Ens.MessageHeader.1+946,1,
50,2138941529,13,Ens.MessageHeader.1+946,1,
50,2138941530,13,Ens.MessageHeader.1+946,1,
50,2138941531,13,Ens.MessageHeader.1+946,1,
50,2138941532,13,Ens.MessageHeader.1+946,1,
50,2138941532,13,Ens.MessageHeader.1+946,1,
50,2138941533,13,Ens.MessageHeader.1+946,1,
37,2138941534,13,Ens.MessageHeader.1+948,1,
50,2138941535,13,Ens.MessageHeader.1+948,1,
50,2138941536,13,Ens.MessageHeader.1+948,1,
50,2138941537,13,Ens.MessageHeader.1+948,1,
50,2138941538,13,Ens.MessageHeader.1+948,1,
50,2138941540,13,Ens.MessageHeader.1+948,1,
50,2138941541,13,Ens.MessageHeader.1+948,1,
37,2138941542,13,Ens.MessageHeader.1+949,1,
50,2138941543,13,Ens.MessageHeader.1+950,1,
37,2138941543,13,Ens.MessageHeader.1+950,1,
CALL,2138941545,13,Ens.MessageHeader.1+950
ARG,[ 0] INT: 1
ARG,[ 1] SCOPE: level=0, 0x00fffcd1c5b5b0
50,2138941546,13,Ens.MessageHeader.1+1018,1,
37,2138941547,13,Ens.MessageHeader.1+1019,1,
37,2138941920,13,Ens.MessageHeader.1+1020,1,
37,2138941921,13,Ens.MessageHeader.1+1021,1,
50,2138941922,13,Ens.MessageHeader.1+1021,1,
50,2138941923,13,Ens.MessageHeader.1+1021,1,
37,2138941925,13,Ens.MessageHeader.1+1022,1,
37,2138941926,13,Ens.MessageHeader.1+1023,1,
37,2138941927,13,Ens.MessageHeader.1+1024,1,
37,2138941928,13,Ens.MessageHeader.1+1025,1,
37,2138941931,13,Ens.MessageHeader.1+1026,1,
37,2138941932,13,Ens.MessageHeader.1+1027,1,
37,2138941933,13,Ens.MessageHeader.1+1028,1,
37,2138941934,13,Ens.MessageHeader.1+1029,1,
37,2138941935,13,Ens.MessageHeader.1+1030,1,
QUIT,2138941935,1030
51,2138941936,13,Ens.MessageHeader.1+1030,1,
51,2138941937,13,Ens.MessageHeader.1+1030,1,
51,2138941938,13,Ens.MessageHeader.1+1030,1,
37,2138941939,13,Ens.MessageHeader.1+951,1,
CALL,2138941940,13,Ens.MessageHeader.1+951
ARG,[ 0] INT: 0
37,2138941941,13,Ens.MessageHeader.1+891,1,
37,2138941942,13,Ens.MessageHeader.1+892,1,
50,2138941943,13,Ens.MessageHeader.1+892,1,
CALL,2138941944,13,Ens.MessageHeader.1+892
ARG,[ 0] INT: 0
ARG,[ 1] INT: 1
ARG,[ 2] STR (len=23): 4H0032003000320036002D00300031002D00300036002000310033003A00340037003A00350036002E003600350038
50,2138941950,13,Ens.MessageHeader.1+901,1,
50,2138941950,13,Ens.MessageHeader.1+901,1,
37,2138941951,13,Ens.MessageHeader.1+901,1,
37,2138941952,13,Ens.MessageHeader.1+902,1,
50,2138941953,13,Ens.MessageHeader.1+902,1,
37,2138941955,13,Ens.MessageHeader.1+903,1,
37,2138941955,13,Ens.MessageHeader.1+904,1,
QUIT,2138941956,904
51,2138941957,13,Ens.MessageHeader.1+904,1,
51,2138941957,13,Ens.MessageHeader.1+904,1,
51,2138941958,13,Ens.MessageHeader.1+904,1,
51,2138941959,13,Ens.MessageHeader.1+892,1,
37,2138941960,13,Ens.MessageHeader.1+893,1,
37,2138941961,13,Ens.MessageHeader.1+894,1,
50,2138941961,13,Ens.MessageHeader.1+894,1,
50,2138941963,13,Ens.MessageHeader.1+894,1,
37,2138941964,13,Ens.MessageHeader.1+895,1,
QUIT,2138941965,895
51,2138941966,13,Ens.MessageHeader.1+895,1,
51,2138941966,13,Ens.MessageHeader.1+895,1,
37,2138941967,13,Ens.MessageHeader.1+952,1,
37,2138941968,13,Ens.MessageHeader.1+953,1,
50,2138941969,13,Ens.MessageHeader.1+953,1,
50,2138941971,13,Ens.MessageHeader.1+953,1,
51,2138941971,13,Ens.MessageHeader.1+953,1,
50,2138941973,13,Ens.MessageHeader.1+953,1,
51,2138941973,13,Ens.MessageHeader.1+953,1,
50,2138941975,13,Ens.MessageHeader.1+953,1,
51,2138941975,13,Ens.MessageHeader.1+953,1,
37,2138941977,13,Ens.MessageHeader.1+954,1,
50,2138941978,13,Ens.MessageHeader.1+954,1,
51,2138941978,13,Ens.MessageHeader.1+954,1,
50,2138941979,13,Ens.MessageHeader.1+954,1,
50,2138941980,13,Ens.MessageHeader.1+954,1,
50,2138941981,13,Ens.MessageHeader.1+954,1,
37,2138941982,13,Ens.MessageHeader.1+955,1,
37,2138941982,13,Ens.MessageHeader.1+960,1,
37,2138941983,13,Ens.MessageHeader.1+961,1,
37,2138941984,13,Ens.MessageHeader.1+962,1,
CALL,2138941985,13,Ens.MessageHeader.1+962
ARG,[ 0] INT: 4
ARG,[ 1] SCOPE: level=0, 0x00fffcd1c5b5b0
ARG,[ 2] SCOPE: level=0, 0x00fffcd1c675e0
ARG,[ 3] SCOPE: level=0, 0x00fffcd1c674d8
ARG,[ 4] INT: 188
50,2138941988,13,Ens.MessageHeader.1+788,1,
50,2138941989,13,Ens.MessageHeader.1+788,1,
37,2138941990,13,Ens.MessageHeader.1+789,1,
50,2138941991,13,Ens.MessageHeader.1+789,1,
50,2138941992,13,Ens.MessageHeader.1+789,1,
0,2138941993,13,Ens.MessageHeader.1+789,1,456E732E4D6573736167654865616465724400141D74^9^5^0
20,2138941995,13,Ens.MessageHeader.1+789,1,456E732E4D6573736167654865616465724400141D74^9^5^0
51,2138941997,13,Ens.MessageHeader.1+789,1,
50,2138941998,13,Ens.MessageHeader.1+789,1,
37,2138941999,13,Ens.MessageHeader.1+790,1,
50,2138942000,13,Ens.MessageHeader.1+790,1,
37,2138942000,13,Ens.MessageHeader.1+791,1,
50,2138942001,13,Ens.MessageHeader.1+791,1,
51,2138942002,13,Ens.MessageHeader.1+791,1,
50,2138942003,13,Ens.MessageHeader.1+791,1,
50,2138942004,13,Ens.MessageHeader.1+791,1,
37,2138942004,13,Ens.MessageHeader.1+792,1,
50,2138942006,13,Ens.MessageHeader.1+792,1,
50,2138942007,13,Ens.MessageHeader.1+792,1,
50,2138942008,13,Ens.MessageHeader.1+792,1,
50,2138942009,13,Ens.MessageHeader.1+792,1,
50,2138942009,13,Ens.MessageHeader.1+792,1,
50,2138942352,13,Ens.MessageHeader.1+792,1,
50,2138942353,13,Ens.MessageHeader.1+792,1,
37,2138942354,13,Ens.MessageHeader.1+793,1,
50,2138942355,13,Ens.MessageHeader.1+793,1,
CALL,2138942357,13,Ens.MessageHeader.1+793
ARG,[ 0] INT: 1
ARG,[ 1] STR (len=23): 4H0032003000320036002D00300031002D00300036002000310033003A00340037003A00350036002E003000310037
ARG,[ 2] INT: 13
50,2138942364,13,Ens.MessageHeaderBase.1+0,1,
38,2138942365,13,Ens.MessageHeaderBase.1+0,0,
50,2138942367,13,Ens.MessageHeaderBase.1+69,1,
50,2138942368,13,Ens.MessageHeaderBase.1+69,1,
37,2138942369,13,Ens.MessageHeaderBase.1+70,1,
CALL,2138942370,13,Ens.MessageHeaderBase.1+70
ARG,[ 0] INT: 1
ARG,[ 1] STR (len=23): 4H0032003000320036002D00300031002D00300036002000310033003A00340037003A00350036002E003000310037
50,2138942375,13,Ens.MessageHeaderBase.1+62,1,
50,2138942375,13,Ens.MessageHeaderBase.1+62,1,
37,2138942376,13,Ens.MessageHeaderBase.1+63,1,
37,2138942377,13,Ens.MessageHeaderBase.1+64,1,
50,2138942378,13,Ens.MessageHeaderBase.1+64,1,
37,2138942379,13,Ens.MessageHeaderBase.1+65,1,
37,2138942380,13,Ens.MessageHeaderBase.1+66,1,
QUIT,2138942381,66
51,2138942381,13,Ens.MessageHeaderBase.1+66,1,
51,2138942382,13,Ens.MessageHeaderBase.1+66,1,
51,2138942383,13,Ens.MessageHeaderBase.1+66,1,
QUIT,2138942384,70
51,2138942384,13,Ens.MessageHeaderBase.1+70,1,
51,2138942385,13,Ens.MessageHeaderBase.1+70,1,
38,2138942386,13,Ens.MessageHeader.1+0,0,
51,2138942387,13,Ens.MessageHeader.1+793,1,
37,2138942388,13,Ens.MessageHeader.1+794,1,
QUIT,2138942388,794
51,2138942389,13,Ens.MessageHeader.1+794,1,
51,2138942390,13,Ens.MessageHeader.1+794,1,
51,2138942390,13,Ens.MessageHeader.1+794,1,
51,2138942391,13,Ens.MessageHeader.1+794,1,
51,2138942392,13,Ens.MessageHeader.1+794,1,
51,2138942393,13,Ens.MessageHeader.1+794,1,
51,2138942394,13,Ens.MessageHeader.1+794,1,
50,2138942395,13,Ens.MessageHeader.1+962,1,
50,2138942397,13,Ens.MessageHeader.1+962,1,
50,2138942397,13,Ens.MessageHeader.1+962,1,
50,2138942398,13,Ens.MessageHeader.1+962,1,
50,2138942399,13,Ens.MessageHeader.1+962,1,
50,2138942401,13,Ens.MessageHeader.1+962,1,
50,2138942401,13,Ens.MessageHeader.1+962,1,
37,2138942402,13,Ens.MessageHeader.1+963,1,
37,2138942403,13,Ens.MessageHeader.1+964,1,
37,2138942404,13,Ens.MessageHeader.1+965,1,
37,2138942405,13,Ens.MessageHeader.1+967,1,
37,2138942406,13,Ens.MessageHeader.1+968,1,
37,2138942407,13,Ens.MessageHeader.1+969,1,
37,2138942407,13,Ens.MessageHeader.1+971,1,
37,2138942408,13,Ens.MessageHeader.1+972,1,
50,2138942409,13,Ens.MessageHeader.1+972,1,
50,2138942410,13,Ens.MessageHeader.1+972,1,
50,2138942411,13,Ens.MessageHeader.1+974,1,
37,2138942412,13,Ens.MessageHeader.1+974,1,
37,2138942414,13,Ens.MessageHeader.1+975,1,
0,2138942415,13,Ens.MessageHeader.1+975,1,456E732E4D6573736167654865616465724400141D74^9^5^0
20,2138942416,13,Ens.MessageHeader.1+975,1,456E732E4D6573736167654865616465724400141D74^9^5^0
0,2138942419,13,Ens.MessageHeader.1+975,1,456E732E4D6573736167654865616465724400141D74^9^5^0
1,2138942420,13,Ens.MessageHeader.1+975,1,456E732E4D6573736167654865616465724400141D74^9^5^0
24,2138942422,13,Ens.MessageHeader.1+975,1,456E732E4D6573736167654865616465724400141D74^9^5^0
37,2138942423,13,Ens.MessageHeader.1+977,1,
50,2138942424,13,Ens.MessageHeader.1+977,1,
50,2138942425,13,Ens.MessageHeader.1+977,1,
50,2138942426,13,Ens.MessageHeader.1+978,1,
37,2138942426,13,Ens.MessageHeader.1+978,1,
37,2138942427,13,Ens.MessageHeader.1+983,1,
37,2138942428,13,Ens.MessageHeader.1+987,1,
37,2138942429,13,Ens.MessageHeader.1+991,1,
37,2138942430,13,Ens.MessageHeader.1+996,1,
37,2138942431,13,Ens.MessageHeader.1+997,1,
50,2138942431,13,Ens.MessageHeader.1+997,1,
50,2138942432,13,Ens.MessageHeader.1+997,1,
0,2138942434,13,Ens.MessageHeader.1+997,1,456E732E4D657373616765486561646572490037584558595700131F0012^9^5^0
1,2138942435,13,Ens.MessageHeader.1+997,1,456E732E4D657373616765486561646572490037584558595700131F0012^9^5^0
20,2138942436,13,Ens.MessageHeader.1+997,1,456E732E4D657373616765486561646572490037584558595700131F0012^9^5^0
24,2138942440,13,Ens.MessageHeader.1+997,1,456E732E4D657373616765486561646572490037584558595700131F0012^9^5^0
37,2138942777,13,Ens.MessageHeader.1+998,1,
37,2138942779,13,Ens.MessageHeader.1+999,1,
0,2138942781,13,Ens.MessageHeader.1+999,1,456E732E4D65737361676548656164657249003758455859570013250012^9^5^0
1,2138942782,13,Ens.MessageHeader.1+999,1,456E732E4D65737361676548656164657249003758455859570013250012^9^5^0
20,2138942783,13,Ens.MessageHeader.1+999,1,456E732E4D65737361676548656164657249003758455859570013250012^9^5^0
24,2138942785,13,Ens.MessageHeader.1+999,1,456E732E4D65737361676548656164657249003758455859570013250012^9^5^0
37,2138942785,13,Ens.MessageHeader.1+1001,1,
37,2138942786,13,Ens.MessageHeader.1+1006,1,
37,2138942787,13,Ens.MessageHeader.1+1011,1,
CALL,2138942790,13,Ens.MessageHeader.1+1011
ARG,[ 0] INT: 0
37,2138942791,13,Ens.MessageHeader.1+941,1,
37,2138942792,13,Ens.MessageHeader.1+942,1,
QUIT,2138942793,942
37,2138942794,13,Ens.MessageHeader.1+1012,1,
37,2138942795,13,Ens.MessageHeader.1+1013,1,
QUIT,2138942795,1013
51,2138942796,13,Ens.MessageHeader.1+1013,1,
51,2138942797,13,Ens.MessageHeader.1+1013,1,
51,2138942798,13,Ens.MessageHeader.1+1013,1,
51,2138942798,13,Ens.MessageHeader.1+1013,1,
51,2138942799,13,Ens.MessageHeader.1+1013,1,
51,2138942800,13,Ens.MessageHeader.1+1013,1,
51,2138942801,13,Ens.MessageHeader.1+1013,1,
51,2138942801,13,Ens.MessageHeader.1+1013,1,
51,2138942802,13,Ens.MessageHeader.1+1013,1,
51,2138942803,13,Ens.MessageHeader.1+1013,1,
51,2138942804,13,Ens.MessageHeader.1+1013,1,
51,2138942805,13,Ens.MessageHeader.1+1013,1,
51,2138942805,13,Ens.MessageHeader.1+1013,1,
51,2138942806,13,Ens.MessageHeader.1+1013,1,
51,2138942807,13,Ens.MessageHeader.1+1013,1,
51,2138942808,13,Ens.MessageHeader.1+1013,1,
51,2138942808,13,Ens.MessageHeader.1+1013,1,
51,2138942809,13,Ens.MessageHeader.1+1013,1,
51,2138942810,13,Ens.MessageHeader.1+1013,1,
51,2138942811,13,Ens.MessageHeader.1+1013,1,
51,2138942811,13,Ens.MessageHeader.1+1013,1,
51,2138942812,13,Ens.MessageHeader.1+1013,1,
51,2138942813,13,Ens.MessageHeader.1+1013,1,
51,2138942814,13,Ens.MessageHeader.1+1013,1,
51,2138942815,13,Ens.MessageHeader.1+1013,1,
51,2138942815,13,Ens.MessageHeader.1+1013,1,
51,2138942816,13,Ens.MessageHeader.1+1013,1,
51,2138942817,13,Ens.MessageHeader.1+1013,1,
51,2138942818,13,Ens.MessageHeader.1+1013,1,
51,2138942818,13,Ens.MessageHeader.1+1013,1,
51,2138942819,13,Ens.MessageHeader.1+1013,1,
51,2138942820,13,Ens.MessageHeader.1+1013,1,
51,2138942821,13,Ens.MessageHeader.1+1013,1,
38,2138942822,2,%sqlcq.IRISAPP.uEaCvHoxwnsKZevKwmmzhsIL8JXV.1+0,0,
37,2138942823,2,%sqlcq.IRISAPP.uEaCvHoxwnsKZevKwmmzhsIL8JXV.1+52,1,
CALL,2138942824,2,%sqlcq.IRISAPP.uEaCvHoxwnsKZevKwmmzhsIL8JXV.1+52
ARG,[ 0] INT: 1
ARG,[ 1] INT: 188
38,2138942826,13,Ens.MessageHeader.1+0,0,
50,2138942827,13,Ens.MessageHeader.1+932,1,
50,2138942828,13,Ens.MessageHeader.1+932,1,
50,2138942829,13,Ens.MessageHeader.1+932,1,
50,2138942830,13,Ens.MessageHeader.1+932,1,
50,2138942831,13,Ens.MessageHeader.1+932,1,
37,2138942831,13,Ens.MessageHeader.1+933,1,
50,2138942832,13,Ens.MessageHeader.1+933,1,
37,2138942833,13,Ens.MessageHeader.1+934,1,
50,2138942834,13,Ens.MessageHeader.1+934,1,
50,2138942835,13,Ens.MessageHeader.1+934,1,
37,2138942836,13,Ens.MessageHeader.1+935,1,
37,2138942838,13,Ens.MessageHeader.1+936,1,
QUIT,2138942839,936
51,2138942840,13,Ens.MessageHeader.1+936,1,
51,2138942840,13,Ens.MessageHeader.1+936,1,
51,2138942841,13,Ens.MessageHeader.1+936,1,
51,2138942842,13,Ens.MessageHeader.1+936,1,
51,2138942843,13,Ens.MessageHeader.1+936,1,
51,2138942843,13,Ens.MessageHeader.1+936,1,
51,2138942844,13,Ens.MessageHeader.1+936,1,
51,2138942845,13,Ens.MessageHeader.1+936,1,
38,2138942846,2,%sqlcq.IRISAPP.uEaCvHoxwnsKZevKwmmzhsIL8JXV.1+0,0,
37,2138942847,2,%sqlcq.IRISAPP.uEaCvHoxwnsKZevKwmmzhsIL8JXV.1+53,1,
37,2138942848,2,%sqlcq.IRISAPP.uEaCvHoxwnsKZevKwmmzhsIL8JXV.1+55,1,
37,2138942849,2,%sqlcq.IRISAPP.uEaCvHoxwnsKZevKwmmzhsIL8JXV.1+59,1,
50,2138942850,2,%sqlcq.IRISAPP.uEaCvHoxwnsKZevKwmmzhsIL8JXV.1+60,1,
37,2138942850,2,%sqlcq.IRISAPP.uEaCvHoxwnsKZevKwmmzhsIL8JXV.1+60,1,
CALL,2138943190,2,%sqlcq.IRISAPP.uEaCvHoxwnsKZevKwmmzhsIL8JXV.1+60
38,2138943192,0,ROLLBACK+0,0,
37,2138943193,0,ROLLBACK+1419,1,
37,2138943194,0,ROLLBACK+1420,1,
37,2138943196,0,ROLLBACK+1421,1,
QUIT,2138943198,1421
38,2138943199,2,%sqlcq.IRISAPP.uEaCvHoxwnsKZevKwmmzhsIL8JXV.1+0,0,
37,2138943200,2,%sqlcq.IRISAPP.uEaCvHoxwnsKZevKwmmzhsIL8JXV.1+61,1,
37,2138943200,2,%sqlcq.IRISAPP.uEaCvHoxwnsKZevKwmmzhsIL8JXV.1+62,1,
50,2138943202,2,%sqlcq.IRISAPP.uEaCvHoxwnsKZevKwmmzhsIL8JXV.1+62,1,
50,2138943204,2,%sqlcq.IRISAPP.uEaCvHoxwnsKZevKwmmzhsIL8JXV.1+62,1,
51,2138943205,2,%sqlcq.IRISAPP.uEaCvHoxwnsKZevKwmmzhsIL8JXV.1+63,1,
50,2138943206,2,%sqlcq.IRISAPP.uEaCvHoxwnsKZevKwmmzhsIL8JXV.1+63,1,
37,2138943207,2,%sqlcq.IRISAPP.uEaCvHoxwnsKZevKwmmzhsIL8JXV.1+63,1,
50,2138943210,2,%sqlcq.IRISAPP.uEaCvHoxwnsKZevKwmmzhsIL8JXV.1+63,1,
37,2138943214,2,%sqlcq.IRISAPP.uEaCvHoxwnsKZevKwmmzhsIL8JXV.1+64,1,
37,2138943215,2,%sqlcq.IRISAPP.uEaCvHoxwnsKZevKwmmzhsIL8JXV.1+65,1,
50,2138943217,2,%sqlcq.IRISAPP.uEaCvHoxwnsKZevKwmmzhsIL8JXV.1+65,1,
50,2138943218,2,%sqlcq.IRISAPP.uEaCvHoxwnsKZevKwmmzhsIL8JXV.1+65,1,
50,2138943219,2,%sqlcq.IRISAPP.uEaCvHoxwnsKZevKwmmzhsIL8JXV.1+65,1,
50,2138943220,2,%sqlcq.IRISAPP.uEaCvHoxwnsKZevKwmmzhsIL8JXV.1+65,1,
50,2138943221,2,%sqlcq.IRISAPP.uEaCvHoxwnsKZevKwmmzhsIL8JXV.1+65,1,
37,2138943221,2,%sqlcq.IRISAPP.uEaCvHoxwnsKZevKwmmzhsIL8JXV.1+66,1,
37,2138943225,2,%sqlcq.IRISAPP.uEaCvHoxwnsKZevKwmmzhsIL8JXV.1+67,1,
51,2138943225,2,%sqlcq.IRISAPP.uEaCvHoxwnsKZevKwmmzhsIL8JXV.1+67,1,
50,2138943226,2,%sqlcq.IRISAPP.uEaCvHoxwnsKZevKwmmzhsIL8JXV.1+67,1,
37,2138943227,2,%sqlcq.IRISAPP.uEaCvHoxwnsKZevKwmmzhsIL8JXV.1+69,1,
51,2138943228,2,%sqlcq.IRISAPP.uEaCvHoxwnsKZevKwmmzhsIL8JXV.1+69,1,
51,2138943229,2,%sqlcq.IRISAPP.uEaCvHoxwnsKZevKwmmzhsIL8JXV.1+69,1,
37,2138943230,2,%sqlcq.IRISAPP.uEaCvHoxwnsKZevKwmmzhsIL8JXV.1+70,1,
37,2138943230,2,%sqlcq.IRISAPP.uEaCvHoxwnsKZevKwmmzhsIL8JXV.1+71,1,
QUIT,2138943231,71
51,2138943232,2,%sqlcq.IRISAPP.uEaCvHoxwnsKZevKwmmzhsIL8JXV.1+71,1,
51,2138943233,2,%sqlcq.IRISAPP.uEaCvHoxwnsKZevKwmmzhsIL8JXV.1+71,1,
51,2138943233,2,%sqlcq.IRISAPP.uEaCvHoxwnsKZevKwmmzhsIL8JXV.1+71,1,
51,2138943234,2,%sqlcq.IRISAPP.uEaCvHoxwnsKZevKwmmzhsIL8JXV.1+71,1,
51,2138943235,2,%sqlcq.IRISAPP.uEaCvHoxwnsKZevKwmmzhsIL8JXV.1+71,1,
51,2138943236,2,%sqlcq.IRISAPP.uEaCvHoxwnsKZevKwmmzhsIL8JXV.1+71,1,
51,2138943236,2,%sqlcq.IRISAPP.uEaCvHoxwnsKZevKwmmzhsIL8JXV.1+71,1,
51,2138943237,2,%sqlcq.IRISAPP.uEaCvHoxwnsKZevKwmmzhsIL8JXV.1+71,1,
51,2138943238,2,%sqlcq.IRISAPP.uEaCvHoxwnsKZevKwmmzhsIL8JXV.1+71,1,
51,2138943239,2,%sqlcq.IRISAPP.uEaCvHoxwnsKZevKwmmzhsIL8JXV.1+71,1,
51,2138943240,2,%sqlcq.IRISAPP.uEaCvHoxwnsKZevKwmmzhsIL8JXV.1+71,1,
51,2138943240,2,%sqlcq.IRISAPP.uEaCvHoxwnsKZevKwmmzhsIL8JXV.1+71,1,
51,2138943241,2,%sqlcq.IRISAPP.uEaCvHoxwnsKZevKwmmzhsIL8JXV.1+71,1,
51,2138943242,2,%sqlcq.IRISAPP.uEaCvHoxwnsKZevKwmmzhsIL8JXV.1+71,1,
51,2138943243,2,%sqlcq.IRISAPP.uEaCvHoxwnsKZevKwmmzhsIL8JXV.1+71,1,
37,2138943246,2,%sqlcq.IRISAPP.uEaCvHoxwnsKZevKwmmzhsIL8JXV.1+21,1,
QUIT,2138943247,21
38,2138943248,13,Ens.MessageHeader.1+0,0,
51,2138943250,13,Ens.MessageHeader.1+1835,1,
51,2138943251,13,Ens.MessageHeader.1+1835,1,
51,2138943252,13,Ens.MessageHeader.1+1835,1,
51,2138943253,13,Ens.MessageHeader.1+1835,1,
51,2138943254,13,Ens.MessageHeader.1+1835,1,
51,2138943254,13,Ens.MessageHeader.1+1835,1,
51,2138943255,13,Ens.MessageHeader.1+1835,1,
51,2138943256,13,Ens.MessageHeader.1+1835,1,
51,2138943257,13,Ens.MessageHeader.1+1835,1,
51,2138943258,13,Ens.MessageHeader.1+1835,1,
51,2138943258,13,Ens.MessageHeader.1+1835,1,
51,2138943259,13,Ens.MessageHeader.1+1835,1,
51,2138943260,13,Ens.MessageHeader.1+1835,1,
51,2138943261,13,Ens.MessageHeader.1+1835,1,
51,2138943261,13,Ens.MessageHeader.1+1835,1,
51,2138943265,13,Ens.MessageHeader.1+1835,1,
51,2138943266,13,Ens.MessageHeader.1+1835,1,
51,2138943266,13,Ens.MessageHeader.1+1835,1,
51,2138943267,13,Ens.MessageHeader.1+1835,1,
51,2138943268,13,Ens.MessageHeader.1+1835,1,
51,2138943269,13,Ens.MessageHeader.1+1835,1,
51,2138943270,13,Ens.MessageHeader.1+1835,1,
51,2138943270,13,Ens.MessageHeader.1+1835,1,
51,2138943621,13,Ens.MessageHeader.1+1835,1,
51,2138943622,13,Ens.MessageHeader.1+1835,1,
51,2138943623,13,Ens.MessageHeader.1+1835,1,
37,2138943625,13,Ens.MessageHeader.1+1836,1,
37,2138943626,13,Ens.MessageHeader.1+1837,1,
37,2138943627,13,Ens.MessageHeader.1+1838,1,
50,2138943629,13,Ens.MessageHeader.1+1838,1,
50,2138943630,13,Ens.MessageHeader.1+1839,1,
37,2138943630,13,Ens.MessageHeader.1+1839,1,
37,2138943631,13,Ens.MessageHeader.1+1840,1,
CALL,2138943633,13,Ens.MessageHeader.1+1840
ARG,[ 0] INT: 0
37,2138943634,13,Ens.MessageHeader.1+1369,1,
CALL,2138943635,13,Ens.MessageHeader.1+1369
ARG,[ 0] INT: 0
ARG,[ 1] INT: 38
38,2138943637,1,%Library.Persistent.1+0,0,
37,2138943638,1,%Library.Persistent.1+372,1,
QUIT,2138943639,372
38,2138943640,13,Ens.MessageHeader.1+0,0,
50,2138943641,13,Ens.MessageHeader.1+1369,1,
0,2138943643,13,Ens.MessageHeader.1+1369,1,456E732E4D736742616E6B2E42616E6B656400141D74^9^5^0
QUIT,2138943645,1369
51,2138943646,13,Ens.MessageHeader.1+1369,1,
50,2138943647,13,Ens.MessageHeader.1+1841,1,
37,2138943648,13,Ens.MessageHeader.1+1841,1,
37,2138943649,13,Ens.MessageHeader.1+1844,1,
37,2138943650,13,Ens.MessageHeader.1+1848,1,
37,2138943651,13,Ens.MessageHeader.1+1849,1,
QUIT,2138943652,1849
51,2138943655,13,Ens.MessageHeader.1+1849,1,
51,2138943656,13,Ens.MessageHeader.1+1849,1,
51,2138943657,13,Ens.MessageHeader.1+1849,1,
51,2138943657,13,Ens.MessageHeader.1+1849,1,
51,2138943658,13,Ens.MessageHeader.1+1849,1,
51,2138943659,13,Ens.MessageHeader.1+1849,1,
51,2138943660,13,Ens.MessageHeader.1+1849,1,
51,2138943660,13,Ens.MessageHeader.1+1849,1,
51,2138943661,13,Ens.MessageHeader.1+1849,1,
51,2138943662,13,Ens.MessageHeader.1+1849,1,
51,2138943663,13,Ens.MessageHeader.1+1849,1,
51,2138943664,13,Ens.MessageHeader.1+1849,1,
51,2138943664,13,Ens.MessageHeader.1+1849,1,
51,2138943665,13,Ens.MessageHeader.1+1849,1,
38,2138943666,10,HTTP.operation.1+0,0,
37,2138943667,10,HTTP.operation.1+409,1,
CALL,2138943669,10,HTTP.operation.1+409
ARG,[ 0] INT: 79
ARG,[ 1] OREF: 7
38,2138943670,13,Ens.MessageHeader.1+0,0,
37,2138943671,13,Ens.MessageHeader.1+2560,1,
QUIT,2138943672,2560
38,2138943673,10,HTTP.operation.1+0,0,
37,2138943674,10,HTTP.operation.1+410,1,
CALL,2138943675,10,HTTP.operation.1+410
ARG,[ 0] STR (len=0): 4H
ARG,[ 1] OREF: 10
ARG,[ 2] SCOPE: level=0, 0x00aaaac5a43508
ARG,[ 3] INT: 80
ARG,[ 4] OREF: 7
38,2138943678,13,Ens.MessageHeader.1+0,0,
50,2138943679,13,Ens.MessageHeader.1+1440,1,
50,2138943680,13,Ens.MessageHeader.1+1440,1,
50,2138943681,13,Ens.MessageHeader.1+1440,1,
37,2138943681,13,Ens.MessageHeader.1+1441,1,
50,2138943682,13,Ens.MessageHeader.1+1442,1,
37,2138943683,13,Ens.MessageHeader.1+1442,1,
50,2138943684,13,Ens.MessageHeader.1+1443,1,
37,2138943684,13,Ens.MessageHeader.1+1443,1,
37,2138943685,13,Ens.MessageHeader.1+1444,1,
CALL,2138943694,13,Ens.MessageHeader.1+1444
ARG,[ 0] INT: 0
ARG,[ 1] INT: 39
ARG,[ 2] OREF: 10
38,2138943697,1,%Library.Persistent.1+0,0,
50,2138943698,1,%Library.Persistent.1+478,1,
50,2138943699,1,%Library.Persistent.1+478,1,
37,2138943700,1,%Library.Persistent.1+479,1,
37,2138943701,1,%Library.Persistent.1+480,1,
50,2138943702,1,%Library.Persistent.1+480,1,
50,2138943703,1,%Library.Persistent.1+480,1,
50,2138943703,1,%Library.Persistent.1+480,1,
50,2138943704,1,%Library.Persistent.1+480,1,
50,2138943705,1,%Library.Persistent.1+481,1,
37,2138943706,1,%Library.Persistent.1+481,1,
CALL,2138943708,1,%Library.Persistent.1+481
38,2138943709,0,ROLLBACK+0,0,
37,2138943710,0,ROLLBACK+1415,1,
37,2138943711,0,ROLLBACK+1416,1,
37,2138943712,0,ROLLBACK+1417,1,
QUIT,2138943712,1417
38,2138943713,1,%Library.Persistent.1+0,0,
50,2138943714,1,%Library.Persistent.1+482,1,
37,2138943715,1,%Library.Persistent.1+482,1,
CALL,2138943716,1,%Library.Persistent.1+482
ARG,[ 0] INT: 0
ARG,[ 1] INT: 39
38,2138943717,1,%Library.RegisteredObject.1+0,0,
37,2138943718,1,%Library.RegisteredObject.1+77,1,
37,2138943719,1,%Library.RegisteredObject.1+78,1,
QUIT,2138943720,78
38,2138943721,1,%Library.Persistent.1+0,0,
37,2138943721,1,%Library.Persistent.1+483,1,
50,2138943722,1,%Library.Persistent.1+483,1,
37,2138944063,1,%Library.Persistent.1+484,1,
CALL,2138944066,1,%Library.Persistent.1+484
38,2138944067,0,ROLLBACK+0,0,
37,2138944068,0,ROLLBACK+1419,1,
37,2138944069,0,ROLLBACK+1420,1,
37,2138944072,0,ROLLBACK+1421,1,
QUIT,2138944073,1421
38,2138944073,1,%Library.Persistent.1+0,0,
51,2138944074,1,%Library.Persistent.1+484,1,
37,2138944075,1,%Library.Persistent.1+485,1,
QUIT,2138944077,485
51,2138944077,1,%Library.Persistent.1+485,1,
51,2138944078,1,%Library.Persistent.1+485,1,
51,2138944079,1,%Library.Persistent.1+485,1,
51,2138944080,1,%Library.Persistent.1+485,1,
51,2138944080,1,%Library.Persistent.1+485,1,
51,2138944081,1,%Library.Persistent.1+485,1,
51,2138944082,1,%Library.Persistent.1+485,1,
51,2138944083,1,%Library.Persistent.1+485,1,
38,2138944084,13,Ens.MessageHeader.1+0,0,
37,2138944085,13,Ens.MessageHeader.1+1445,1,
CALL,2138944087,13,Ens.MessageHeader.1+1445
ARG,[ 0] INT: 2
ARG,[ 1] SCOPE: level=0, 0x00aaaac5a439e8
ARG,[ 2] INT: 0
ARG,[ 3] INT: 94
ARG,[ 4] OREF: 10
38,2138944090,1,%Library.Persistent.1+0,0,
50,2138944091,1,%Library.Persistent.1+365,1,
50,2138944092,1,%Library.Persistent.1+365,1,
37,2138944093,1,%Library.Persistent.1+366,1,
50,2138944093,1,%Library.Persistent.1+366,1,
51,2138944095,1,%Library.Persistent.1+366,1,
50,2138944096,1,%Library.Persistent.1+366,1,
QUIT,2138944096,366
51,2138944097,1,%Library.Persistent.1+366,1,
51,2138944097,1,%Library.Persistent.1+366,1,
38,2138944099,13,Ens.MessageHeader.1+0,0,
37,2138944100,13,Ens.MessageHeader.1+1446,1,
37,2138944101,13,Ens.MessageHeader.1+1448,1,
50,2138944102,13,Ens.MessageHeader.1+1448,1,
50,2138944103,13,Ens.MessageHeader.1+1448,1,
50,2138944104,13,Ens.MessageHeader.1+1448,1,
50,2138944105,13,Ens.MessageHeader.1+1448,1,
50,2138944106,13,Ens.MessageHeader.1+1448,1,
50,2138944107,13,Ens.MessageHeader.1+1448,1,
50,2138944107,13,Ens.MessageHeader.1+1448,1,
50,2138944108,13,Ens.MessageHeader.1+1448,1,
50,2138944109,13,Ens.MessageHeader.1+1448,1,
50,2138944110,13,Ens.MessageHeader.1+1448,1,
50,2138944110,13,Ens.MessageHeader.1+1448,1,
50,2138944111,13,Ens.MessageHeader.1+1448,1,
50,2138944112,13,Ens.MessageHeader.1+1448,1,
50,2138944113,13,Ens.MessageHeader.1+1448,1,
50,2138944113,13,Ens.MessageHeader.1+1448,1,
50,2138944114,13,Ens.MessageHeader.1+1448,1,
50,2138944115,13,Ens.MessageHeader.1+1448,1,
50,2138944116,13,Ens.MessageHeader.1+1448,1,
50,2138944116,13,Ens.MessageHeader.1+1448,1,
50,2138944117,13,Ens.MessageHeader.1+1448,1,
50,2138944118,13,Ens.MessageHeader.1+1448,1,
50,2138944119,13,Ens.MessageHeader.1+1448,1,
50,2138944119,13,Ens.MessageHeader.1+1448,1,
50,2138944120,13,Ens.MessageHeader.1+1448,1,
50,2138944121,13,Ens.MessageHeader.1+1448,1,
50,2138944122,13,Ens.MessageHeader.1+1448,1,
CALL,2138944123,13,Ens.MessageHeader.1+1448
ARG,[ 0] INT: 0
ARG,[ 1] OREF: 6
50,2138944124,13,Ens.MessageHeader.1+137,1,
37,2138944125,13,Ens.MessageHeader.1+138,1,
37,2138944127,13,Ens.MessageHeader.1+139,1,
37,2138944128,13,Ens.MessageHeader.1+140,1,
QUIT,2138944128,140
51,2138944129,13,Ens.MessageHeader.1+140,1,
51,2138944130,13,Ens.MessageHeader.1+1448,1,
50,2138944130,13,Ens.MessageHeader.1+1448,1,
37,2138944131,13,Ens.MessageHeader.1+1449,1,
51,2138944134,13,Ens.MessageHeader.1+1449,1,
50,2138944135,13,Ens.MessageHeader.1+1449,1,
37,2138944136,13,Ens.MessageHeader.1+1450,1,
37,2138944137,13,Ens.MessageHeader.1+1451,1,
51,2138944138,13,Ens.MessageHeader.1+1451,1,
50,2138944139,13,Ens.MessageHeader.1+1451,1,
37,2138944139,13,Ens.MessageHeader.1+1452,1,
51,2138944140,13,Ens.MessageHeader.1+1452,1,
50,2138944141,13,Ens.MessageHeader.1+1452,1,
37,2138944142,13,Ens.MessageHeader.1+1453,1,
37,2138944143,13,Ens.MessageHeader.1+1454,1,
37,2138944143,13,Ens.MessageHeader.1+1455,1,
37,2138944144,13,Ens.MessageHeader.1+1456,1,
37,2138944145,13,Ens.MessageHeader.1+1457,1,
37,2138944146,13,Ens.MessageHeader.1+1458,1,
51,2138944147,13,Ens.MessageHeader.1+1458,1,
50,2138944147,13,Ens.MessageHeader.1+1458,1,
37,2138944148,13,Ens.MessageHeader.1+1459,1,
37,2138944149,13,Ens.MessageHeader.1+1460,1,
37,2138944150,13,Ens.MessageHeader.1+1461,1,
37,2138944475,13,Ens.MessageHeader.1+1462,1,
37,2138944477,13,Ens.MessageHeader.1+1463,1,
37,2138944478,13,Ens.MessageHeader.1+1464,1,
50,2138944479,13,Ens.MessageHeader.1+1464,1,
CALL,2138944480,13,Ens.MessageHeader.1+1464
ARG,[ 0] INT: 0
37,2138944481,13,Ens.MessageHeader.1+1371,1,
CALL,2138944482,13,Ens.MessageHeader.1+1371
ARG,[ 0] INT: 0
ARG,[ 1] INT: 38
38,2138944484,1,%Library.Persistent.1+0,0,
37,2138944485,1,%Library.Persistent.1+372,1,
QUIT,2138944491,372
38,2138944492,13,Ens.MessageHeader.1+0,0,
37,2138944493,13,Ens.MessageHeader.1+1372,1,
CALL,2138944494,13,Ens.MessageHeader.1+1372
ARG,[ 0] INT: 0
ARG,[ 1] INT: 38
38,2138944495,1,%Library.Persistent.1+0,0,
37,2138944496,1,%Library.Persistent.1+372,1,
QUIT,2138944497,372
38,2138944497,13,Ens.MessageHeader.1+0,0,
QUIT,2138944498,1372
51,2138944498,13,Ens.MessageHeader.1+1464,1,
37,2138944499,13,Ens.MessageHeader.1+1465,1,
50,2138944500,13,Ens.MessageHeader.1+1465,1,
CALL,2138944501,13,Ens.MessageHeader.1+1465
ARG,[ 0] INT: 96
ARG,[ 1] OREF: 6
37,2138944502,13,Ens.MessageHeader.1+1371,1,
CALL,2138944503,13,Ens.MessageHeader.1+1371
ARG,[ 0] INT: 0
ARG,[ 1] INT: 38
38,2138944504,1,%Library.Persistent.1+0,0,
37,2138944505,1,%Library.Persistent.1+372,1,
QUIT,2138944506,372
38,2138944507,13,Ens.MessageHeader.1+0,0,
0,2138944508,13,Ens.MessageHeader.1+1371,1,456E732E4D65737361676548656164657244^9^5^0
1,2138944509,13,Ens.MessageHeader.1+1371,1,456E732E4D65737361676548656164657244^9^5^0
20,2138944512,13,Ens.MessageHeader.1+1371,1,456E732E4D65737361676548656164657244^9^5^0
24,2138944514,13,Ens.MessageHeader.1+1371,1,456E732E4D65737361676548656164657244^9^5^0
CALL,2138944515,13,Ens.MessageHeader.1+1371
ARG,[ 0] INT: 1
ARG,[ 1] INT: 189
ARG,[ 2] INT: 65
38,2138944516,1,%Library.Persistent.1+0,0,
50,2138944517,1,%Library.Persistent.1+373,1,
50,2138944518,1,%Library.Persistent.1+373,1,
37,2138944519,1,%Library.Persistent.1+374,1,
50,2138944520,1,%Library.Persistent.1+374,1,
50,2138944525,1,%Library.Persistent.1+374,1,
37,2138944526,1,%Library.Persistent.1+375,1,
37,2138944527,1,%Library.Persistent.1+376,1,
50,2138944528,1,%Library.Persistent.1+376,1,
0,2138944529,1,%Library.Persistent.1+376,1,456E732E4D65737361676548656164657244^9^5^0
50,2138944530,1,%Library.Persistent.1+376,1,
50,2138944531,1,%Library.Persistent.1+376,1,
50,2138944532,1,%Library.Persistent.1+376,1,
51,2138944533,1,%Library.Persistent.1+376,1,
50,2138944534,1,%Library.Persistent.1+376,1,
37,2138944535,1,%Library.Persistent.1+377,1,
QUIT,2138944536,377
51,2138944536,1,%Library.Persistent.1+377,1,
51,2138944537,1,%Library.Persistent.1+377,1,
51,2138944537,1,%Library.Persistent.1+377,1,
51,2138944538,1,%Library.Persistent.1+377,1,
51,2138944539,1,%Library.Persistent.1+377,1,
51,2138944540,1,%Library.Persistent.1+377,1,
51,2138944541,1,%Library.Persistent.1+377,1,
38,2138944541,13,Ens.MessageHeader.1+0,0,
37,2138944542,13,Ens.MessageHeader.1+1372,1,
CALL,2138944543,13,Ens.MessageHeader.1+1372
ARG,[ 0] INT: 0
ARG,[ 1] INT: 38
38,2138944544,1,%Library.Persistent.1+0,0,
37,2138944545,1,%Library.Persistent.1+372,1,
QUIT,2138944546,372
38,2138944546,13,Ens.MessageHeader.1+0,0,
QUIT,2138944547,1372
51,2138944548,13,Ens.MessageHeader.1+1465,1,
37,2138944549,13,Ens.MessageHeader.1+1467,1,
CALL,2138944550,13,Ens.MessageHeader.1+1467
ARG,[ 0] INT: 0
ARG,[ 1] INT: 39
50,2138944551,13,Ens.MessageHeader.1+1037,1,
50,2138944552,13,Ens.MessageHeader.1+1037,1,
37,2138944553,13,Ens.MessageHeader.1+1038,1,
37,2138944554,13,Ens.MessageHeader.1+1039,1,
50,2138944555,13,Ens.MessageHeader.1+1039,1,
50,2138944556,13,Ens.MessageHeader.1+1039,1,
50,2138944557,13,Ens.MessageHeader.1+1039,1,
50,2138944557,13,Ens.MessageHeader.1+1039,1,
50,2138944558,13,Ens.MessageHeader.1+1040,1,
37,2138944559,13,Ens.MessageHeader.1+1040,1,
CALL,2138944561,13,Ens.MessageHeader.1+1040
38,2138944561,0,ROLLBACK+0,0,
37,2138944562,0,ROLLBACK+1415,1,
37,2138944563,0,ROLLBACK+1416,1,
37,2138944564,0,ROLLBACK+1417,1,
QUIT,2138944565,1417
38,2138944565,13,Ens.MessageHeader.1+0,0,
50,2138944566,13,Ens.MessageHeader.1+1041,1,
37,2138944567,13,Ens.MessageHeader.1+1041,1,
50,2138944892,13,Ens.MessageHeader.1+1041,1,
50,2138944893,13,Ens.MessageHeader.1+1041,1,
50,2138944894,13,Ens.MessageHeader.1+1041,1,
50,2138944895,13,Ens.MessageHeader.1+1041,1,
50,2138944896,13,Ens.MessageHeader.1+1041,1,
50,2138944897,13,Ens.MessageHeader.1+1041,1,
50,2138944898,13,Ens.MessageHeader.1+1041,1,
50,2138944899,13,Ens.MessageHeader.1+1041,1,
50,2138944899,13,Ens.MessageHeader.1+1041,1,
50,2138944901,13,Ens.MessageHeader.1+1041,1,
CALL,2138944902,13,Ens.MessageHeader.1+1041
ARG,[ 0] INT: 1
ARG,[ 1] STR (len=3): 4H003100380038
50,2138944906,13,Ens.MessageHeader.1+227,1,
50,2138944907,13,Ens.MessageHeader.1+227,1,
37,2138944908,13,Ens.MessageHeader.1+228,1,
0,2138944909,13,Ens.MessageHeader.1+228,1,456E732E4D6573736167654865616465724400141D74^9^5^0
20,2138944911,13,Ens.MessageHeader.1+228,1,456E732E4D6573736167654865616465724400141D74^9^5^0
50,2138944912,13,Ens.MessageHeader.1+228,1,
QUIT,2138944913,228
51,2138944914,13,Ens.MessageHeader.1+228,1,
51,2138944914,13,Ens.MessageHeader.1+228,1,
51,2138944915,13,Ens.MessageHeader.1+228,1,
51,2138944916,13,Ens.MessageHeader.1+1041,1,
50,2138944917,13,Ens.MessageHeader.1+1041,1,
51,2138944918,13,Ens.MessageHeader.1+1041,1,
50,2138944919,13,Ens.MessageHeader.1+1041,1,
37,2138944919,13,Ens.MessageHeader.1+1042,1,
CALL,2138944920,13,Ens.MessageHeader.1+1042
ARG,[ 0] INT: 0
ARG,[ 1] INT: 63
38,2138944922,1,%Library.RegisteredObject.1+0,0,
37,2138944923,1,%Library.RegisteredObject.1+77,1,
QUIT,2138944924,77
38,2138944925,13,Ens.MessageHeader.1+0,0,
CALL,2138944926,13,Ens.MessageHeader.1+1042
ARG,[ 0] INT: 1
ARG,[ 1] STR (len=24): 4H00050001003100380038001300010045006E0073002E004D006500730073006100670065004800650061006400650072
50,2138944931,13,Ens.MessageHeader.1+1267,1,
50,2138944932,13,Ens.MessageHeader.1+1267,1,
50,2138944933,13,Ens.MessageHeader.1+1267,1,
37,2138944933,13,Ens.MessageHeader.1+1269,1,
50,2138944935,13,Ens.MessageHeader.1+1269,1,
50,2138944935,13,Ens.MessageHeader.1+1269,1,
37,2138944936,13,Ens.MessageHeader.1+1270,1,
CALL,2138944937,13,Ens.MessageHeader.1+1270
ARG,[ 0] INT: 2
ARG,[ 1] INT: 0
ARG,[ 2] SCOPE: level=0,            (nil)
50,2138944939,13,Ens.MessageHeader.1+1342,1,
50,2138944940,13,Ens.MessageHeader.1+1342,1,
50,2138944941,13,Ens.MessageHeader.1+1342,1,
37,2138944941,13,Ens.MessageHeader.1+1343,1,
50,2138944942,13,Ens.MessageHeader.1+1344,1,
37,2138944943,13,Ens.MessageHeader.1+1344,1,
37,2138944944,13,Ens.MessageHeader.1+1345,1,
37,2138944945,13,Ens.MessageHeader.1+1346,1,
50,2138944946,13,Ens.MessageHeader.1+1346,1,
CALL,2138944947,13,Ens.MessageHeader.1+1346
ARG,[ 0] INT: 1
ARG,[ 1] STR (len=3): 4H003100380039
ARG,[ 2] INT: 72
50,2138944949,13,Ens.MessageHeaderBase.1+0,1,
38,2138944950,13,Ens.MessageHeaderBase.1+0,0,
50,2138944951,13,Ens.MessageHeaderBase.1+7,1,
50,2138944952,13,Ens.MessageHeaderBase.1+7,1,
37,2138944953,13,Ens.MessageHeaderBase.1+8,1,
QUIT,2138944954,8
51,2138944955,13,Ens.MessageHeaderBase.1+8,1,
51,2138944955,13,Ens.MessageHeaderBase.1+8,1,
38,2138944956,13,Ens.MessageHeader.1+0,0,
50,2138944957,13,Ens.MessageHeader.1+1346,1,
37,2138944958,13,Ens.MessageHeader.1+1347,1,
37,2138944959,13,Ens.MessageHeader.1+1348,1,
37,2138944960,13,Ens.MessageHeader.1+1349,1,
37,2138944960,13,Ens.MessageHeader.1+1350,1,
37,2138944961,13,Ens.MessageHeader.1+1351,1,
37,2138944962,13,Ens.MessageHeader.1+1352,1,
37,2138944963,13,Ens.MessageHeader.1+1353,1,
37,2138944964,13,Ens.MessageHeader.1+1354,1,
37,2138944964,13,Ens.MessageHeader.1+1355,1,
37,2138944965,13,Ens.MessageHeader.1+1356,1,
37,2138944966,13,Ens.MessageHeader.1+1357,1,
37,2138944967,13,Ens.MessageHeader.1+1358,1,
37,2138944968,13,Ens.MessageHeader.1+1359,1,
CALL,2138944968,13,Ens.MessageHeader.1+1359
ARG,[ 0] INT: 1
ARG,[ 1] INT: 9
ARG,[ 2] INT: 85
38,2138944970,13,Ens.MessageHeaderBase.1+0,0,
50,2138944971,13,Ens.MessageHeaderBase.1+50,1,
50,2138944972,13,Ens.MessageHeaderBase.1+50,1,
37,2138944973,13,Ens.MessageHeaderBase.1+51,1,
QUIT,2138944974,51
51,2138944974,13,Ens.MessageHeaderBase.1+51,1,
51,2138944975,13,Ens.MessageHeaderBase.1+51,1,
38,2138944976,13,Ens.MessageHeader.1+0,0,
37,2138945285,13,Ens.MessageHeader.1+1360,1,
37,2138945286,13,Ens.MessageHeader.1+1361,1,
37,2138945287,13,Ens.MessageHeader.1+1362,1,
37,2138945288,13,Ens.MessageHeader.1+1363,1,
37,2138945288,13,Ens.MessageHeader.1+1364,1,
37,2138945289,13,Ens.MessageHeader.1+1365,1,
51,2138945290,13,Ens.MessageHeader.1+1365,1,
50,2138945291,13,Ens.MessageHeader.1+1365,1,
37,2138945293,13,Ens.MessageHeader.1+1366,1,
37,2138945293,13,Ens.MessageHeader.1+1367,1,
QUIT,2138945294,1367
51,2138945295,13,Ens.MessageHeader.1+1367,1,
51,2138945296,13,Ens.MessageHeader.1+1367,1,
51,2138945296,13,Ens.MessageHeader.1+1367,1,
51,2138945297,13,Ens.MessageHeader.1+1367,1,
51,2138945298,13,Ens.MessageHeader.1+1367,1,
51,2138945299,13,Ens.MessageHeader.1+1367,1,
50,2138945300,13,Ens.MessageHeader.1+1270,1,
37,2138945300,13,Ens.MessageHeader.1+1271,1,
CALL,2138945301,13,Ens.MessageHeader.1+1271
ARG,[ 0] INT: 0
37,2138945303,13,Ens.MessageHeader.1+447,1,
37,2138945304,13,Ens.MessageHeader.1+448,1,
37,2138945305,13,Ens.MessageHeader.1+449,1,
50,2138945306,13,Ens.MessageHeader.1+449,1,
CALL,2138945307,13,Ens.MessageHeader.1+449
ARG,[ 0] INT: 1
ARG,[ 1] STR (len=3): 4H003100380039
ARG,[ 2] INT: 18
38,2138945309,13,Ens.MessageHeaderBase.1+0,0,
50,2138945310,13,Ens.MessageHeaderBase.1+9,1,
50,2138945311,13,Ens.MessageHeaderBase.1+9,1,
37,2138945312,13,Ens.MessageHeaderBase.1+10,1,
QUIT,2138945313,10
51,2138945314,13,Ens.MessageHeaderBase.1+10,1,
51,2138945314,13,Ens.MessageHeaderBase.1+10,1,
38,2138945315,13,Ens.MessageHeader.1+0,0,
51,2138945316,13,Ens.MessageHeader.1+449,1,
37,2138945317,13,Ens.MessageHeader.1+450,1,
37,2138945318,13,Ens.MessageHeader.1+451,1,
37,2138945319,13,Ens.MessageHeader.1+452,1,
37,2138945319,13,Ens.MessageHeader.1+453,1,
37,2138945320,13,Ens.MessageHeader.1+454,1,
37,2138945321,13,Ens.MessageHeader.1+455,1,
37,2138945322,13,Ens.MessageHeader.1+456,1,
37,2138945323,13,Ens.MessageHeader.1+457,1,
37,2138945323,13,Ens.MessageHeader.1+458,1,
37,2138945324,13,Ens.MessageHeader.1+459,1,
37,2138945325,13,Ens.MessageHeader.1+460,1,
37,2138945326,13,Ens.MessageHeader.1+461,1,
50,2138945327,13,Ens.MessageHeader.1+461,1,
CALL,2138945330,13,Ens.MessageHeader.1+461
ARG,[ 0] INT: 1
ARG,[ 1] INT: 9
ARG,[ 2] INT: 30
38,2138945332,13,Ens.MessageHeaderBase.1+0,0,
50,2138945333,13,Ens.MessageHeaderBase.1+54,1,
50,2138945334,13,Ens.MessageHeaderBase.1+54,1,
37,2138945334,13,Ens.MessageHeaderBase.1+55,1,
QUIT,2138945336,55
51,2138945336,13,Ens.MessageHeaderBase.1+55,1,
51,2138945337,13,Ens.MessageHeaderBase.1+55,1,
38,2138945337,13,Ens.MessageHeader.1+0,0,
51,2138945338,13,Ens.MessageHeader.1+461,1,
37,2138945339,13,Ens.MessageHeader.1+462,1,
37,2138945340,13,Ens.MessageHeader.1+463,1,
37,2138945341,13,Ens.MessageHeader.1+464,1,
37,2138945341,13,Ens.MessageHeader.1+465,1,
37,2138945342,13,Ens.MessageHeader.1+466,1,
37,2138945343,13,Ens.MessageHeader.1+467,1,
50,2138945344,13,Ens.MessageHeader.1+467,1,
CALL,2138945345,13,Ens.MessageHeader.1+467
ARG,[ 0] INT: 1
ARG,[ 1] STR (len=23): 4H0032003000320036002D00300031002D00300036002000310033003A00340037003A00350036002E003600350038
ARG,[ 2] INT: 36
38,2138945350,13,Ens.MessageHeaderBase.1+0,0,
50,2138945351,13,Ens.MessageHeaderBase.1+98,1,
50,2138945352,13,Ens.MessageHeaderBase.1+98,1,
37,2138945353,13,Ens.MessageHeaderBase.1+99,1,
37,2138945354,13,Ens.MessageHeaderBase.1+100,1,
50,2138945355,13,Ens.MessageHeaderBase.1+100,1,
37,2138945356,13,Ens.MessageHeaderBase.1+101,1,
37,2138945357,13,Ens.MessageHeaderBase.1+102,1,
QUIT,2138945357,102
51,2138945358,13,Ens.MessageHeaderBase.1+102,1,
51,2138945358,13,Ens.MessageHeaderBase.1+102,1,
51,2138945359,13,Ens.MessageHeaderBase.1+102,1,
38,2138945360,13,Ens.MessageHeader.1+0,0,
51,2138945361,13,Ens.MessageHeader.1+467,1,
37,2138945362,13,Ens.MessageHeader.1+468,1,
37,2138945362,13,Ens.MessageHeader.1+469,1,
QUIT,2138945363,469
37,2138945364,13,Ens.MessageHeader.1+1272,1,
50,2138945365,13,Ens.MessageHeader.1+1272,1,
50,2138945366,13,Ens.MessageHeader.1+1272,1,
37,2138945366,13,Ens.MessageHeader.1+1273,1,
50,2138945367,13,Ens.MessageHeader.1+1273,1,
CALL,2138945717,13,Ens.MessageHeader.1+1273
ARG,[ 0] INT: 1
ARG,[ 1] SCOPE: level=0, 0x00aaaac5a43b10
ARG,[ 2] INT: 68
50,2138945720,13,Ens.MessageHeader.1+1049,1,
37,2138945721,13,Ens.MessageHeader.1+1051,1,
50,2138945723,13,Ens.MessageHeader.1+1051,1,
50,2138945723,13,Ens.MessageHeader.1+1051,1,
37,2138945726,13,Ens.MessageHeader.1+1052,1,
50,2138945727,13,Ens.MessageHeader.1+1052,1,
50,2138945727,13,Ens.MessageHeader.1+1052,1,
50,2138945728,13,Ens.MessageHeader.1+1053,1,
37,2138945729,13,Ens.MessageHeader.1+1053,1,
37,2138945730,13,Ens.MessageHeader.1+1054,1,
50,2138945731,13,Ens.MessageHeader.1+1054,1,
50,2138945732,13,Ens.MessageHeader.1+1055,1,
37,2138945732,13,Ens.MessageHeader.1+1055,1,
50,2138945733,13,Ens.MessageHeader.1+1055,1,
37,2138945734,13,Ens.MessageHeader.1+1056,1,
50,2138945738,13,Ens.MessageHeader.1+1056,1,
37,2138945739,13,Ens.MessageHeader.1+1057,1,
50,2138945740,13,Ens.MessageHeader.1+1058,1,
37,2138945741,13,Ens.MessageHeader.1+1058,1,
50,2138945742,13,Ens.MessageHeader.1+1058,1,
37,2138945743,13,Ens.MessageHeader.1+1059,1,
50,2138945744,13,Ens.MessageHeader.1+1060,1,
37,2138945744,13,Ens.MessageHeader.1+1060,1,
50,2138945745,13,Ens.MessageHeader.1+1060,1,
37,2138945746,13,Ens.MessageHeader.1+1061,1,
50,2138945747,13,Ens.MessageHeader.1+1061,1,
37,2138945748,13,Ens.MessageHeader.1+1063,1,
50,2138945749,13,Ens.MessageHeader.1+1065,1,
37,2138945749,13,Ens.MessageHeader.1+1065,1,
37,2138945750,13,Ens.MessageHeader.1+1066,1,
40,2138945922,13,Ens.MessageHeader.1+1066,1,
41,2138945926,13,Ens.MessageHeader.1+1066,1,
50,2138945928,13,Ens.MessageHeader.1+1066,1,
51,2138945929,13,Ens.MessageHeader.1+1066,1,
37,2138945931,13,Ens.MessageHeader.1+1067,1,
0,2138945932,13,Ens.MessageHeader.1+1067,1,456E732E4D6573736167654865616465724400141D74^9^5^0
20,2138945933,13,Ens.MessageHeader.1+1067,1,456E732E4D6573736167654865616465724400141D74^9^5^0
37,2138945934,13,Ens.MessageHeader.1+1072,1,
37,2138945935,13,Ens.MessageHeader.1+1086,1,
0,2138945936,13,Ens.MessageHeader.1+1086,1,456E732E4D6573736167654865616465724400141D74^9^5^0
50,2138945937,13,Ens.MessageHeader.1+1086,1,
37,2138945938,13,Ens.MessageHeader.1+1087,1,
CALL,2138945939,13,Ens.MessageHeader.1+1087
ARG,[ 0] INT: 1
ARG,[ 1] STR (len=23): 4H0032003000320036002D00300031002D00300036002000310033003A00340037003A00350036002E003000310037
ARG,[ 2] INT: 13
38,2138945945,13,Ens.MessageHeaderBase.1+0,0,
50,2138945947,13,Ens.MessageHeaderBase.1+69,1,
50,2138945947,13,Ens.MessageHeaderBase.1+69,1,
37,2138945948,13,Ens.MessageHeaderBase.1+70,1,
CALL,2138945949,13,Ens.MessageHeaderBase.1+70
ARG,[ 0] INT: 1
ARG,[ 1] STR (len=23): 4H0032003000320036002D00300031002D00300036002000310033003A00340037003A00350036002E003000310037
50,2138945954,13,Ens.MessageHeaderBase.1+62,1,
50,2138945955,13,Ens.MessageHeaderBase.1+62,1,
37,2138945956,13,Ens.MessageHeaderBase.1+63,1,
37,2138945957,13,Ens.MessageHeaderBase.1+64,1,
50,2138945958,13,Ens.MessageHeaderBase.1+64,1,
37,2138945959,13,Ens.MessageHeaderBase.1+65,1,
37,2138945960,13,Ens.MessageHeaderBase.1+66,1,
QUIT,2138945961,66
51,2138945961,13,Ens.MessageHeaderBase.1+66,1,
51,2138945962,13,Ens.MessageHeaderBase.1+66,1,
51,2138945963,13,Ens.MessageHeaderBase.1+66,1,
QUIT,2138945964,70
51,2138945964,13,Ens.MessageHeaderBase.1+70,1,
51,2138945965,13,Ens.MessageHeaderBase.1+70,1,
38,2138945966,13,Ens.MessageHeader.1+0,0,
50,2138945966,13,Ens.MessageHeader.1+1087,1,
37,2138945967,13,Ens.MessageHeader.1+1088,1,
50,2138945968,13,Ens.MessageHeader.1+1088,1,
37,2138945969,13,Ens.MessageHeader.1+1089,1,
50,2138945970,13,Ens.MessageHeader.1+1090,1,
37,2138945971,13,Ens.MessageHeader.1+1090,1,
50,2138945971,13,Ens.MessageHeader.1+1090,1,
37,2138945972,13,Ens.MessageHeader.1+1091,1,
50,2138945973,13,Ens.MessageHeader.1+1092,1,
37,2138945974,13,Ens.MessageHeader.1+1092,1,
50,2138945975,13,Ens.MessageHeader.1+1092,1,
37,2138945975,13,Ens.MessageHeader.1+1093,1,
50,2138945976,13,Ens.MessageHeader.1+1093,1,
37,2138945977,13,Ens.MessageHeader.1+1094,1,
37,2138945978,13,Ens.MessageHeader.1+1098,1,
37,2138945979,13,Ens.MessageHeader.1+1102,1,
37,2138945980,13,Ens.MessageHeader.1+1106,1,
37,2138945980,13,Ens.MessageHeader.1+1110,1,
37,2138945981,13,Ens.MessageHeader.1+1114,1,
37,2138945982,13,Ens.MessageHeader.1+1118,1,
37,2138945983,13,Ens.MessageHeader.1+1122,1,
0,2138945985,13,Ens.MessageHeader.1+1122,1,456E732E4D6573736167654865616465724400141D74^9^5^0
1,2138945986,13,Ens.MessageHeader.1+1122,1,456E732E4D6573736167654865616465724400141D74^9^5^0
24,2138945991,13,Ens.MessageHeader.1+1122,1,456E732E4D6573736167654865616465724400141D74^9^5^0
37,2138945992,13,Ens.MessageHeader.1+1124,1,
50,2138945992,13,Ens.MessageHeader.1+1125,1,
37,2138945993,13,Ens.MessageHeader.1+1125,1,
37,2138945994,13,Ens.MessageHeader.1+1130,1,
37,2138945996,13,Ens.MessageHeader.1+1131,1,
37,2138945997,13,Ens.MessageHeader.1+1132,1,
37,2138945998,13,Ens.MessageHeader.1+1136,1,
QUIT,2138945998,1136
51,2138945999,13,Ens.MessageHeader.1+1136,1,
51,2138946000,13,Ens.MessageHeader.1+1136,1,
51,2138946000,13,Ens.MessageHeader.1+1136,1,
51,2138946001,13,Ens.MessageHeader.1+1136,1,
51,2138946002,13,Ens.MessageHeader.1+1136,1,
51,2138946003,13,Ens.MessageHeader.1+1136,1,
51,2138946003,13,Ens.MessageHeader.1+1136,1,
51,2138946004,13,Ens.MessageHeader.1+1136,1,
51,2138946005,13,Ens.MessageHeader.1+1136,1,
51,2138946006,13,Ens.MessageHeader.1+1136,1,
51,2138946006,13,Ens.MessageHeader.1+1136,1,
51,2138946007,13,Ens.MessageHeader.1+1136,1,
51,2138946008,13,Ens.MessageHeader.1+1136,1,
51,2138946009,13,Ens.MessageHeader.1+1136,1,
51,2138946009,13,Ens.MessageHeader.1+1136,1,
51,2138946337,13,Ens.MessageHeader.1+1136,1,
51,2138946338,13,Ens.MessageHeader.1+1136,1,
51,2138946339,13,Ens.MessageHeader.1+1136,1,
51,2138946339,13,Ens.MessageHeader.1+1136,1,
51,2138946340,13,Ens.MessageHeader.1+1136,1,
51,2138946341,13,Ens.MessageHeader.1+1136,1,
51,2138946342,13,Ens.MessageHeader.1+1136,1,
51,2138946343,13,Ens.MessageHeader.1+1136,1,
51,2138946343,13,Ens.MessageHeader.1+1136,1,
51,2138946344,13,Ens.MessageHeader.1+1136,1,
37,2138946345,13,Ens.MessageHeader.1+1274,1,
CALL,2138946347,13,Ens.MessageHeader.1+1274
ARG,[ 0] INT: 0
ARG,[ 1] INT: 69
38,2138946348,1,%Library.Persistent.1+0,0,
37,2138946350,1,%Library.Persistent.1+411,1,
QUIT,2138946351,411
38,2138946351,13,Ens.MessageHeader.1+0,0,
37,2138946352,13,Ens.MessageHeader.1+1275,1,
37,2138946353,13,Ens.MessageHeader.1+1276,1,
CALL,2138946354,13,Ens.MessageHeader.1+1276
ARG,[ 0] INT: 1
ARG,[ 1] INT: 0
ARG,[ 2] INT: 70
50,2138946356,13,Ens.MessageHeader.1+470,1,
50,2138946357,13,Ens.MessageHeader.1+470,1,
37,2138946358,13,Ens.MessageHeader.1+470,1,
50,2138946359,13,Ens.MessageHeader.1+470,1,
37,2138946360,13,Ens.MessageHeader.1+471,1,
50,2138946361,13,Ens.MessageHeader.1+471,1,
37,2138946362,13,Ens.MessageHeader.1+478,1,
37,2138946363,13,Ens.MessageHeader.1+512,1,
QUIT,2138946363,512
51,2138946364,13,Ens.MessageHeader.1+512,1,
51,2138946365,13,Ens.MessageHeader.1+512,1,
51,2138946365,13,Ens.MessageHeader.1+512,1,
51,2138946366,13,Ens.MessageHeader.1+512,1,
37,2138946367,13,Ens.MessageHeader.1+1277,1,
37,2138946368,13,Ens.MessageHeader.1+1279,1,
37,2138946369,13,Ens.MessageHeader.1+1280,1,
37,2138946370,13,Ens.MessageHeader.1+1285,1,
QUIT,2138946371,1285
51,2138946371,13,Ens.MessageHeader.1+1285,1,
51,2138946372,13,Ens.MessageHeader.1+1285,1,
51,2138946373,13,Ens.MessageHeader.1+1285,1,
51,2138946373,13,Ens.MessageHeader.1+1285,1,
51,2138946374,13,Ens.MessageHeader.1+1285,1,
37,2138946375,13,Ens.MessageHeader.1+1043,1,
50,2138946376,13,Ens.MessageHeader.1+1043,1,
37,2138946377,13,Ens.MessageHeader.1+1044,1,
CALL,2138946380,13,Ens.MessageHeader.1+1044
38,2138946381,0,ROLLBACK+0,0,
37,2138946382,0,ROLLBACK+1419,1,
37,2138946383,0,ROLLBACK+1420,1,
37,2138946384,0,ROLLBACK+1421,1,
QUIT,2138946384,1421
38,2138946385,13,Ens.MessageHeader.1+0,0,
51,2138946386,13,Ens.MessageHeader.1+1044,1,
51,2138946387,13,Ens.MessageHeader.1+1044,1,
51,2138946387,13,Ens.MessageHeader.1+1044,1,
37,2138946388,13,Ens.MessageHeader.1+1045,1,
QUIT,2138946390,1045
51,2138946390,13,Ens.MessageHeader.1+1045,1,
51,2138946391,13,Ens.MessageHeader.1+1045,1,
51,2138946391,13,Ens.MessageHeader.1+1045,1,
51,2138946392,13,Ens.MessageHeader.1+1045,1,
51,2138946393,13,Ens.MessageHeader.1+1045,1,
51,2138946394,13,Ens.MessageHeader.1+1045,1,
51,2138946395,13,Ens.MessageHeader.1+1045,1,
51,2138946395,13,Ens.MessageHeader.1+1045,1,
51,2138946396,13,Ens.MessageHeader.1+1045,1,
51,2138946397,13,Ens.MessageHeader.1+1045,1,
51,2138946398,13,Ens.MessageHeader.1+1045,1,
51,2138946398,13,Ens.MessageHeader.1+1045,1,
51,2138946399,13,Ens.MessageHeader.1+1045,1,
51,2138946400,13,Ens.MessageHeader.1+1045,1,
51,2138946401,13,Ens.MessageHeader.1+1045,1,
51,2138946401,13,Ens.MessageHeader.1+1045,1,
51,2138946402,13,Ens.MessageHeader.1+1045,1,
51,2138946403,13,Ens.MessageHeader.1+1045,1,
51,2138946404,13,Ens.MessageHeader.1+1045,1,
51,2138946404,13,Ens.MessageHeader.1+1045,1,
37,2138946405,13,Ens.MessageHeader.1+1468,1,
37,2138946406,13,Ens.MessageHeader.1+1472,1,
51,2138946407,13,Ens.MessageHeader.1+1472,1,
50,2138946408,13,Ens.MessageHeader.1+1472,1,
37,2138946409,13,Ens.MessageHeader.1+1473,1,
37,2138946410,13,Ens.MessageHeader.1+1475,1,
QUIT,2138946411,1475
51,2138946411,13,Ens.MessageHeader.1+1475,1,
51,2138946412,13,Ens.MessageHeader.1+1475,1,
51,2138946413,13,Ens.MessageHeader.1+1475,1,
51,2138946413,13,Ens.MessageHeader.1+1475,1,
51,2138946414,13,Ens.MessageHeader.1+1475,1,
51,2138946415,13,Ens.MessageHeader.1+1475,1,
38,2138946416,10,HTTP.operation.1+0,0,
37,2138946417,10,HTTP.operation.1+412,1,
37,2138946418,10,HTTP.operation.1+415,1,
37,2138946419,10,HTTP.operation.1+425,1,
37,2138946763,10,HTTP.operation.1+428,1,
37,2138946764,10,HTTP.operation.1+429,1,
CALL,2138946766,10,HTTP.operation.1+429
ARG,[ 0] INT: 1
ARG,[ 1] STR (len=0): 4Hÿÿÿÿ
ARG,[ 2] INT: 31
38,2138946768,13,Ens.Host.1+0,0,
50,2138946770,13,Ens.Host.1+94,1,
50,2138946771,13,Ens.Host.1+94,1,
37,2138946772,13,Ens.Host.1+95,1,
37,2138946773,13,Ens.Host.1+96,1,
37,2138946774,13,Ens.Host.1+97,1,
QUIT,2138946775,97
51,2138946776,13,Ens.Host.1+97,1,
51,2138946776,13,Ens.Host.1+97,1,
38,2138946777,10,HTTP.operation.1+0,0,
37,2138946778,10,HTTP.operation.1+430,1,
CALL,2138946780,10,HTTP.operation.1+430
ARG,[ 0] INT: 2
ARG,[ 1] STR (len=16): 4H006100700069002E00670065006E0064006500720069007A0065002E0069006F
ARG,[ 2] INT: 3
38,2138946784,13,Ens.Util.Statistics.1+0,0,
50,2138946786,13,Ens.Util.Statistics.1+603,1,
50,2138946787,13,Ens.Util.Statistics.1+603,1,
50,2138946788,13,Ens.Util.Statistics.1+603,1,
50,2138946789,13,Ens.Util.Statistics.1+603,1,
50,2138946789,13,Ens.Util.Statistics.1+603,1,
50,2138946790,13,Ens.Util.Statistics.1+603,1,
37,2138946791,13,Ens.Util.Statistics.1+604,1,
CALL,2138946792,13,Ens.Util.Statistics.1+604
ARG,[ 0] INT: 1
ARG,[ 1] STR (len=16): 4H006100700069002E00670065006E0064006500720069007A0065002E0069006F
50,2138946796,13,Ens.Util.Statistics.1+653,1,
50,2138946797,13,Ens.Util.Statistics.1+653,1,
37,2138946798,13,Ens.Util.Statistics.1+654,1,
QUIT,2138946799,654
51,2138946800,13,Ens.Util.Statistics.1+654,1,
51,2138946800,13,Ens.Util.Statistics.1+654,1,
37,2138946801,13,Ens.Util.Statistics.1+605,1,
CALL,2138946802,13,Ens.Util.Statistics.1+605
ARG,[ 0] INT: 1
ARG,[ 1] STR (len=16): 4H006100700069002E00670065006E0064006500720069007A0065002E0069006F
50,2138946806,13,Ens.Util.Statistics.1+661,1,
50,2138946807,13,Ens.Util.Statistics.1+661,1,
37,2138946808,13,Ens.Util.Statistics.1+662,1,
50,2138946809,13,Ens.Util.Statistics.1+662,1,
37,2138946810,13,Ens.Util.Statistics.1+663,1,
QUIT,2138946811,663
51,2138946811,13,Ens.Util.Statistics.1+663,1,
51,2138946812,13,Ens.Util.Statistics.1+663,1,
51,2138946812,13,Ens.Util.Statistics.1+663,1,
50,2138946813,13,Ens.Util.Statistics.1+605,1,
37,2138946814,13,Ens.Util.Statistics.1+606,1,
37,2138946815,13,Ens.Util.Statistics.1+607,1,
CALL,2138946816,13,Ens.Util.Statistics.1+607
ARG,[ 0] INT: 2
ARG,[ 1] INT: 3
ARG,[ 2] STR (len=16): 4H006100700069002E00670065006E0064006500720069007A0065002E0069006F
50,2138946820,13,Ens.Util.Statistics.1+426,1,
50,2138946821,13,Ens.Util.Statistics.1+426,1,
50,2138946822,13,Ens.Util.Statistics.1+426,1,
37,2138946823,13,Ens.Util.Statistics.1+427,1,
37,2138946824,13,Ens.Util.Statistics.1+429,1,
37,2138946825,13,Ens.Util.Statistics.1+431,1,
37,2138946826,13,Ens.Util.Statistics.1+432,1,
50,2138946827,13,Ens.Util.Statistics.1+431,1,
37,2138946828,13,Ens.Util.Statistics.1+434,1,
CALL,2138946830,13,Ens.Util.Statistics.1+434
ARG,[ 0] INT: 1
ARG,[ 1] STR (len=3): 4H003100380038
ARG,[ 2] STR (len=7): 4H0025004F00700065006E00490064
ARG,[ 3] STR (len=17): 4H0045006E0073002E004D006500730073006100670065004800650061006400650072
38,2138946837,1,%Library.Persistent.1+0,0,
50,2138946838,1,%Library.Persistent.1+448,1,
50,2138946839,1,%Library.Persistent.1+448,1,
50,2138946840,1,%Library.Persistent.1+448,1,
37,2138946841,1,%Library.Persistent.1+448,1,
50,2138946841,1,%Library.Persistent.1+449,1,
37,2138946842,1,%Library.Persistent.1+449,1,
CALL,2138946844,1,%Library.Persistent.1+449
ARG,[ 0] INT: 3
ARG,[ 1] SCOPE: level=0, 0x00aaaac5a43b28
ARG,[ 2] SCOPE: level=0, 0x00aaaac5a43b10
ARG,[ 3] STR (len=5): 4H00050001003100380038
ARG,[ 4] INT: 4
50,2138946848,1,%Library.Persistent.1+417,1,
50,2138946848,1,%Library.Persistent.1+417,1,
37,2138946849,1,%Library.Persistent.1+417,1,
37,2138946850,1,%Library.Persistent.1+418,1,
37,2138946851,1,%Library.Persistent.1+419,1,
37,2138946852,1,%Library.Persistent.1+420,1,
50,2138946853,1,%Library.Persistent.1+421,1,
37,2138946854,1,%Library.Persistent.1+421,1,
37,2138946854,1,%Library.Persistent.1+422,1,
CALL,2138946856,1,%Library.Persistent.1+422
ARG,[ 0] INT: 2
ARG,[ 1] SCOPE: level=0, 0x00aaaac5a43bc8
ARG,[ 2] STR (len=5): 4H00050001003100380038
ARG,[ 3] INT: 17
38,2138947192,13,Ens.MessageHeader.1+0,0,
50,2138947193,13,Ens.MessageHeader.1+528,1,
50,2138947194,13,Ens.MessageHeader.1+528,1,
37,2138947195,13,Ens.MessageHeader.1+529,1,
50,2138947196,13,Ens.MessageHeader.1+529,1,
37,2138947197,13,Ens.MessageHeader.1+530,1,
37,2138947198,13,Ens.MessageHeader.1+531,1,
0,2138947200,13,Ens.MessageHeader.1+531,1,456E732E4D6573736167654865616465724400141D74^9^5^0
20,2138947201,13,Ens.MessageHeader.1+531,1,456E732E4D6573736167654865616465724400141D74^9^5^0
50,2138947202,13,Ens.MessageHeader.1+532,1,
37,2138947203,13,Ens.MessageHeader.1+532,1,
51,2138947204,13,Ens.MessageHeader.1+532,1,
50,2138947204,13,Ens.MessageHeader.1+532,1,
QUIT,2138947205,532
51,2138947206,13,Ens.MessageHeader.1+532,1,
51,2138947207,13,Ens.MessageHeader.1+532,1,
51,2138947207,13,Ens.MessageHeader.1+532,1,
51,2138947208,13,Ens.MessageHeader.1+532,1,
38,2138947209,1,%Library.Persistent.1+0,0,
37,2138947210,1,%Library.Persistent.1+423,1,
51,2138947211,1,%Library.Persistent.1+424,1,
50,2138947212,1,%Library.Persistent.1+424,1,
37,2138947213,1,%Library.Persistent.1+427,1,
37,2138947215,1,%Library.Persistent.1+428,1,
37,2138947216,1,%Library.Persistent.1+429,1,
37,2138947217,1,%Library.Persistent.1+430,1,
50,2138947218,1,%Library.Persistent.1+430,1,
37,2138947219,1,%Library.Persistent.1+431,1,
0,2138947220,1,%Library.Persistent.1+431,1,456E732E4D65737361676548656164657244^9^5^0
50,2138947221,1,%Library.Persistent.1+431,1,
50,2138947222,1,%Library.Persistent.1+432,1,
37,2138947223,1,%Library.Persistent.1+432,1,
CALL,2138947225,1,%Library.Persistent.1+432
ARG,[ 0] INT: 2
ARG,[ 1] INT: 1
ARG,[ 2] STR (len=24): 4H00050001003100380038001300010045006E0073002E004D006500730073006100670065004800650061006400650072
ARG,[ 3] INT: 31
50,2138947231,1,%Library.Persistent.1+415,1,
50,2138947232,1,%Library.Persistent.1+415,1,
50,2138947233,1,%Library.Persistent.1+415,1,
37,2138947233,1,%Library.Persistent.1+416,1,
QUIT,2138947234,416
51,2138947235,1,%Library.Persistent.1+416,1,
51,2138947235,1,%Library.Persistent.1+416,1,
51,2138947236,1,%Library.Persistent.1+416,1,
QUIT,2138947237,432
51,2138947238,1,%Library.Persistent.1+432,1,
51,2138947238,1,%Library.Persistent.1+432,1,
51,2138947239,1,%Library.Persistent.1+432,1,
51,2138947240,1,%Library.Persistent.1+432,1,
51,2138947241,1,%Library.Persistent.1+432,1,
51,2138947242,1,%Library.Persistent.1+432,1,
QUIT,2138947242,449
51,2138947243,1,%Library.Persistent.1+449,1,
51,2138947244,1,%Library.Persistent.1+449,1,
51,2138947244,1,%Library.Persistent.1+449,1,
51,2138947245,1,%Library.Persistent.1+449,1,
38,2138947246,13,Ens.Util.Statistics.1+0,0,
50,2138947247,13,Ens.Util.Statistics.1+436,1,
37,2138947248,13,Ens.Util.Statistics.1+436,1,
CALL,2138947250,13,Ens.Util.Statistics.1+436
ARG,[ 0] INT: 1
ARG,[ 1] STR (len=3): 4H003200310039
ARG,[ 2] STR (len=7): 4H0025004F00700065006E00490064
ARG,[ 3] STR (len=22): 4H0048005400540050002E006D00730067002E00670065006E0064006500720052006500710075006500730074
38,2138947257,1,%Library.Persistent.1+0,0,
50,2138947258,1,%Library.Persistent.1+448,1,
50,2138947259,1,%Library.Persistent.1+448,1,
50,2138947260,1,%Library.Persistent.1+448,1,
37,2138947261,1,%Library.Persistent.1+448,1,
50,2138947262,1,%Library.Persistent.1+449,1,
37,2138947262,1,%Library.Persistent.1+449,1,
CALL,2138947264,1,%Library.Persistent.1+449
ARG,[ 0] INT: 3
ARG,[ 1] SCOPE: level=0, 0x00aaaac5a43b28
ARG,[ 2] SCOPE: level=0, 0x00aaaac5a43b10
ARG,[ 3] STR (len=5): 4H00050001003200310039
ARG,[ 4] INT: 4
50,2138947267,1,%Library.Persistent.1+417,1,
50,2138947268,1,%Library.Persistent.1+417,1,
37,2138947269,1,%Library.Persistent.1+417,1,
37,2138947270,1,%Library.Persistent.1+418,1,
37,2138947271,1,%Library.Persistent.1+419,1,
37,2138947271,1,%Library.Persistent.1+420,1,
50,2138947272,1,%Library.Persistent.1+421,1,
37,2138947273,1,%Library.Persistent.1+421,1,
37,2138947274,1,%Library.Persistent.1+422,1,
CALL,2138947275,1,%Library.Persistent.1+422
ARG,[ 0] INT: 2
ARG,[ 1] SCOPE: level=0, 0x00aaaac5a43bc8
ARG,[ 2] STR (len=5): 4H00050001003200310039
ARG,[ 3] INT: 17
38,2138948885,13,Ens.Request.1+0,0,
50,2138948887,13,Ens.Request.1+53,1,
50,2138948889,13,Ens.Request.1+53,1,
37,2138948890,13,Ens.Request.1+54,1,
50,2138948891,13,Ens.Request.1+54,1,
37,2138948891,13,Ens.Request.1+55,1,
37,2138948892,13,Ens.Request.1+56,1,
0,2138948894,13,Ens.Request.1+56,1,456E732E4D657373616765426F64794400141E2F^9^5^0
20,2138948895,13,Ens.Request.1+56,1,456E732E4D657373616765426F64794400141E2F^9^5^0
50,2138948897,13,Ens.Request.1+56,1,
37,2138948900,13,Ens.Request.1+57,1,
51,2138948901,13,Ens.Request.1+57,1,
50,2138948901,13,Ens.Request.1+57,1,
37,2138948902,13,Ens.Request.1+58,1,
37,2138948903,13,Ens.Request.1+59,1,
51,2138948905,13,Ens.Request.1+60,1,
50,2138948905,13,Ens.Request.1+60,1,
37,2138948906,13,Ens.Request.1+60,1,
37,2138948907,13,Ens.Request.1+61,1,
QUIT,2138948908,61
51,2138948908,13,Ens.Request.1+61,1,
51,2138948909,13,Ens.Request.1+61,1,
51,2138948910,13,Ens.Request.1+61,1,
51,2138948911,13,Ens.Request.1+61,1,
38,2138948912,1,%Library.Persistent.1+0,0,
37,2138948913,1,%Library.Persistent.1+423,1,
51,2138948914,1,%Library.Persistent.1+424,1,
50,2138948915,1,%Library.Persistent.1+424,1,
37,2138948916,1,%Library.Persistent.1+427,1,
37,2138948918,1,%Library.Persistent.1+428,1,
37,2138948919,1,%Library.Persistent.1+429,1,
37,2138948920,1,%Library.Persistent.1+430,1,
50,2138948921,1,%Library.Persistent.1+430,1,
37,2138948922,1,%Library.Persistent.1+431,1,
0,2138948923,1,%Library.Persistent.1+431,1,456E732E4D657373616765426F647944^9^5^0
50,2138948924,1,%Library.Persistent.1+431,1,
50,2138948925,1,%Library.Persistent.1+432,1,
37,2138948926,1,%Library.Persistent.1+432,1,
CALL,2138948928,1,%Library.Persistent.1+432
ARG,[ 0] INT: 2
ARG,[ 1] INT: 1
ARG,[ 2] STR (len=29): 4H00050001003200310039001800010048005400540050002E006D00730067002E00670065006E0064006500720052006500710075006500730074
ARG,[ 3] INT: 31
50,2138948935,1,%Library.Persistent.1+415,1,
50,2138948936,1,%Library.Persistent.1+415,1,
50,2138948937,1,%Library.Persistent.1+415,1,
37,2138948937,1,%Library.Persistent.1+416,1,
QUIT,2138948938,416
51,2138948939,1,%Library.Persistent.1+416,1,
51,2138948939,1,%Library.Persistent.1+416,1,
51,2138948940,1,%Library.Persistent.1+416,1,
QUIT,2138948941,432
51,2138948942,1,%Library.Persistent.1+432,1,
51,2138948942,1,%Library.Persistent.1+432,1,
51,2138948943,1,%Library.Persistent.1+432,1,
51,2138948944,1,%Library.Persistent.1+432,1,
51,2138948945,1,%Library.Persistent.1+432,1,
51,2138948946,1,%Library.Persistent.1+432,1,
QUIT,2138948946,449
51,2138948947,1,%Library.Persistent.1+449,1,
51,2138948948,1,%Library.Persistent.1+449,1,
51,2138948948,1,%Library.Persistent.1+449,1,
51,2138948949,1,%Library.Persistent.1+449,1,
38,2138948950,13,Ens.Util.Statistics.1+0,0,
CALL,2138948953,13,Ens.Util.Statistics.1+436
ARG,[ 0] INT: 0
ARG,[ 1] INT: 8
ARG,[ 2] OREF: 8
38,2138948954,13,Ens.Util.MessageBodyMethods.1+0,0,
50,2138948956,13,Ens.Util.MessageBodyMethods.1+49,1,
37,2138948957,13,Ens.Util.MessageBodyMethods.1+50,1,
QUIT,2138948958,50
38,2138948958,13,Ens.Util.Statistics.1+0,0,
37,2138948959,13,Ens.Util.Statistics.1+437,1,
37,2138948960,13,Ens.Util.Statistics.1+438,1,
37,2138948961,13,Ens.Util.Statistics.1+439,1,
51,2138948962,13,Ens.Util.Statistics.1+441,1,
50,2138948963,13,Ens.Util.Statistics.1+441,1,
37,2138948963,13,Ens.Util.Statistics.1+441,1,
37,2138948964,13,Ens.Util.Statistics.1+442,1,
QUIT,2138948965,442
51,2138948965,13,Ens.Util.Statistics.1+442,1,
51,2138948966,13,Ens.Util.Statistics.1+442,1,
51,2138948967,13,Ens.Util.Statistics.1+442,1,
51,2138948968,13,Ens.Util.Statistics.1+442,1,
51,2138948968,13,Ens.Util.Statistics.1+442,1,
51,2138948969,13,Ens.Util.Statistics.1+609,1,
50,2138948970,13,Ens.Util.Statistics.1+609,1,
37,2138948971,13,Ens.Util.Statistics.1+609,1,
50,2138948972,13,Ens.Util.Statistics.1+609,1,
50,2138948973,13,Ens.Util.Statistics.1+609,1,
50,2138948974,13,Ens.Util.Statistics.1+609,1,
CALL,2138948975,13,Ens.Util.Statistics.1+609
ARG,[ 0] INT: 0
37,2138948976,13,Ens.Util.Statistics.1+652,1,
QUIT,2138948978,652
51,2138948978,13,Ens.Util.Statistics.1+609,1,
50,2138948979,13,Ens.Util.Statistics.1+610,1,
37,2138955177,13,Ens.Util.Statistics.1+610,1,
0,2138955181,13,Ens.Util.Statistics.1+610,1,495249532E54656D702E456E735374617473436F756E74657273002D362D37253434621519171C001522676800144D5F00131F0045544D124B49524849564D5E49124D53002C3838341251574B124B495248495636495559495758004753595258^3^5^0
1,2138955182,13,Ens.Util.Statistics.1+610,1,495249532E54656D702E456E735374617473436F756E74657273002D362D37253434621519171C001522676800144D5F00131F0045544D124B49524849564D5E49124D53002C3838341251574B124B495248495636495559495758004753595258^3^5^0
19,2138955198,13,Ens.Util.Statistics.1+610,1,495249532E54656D702E456E735374617473436F756E74657273002D362D37253434621519171C001522676800144D5F00131F0045544D124B49524849564D5E49124D53002C3838341251574B124B495248495636495559495758004753595258^3^5^0
20,2138955245,13,Ens.Util.Statistics.1+610,1,495249532E54656D702E456E735374617473436F756E74657273002D362D37253434621519171C001522676800144D5F00131F0045544D124B49524849564D5E49124D53002C3838341251574B124B495248495636495559495758004753595258^3^5^0
37,2138955266,13,Ens.Util.Statistics.1+611,1,
0,2138955269,13,Ens.Util.Statistics.1+611,1,495249532E54656D702E456E735374617473436F756E74657273002D362D37253434621519171C001522676800144D5F00131F0045544D124B49524849564D5E49124D53002C3838341251574B124B4952484956364955594957580048595645584D5352^3^5^0
1,2138955270,13,Ens.Util.Statistics.1+611,1,495249532E54656D702E456E735374617473436F756E74657273002D362D37253434621519171C001522676800144D5F00131F0045544D124B49524849564D5E49124D53002C3838341251574B124B4952484956364955594957580048595645584D5352^3^5^0
20,2138955271,13,Ens.Util.Statistics.1+611,1,495249532E54656D702E456E735374617473436F756E74657273002D362D37253434621519171C001522676800144D5F00131F0045544D124B49524849564D5E49124D53002C3838341251574B124B4952484956364955594957580048595645584D5352^3^5^0
37,2138955273,13,Ens.Util.Statistics.1+612,1,
0,2138955275,13,Ens.Util.Statistics.1+612,1,495249532E54656D702E456E735374617473436F756E74657273002D362D37253434621519171C001522676800144D5F00131F0045544D124B49524849564D5E49124D53002C3838341251574B124B495248495636495559495758004816^3^5^0
1,2138955276,13,Ens.Util.Statistics.1+612,1,495249532E54656D702E456E735374617473436F756E74657273002D362D37253434621519171C001522676800144D5F00131F0045544D124B49524849564D5E49124D53002C3838341251574B124B495248495636495559495758004816^3^5^0
20,2138955277,13,Ens.Util.Statistics.1+612,1,495249532E54656D702E456E735374617473436F756E74657273002D362D37253434621519171C001522676800144D5F00131F0045544D124B49524849564D5E49124D53002C3838341251574B124B495248495636495559495758004816^3^5^0
37,2138955278,13,Ens.Util.Statistics.1+613,1,
0,2138955281,13,Ens.Util.Statistics.1+613,1,495249532E54656D702E456E735374617473436F756E74657273002D362D37253434621519171C001522676800144D5F00131F0045544D124B49524849564D5E49124D53002C3838341251574B124B495248495636495559495758005559495949^3^5^0
1,2138955282,13,Ens.Util.Statistics.1+613,1,495249532E54656D702E456E735374617473436F756E74657273002D362D37253434621519171C001522676800144D5F00131F0045544D124B49524849564D5E49124D53002C3838341251574B124B495248495636495559495758005559495949^3^5^0
20,2138955283,13,Ens.Util.Statistics.1+613,1,495249532E54656D702E456E735374617473436F756E74657273002D362D37253434621519171C001522676800144D5F00131F0045544D124B49524849564D5E49124D53002C3838341251574B124B495248495636495559495758005559495949^3^5^0
37,2138955285,13,Ens.Util.Statistics.1+614,1,
37,2138955285,13,Ens.Util.Statistics.1+616,1,
CALL,2138955287,13,Ens.Util.Statistics.1+616
ARG,[ 0] INT: 1
ARG,[ 1] STR (len=16): 4H006100700069002E00670065006E0064006500720069007A0065002E0069006F
50,2138955292,13,Ens.Util.Statistics.1+655,1,
50,2138955293,13,Ens.Util.Statistics.1+655,1,
37,2138955294,13,Ens.Util.Statistics.1+656,1,
51,2138955295,13,Ens.Util.Statistics.1+656,1,
51,2138955296,13,Ens.Util.Statistics.1+656,1,
51,2138955297,13,Ens.Util.Statistics.1+656,1,
51,2138955298,13,Ens.Util.Statistics.1+656,1,
51,2138955299,13,Ens.Util.Statistics.1+656,1,
51,2138955300,13,Ens.Util.Statistics.1+656,1,
51,2138955301,13,Ens.Util.Statistics.1+656,1,
51,2138955302,13,Ens.Util.Statistics.1+656,1,
51,2138956876,13,Ens.Util.Statistics.1+656,1,
51,2138956877,13,Ens.Util.Statistics.1+656,1,
51,2138956883,13,Ens.Util.Statistics.1+656,1,
50,2138956884,13,Ens.Util.Statistics.1+656,1,
51,2138956885,13,Ens.Util.Statistics.1+656,1,
37,2138956886,13,Ens.Util.Statistics.1+657,1,
QUIT,2138956888,657
51,2138956888,13,Ens.Util.Statistics.1+657,1,
51,2138956889,13,Ens.Util.Statistics.1+657,1,
37,2138956890,13,Ens.Util.Statistics.1+618,1,
QUIT,2138956891,618
51,2138956892,13,Ens.Util.Statistics.1+618,1,
51,2138956893,13,Ens.Util.Statistics.1+618,1,
51,2138956893,13,Ens.Util.Statistics.1+618,1,
51,2138956894,13,Ens.Util.Statistics.1+618,1,
51,2138956895,13,Ens.Util.Statistics.1+618,1,
51,2138956896,13,Ens.Util.Statistics.1+618,1,
51,2138956897,13,Ens.Util.Statistics.1+618,1,
51,2138956898,13,Ens.Util.Statistics.1+618,1,
51,2138956898,13,Ens.Util.Statistics.1+618,1,
51,2138956899,13,Ens.Util.Statistics.1+618,1,
38,2138956901,10,HTTP.operation.1+0,0,
37,2138956902,10,HTTP.operation.1+431,1,
51,2138956903,10,HTTP.operation.1+431,1,
51,2138956904,10,HTTP.operation.1+431,1,
51,2138956905,10,HTTP.operation.1+431,1,
50,2138956906,10,HTTP.operation.1+431,1,
51,2138956907,10,HTTP.operation.1+431,1,
37,2138956908,10,HTTP.operation.1+432,1,
51,2138956909,10,HTTP.operation.1+432,1,
51,2138956910,10,HTTP.operation.1+432,1,
50,2138956911,10,HTTP.operation.1+432,1,
51,2138956911,10,HTTP.operation.1+432,1,
37,2138956912,10,HTTP.operation.1+433,1,
51,2138956914,10,HTTP.operation.1+433,1,
51,2138956915,10,HTTP.operation.1+433,1,
50,2138956916,10,HTTP.operation.1+433,1,
37,2138956917,10,HTTP.operation.1+434,1,
QUIT,2138956918,434
51,2138956918,10,HTTP.operation.1+434,1,
51,2138956919,10,HTTP.operation.1+434,1,
51,2138956920,10,HTTP.operation.1+434,1,
51,2138956921,10,HTTP.operation.1+434,1,
51,2138956921,10,HTTP.operation.1+434,1,
51,2138956922,10,HTTP.operation.1+434,1,
51,2138956923,10,HTTP.operation.1+434,1,
51,2138956924,10,HTTP.operation.1+434,1,
51,2138956925,10,HTTP.operation.1+434,1,
51,2138956926,10,HTTP.operation.1+434,1,
51,2138956927,10,HTTP.operation.1+434,1,
51,2138956928,10,HTTP.operation.1+434,1,
51,2138956928,10,HTTP.operation.1+434,1,
51,2138956929,10,HTTP.operation.1+434,1,
51,2138956930,10,HTTP.operation.1+434,1,
51,2138956931,10,HTTP.operation.1+434,1,
38,2138956932,13,Ens.Host.1+0,0,
37,2138956933,13,Ens.Host.1+285,1,
CALL,2138956935,13,Ens.Host.1+284
ARG,[ 0] INT: 0
ARG,[ 1] OREF: 8
38,2138956936,1,%Library.Persistent.1+0,0,
37,2138956938,1,%Library.Persistent.1+320,1,
37,2138956939,1,%Library.Persistent.1+321,1,
37,2138956941,1,%Library.Persistent.1+322,1,
37,2138956942,1,%Library.Persistent.1+323,1,
51,2138956944,1,%Library.Persistent.1+323,1,
51,2138956945,1,%Library.Persistent.1+323,1,
51,2138956946,1,%Library.Persistent.1+323,1,
50,2138956947,1,%Library.Persistent.1+323,1,
37,2138956947,1,%Library.Persistent.1+325,1,
QUIT,2138956948,325
38,2138956949,13,Ens.Host.1+0,0,
51,2138956950,13,Ens.Host.1+284,1,
51,2138956951,13,Ens.Host.1+284,1,
51,2138956952,13,Ens.Host.1+284,1,
51,2138956952,13,Ens.Host.1+284,1,
51,2138956953,13,Ens.Host.1+284,1,
37,2138956954,13,Ens.Host.1+285,1,
CALL,2138956955,13,Ens.Host.1+284
ARG,[ 0] INT: 0
ARG,[ 1] OREF: 10
38,2138956956,1,%Library.Persistent.1+0,0,
37,2138956957,1,%Library.Persistent.1+320,1,
37,2138956958,1,%Library.Persistent.1+321,1,
37,2138956959,1,%Library.Persistent.1+322,1,
37,2138956960,1,%Library.Persistent.1+323,1,
51,2138956965,1,%Library.Persistent.1+323,1,
51,2138956966,1,%Library.Persistent.1+323,1,
51,2138956967,1,%Library.Persistent.1+323,1,
50,2138956968,1,%Library.Persistent.1+323,1,
37,2138956969,1,%Library.Persistent.1+325,1,
QUIT,2138956970,325
38,2138956970,13,Ens.Host.1+0,0,
51,2138956971,13,Ens.Host.1+284,1,
51,2138956972,13,Ens.Host.1+284,1,
51,2138956973,13,Ens.Host.1+284,1,
51,2138956974,13,Ens.Host.1+284,1,
51,2138956975,13,Ens.Host.1+284,1,
51,2138956976,13,Ens.Host.1+284,1,
51,2138956976,13,Ens.Host.1+284,1,
51,2138956977,13,Ens.Host.1+284,1,
37,2138956978,13,Ens.Host.1+285,1,
37,2138956979,13,Ens.Host.1+286,1,
37,2138956980,13,Ens.Host.1+288,1,
37,2138957514,13,Ens.Host.1+289,1,
37,2138957517,13,Ens.Host.1+290,1,
CALL,2138957519,13,Ens.Host.1+290
ARG,[ 0] INT: 1
ARG,[ 1] OREF: 6
ARG,[ 2] INT: 14
38,2138957521,13,Ens.Queue.1+0,0,
50,2138957523,13,Ens.Queue.1+319,1,
50,2138957524,13,Ens.Queue.1+319,1,
50,2138957525,13,Ens.Queue.1+319,1,
37,2138957526,13,Ens.Queue.1+320,1,
50,2138957527,13,Ens.Queue.1+320,1,
50,2138957528,13,Ens.Queue.1+322,1,
37,2138957529,13,Ens.Queue.1+322,1,
37,2138957530,13,Ens.Queue.1+323,1,
51,2138957533,13,Ens.Queue.1+323,1,
50,2138957533,13,Ens.Queue.1+323,1,
37,2138957534,13,Ens.Queue.1+324,1,
CALL,2138957536,13,Ens.Queue.1+324
ARG,[ 0] INT: 8
ARG,[ 1] OREF: 6
38,2138957537,13,Ens.MessageHeader.1+0,0,
50,2138957538,13,Ens.MessageHeader.1+1037,1,
50,2138957539,13,Ens.MessageHeader.1+1037,1,
37,2138957540,13,Ens.MessageHeader.1+1038,1,
37,2138957541,13,Ens.MessageHeader.1+1039,1,
50,2138957542,13,Ens.MessageHeader.1+1039,1,
50,2138957543,13,Ens.MessageHeader.1+1039,1,
50,2138957543,13,Ens.MessageHeader.1+1039,1,
50,2138957544,13,Ens.MessageHeader.1+1039,1,
50,2138957545,13,Ens.MessageHeader.1+1040,1,
37,2138957546,13,Ens.MessageHeader.1+1040,1,
CALL,2138957548,13,Ens.MessageHeader.1+1040
38,2138957549,0,ROLLBACK+0,0,
37,2138957551,0,ROLLBACK+1415,1,
37,2138957552,0,ROLLBACK+1416,1,
37,2138957553,0,ROLLBACK+1417,1,
QUIT,2138957554,1417
38,2138957554,13,Ens.MessageHeader.1+0,0,
50,2138957555,13,Ens.MessageHeader.1+1041,1,
37,2138957556,13,Ens.MessageHeader.1+1041,1,
50,2138957557,13,Ens.MessageHeader.1+1041,1,
50,2138957558,13,Ens.MessageHeader.1+1041,1,
50,2138957559,13,Ens.MessageHeader.1+1041,1,
50,2138957560,13,Ens.MessageHeader.1+1041,1,
50,2138957561,13,Ens.MessageHeader.1+1041,1,
50,2138957562,13,Ens.MessageHeader.1+1041,1,
50,2138957563,13,Ens.MessageHeader.1+1041,1,
50,2138957564,13,Ens.MessageHeader.1+1041,1,
50,2138957564,13,Ens.MessageHeader.1+1041,1,
50,2138957566,13,Ens.MessageHeader.1+1041,1,
CALL,2138957567,13,Ens.MessageHeader.1+1041
ARG,[ 0] INT: 1
ARG,[ 1] STR (len=3): 4H003100380039
50,2138957569,13,Ens.MessageHeader.1+227,1,
50,2138957582,13,Ens.MessageHeader.1+227,1,
37,2138957583,13,Ens.MessageHeader.1+228,1,
0,2138957585,13,Ens.MessageHeader.1+228,1,456E732E4D6573736167654865616465724400141D75^9^5^0
20,2138957587,13,Ens.MessageHeader.1+228,1,456E732E4D6573736167654865616465724400141D75^9^5^0
50,2138957588,13,Ens.MessageHeader.1+228,1,
QUIT,2138957589,228
51,2138957589,13,Ens.MessageHeader.1+228,1,
51,2138957590,13,Ens.MessageHeader.1+228,1,
51,2138957591,13,Ens.MessageHeader.1+228,1,
51,2138957592,13,Ens.MessageHeader.1+1041,1,
50,2138957593,13,Ens.MessageHeader.1+1041,1,
51,2138957593,13,Ens.MessageHeader.1+1041,1,
50,2138957594,13,Ens.MessageHeader.1+1041,1,
37,2138957595,13,Ens.MessageHeader.1+1042,1,
CALL,2138957596,13,Ens.MessageHeader.1+1042
ARG,[ 0] INT: 0
ARG,[ 1] INT: 63
38,2138957598,1,%Library.RegisteredObject.1+0,0,
37,2138957599,1,%Library.RegisteredObject.1+77,1,
QUIT,2138957600,77
38,2138957601,13,Ens.MessageHeader.1+0,0,
CALL,2138957602,13,Ens.MessageHeader.1+1042
ARG,[ 0] INT: 1
ARG,[ 1] STR (len=24): 4H00050001003100380039001300010045006E0073002E004D006500730073006100670065004800650061006400650072
50,2138957607,13,Ens.MessageHeader.1+1267,1,
50,2138957608,13,Ens.MessageHeader.1+1267,1,
50,2138957609,13,Ens.MessageHeader.1+1267,1,
37,2138957610,13,Ens.MessageHeader.1+1269,1,
50,2138957611,13,Ens.MessageHeader.1+1269,1,
50,2138957612,13,Ens.MessageHeader.1+1269,1,
37,2138957613,13,Ens.MessageHeader.1+1270,1,
CALL,2138957614,13,Ens.MessageHeader.1+1270
ARG,[ 0] INT: 2
ARG,[ 1] INT: 0
ARG,[ 2] SCOPE: level=0,            (nil)
50,2138957616,13,Ens.MessageHeader.1+1342,1,
50,2138957616,13,Ens.MessageHeader.1+1342,1,
50,2138957617,13,Ens.MessageHeader.1+1342,1,
37,2138957618,13,Ens.MessageHeader.1+1343,1,
50,2138957619,13,Ens.MessageHeader.1+1344,1,
37,2138957620,13,Ens.MessageHeader.1+1344,1,
37,2138957621,13,Ens.MessageHeader.1+1345,1,
50,2138957622,13,Ens.MessageHeader.1+1345,1,
CALL,2138957623,13,Ens.MessageHeader.1+1345
ARG,[ 0] INT: 1
ARG,[ 1] INT: 28
ARG,[ 2] INT: 71
38,2138958808,13,Ens.MessageHeaderBase.1+0,0,
50,2138958810,13,Ens.MessageHeaderBase.1+7,1,
50,2138958811,13,Ens.MessageHeaderBase.1+7,1,
37,2138958812,13,Ens.MessageHeaderBase.1+8,1,
QUIT,2138958814,8
51,2138958815,13,Ens.MessageHeaderBase.1+8,1,
51,2138958815,13,Ens.MessageHeaderBase.1+8,1,
38,2138958817,13,Ens.MessageHeader.1+0,0,
50,2138958818,13,Ens.MessageHeader.1+1345,1,
37,2138958819,13,Ens.MessageHeader.1+1346,1,
CALL,2138958820,13,Ens.MessageHeader.1+1346
ARG,[ 0] INT: 1
ARG,[ 1] STR (len=3): 4H003100380038
ARG,[ 2] INT: 72
38,2138958823,13,Ens.MessageHeaderBase.1+0,0,
50,2138958824,13,Ens.MessageHeaderBase.1+7,1,
50,2138958825,13,Ens.MessageHeaderBase.1+7,1,
37,2138958826,13,Ens.MessageHeaderBase.1+8,1,
QUIT,2138958827,8
51,2138958827,13,Ens.MessageHeaderBase.1+8,1,
51,2138958828,13,Ens.MessageHeaderBase.1+8,1,
38,2138958829,13,Ens.MessageHeader.1+0,0,
37,2138958830,13,Ens.MessageHeader.1+1347,1,
37,2138958831,13,Ens.MessageHeader.1+1348,1,
37,2138958832,13,Ens.MessageHeader.1+1349,1,
CALL,2138958833,13,Ens.MessageHeader.1+1349
ARG,[ 0] INT: 1
ARG,[ 1] INT: 1
ARG,[ 2] INT: 75
38,2138958835,13,Ens.MessageHeaderBase.1+0,0,
50,2138958836,13,Ens.MessageHeaderBase.1+18,1,
50,2138958836,13,Ens.MessageHeaderBase.1+18,1,
37,2138958837,13,Ens.MessageHeaderBase.1+19,1,
QUIT,2138958838,19
51,2138958839,13,Ens.MessageHeaderBase.1+19,1,
51,2138958840,13,Ens.MessageHeaderBase.1+19,1,
38,2138958840,13,Ens.MessageHeader.1+0,0,
37,2138958841,13,Ens.MessageHeader.1+1350,1,
CALL,2138958842,13,Ens.MessageHeader.1+1350
ARG,[ 0] INT: 1
ARG,[ 1] INT: 0
ARG,[ 2] INT: 76
38,2138958844,13,Ens.MessageHeaderBase.1+0,0,
50,2138958845,13,Ens.MessageHeaderBase.1+26,1,
50,2138958846,13,Ens.MessageHeaderBase.1+26,1,
37,2138958847,13,Ens.MessageHeaderBase.1+27,1,
QUIT,2138958848,27
51,2138958848,13,Ens.MessageHeaderBase.1+27,1,
51,2138958849,13,Ens.MessageHeaderBase.1+27,1,
38,2138958850,13,Ens.MessageHeader.1+0,0,
37,2138958851,13,Ens.MessageHeader.1+1351,1,
51,2138958852,13,Ens.MessageHeader.1+1351,1,
50,2138958852,13,Ens.MessageHeader.1+1351,1,
37,2138958853,13,Ens.MessageHeader.1+1352,1,
51,2138958854,13,Ens.MessageHeader.1+1352,1,
50,2138958855,13,Ens.MessageHeader.1+1352,1,
37,2138958856,13,Ens.MessageHeader.1+1353,1,
CALL,2138958857,13,Ens.MessageHeader.1+1353
ARG,[ 0] INT: 1
ARG,[ 1] INT: 6
ARG,[ 2] INT: 79
38,2138958858,13,Ens.MessageHeaderBase.1+0,0,
50,2138958859,13,Ens.MessageHeaderBase.1+32,1,
50,2138958860,13,Ens.MessageHeaderBase.1+32,1,
37,2138958861,13,Ens.MessageHeaderBase.1+33,1,
QUIT,2138958862,33
51,2138958862,13,Ens.MessageHeaderBase.1+33,1,
51,2138958863,13,Ens.MessageHeaderBase.1+33,1,
38,2138958864,13,Ens.MessageHeader.1+0,0,
37,2138958865,13,Ens.MessageHeader.1+1354,1,
37,2138958866,13,Ens.MessageHeader.1+1355,1,
37,2138958867,13,Ens.MessageHeader.1+1356,1,
CALL,2138958868,13,Ens.MessageHeader.1+1356
ARG,[ 0] INT: 1
ARG,[ 1] INT: 187
ARG,[ 2] INT: 82
38,2138958869,13,Ens.MessageHeaderBase.1+0,0,
50,2138958870,13,Ens.MessageHeaderBase.1+7,1,
50,2138958871,13,Ens.MessageHeaderBase.1+7,1,
37,2138958872,13,Ens.MessageHeaderBase.1+8,1,
QUIT,2138958873,8
51,2138958873,13,Ens.MessageHeaderBase.1+8,1,
51,2138958874,13,Ens.MessageHeaderBase.1+8,1,
38,2138958875,13,Ens.MessageHeader.1+0,0,
37,2138958876,13,Ens.MessageHeader.1+1357,1,
CALL,2138958877,13,Ens.MessageHeader.1+1357
ARG,[ 0] INT: 1
ARG,[ 1] INT: 3
ARG,[ 2] INT: 83
38,2138958878,13,Ens.MessageHeaderBase.1+0,0,
50,2138958879,13,Ens.MessageHeaderBase.1+42,1,
50,2138958880,13,Ens.MessageHeaderBase.1+42,1,
37,2138958881,13,Ens.MessageHeaderBase.1+43,1,
QUIT,2138958882,43
51,2138958882,13,Ens.MessageHeaderBase.1+43,1,
51,2138958883,13,Ens.MessageHeaderBase.1+43,1,
38,2138958884,13,Ens.MessageHeader.1+0,0,
37,2138958885,13,Ens.MessageHeader.1+1358,1,
51,2138958886,13,Ens.MessageHeader.1+1358,1,
50,2138958886,13,Ens.MessageHeader.1+1358,1,
37,2138958887,13,Ens.MessageHeader.1+1359,1,
51,2138958888,13,Ens.MessageHeader.1+1359,1,
50,2138958889,13,Ens.MessageHeader.1+1359,1,
CALL,2138958890,13,Ens.MessageHeader.1+1359
ARG,[ 0] INT: 1
ARG,[ 1] INT: 2
ARG,[ 2] INT: 85
38,2138958891,13,Ens.MessageHeaderBase.1+0,0,
50,2138959303,13,Ens.MessageHeaderBase.1+50,1,
50,2138959304,13,Ens.MessageHeaderBase.1+50,1,
37,2138959305,13,Ens.MessageHeaderBase.1+51,1,
QUIT,2138959307,51
51,2138959307,13,Ens.MessageHeaderBase.1+51,1,
51,2138959308,13,Ens.MessageHeaderBase.1+51,1,
38,2138959309,13,Ens.MessageHeader.1+0,0,
37,2138959310,13,Ens.MessageHeader.1+1360,1,
37,2138959312,13,Ens.MessageHeader.1+1361,1,
CALL,2138959313,13,Ens.MessageHeader.1+1361
ARG,[ 0] INT: 1
ARG,[ 1] INT: 2
ARG,[ 2] INT: 87
38,2138959315,13,Ens.MessageHeaderBase.1+0,0,
50,2138959316,13,Ens.MessageHeaderBase.1+42,1,
50,2138959317,13,Ens.MessageHeaderBase.1+42,1,
37,2138959317,13,Ens.MessageHeaderBase.1+43,1,
QUIT,2138959318,43
51,2138959319,13,Ens.MessageHeaderBase.1+43,1,
51,2138959320,13,Ens.MessageHeaderBase.1+43,1,
38,2138959320,13,Ens.MessageHeader.1+0,0,
37,2138959321,13,Ens.MessageHeader.1+1362,1,
51,2138959322,13,Ens.MessageHeader.1+1362,1,
50,2138959323,13,Ens.MessageHeader.1+1362,1,
37,2138959324,13,Ens.MessageHeader.1+1363,1,
37,2138959325,13,Ens.MessageHeader.1+1364,1,
37,2138959326,13,Ens.MessageHeader.1+1365,1,
37,2138959327,13,Ens.MessageHeader.1+1366,1,
51,2138959328,13,Ens.MessageHeader.1+1366,1,
50,2138959329,13,Ens.MessageHeader.1+1366,1,
CALL,2138959330,13,Ens.MessageHeader.1+1366
ARG,[ 0] INT: 1
ARG,[ 1] INT: 2
ARG,[ 2] INT: 92
38,2138959331,13,Ens.MessageHeaderBase.1+0,0,
50,2138959332,13,Ens.MessageHeaderBase.1+130,1,
50,2138959333,13,Ens.MessageHeaderBase.1+130,1,
37,2138959334,13,Ens.MessageHeaderBase.1+131,1,
QUIT,2138959335,131
51,2138959335,13,Ens.MessageHeaderBase.1+131,1,
51,2138959336,13,Ens.MessageHeaderBase.1+131,1,
38,2138959337,13,Ens.MessageHeader.1+0,0,
37,2138959338,13,Ens.MessageHeader.1+1367,1,
QUIT,2138959339,1367
51,2138959339,13,Ens.MessageHeader.1+1367,1,
51,2138959340,13,Ens.MessageHeader.1+1367,1,
51,2138959341,13,Ens.MessageHeader.1+1367,1,
51,2138959342,13,Ens.MessageHeader.1+1367,1,
51,2138959342,13,Ens.MessageHeader.1+1367,1,
51,2138959343,13,Ens.MessageHeader.1+1367,1,
50,2138959344,13,Ens.MessageHeader.1+1270,1,
37,2138959345,13,Ens.MessageHeader.1+1271,1,
CALL,2138959346,13,Ens.MessageHeader.1+1271
ARG,[ 0] INT: 0
37,2138959347,13,Ens.MessageHeader.1+447,1,
37,2138959349,13,Ens.MessageHeader.1+448,1,
50,2138959350,13,Ens.MessageHeader.1+448,1,
CALL,2138959351,13,Ens.MessageHeader.1+448
ARG,[ 0] INT: 1
ARG,[ 1] INT: 28
ARG,[ 2] INT: 17
38,2138959352,13,Ens.MessageHeaderBase.1+0,0,
50,2138959353,13,Ens.MessageHeaderBase.1+9,1,
50,2138959354,13,Ens.MessageHeaderBase.1+9,1,
37,2138959355,13,Ens.MessageHeaderBase.1+10,1,
QUIT,2138959356,10
51,2138959356,13,Ens.MessageHeaderBase.1+10,1,
51,2138959357,13,Ens.MessageHeaderBase.1+10,1,
38,2138959358,13,Ens.MessageHeader.1+0,0,
51,2138959359,13,Ens.MessageHeader.1+448,1,
37,2138959360,13,Ens.MessageHeader.1+449,1,
50,2138959361,13,Ens.MessageHeader.1+449,1,
CALL,2138959362,13,Ens.MessageHeader.1+449
ARG,[ 0] INT: 1
ARG,[ 1] STR (len=3): 4H003100380038
ARG,[ 2] INT: 18
38,2138959364,13,Ens.MessageHeaderBase.1+0,0,
50,2138959365,13,Ens.MessageHeaderBase.1+9,1,
50,2138959366,13,Ens.MessageHeaderBase.1+9,1,
37,2138959367,13,Ens.MessageHeaderBase.1+10,1,
QUIT,2138959368,10
51,2138959368,13,Ens.MessageHeaderBase.1+10,1,
51,2138959369,13,Ens.MessageHeaderBase.1+10,1,
38,2138959370,13,Ens.MessageHeader.1+0,0,
51,2138959371,13,Ens.MessageHeader.1+449,1,
37,2138959372,13,Ens.MessageHeader.1+450,1,
37,2138959373,13,Ens.MessageHeader.1+451,1,
50,2138959373,13,Ens.MessageHeader.1+451,1,
CALL,2138959374,13,Ens.MessageHeader.1+451
ARG,[ 0] INT: 1
ARG,[ 1] INT: 1
ARG,[ 2] INT: 20
38,2138959376,13,Ens.MessageHeaderBase.1+0,0,
50,2138959377,13,Ens.MessageHeaderBase.1+22,1,
50,2138959378,13,Ens.MessageHeaderBase.1+22,1,
37,2138959379,13,Ens.MessageHeaderBase.1+23,1,
QUIT,2138959380,23
51,2138959380,13,Ens.MessageHeaderBase.1+23,1,
51,2138959381,13,Ens.MessageHeaderBase.1+23,1,
38,2138959381,13,Ens.MessageHeader.1+0,0,
51,2138959382,13,Ens.MessageHeader.1+451,1,
37,2138959383,13,Ens.MessageHeader.1+452,1,
50,2138959384,13,Ens.MessageHeader.1+452,1,
CALL,2138959385,13,Ens.MessageHeader.1+452
ARG,[ 0] INT: 1
ARG,[ 1] INT: 0
ARG,[ 2] INT: 21
38,2138959878,13,Ens.MessageHeaderBase.1+0,0,
50,2138959880,13,Ens.MessageHeaderBase.1+28,1,
50,2138959880,13,Ens.MessageHeaderBase.1+28,1,
37,2138959881,13,Ens.MessageHeaderBase.1+29,1,
QUIT,2138959882,29
51,2138959883,13,Ens.MessageHeaderBase.1+29,1,
51,2138959884,13,Ens.MessageHeaderBase.1+29,1,
38,2138959885,13,Ens.MessageHeader.1+0,0,
51,2138959886,13,Ens.MessageHeader.1+452,1,
37,2138959887,13,Ens.MessageHeader.1+453,1,
50,2138959888,13,Ens.MessageHeader.1+453,1,
51,2138959889,13,Ens.MessageHeader.1+453,1,
37,2138959890,13,Ens.MessageHeader.1+454,1,
50,2138959891,13,Ens.MessageHeader.1+454,1,
51,2138959892,13,Ens.MessageHeader.1+454,1,
37,2138959893,13,Ens.MessageHeader.1+455,1,
50,2138959894,13,Ens.MessageHeader.1+455,1,
CALL,2138959895,13,Ens.MessageHeader.1+455
ARG,[ 0] INT: 1
ARG,[ 1] INT: 6
ARG,[ 2] INT: 24
38,2138959896,13,Ens.MessageHeaderBase.1+0,0,
50,2138959897,13,Ens.MessageHeaderBase.1+36,1,
50,2138959898,13,Ens.MessageHeaderBase.1+36,1,
37,2138959899,13,Ens.MessageHeaderBase.1+37,1,
QUIT,2138959900,37
51,2138959900,13,Ens.MessageHeaderBase.1+37,1,
51,2138959901,13,Ens.MessageHeaderBase.1+37,1,
38,2138959902,13,Ens.MessageHeader.1+0,0,
51,2138959903,13,Ens.MessageHeader.1+455,1,
37,2138959903,13,Ens.MessageHeader.1+456,1,
37,2138959904,13,Ens.MessageHeader.1+457,1,
37,2138959905,13,Ens.MessageHeader.1+458,1,
50,2138959906,13,Ens.MessageHeader.1+458,1,
CALL,2138959907,13,Ens.MessageHeader.1+458
ARG,[ 0] INT: 1
ARG,[ 1] INT: 187
ARG,[ 2] INT: 27
38,2138959909,13,Ens.MessageHeaderBase.1+0,0,
50,2138959909,13,Ens.MessageHeaderBase.1+9,1,
50,2138959910,13,Ens.MessageHeaderBase.1+9,1,
37,2138959911,13,Ens.MessageHeaderBase.1+10,1,
QUIT,2138959912,10
51,2138959913,13,Ens.MessageHeaderBase.1+10,1,
51,2138959913,13,Ens.MessageHeaderBase.1+10,1,
38,2138959914,13,Ens.MessageHeader.1+0,0,
51,2138959915,13,Ens.MessageHeader.1+458,1,
37,2138959916,13,Ens.MessageHeader.1+459,1,
50,2138959917,13,Ens.MessageHeader.1+459,1,
CALL,2138959918,13,Ens.MessageHeader.1+459
ARG,[ 0] INT: 1
ARG,[ 1] INT: 3
ARG,[ 2] INT: 28
38,2138959919,13,Ens.MessageHeaderBase.1+0,0,
50,2138959920,13,Ens.MessageHeaderBase.1+46,1,
50,2138959921,13,Ens.MessageHeaderBase.1+46,1,
37,2138959922,13,Ens.MessageHeaderBase.1+47,1,
QUIT,2138959923,47
51,2138959923,13,Ens.MessageHeaderBase.1+47,1,
51,2138959924,13,Ens.MessageHeaderBase.1+47,1,
38,2138959925,13,Ens.MessageHeader.1+0,0,
51,2138959926,13,Ens.MessageHeader.1+459,1,
37,2138959926,13,Ens.MessageHeader.1+460,1,
50,2138959927,13,Ens.MessageHeader.1+460,1,
51,2138959928,13,Ens.MessageHeader.1+460,1,
37,2138959929,13,Ens.MessageHeader.1+461,1,
50,2138959930,13,Ens.MessageHeader.1+461,1,
CALL,2138959931,13,Ens.MessageHeader.1+461
ARG,[ 0] INT: 1
ARG,[ 1] INT: 2
ARG,[ 2] INT: 30
38,2138959932,13,Ens.MessageHeaderBase.1+0,0,
50,2138959933,13,Ens.MessageHeaderBase.1+54,1,
50,2138959934,13,Ens.MessageHeaderBase.1+54,1,
37,2138959935,13,Ens.MessageHeaderBase.1+55,1,
QUIT,2138959936,55
51,2138959936,13,Ens.MessageHeaderBase.1+55,1,
51,2138959937,13,Ens.MessageHeaderBase.1+55,1,
38,2138959938,13,Ens.MessageHeader.1+0,0,
51,2138959939,13,Ens.MessageHeader.1+461,1,
37,2138959939,13,Ens.MessageHeader.1+462,1,
37,2138959940,13,Ens.MessageHeader.1+463,1,
50,2138959941,13,Ens.MessageHeader.1+463,1,
CALL,2138959942,13,Ens.MessageHeader.1+463
ARG,[ 0] INT: 1
ARG,[ 1] INT: 2
ARG,[ 2] INT: 32
38,2138959944,13,Ens.MessageHeaderBase.1+0,0,
50,2138959944,13,Ens.MessageHeaderBase.1+46,1,
50,2138959945,13,Ens.MessageHeaderBase.1+46,1,
37,2138959946,13,Ens.MessageHeaderBase.1+47,1,
QUIT,2138959947,47
51,2138959947,13,Ens.MessageHeaderBase.1+47,1,
51,2138959948,13,Ens.MessageHeaderBase.1+47,1,
38,2138959949,13,Ens.MessageHeader.1+0,0,
51,2138959950,13,Ens.MessageHeader.1+463,1,
37,2138959951,13,Ens.MessageHeader.1+464,1,
50,2138959952,13,Ens.MessageHeader.1+464,1,
51,2138959952,13,Ens.MessageHeader.1+464,1,
37,2138959953,13,Ens.MessageHeader.1+465,1,
50,2138959954,13,Ens.MessageHeader.1+465,1,
51,2138959955,13,Ens.MessageHeader.1+465,1,
37,2138959956,13,Ens.MessageHeader.1+466,1,
50,2138961586,13,Ens.MessageHeader.1+466,1,
CALL,2138961587,13,Ens.MessageHeader.1+466
ARG,[ 0] INT: 1
ARG,[ 1] STR (len=23): 4H0032003000320036002D00300031002D00300036002000310033003A00340037003A00350036002E003600360032
ARG,[ 2] INT: 35
38,2138961594,13,Ens.MessageHeaderBase.1+0,0,
50,2138961595,13,Ens.MessageHeaderBase.1+62,1,
50,2138961596,13,Ens.MessageHeaderBase.1+62,1,
37,2138961597,13,Ens.MessageHeaderBase.1+63,1,
37,2138961598,13,Ens.MessageHeaderBase.1+64,1,
50,2138961599,13,Ens.MessageHeaderBase.1+64,1,
37,2138961601,13,Ens.MessageHeaderBase.1+65,1,
37,2138961602,13,Ens.MessageHeaderBase.1+66,1,
QUIT,2138961602,66
51,2138961603,13,Ens.MessageHeaderBase.1+66,1,
51,2138961604,13,Ens.MessageHeaderBase.1+66,1,
51,2138961605,13,Ens.MessageHeaderBase.1+66,1,
38,2138961606,13,Ens.MessageHeader.1+0,0,
51,2138961607,13,Ens.MessageHeader.1+466,1,
37,2138961609,13,Ens.MessageHeader.1+467,1,
50,2138961610,13,Ens.MessageHeader.1+467,1,
CALL,2138961611,13,Ens.MessageHeader.1+467
ARG,[ 0] INT: 1
ARG,[ 1] STR (len=23): 4H0032003000320036002D00300031002D00300036002000310033003A00340037003A00350036002E003600370036
ARG,[ 2] INT: 36
38,2138961616,13,Ens.MessageHeaderBase.1+0,0,
50,2138961617,13,Ens.MessageHeaderBase.1+98,1,
50,2138961618,13,Ens.MessageHeaderBase.1+98,1,
37,2138961619,13,Ens.MessageHeaderBase.1+99,1,
37,2138961620,13,Ens.MessageHeaderBase.1+100,1,
50,2138961621,13,Ens.MessageHeaderBase.1+100,1,
37,2138961622,13,Ens.MessageHeaderBase.1+101,1,
37,2138961623,13,Ens.MessageHeaderBase.1+102,1,
QUIT,2138961623,102
51,2138961624,13,Ens.MessageHeaderBase.1+102,1,
51,2138961625,13,Ens.MessageHeaderBase.1+102,1,
51,2138961625,13,Ens.MessageHeaderBase.1+102,1,
38,2138961626,13,Ens.MessageHeader.1+0,0,
51,2138961627,13,Ens.MessageHeader.1+467,1,
37,2138961628,13,Ens.MessageHeader.1+468,1,
50,2138961629,13,Ens.MessageHeader.1+468,1,
CALL,2138961630,13,Ens.MessageHeader.1+468
ARG,[ 0] INT: 1
ARG,[ 1] INT: 2
ARG,[ 2] INT: 37
38,2138961631,13,Ens.MessageHeaderBase.1+0,0,
50,2138961632,13,Ens.MessageHeaderBase.1+134,1,
50,2138961633,13,Ens.MessageHeaderBase.1+134,1,
37,2138961634,13,Ens.MessageHeaderBase.1+135,1,
QUIT,2138961635,135
51,2138961636,13,Ens.MessageHeaderBase.1+135,1,
51,2138961636,13,Ens.MessageHeaderBase.1+135,1,
38,2138961637,13,Ens.MessageHeader.1+0,0,
51,2138961638,13,Ens.MessageHeader.1+468,1,
37,2138961639,13,Ens.MessageHeader.1+469,1,
QUIT,2138961640,469
37,2138961640,13,Ens.MessageHeader.1+1272,1,
50,2138961642,13,Ens.MessageHeader.1+1272,1,
50,2138961643,13,Ens.MessageHeader.1+1272,1,
37,2138961644,13,Ens.MessageHeader.1+1273,1,
50,2138961645,13,Ens.MessageHeader.1+1273,1,
CALL,2138961646,13,Ens.MessageHeader.1+1273
ARG,[ 0] INT: 1
ARG,[ 1] SCOPE: level=0, 0x00aaaac5a43750
ARG,[ 2] INT: 68
50,2138961648,13,Ens.MessageHeader.1+1049,1,
37,2138961649,13,Ens.MessageHeader.1+1051,1,
50,2138961650,13,Ens.MessageHeader.1+1051,1,
50,2138961651,13,Ens.MessageHeader.1+1051,1,
37,2138961652,13,Ens.MessageHeader.1+1052,1,
50,2138961653,13,Ens.MessageHeader.1+1052,1,
50,2138961653,13,Ens.MessageHeader.1+1052,1,
50,2138961654,13,Ens.MessageHeader.1+1053,1,
37,2138961655,13,Ens.MessageHeader.1+1053,1,
37,2138961656,13,Ens.MessageHeader.1+1054,1,
50,2138961657,13,Ens.MessageHeader.1+1054,1,
50,2138961658,13,Ens.MessageHeader.1+1055,1,
37,2138961659,13,Ens.MessageHeader.1+1055,1,
50,2138961659,13,Ens.MessageHeader.1+1055,1,
37,2138961660,13,Ens.MessageHeader.1+1056,1,
50,2138961663,13,Ens.MessageHeader.1+1056,1,
37,2138961663,13,Ens.MessageHeader.1+1057,1,
50,2138961664,13,Ens.MessageHeader.1+1058,1,
37,2138961665,13,Ens.MessageHeader.1+1058,1,
50,2138961666,13,Ens.MessageHeader.1+1058,1,
37,2138961667,13,Ens.MessageHeader.1+1059,1,
50,2138961668,13,Ens.MessageHeader.1+1060,1,
37,2138961669,13,Ens.MessageHeader.1+1060,1,
50,2138961670,13,Ens.MessageHeader.1+1060,1,
37,2138961671,13,Ens.MessageHeader.1+1061,1,
50,2138961671,13,Ens.MessageHeader.1+1061,1,
37,2138961672,13,Ens.MessageHeader.1+1063,1,
50,2138961673,13,Ens.MessageHeader.1+1065,1,
37,2138961674,13,Ens.MessageHeader.1+1065,1,
37,2138961675,13,Ens.MessageHeader.1+1066,1,
40,2138965331,13,Ens.MessageHeader.1+1066,1,
41,2138965336,13,Ens.MessageHeader.1+1066,1,
50,2138965338,13,Ens.MessageHeader.1+1066,1,
51,2138965339,13,Ens.MessageHeader.1+1066,1,
37,2138965341,13,Ens.MessageHeader.1+1067,1,
0,2138965343,13,Ens.MessageHeader.1+1067,1,456E732E4D6573736167654865616465724400141D75^9^5^0
20,2138965344,13,Ens.MessageHeader.1+1067,1,456E732E4D6573736167654865616465724400141D75^9^5^0
37,2138965345,13,Ens.MessageHeader.1+1068,1,
37,2138965346,13,Ens.MessageHeader.1+1069,1,
37,2138965349,13,Ens.MessageHeader.1+1072,1,
37,2138965350,13,Ens.MessageHeader.1+1073,1,
40,2138969237,13,Ens.MessageHeader.1+1073,1,
41,2138969244,13,Ens.MessageHeader.1+1073,1,
50,2138969246,13,Ens.MessageHeader.1+1073,1,
51,2138969248,13,Ens.MessageHeader.1+1073,1,
37,2138969249,13,Ens.MessageHeader.1+1074,1,
37,2138969251,13,Ens.MessageHeader.1+1075,1,
0,2138969253,13,Ens.MessageHeader.1+1075,1,456E732E4D6573736167654865616465724400141D75^9^5^0
1,2138969255,13,Ens.MessageHeader.1+1075,1,456E732E4D6573736167654865616465724400141D75^9^5^0
20,2138969256,13,Ens.MessageHeader.1+1075,1,456E732E4D6573736167654865616465724400141D75^9^5^0
24,2138969261,13,Ens.MessageHeader.1+1075,1,456E732E4D6573736167654865616465724400141D75^9^5^0
37,2138969262,13,Ens.MessageHeader.1+1076,1,
0,2138969264,13,Ens.MessageHeader.1+1076,1,456E732E4D6573736167654865616465724900295C584952580012^9^5^0
1,2138969265,13,Ens.MessageHeader.1+1076,1,456E732E4D6573736167654865616465724900295C584952580012^9^5^0
20,2138969267,13,Ens.MessageHeader.1+1076,1,456E732E4D6573736167654865616465724900295C584952580012^9^5^0
24,2138969269,13,Ens.MessageHeader.1+1076,1,456E732E4D6573736167654865616465724900295C584952580012^9^5^0
37,2138969270,13,Ens.MessageHeader.1+1077,1,
0,2138969271,13,Ens.MessageHeader.1+1077,1,456E732E4D657373616765486561646572490031495757454B492653485D275045575732455149001F042C3838341231372B122B293228293636293734333237290012^9^5^0
1,2138969272,13,Ens.MessageHeader.1+1077,1,456E732E4D657373616765486561646572490031495757454B492653485D275045575732455149001F042C3838341231372B122B293228293636293734333237290012^9^5^0
20,2138969273,13,Ens.MessageHeader.1+1077,1,456E732E4D657373616765486561646572490031495757454B492653485D275045575732455149001F042C3838341231372B122B293228293636293734333237290012^9^5^0
24,2138969274,13,Ens.MessageHeader.1+1077,1,456E732E4D657373616765486561646572490031495757454B492653485D275045575732455149001F042C3838341231372B122B293228293636293734333237290012^9^5^0
37,2138969275,13,Ens.MessageHeader.1+1078,1,
0,2138969276,13,Ens.MessageHeader.1+1078,1,456E732E4D657373616765486561646572490031495757454B492653485D2D4800141E3100141D75^9^5^0
1,2138969277,13,Ens.MessageHeader.1+1078,1,456E732E4D657373616765486561646572490031495757454B492653485D2D4800141E3100141D75^9^5^0
24,2138969281,13,Ens.MessageHeader.1+1078,1,456E732E4D657373616765486561646572490031495757454B492653485D2D4800141E3100141D75^9^5^0
37,2138969282,13,Ens.MessageHeader.1+1079,1,
0,2138969283,13,Ens.MessageHeader.1+1079,1,456E732E4D6573736167654865616465724900374957574D53522D4800141D7300141D75^9^5^0
1,2138969284,13,Ens.MessageHeader.1+1079,1,456E732E4D6573736167654865616465724900374957574D53522D4800141D7300141D75^9^5^0
24,2138969286,13,Ens.MessageHeader.1+1079,1,456E732E4D6573736167654865616465724900374957574D53522D4800141D7300141D75^9^5^0
37,2138969287,13,Ens.MessageHeader.1+1080,1,
0,2138969288,13,Ens.MessageHeader.1+1080,1,456E732E4D65737361676548656164657249003753595647492753524A4D4B32455149001F0425342D122B29322829362D3E29122D330012^9^5^0
1,2138969289,13,Ens.MessageHeader.1+1080,1,456E732E4D65737361676548656164657249003753595647492753524A4D4B32455149001F0425342D122B29322829362D3E29122D330012^9^5^0
24,2138969295,13,Ens.MessageHeader.1+1080,1,456E732E4D65737361676548656164657249003753595647492753524A4D4B32455149001F0425342D122B29322829362D3E29122D330012^9^5^0
37,2138969296,13,Ens.MessageHeader.1+1081,1,
0,2138969297,13,Ens.MessageHeader.1+1081,1,456E732E4D657373616765486561646572490037584558595700131E0012^9^5^0
1,2138969298,13,Ens.MessageHeader.1+1081,1,456E732E4D657373616765486561646572490037584558595700131E0012^9^5^0
24,2138969299,13,Ens.MessageHeader.1+1081,1,456E732E4D657373616765486561646572490037584558595700131E0012^9^5^0
37,2138969300,13,Ens.MessageHeader.1+1082,1,
0,2138969301,13,Ens.MessageHeader.1+1082,1,456E732E4D65737361676548656164657249003845564B49582753524A4D4B32455149001F04293237302D2612382937382D322B12343633272937370012^9^5^0
1,2138969302,13,Ens.MessageHeader.1+1082,1,456E732E4D65737361676548656164657249003845564B49582753524A4D4B32455149001F04293237302D2612382937382D322B12343633272937370012^9^5^0
24,2138969303,13,Ens.MessageHeader.1+1082,1,456E732E4D65737361676548656164657249003845564B49582753524A4D4B32455149001F04293237302D2612382937382D322B12343633272937370012^9^5^0
37,2138969789,13,Ens.MessageHeader.1+1083,1,
0,2138969792,13,Ens.MessageHeader.1+1083,1,456E732E4D6573736167654865616465724900384D514927564945584948001F1614161A11141511141A0415171E181B1E191A121A1A1600141D75^9^5^0
1,2138969794,13,Ens.MessageHeader.1+1083,1,456E732E4D6573736167654865616465724900384D514927564945584948001F1614161A11141511141A0415171E181B1E191A121A1A1600141D75^9^5^0
24,2138969798,13,Ens.MessageHeader.1+1083,1,456E732E4D6573736167654865616465724900384D514927564945584948001F1614161A11141511141A0415171E181B1E191A121A1A1600141D75^9^5^0
37,2138969799,13,Ens.MessageHeader.1+1124,1,
50,2138969800,13,Ens.MessageHeader.1+1125,1,
37,2138969801,13,Ens.MessageHeader.1+1125,1,
37,2138969802,13,Ens.MessageHeader.1+1130,1,
37,2138969804,13,Ens.MessageHeader.1+1131,1,
37,2138969805,13,Ens.MessageHeader.1+1132,1,
37,2138969806,13,Ens.MessageHeader.1+1136,1,
QUIT,2138969807,1136
51,2138969808,13,Ens.MessageHeader.1+1136,1,
51,2138969809,13,Ens.MessageHeader.1+1136,1,
51,2138969810,13,Ens.MessageHeader.1+1136,1,
51,2138969811,13,Ens.MessageHeader.1+1136,1,
51,2138969811,13,Ens.MessageHeader.1+1136,1,
51,2138969812,13,Ens.MessageHeader.1+1136,1,
51,2138969813,13,Ens.MessageHeader.1+1136,1,
51,2138969814,13,Ens.MessageHeader.1+1136,1,
51,2138969814,13,Ens.MessageHeader.1+1136,1,
51,2138969815,13,Ens.MessageHeader.1+1136,1,
51,2138969816,13,Ens.MessageHeader.1+1136,1,
51,2138969817,13,Ens.MessageHeader.1+1136,1,
51,2138969818,13,Ens.MessageHeader.1+1136,1,
51,2138969819,13,Ens.MessageHeader.1+1136,1,
51,2138969819,13,Ens.MessageHeader.1+1136,1,
51,2138969820,13,Ens.MessageHeader.1+1136,1,
51,2138969821,13,Ens.MessageHeader.1+1136,1,
37,2138969822,13,Ens.MessageHeader.1+1274,1,
CALL,2138969823,13,Ens.MessageHeader.1+1274
ARG,[ 0] INT: 0
ARG,[ 1] INT: 69
38,2138969825,1,%Library.Persistent.1+0,0,
37,2138969827,1,%Library.Persistent.1+411,1,
QUIT,2138969829,411
38,2138969829,13,Ens.MessageHeader.1+0,0,
37,2138969830,13,Ens.MessageHeader.1+1275,1,
37,2138969831,13,Ens.MessageHeader.1+1276,1,
CALL,2138969832,13,Ens.MessageHeader.1+1276
ARG,[ 0] INT: 1
ARG,[ 1] INT: 1
ARG,[ 2] INT: 70
50,2138969834,13,Ens.MessageHeader.1+470,1,
50,2138969835,13,Ens.MessageHeader.1+470,1,
37,2138969836,13,Ens.MessageHeader.1+470,1,
50,2138969837,13,Ens.MessageHeader.1+470,1,
37,2138969838,13,Ens.MessageHeader.1+471,1,
50,2138969839,13,Ens.MessageHeader.1+471,1,
37,2138969840,13,Ens.MessageHeader.1+478,1,
37,2138969841,13,Ens.MessageHeader.1+512,1,
QUIT,2138969842,512
51,2138969843,13,Ens.MessageHeader.1+512,1,
51,2138969843,13,Ens.MessageHeader.1+512,1,
51,2138969844,13,Ens.MessageHeader.1+512,1,
51,2138969845,13,Ens.MessageHeader.1+512,1,
37,2138969846,13,Ens.MessageHeader.1+1277,1,
37,2138969847,13,Ens.MessageHeader.1+1279,1,
37,2138969848,13,Ens.MessageHeader.1+1280,1,
37,2138969848,13,Ens.MessageHeader.1+1285,1,
QUIT,2138969849,1285
51,2138969850,13,Ens.MessageHeader.1+1285,1,
51,2138969850,13,Ens.MessageHeader.1+1285,1,
51,2138969851,13,Ens.MessageHeader.1+1285,1,
51,2138969852,13,Ens.MessageHeader.1+1285,1,
51,2138969853,13,Ens.MessageHeader.1+1285,1,
37,2138969854,13,Ens.MessageHeader.1+1043,1,
50,2138969855,13,Ens.MessageHeader.1+1043,1,
37,2138969856,13,Ens.MessageHeader.1+1044,1,
CALL,2138969859,13,Ens.MessageHeader.1+1044
38,2138969860,0,ROLLBACK+0,0,
37,2138969861,0,ROLLBACK+1419,1,
37,2138969862,0,ROLLBACK+1420,1,
37,2138969863,0,ROLLBACK+1421,1,
QUIT,2138969864,1421
38,2138969864,13,Ens.MessageHeader.1+0,0,
51,2138969865,13,Ens.MessageHeader.1+1044,1,
51,2138969866,13,Ens.MessageHeader.1+1044,1,
51,2138969867,13,Ens.MessageHeader.1+1044,1,
37,2138969868,13,Ens.MessageHeader.1+1045,1,
QUIT,2138969870,1045
51,2138969870,13,Ens.MessageHeader.1+1045,1,
51,2138969871,13,Ens.MessageHeader.1+1045,1,
51,2138969872,13,Ens.MessageHeader.1+1045,1,
51,2138969872,13,Ens.MessageHeader.1+1045,1,
51,2138969873,13,Ens.MessageHeader.1+1045,1,
51,2138969874,13,Ens.MessageHeader.1+1045,1,
51,2138969875,13,Ens.MessageHeader.1+1045,1,
51,2138969876,13,Ens.MessageHeader.1+1045,1,
51,2138970291,13,Ens.MessageHeader.1+1045,1,
51,2138970292,13,Ens.MessageHeader.1+1045,1,
51,2138970293,13,Ens.MessageHeader.1+1045,1,
51,2138970294,13,Ens.MessageHeader.1+1045,1,
51,2138970295,13,Ens.MessageHeader.1+1045,1,
51,2138970296,13,Ens.MessageHeader.1+1045,1,
51,2138970297,13,Ens.MessageHeader.1+1045,1,
51,2138970297,13,Ens.MessageHeader.1+1045,1,
51,2138970298,13,Ens.MessageHeader.1+1045,1,
51,2138970299,13,Ens.MessageHeader.1+1045,1,
51,2138970300,13,Ens.MessageHeader.1+1045,1,
51,2138970301,13,Ens.MessageHeader.1+1045,1,
38,2138970302,13,Ens.Queue.1+0,0,
37,2138970303,13,Ens.Queue.1+325,1,
37,2138970304,13,Ens.Queue.1+326,1,
37,2138970305,13,Ens.Queue.1+327,1,
50,2138970306,13,Ens.Queue.1+327,1,
37,2138970307,13,Ens.Queue.1+328,1,
37,2138970308,13,Ens.Queue.1+329,1,
40,2138970521,13,Ens.Queue.1+329,1,
41,2138970525,13,Ens.Queue.1+329,1,
37,2138970526,13,Ens.Queue.1+330,1,
37,2138970528,13,Ens.Queue.1+331,1,
0,2138970530,13,Ens.Queue.1+331,1,456E732E517565756500295257304D4612384957584D524B1234565347495757^9^5^0
20,2138970531,13,Ens.Queue.1+331,1,456E732E517565756500295257304D4612384957584D524B1234565347495757^9^5^0
37,2138970533,13,Ens.Queue.1+336,1,
CALL,2138970534,13,Ens.Queue.1+336
ARG,[ 0] INT: 1
ARG,[ 1] STR (len=22): 4H0045006E0073004C00690062002E00540065007300740069006E0067002E00500072006F0063006500730073
50,2138970541,13,Ens.Queue.1+464,1,
50,2138970542,13,Ens.Queue.1+464,1,
37,2138970543,13,Ens.Queue.1+465,1,
37,2138970544,13,Ens.Queue.1+466,1,
37,2138970545,13,Ens.Queue.1+467,1,
QUIT,2138970548,467
51,2138970548,13,Ens.Queue.1+467,1,
51,2138970549,13,Ens.Queue.1+467,1,
50,2138970550,13,Ens.Queue.1+336,1,
37,2138970551,13,Ens.Queue.1+337,1,
0,2138970552,13,Ens.Queue.1+337,1,456E732E517565756500295257304D4612384957584D524B12345653474957570010004E534600575D5700142B42^9^5^0
20,2138970553,13,Ens.Queue.1+337,1,456E732E517565756500295257304D4612384957584D524B12345653474957570010004E534600575D5700142B42^9^5^0
50,2138970554,13,Ens.Queue.1+337,1,
51,2138970559,13,Ens.Queue.1+337,1,
37,2138970560,13,Ens.Queue.1+340,1,
37,2138970561,13,Ens.Queue.1+348,1,
0,2138970562,13,Ens.Queue.1+348,1,456E732E517565756500295257304D4612384957584D524B123456534749575700100052495C58^9^5^0
1,2138970563,13,Ens.Queue.1+348,1,456E732E517565756500295257304D4612384957584D524B123456534749575700100052495C58^9^5^0
20,2138970564,13,Ens.Queue.1+348,1,456E732E517565756500295257304D4612384957584D524B123456534749575700100052495C58^9^5^0
24,2138970566,13,Ens.Queue.1+348,1,456E732E517565756500295257304D4612384957584D524B123456534749575700100052495C58^9^5^0
50,2138970567,13,Ens.Queue.1+350,1,
37,2138970568,13,Ens.Queue.1+350,1,
50,2138970569,13,Ens.Queue.1+350,1,
CALL,2138970578,13,Ens.Queue.1+350
ARG,[ 0] INT: 0
ARG,[ 1] INT: 9
ARG,[ 2] OREF: 6
38,2138970580,1,%Library.Persistent.1+0,0,
37,2138970581,1,%Library.Persistent.1+372,1,
QUIT,2138970582,372
38,2138970583,13,Ens.Queue.1+0,0,
51,2138970583,13,Ens.Queue.1+350,1,
0,2138970585,13,Ens.Queue.1+350,1,456E732E517565756500295257304D4612384957584D524B1234565347495757001322001324^9^5^0
1,2138970586,13,Ens.Queue.1+350,1,456E732E517565756500295257304D4612384957584D524B1234565347495757001322001324^9^5^0
24,2138970588,13,Ens.Queue.1+350,1,456E732E517565756500295257304D4612384957584D524B1234565347495757001322001324^9^5^0
37,2138970589,13,Ens.Queue.1+351,1,
0,2138970590,13,Ens.Queue.1+351,1,456E732E517565756500295257304D4612384957584D524B12345653474957570010004753595258^9^5^0
0,2138970592,13,Ens.Queue.1+351,1,456E732E517565756500295257304D4612384957584D524B12345653474957570010004753595258^9^5^0
1,2138970593,13,Ens.Queue.1+351,1,456E732E517565756500295257304D4612384957584D524B12345653474957570010004753595258^9^5^0
24,2138970594,13,Ens.Queue.1+351,1,456E732E517565756500295257304D4612384957584D524B12345653474957570010004753595258^9^5^0
37,2138970595,13,Ens.Queue.1+353,1,
37,2138970604,13,Ens.Queue.1+354,1,
CALL,2138970605,13,Ens.Queue.1+354
ARG,[ 0] INT: 1
ARG,[ 1] STR (len=22): 4H0045006E0073004C00690062002E00540065007300740069006E0067002E00500072006F0063006500730073
50,2138970610,13,Ens.Queue.1+777,1,
50,2138970611,13,Ens.Queue.1+777,1,
37,2138970612,13,Ens.Queue.1+778,1,
0,2138970613,13,Ens.Queue.1+778,1,456E732E517565756500295257304D4612384957584D524B1234565347495757001000495A4952581148495A4D47490001^9^5^0
20,2138970615,13,Ens.Queue.1+778,1,456E732E517565756500295257304D4612384957584D524B1234565347495757001000495A4952581148495A4D4749000101^9^5^16
50,2138970617,13,Ens.Queue.1+779,1,
37,2138970618,13,Ens.Queue.1+779,1,
QUIT,2138970619,782
51,2138970619,13,Ens.Queue.1+782,1,
51,2138970620,13,Ens.Queue.1+782,1,
51,2138970621,13,Ens.Queue.1+782,1,
37,2138970621,13,Ens.Queue.1+355,1,
37,2138970622,13,Ens.Queue.1+359,1,
37,2138970623,13,Ens.Queue.1+361,1,
37,2138970626,13,Ens.Queue.1+362,1,
QUIT,2138970626,362
51,2138970627,13,Ens.Queue.1+362,1,
51,2138970628,13,Ens.Queue.1+362,1,
51,2138970629,13,Ens.Queue.1+362,1,
51,2138971151,13,Ens.Queue.1+362,1,
51,2138971152,13,Ens.Queue.1+362,1,
51,2138971153,13,Ens.Queue.1+362,1,
51,2138971154,13,Ens.Queue.1+362,1,
51,2138971155,13,Ens.Queue.1+362,1,
38,2138971156,13,Ens.Host.1+0,0,
37,2138971158,13,Ens.Host.1+292,1,
37,2138971159,13,Ens.Host.1+294,1,
27,2138971169,13,Ens.Host.1+294,1,456E732E517565756500295257304D4612384957584D524B1234565347495757001000495A4952581148495A4D47490001^9^5^0
0,2138971170,13,Ens.Host.1+294,1,456E732E4163746976654D65737361676500575D571E1519171C^9^5^0
2,2138971172,13,Ens.Host.1+294,1,456E732E4163746976654D65737361676500575D571E1519171C^9^5^0
20,2138971173,13,Ens.Host.1+294,1,456E732E4163746976654D65737361676500575D571E1519171C^9^5^0
24,2138971176,13,Ens.Host.1+294,1,456E732E4163746976654D65737361676500575D571E1519171C^9^5^0
37,2138971177,13,Ens.Host.1+295,1,
QUIT,2138971180,295
51,2138971180,13,Ens.Host.1+295,1,
51,2138971181,13,Ens.Host.1+295,1,
51,2138971182,13,Ens.Host.1+295,1,
51,2138971183,13,Ens.Host.1+295,1,
51,2138971183,13,Ens.Host.1+295,1,
38,2138971185,13,Ens.Job.1+0,0,
CALL,2138971187,13,Ens.Job.1+489
ARG,[ 0] INT: 0
ARG,[ 1] OREF: 7
38,2138971188,1,%Library.Persistent.1+0,0,
37,2138971190,1,%Library.Persistent.1+320,1,
37,2138971191,1,%Library.Persistent.1+321,1,
37,2138971193,1,%Library.Persistent.1+322,1,
37,2138971194,1,%Library.Persistent.1+323,1,
51,2138971196,1,%Library.Persistent.1+323,1,
51,2138971197,1,%Library.Persistent.1+323,1,
50,2138971198,1,%Library.Persistent.1+323,1,
37,2138971199,1,%Library.Persistent.1+325,1,
QUIT,2138971199,325
38,2138971200,13,Ens.Job.1+0,0,
51,2138971201,13,Ens.Job.1+489,1,
51,2138971202,13,Ens.Job.1+489,1,
51,2138971203,13,Ens.Job.1+489,1,
51,2138971203,13,Ens.Job.1+489,1,
51,2138971204,13,Ens.Job.1+489,1,
51,2138971205,13,Ens.Job.1+489,1,
51,2138971206,13,Ens.Job.1+489,1,
51,2138971207,13,Ens.Job.1+489,1,
51,2138971207,13,Ens.Job.1+489,1,
51,2138971208,13,Ens.Job.1+489,1,
51,2138971209,13,Ens.Job.1+489,1,
51,2138971210,13,Ens.Job.1+489,1,
51,2138971211,13,Ens.Job.1+489,1,
51,2138971211,13,Ens.Job.1+489,1,
51,2138971212,13,Ens.Job.1+489,1,
51,2138971213,13,Ens.Job.1+489,1,
51,2138971214,13,Ens.Job.1+489,1,
51,2138971215,13,Ens.Job.1+489,1,
51,2138971215,13,Ens.Job.1+489,1,
51,2138971216,13,Ens.Job.1+489,1,
51,2138971217,13,Ens.Job.1+489,1,
51,2138971218,13,Ens.Job.1+489,1,
51,2138971218,13,Ens.Job.1+489,1,
51,2138971219,13,Ens.Job.1+489,1,
51,2138971220,13,Ens.Job.1+489,1,
51,2138971221,13,Ens.Job.1+489,1,
CALL,2138971222,13,Ens.Job.1+489
ARG,[ 0] INT: 0
ARG,[ 1] OREF: 6
38,2138971223,1,%Library.Persistent.1+0,0,
37,2138971224,1,%Library.Persistent.1+320,1,
37,2138971225,1,%Library.Persistent.1+321,1,
37,2138971226,1,%Library.Persistent.1+322,1,
37,2138971227,1,%Library.Persistent.1+323,1,
51,2138971228,1,%Library.Persistent.1+323,1,
51,2138971229,1,%Library.Persistent.1+323,1,
51,2138971230,1,%Library.Persistent.1+323,1,
50,2138971231,1,%Library.Persistent.1+323,1,
37,2138971231,1,%Library.Persistent.1+325,1,
QUIT,2138971232,325
38,2138971233,13,Ens.Job.1+0,0,
51,2138971234,13,Ens.Job.1+489,1,
51,2138971234,13,Ens.Job.1+489,1,
51,2138971235,13,Ens.Job.1+489,1,
51,2138971236,13,Ens.Job.1+489,1,
51,2138971237,13,Ens.Job.1+489,1,
51,2138971238,13,Ens.Job.1+489,1,
51,2138971239,13,Ens.Job.1+489,1,
51,2138971239,13,Ens.Job.1+489,1,
51,2138971240,13,Ens.Job.1+489,1,
51,2138971241,13,Ens.Job.1+489,1,
51,2138971242,13,Ens.Job.1+489,1,
51,2138971242,13,Ens.Job.1+489,1,
51,2138971243,13,Ens.Job.1+489,1,
51,2138971244,13,Ens.Job.1+489,1,
51,2138971245,13,Ens.Job.1+489,1,
51,2138971246,13,Ens.Job.1+489,1,
51,2138971246,13,Ens.Job.1+489,1,
51,2138971247,13,Ens.Job.1+489,1,
51,2138971248,13,Ens.Job.1+489,1,
51,2138971249,13,Ens.Job.1+489,1,
51,2138971250,13,Ens.Job.1+489,1,
51,2138971250,13,Ens.Job.1+489,1,
51,2138971251,13,Ens.Job.1+489,1,
51,2138971252,13,Ens.Job.1+489,1,
51,2138971253,13,Ens.Job.1+489,1,
51,2138971254,13,Ens.Job.1+489,1,
37,2138971255,13,Ens.Job.1+490,1,
37,2138971256,13,Ens.Job.1+480,1,
CALL,2138971257,13,Ens.Job.1+480
ARG,[ 0] INT: 0
37,2138971258,13,Ens.Job.1+423,1,
40,2138971765,13,Ens.Job.1+423,1,
41,2138971770,13,Ens.Job.1+423,1,
37,2138971771,13,Ens.Job.1+424,1,
0,2138971773,13,Ens.Job.1+424,1,456E732E4A6F625265717565737400575D5700142B42^9^5^0
17,2138971777,13,Ens.Job.1+424,1,456E732E4A6F625265717565737400575D5700142B42^9^5^0
28,2138971779,13,Ens.Job.1+424,1,456E732E4A6F625265717565737400575D5700142B42^9^5^0
0,2138971780,13,Ens.Job.1+424,1,456E732E4A6F625265717565737400575D57^9^5^0
0,2138971781,13,Ens.Job.1+424,1,456E732E4A6F6252657175657374^9^5^0
50,2138971782,13,Ens.Job.1+425,1,
37,2138971783,13,Ens.Job.1+425,1,
37,2138971786,13,Ens.Job.1+426,1,
QUIT,2138971787,426
51,2138971787,13,Ens.Job.1+426,1,
37,2138971789,13,Ens.Job.1+481,1,
37,2138971791,13,Ens.Job.1+482,1,
37,2138971792,13,Ens.Job.1+483,1,
51,2138971793,13,Ens.Job.1+483,1,
51,2138971794,13,Ens.Job.1+483,1,
51,2138971795,13,Ens.Job.1+483,1,
51,2138971796,13,Ens.Job.1+483,1,
51,2138971797,13,Ens.Job.1+483,1,
51,2138971797,13,Ens.Job.1+483,1,
51,2138971798,13,Ens.Job.1+483,1,
51,2138971799,13,Ens.Job.1+483,1,
51,2138971800,13,Ens.Job.1+483,1,
51,2138971801,13,Ens.Job.1+483,1,
51,2138971802,13,Ens.Job.1+483,1,
51,2138971802,13,Ens.Job.1+483,1,
51,2138971803,13,Ens.Job.1+483,1,
51,2138971804,13,Ens.Job.1+483,1,
50,2138971805,13,Ens.Job.1+483,1,
51,2138971806,13,Ens.Job.1+483,1,
0,2138972084,13,Ens.Job.1+483,1,456E732E436F6E666967^9^5^0
20,2138972086,13,Ens.Job.1+483,1,456E732E436F6E666967^9^5^0
0,2138972089,13,Ens.Job.1+483,1,456E732E436F6E6669670001^9^5^0
20,2138972090,13,Ens.Job.1+483,1,456E732E436F6E6669670001^9^5^16
50,2138972093,13,Ens.Job.1+483,1,
51,2138972094,13,Ens.Job.1+483,1,
50,2138972096,13,Ens.Job.1+483,1,
50,2138972097,13,Ens.Job.1+483,1,
50,2138972097,13,Ens.Job.1+483,1,
50,2138972098,13,Ens.Job.1+483,1,
50,2138972099,13,Ens.Job.1+483,1,
0,2138972101,13,Ens.Job.1+483,1,456E732E436F6E66696700375845585700364947535648372531^9^5^0
50,2138972102,13,Ens.Job.1+483,1,
50,2138972103,13,Ens.Job.1+483,1,
51,2138972104,13,Ens.Job.1+483,1,
50,2138972105,13,Ens.Job.1+483,1,
50,2138972106,13,Ens.Job.1+483,1,
0,2138972107,13,Ens.Job.1+483,1,456E732E436F6E666967003758455857003649475356483758455857^9^5^0
50,2138972108,13,Ens.Job.1+483,1,
50,2138972109,13,Ens.Job.1+483,1,
51,2138972110,13,Ens.Job.1+483,1,
50,2138972111,13,Ens.Job.1+483,1,
50,2138972112,13,Ens.Job.1+483,1,
0,2138972113,13,Ens.Job.1+483,1,456E732E436F6E66696700375D5247275351514D58^9^5^0
0,2138972114,13,Ens.Job.1+483,1,456E732E436F6E666967^9^5^0
37,2138972115,13,Ens.Job.1+484,1,
51,2138972117,13,Ens.Job.1+484,1,
51,2138972118,13,Ens.Job.1+484,1,
51,2138972119,13,Ens.Job.1+484,1,
51,2138972120,13,Ens.Job.1+484,1,
51,2138972121,13,Ens.Job.1+484,1,
51,2138972122,13,Ens.Job.1+484,1,
51,2138972123,13,Ens.Job.1+484,1,
51,2138972124,13,Ens.Job.1+484,1,
51,2138972125,13,Ens.Job.1+484,1,
50,2138972126,13,Ens.Job.1+484,1,
51,2138972127,13,Ens.Job.1+484,1,
0,2138972592,13,Ens.Job.1+484,1,456E732E4465627567^9^5^0
20,2138972594,13,Ens.Job.1+484,1,456E732E4465627567^9^5^0
0,2138972596,13,Ens.Job.1+484,1,456E732E44656275670001^9^5^0
20,2138972597,13,Ens.Job.1+484,1,456E732E44656275670001^9^5^16
50,2138972599,13,Ens.Job.1+484,1,
51,2138972603,13,Ens.Job.1+484,1,
50,2138972604,13,Ens.Job.1+484,1,
50,2138972605,13,Ens.Job.1+484,1,
50,2138972606,13,Ens.Job.1+484,1,
50,2138972606,13,Ens.Job.1+484,1,
0,2138972607,13,Ens.Job.1+484,1,456E732E4465627567003856454749274558^9^5^0
50,2138972609,13,Ens.Job.1+484,1,
50,2138972610,13,Ens.Job.1+484,1,
51,2138972611,13,Ens.Job.1+484,1,
50,2138972611,13,Ens.Job.1+484,1,
50,2138972612,13,Ens.Job.1+484,1,
50,2138972613,13,Ens.Job.1+484,1,
50,2138972614,13,Ens.Job.1+484,1,
0,2138972615,13,Ens.Job.1+484,1,456E732E44656275670039584D5029525731495757454B495700575550^9^5^0
0,2138972616,13,Ens.Job.1+484,1,456E732E4465627567^9^5^0
37,2138972617,13,Ens.Job.1+485,1,
50,2138972619,13,Ens.Job.1+485,1,
50,2138972619,13,Ens.Job.1+485,1,
51,2138972620,13,Ens.Job.1+485,1,
50,2138972621,13,Ens.Job.1+485,1,
50,2138972622,13,Ens.Job.1+485,1,
37,2138972623,13,Ens.Job.1+486,1,
CALL,2138972624,13,Ens.Job.1+486
ARG,[ 0] INT: 0
38,2138972626,13,Ens.Util.Trace.1+0,0,
50,2138972627,13,Ens.Util.Trace.1+95,1,
50,2138972628,13,Ens.Util.Trace.1+95,1,
37,2138972630,13,Ens.Util.Trace.1+96,1,
50,2138972632,13,Ens.Util.Trace.1+96,1,
0,2138972635,13,Ens.Util.Trace.1+96,1,456E732E52756E74696D65002753524A4D4B2D5849510045544D124B49524849564D5E49124D53003856454749^9^5^0
20,2138972637,13,Ens.Util.Trace.1+96,1,456E732E52756E74696D65002753524A4D4B2D5849510045544D124B49524849564D5E49124D53003856454749^9^5^0
50,2138972639,13,Ens.Util.Trace.1+96,1,
37,2138972640,13,Ens.Util.Trace.1+97,1,
37,2138972641,13,Ens.Util.Trace.1+98,1,
50,2138972642,13,Ens.Util.Trace.1+99,1,
37,2138972643,13,Ens.Util.Trace.1+99,1,
37,2138972645,13,Ens.Util.Trace.1+100,1,
50,2138972647,13,Ens.Util.Trace.1+100,1,
37,2138972648,13,Ens.Util.Trace.1+106,1,
50,2138972649,13,Ens.Util.Trace.1+106,1,
37,2138972650,13,Ens.Util.Trace.1+107,1,
QUIT,2138972651,107
51,2138972652,13,Ens.Util.Trace.1+107,1,
51,2138972652,13,Ens.Util.Trace.1+107,1,
51,2138972653,13,Ens.Util.Trace.1+107,1,
51,2138972654,13,Ens.Util.Trace.1+107,1,
51,2138972655,13,Ens.Util.Trace.1+107,1,
51,2138972656,13,Ens.Util.Trace.1+107,1,
38,2138972657,13,Ens.Job.1+0,0,
37,2138972658,13,Ens.Job.1+487,1,
37,2138972659,13,Ens.Job.1+489,1,
CALL,2138972661,13,Ens.Job.1+489
ARG,[ 0] INT: 0
ARG,[ 1] INT: 11
ARG,[ 2] OREF: 2
38,2138972663,13,Ens.Host.1+0,0,
37,2138972664,13,Ens.Host.1+243,1,
50,2138972666,13,Ens.Host.1+245,1,
37,2138972667,13,Ens.Host.1+245,1,
50,2138972675,13,Ens.Host.1+245,1,
CALL,2138972679,13,Ens.Host.1+245
ARG,[ 0] INT: 0
ARG,[ 1] INT: 46
38,2138972680,1,%Library.SystemBase.1+0,0,
37,2138972681,1,%Library.SystemBase.1+6,1,
QUIT,2138972684,6
38,2138972684,13,Ens.Host.1+0,0,
51,2138972685,13,Ens.Host.1+245,1,
37,2138972686,13,Ens.Host.1+249,1,
50,2138972689,13,Ens.Host.1+249,1,
CALL,2138972691,13,Ens.Host.1+249
ARG,[ 0] INT: 0
ARG,[ 1] INT: 46
ARG,[ 2] OREF: 4
38,2138972692,1,%Library.SystemBase.1+0,0,
37,2138972693,1,%Library.SystemBase.1+6,1,
QUIT,2138972695,6
38,2138972695,13,Ens.Host.1+0,0,
51,2138972696,13,Ens.Host.1+249,1,
37,2138972697,13,Ens.Host.1+253,1,
37,2138972698,13,Ens.Host.1+264,1,
37,2138972699,13,Ens.Host.1+265,1,
50,2138972700,13,Ens.Host.1+266,1,
37,2138972700,13,Ens.Host.1+266,1,
37,2138972701,13,Ens.Host.1+268,1,
37,2138972702,13,Ens.Host.1+270,1,
50,2138972703,13,Ens.Host.1+270,1,
CALL,2138972704,13,Ens.Host.1+270
ARG,[ 0] INT: 0
37,2138972705,13,Ens.Host.1+300,1,
QUIT,2138972706,300
51,2138972706,13,Ens.Host.1+270,1,
CALL,2138972708,13,Ens.Host.1+270
ARG,[ 0] INT: 5
ARG,[ 1] INT: 1
ARG,[ 2] SCOPE: level=0, 0x00aaaac5a434d8
ARG,[ 3] INT: -1
ARG,[ 4] SCOPE: level=0, 0x00aaaac5a434c0
ARG,[ 5] STR (len=16): 4H006100700069002E00670065006E0064006500720069007A0065002E0069006F
ARG,[ 6] INT: 13
38,2138972714,13,Ens.Queue.1+0,0,
50,2138972716,13,Ens.Queue.1+86,1,
50,2138972717,13,Ens.Queue.1+86,1,
50,2138972718,13,Ens.Queue.1+86,1,
50,2138972718,13,Ens.Queue.1+86,1,
37,2138973229,13,Ens.Queue.1+86,1,
50,2138973230,13,Ens.Queue.1+87,1,
37,2138973232,13,Ens.Queue.1+87,1,
50,2138973233,13,Ens.Queue.1+87,1,
50,2138973234,13,Ens.Queue.1+87,1,
50,2138973235,13,Ens.Queue.1+87,1,
50,2138973235,13,Ens.Queue.1+87,1,
50,2138973236,13,Ens.Queue.1+89,1,
37,2138973237,13,Ens.Queue.1+89,1,
37,2138973238,13,Ens.Queue.1+90,1,
37,2138973240,13,Ens.Queue.1+91,1,
CALL,2138973241,13,Ens.Queue.1+91
ARG,[ 0] INT: 0
38,2138973243,13,Ens.Job.1+0,0,
37,2138973244,13,Ens.Job.1+412,1,
40,2138973438,13,Ens.Job.1+412,1,
41,2138973442,13,Ens.Job.1+412,1,
37,2138973443,13,Ens.Job.1+413,1,
0,2138973445,13,Ens.Job.1+413,1,456E732E4A6F625265717565737400575D5700142B42^9^5^0
0,2138973447,13,Ens.Job.1+413,1,456E732E4A6F625265717565737400575D57^9^5^0
0,2138973448,13,Ens.Job.1+413,1,456E732E4A6F6252657175657374^9^5^0
50,2138973449,13,Ens.Job.1+414,1,
37,2138973450,13,Ens.Job.1+414,1,
37,2138973453,13,Ens.Job.1+415,1,
QUIT,2138973453,415
51,2138973454,13,Ens.Job.1+415,1,
38,2138973455,13,Ens.Queue.1+0,0,
50,2138973456,13,Ens.Queue.1+92,1,
37,2138973457,13,Ens.Queue.1+92,1,
50,2138973458,13,Ens.Queue.1+93,1,
37,2138973459,13,Ens.Queue.1+93,1,
0,2138973460,13,Ens.Queue.1+93,1,456E732E51756575650045544D124B49524849564D5E49124D530010004E534600575D5700142B42^9^5^0
20,2138973462,13,Ens.Queue.1+93,1,456E732E51756575650045544D124B49524849564D5E49124D530010004E534600575D5700142B42^9^5^0
37,2138973463,13,Ens.Queue.1+94,1,
40,2138973706,13,Ens.Queue.1+94,1,
41,2138973710,13,Ens.Queue.1+94,1,
37,2138973711,13,Ens.Queue.1+95,1,
0,2138973713,13,Ens.Queue.1+95,1,456E732E51756575650045544D124B49524849564D5E49124D530010^9^5^0
50,2138973715,13,Ens.Queue.1+96,1,
37,2138973716,13,Ens.Queue.1+96,1,
37,2138973717,13,Ens.Queue.1+106,1,
37,2138973723,13,Ens.Queue.1+107,1,
37,2138973723,13,Ens.Queue.1+108,1,
37,2138973724,13,Ens.Queue.1+113,1,
CALL,2138973726,13,Ens.Queue.1+113
ARG,[ 0] INT: 2
ARG,[ 1] STR (len=16): 4H006100700069002E00670065006E0064006500720069007A0065002E0069006F
ARG,[ 2] STR (len=9): 4H0064006500710075006500750069006E0067
38,2138973732,13,Ens.Job.1+0,0,
50,2138973734,13,Ens.Job.1+397,1,
50,2138973735,13,Ens.Job.1+397,1,
50,2138973735,13,Ens.Job.1+397,1,
37,2138973736,13,Ens.Job.1+398,1,
40,2138974794,13,Ens.Job.1+398,1,
41,2138974799,13,Ens.Job.1+398,1,
37,2138974800,13,Ens.Job.1+399,1,
0,2138974803,13,Ens.Job.1+399,1,495249532E54656D702E456E734A6F62537461747573002D362D3725343400575D5700142B42^3^5^0
20,2138974804,13,Ens.Job.1+399,1,495249532E54656D702E456E734A6F62537461747573002D362D3725343400575D5700142B42^3^5^0
37,2138974808,13,Ens.Job.1+400,1,
0,2138974810,13,Ens.Job.1+400,1,495249532E54656D702E456E734A6F62537461747573002D362D3725343400575D5700142B42001F09375845585957^3^5^0
1,2138974811,13,Ens.Job.1+400,1,495249532E54656D702E456E734A6F62537461747573002D362D3725343400575D5700142B42001F09375845585957^3^5^0
20,2138974812,13,Ens.Job.1+400,1,495249532E54656D702E456E734A6F62537461747573002D362D3725343400575D5700142B42001F09375845585957^3^5^0
37,2138974813,13,Ens.Job.1+401,1,
0,2138974815,13,Ens.Job.1+401,1,495249532E54656D702E456E734A6F62537461747573002D362D3725343400575D5700142B42001F09284958454D50^3^5^0
1,2138974816,13,Ens.Job.1+401,1,495249532E54656D702E456E734A6F62537461747573002D362D3725343400575D5700142B42001F09284958454D50^3^5^0
20,2138974817,13,Ens.Job.1+401,1,495249532E54656D702E456E734A6F62537461747573002D362D3725343400575D5700142B42001F09284958454D50^3^5^0
37,2138974818,13,Ens.Job.1+403,1,
37,2138974820,13,Ens.Job.1+404,1,
QUIT,2138974821,404
51,2138974822,13,Ens.Job.1+404,1,
51,2138974823,13,Ens.Job.1+404,1,
51,2138974824,13,Ens.Job.1+404,1,
38,2138974826,13,Ens.Queue.1+0,0,
37,2138974826,13,Ens.Queue.1+115,1,
37,2138974827,13,Ens.Queue.1+116,1,
37,2138974828,13,Ens.Queue.1+120,1,
37,2138974830,13,Ens.Queue.1+121,1,
50,2138974831,13,Ens.Queue.1+121,1,
CALL,2138974832,13,Ens.Queue.1+121
ARG,[ 0] INT: 1
ARG,[ 1] STR (len=16): 4H006100700069002E00670065006E0064006500720069007A0065002E0069006F
50,2138974837,13,Ens.Queue.1+464,1,
50,2138974838,13,Ens.Queue.1+464,1,
37,2138974839,13,Ens.Queue.1+465,1,
37,2138974840,13,Ens.Queue.1+466,1,
37,2138974841,13,Ens.Queue.1+467,1,
QUIT,2138974842,467
51,2138974843,13,Ens.Queue.1+467,1,
51,2138974843,13,Ens.Queue.1+467,1,
51,2138974844,13,Ens.Queue.1+121,1,
STOP,2752655455
